Processing m5stopwatch-render-check (platform: espressif32 @ 6.12.0; framework: espidf; board: m5stack-cores3)
--------------------------------------------------------------------------------
Verbose mode can be enabled via `-v, --verbose` option
CONFIGURATION: https://docs.platformio.org/page/boards/espressif32/m5stack-cores3.html
PLATFORM: Espressif 32 (6.12.0) > M5Stack CoreS3
HARDWARE: ESP32S3 240MHz, 320KB RAM, 4MB Flash
DEBUG: Current (cmsis-dap) External (cmsis-dap, esp-bridge, esp-builtin, esp-prog, iot-bus-jtag, jlink, minimodule, olimex-arm-usb-ocd, olimex-arm-usb-ocd-h, olimex-arm-usb-tiny-h, olimex-jtag-tiny, tumpa)
PACKAGES: 
 - framework-espidf @ 3.50500.0 (5.5.0) 
 - tool-cmake @ 3.30.2 
 - tool-esp-rom-elfs @ 0.0.1+20241011 
 - tool-esptoolpy @ 2.40900.250804 (4.9.0) 
 - tool-idf @ 1.0.1 
 - tool-mconf @ 1.4060000.20190628 (406.0.0) 
 - tool-ninja @ 1.9.0 
 - tool-riscv32-esp-elf-gdb @ 11.2.0+20220823 
 - tool-xtensa-esp-elf-gdb @ 11.2.0+20230208 
 - toolchain-esp32ulp @ 1.23800.240113 (2.38.0) 
 - toolchain-riscv32-esp @ 14.2.0+20241119 
 - toolchain-xtensa-esp-elf @ 14.2.0+20241119
Reading CMake configuration...
Generating assembly for certificate bundle...
LDF: Library Dependency Finder -> https://bit.ly/configure-pio-ldf
LDF Modes: Finder ~ chain, Compatibility ~ soft
Found 4 compatible libraries
Scanning dependencies...
Dependency Graph
|-- M5Unified @ 0.2.16
|-- M5GFX @ 0.2.28
|-- M5StopWatch-MultiFirm @ 0.1.0+sha.f5a8fd8
Building in release mode
Generating assembly for .pio\build\m5stopwatch-render-check\GenShinGothicMedium28.vlw.S
Generating assembly for .pio\build\m5stopwatch-render-check\AppIcons.bin.S
Compiling .pio\build\m5stopwatch-render-check\src\main.cpp.o
Compiling .pio\build\m5stopwatch-render-check\src\input\InputController.cpp.o
Compiling .pio\build\m5stopwatch-render-check\src\ui\rendering\Element.cpp.o
Compiling .pio\build\m5stopwatch-render-check\src\ui\rendering\Renderer.cpp.o
Compiling .pio\build\m5stopwatch-render-check\src\ui\graphics\Text.cpp.o
Compiling .pio\build\m5stopwatch-render-check\src\ui\graphics\VlwFont.cpp.o
Compiling .pio\build\m5stopwatch-render-check\src\ui\list\ListController.cpp.o
Compiling .pio\build\m5stopwatch-render-check\src\ui\list\ListView.cpp.o
Compiling .pio\build\m5stopwatch-render-check\src\ui\overlays\ToastLayer.cpp.o
Compiling .pio\build\m5stopwatch-render-check\src\ui\overlays\StatsOverlay.cpp.o
Compiling .pio\build\m5stopwatch-render-check\src\host\ScreenManager.cpp.o
Compiling .pio\build\m5stopwatch-render-check\src\host\HostRuntime.cpp.o
Compiling .pio\build\m5stopwatch-render-check\src\host\HostRenderer.cpp.o
Compiling .pio\build\m5stopwatch-render-check\src\host\RenderDiagnostics.cpp.o
Compiling .pio\build\m5stopwatch-render-check\src\hal\M5Hal.cpp.o
Compiling .pio\build\m5stopwatch-render-check\src\hal\InputWake.cpp.o
Compiling .pio\build\m5stopwatch-render-check\src\power\DrainLog.cpp.o
Compiling .pio\build\m5stopwatch-render-check\src\power\UsbDiag.cpp.o
Compiling .pio\build\m5stopwatch-render-check\src\services\TimeService.cpp.o
Compiling .pio\build\m5stopwatch-render-check\src\features\home\HomeDataSource.cpp.o
Compiling .pio\build\m5stopwatch-render-check\src\services\StopwatchService.cpp.o
Compiling .pio\build\m5stopwatch-render-check\src\storage\SettingsStore.cpp.o
Compiling .pio\build\m5stopwatch-render-check\src\storage\NvsBackend.cpp.o
Compiling .pio\build\m5stopwatch-render-check\src\features\home\HomeLayer.cpp.o
Compiling .pio\build\m5stopwatch-render-check\src\features\home\faces\DigitalWatchFace.cpp.o
Compiling .pio\build\m5stopwatch-render-check\src\features\launcher\AppIcons.cpp.o
Compiling .pio\build\m5stopwatch-render-check\src\features\launcher\AppListLayer.cpp.o
Compiling .pio\build\m5stopwatch-render-check\src\features\launcher\LauncherController.cpp.o
Compiling .pio\build\m5stopwatch-render-check\src\features\settings\SettingsScreen.cpp.o
Compiling .pio\build\m5stopwatch-render-check\src\features\settings\SettingsLayer.cpp.o
Compiling .pio\build\m5stopwatch-render-check\src\features\external\ExternalAppScreen.cpp.o
Compiling .pio\build\m5stopwatch-render-check\src\features\external\ExternalLayer.cpp.o
Compiling .pio\build\m5stopwatch-render-check\src\features\stopwatch\StopwatchFormat.cpp.o
Compiling .pio\build\m5stopwatch-render-check\src\features\stopwatch\StopwatchScreen.cpp.o
Compiling .pio\build\m5stopwatch-render-check\src\features\stopwatch\StopwatchLayer.cpp.o
Compiling .pio\build\m5stopwatch-render-check\src\features\stopwatch\StopwatchBackgroundInfo.cpp.o
Compiling .pio\build\m5stopwatch-render-check\src\features\background\BackgroundInfoHub.cpp.o
Compiling .pio\build\m5stopwatch-render-check\src\multifirm\MultiFirmAdapter.cpp.o
Compiling .pio\build\m5stopwatch-render-check\.pio\build\m5stopwatch-render-check\GenShinGothicMedium28.vlw.S.o
Compiling .pio\build\m5stopwatch-render-check\.pio\build\m5stopwatch-render-check\AppIcons.bin.S.o
Generating LD script .pio\build\m5stopwatch-render-check\esp-idf\esp_system\ld\memory.ld.in
Generating LD script .pio\build\m5stopwatch-render-check\esp-idf\esp_system\ld\sections.ld.in
Compiling .pio\build\m5stopwatch-render-check\app_trace\app_trace.c.o
Generating LD script .pio\build\m5stopwatch-render-check\memory.ld
Compiling .pio\build\m5stopwatch-render-check\app_trace\app_trace_util.c.o
Compiling .pio\build\m5stopwatch-render-check\app_trace\host_file_io.c.o
Compiling .pio\build\m5stopwatch-render-check\app_trace\port\port_uart.c.o
Compiling .pio\build\m5stopwatch-render-check\app_update\esp_ota_ops.c.o
Compiling .pio\build\m5stopwatch-render-check\app_update\esp_ota_app_desc.c.o
Compiling .pio\build\m5stopwatch-render-check\bootloader_support\src\bootloader_common.c.o
Compiling .pio\build\m5stopwatch-render-check\bootloader_support\src\bootloader_common_loader.c.o
Compiling .pio\build\m5stopwatch-render-check\bootloader_support\src\bootloader_clock_init.c.o
Archiving .pio\build\m5stopwatch-render-check\esp-idf\app_trace\libapp_trace.a
Compiling .pio\build\m5stopwatch-render-check\bootloader_support\src\bootloader_mem.c.o
Indexing .pio\build\m5stopwatch-render-check\esp-idf\app_trace\libapp_trace.a
Compiling .pio\build\m5stopwatch-render-check\bootloader_support\src\bootloader_random.c.o
Compiling .pio\build\m5stopwatch-render-check\bootloader_support\src\bootloader_efuse.c.o
Compiling .pio\build\m5stopwatch-render-check\bootloader_support\src\flash_encrypt.c.o
Compiling .pio\build\m5stopwatch-render-check\bootloader_support\src\secure_boot.c.o
Compiling .pio\build\m5stopwatch-render-check\bootloader_support\src\bootloader_random_esp32s3.c.o
Compiling .pio\build\m5stopwatch-render-check\bootloader_support\bootloader_flash\src\bootloader_flash.c.o
Archiving .pio\build\m5stopwatch-render-check\esp-idf\app_update\libapp_update.a
Indexing .pio\build\m5stopwatch-render-check\esp-idf\app_update\libapp_update.a
Compiling .pio\build\m5stopwatch-render-check\bootloader_support\bootloader_flash\src\flash_qio_mode.c.o
Compiling .pio\build\m5stopwatch-render-check\bootloader_support\bootloader_flash\src\bootloader_flash_config_esp32s3.c.o
Compiling .pio\build\m5stopwatch-render-check\bootloader_support\src\bootloader_utility.c.o
Compiling .pio\build\m5stopwatch-render-check\bootloader_support\src\flash_partitions.c.o
Compiling .pio\build\m5stopwatch-render-check\bootloader_support\src\esp_image_format.c.o
Compiling .pio\build\m5stopwatch-render-check\bootloader_support\src\bootloader_sha.c.o
Compiling .pio\build\m5stopwatch-render-check\bootloader_support\src\esp32s3\secure_boot_secure_features.c.o
Compiling .pio\build\m5stopwatch-render-check\cmock\CMock\src\cmock.c.o
Compiling .pio\build\m5stopwatch-render-check\console\commands.c.o
Compiling .pio\build\m5stopwatch-render-check\console\esp_console_common.c.o
Compiling .pio\build\m5stopwatch-render-check\console\esp_console_repl_internal.c.o
Compiling .pio\build\m5stopwatch-render-check\console\split_argv.c.o
Compiling .pio\build\m5stopwatch-render-check\console\linenoise\linenoise.c.o
Compiling .pio\build\m5stopwatch-render-check\console\esp_console_repl_chip.c.o
Compiling .pio\build\m5stopwatch-render-check\console\argtable3\arg_cmd.c.o
Compiling .pio\build\m5stopwatch-render-check\console\argtable3\arg_date.c.o
Compiling .pio\build\m5stopwatch-render-check\console\argtable3\arg_dbl.c.o
Compiling .pio\build\m5stopwatch-render-check\console\argtable3\arg_dstr.c.o
Compiling .pio\build\m5stopwatch-render-check\console\argtable3\arg_end.c.o
Compiling .pio\build\m5stopwatch-render-check\console\argtable3\arg_file.c.o
Compiling .pio\build\m5stopwatch-render-check\console\argtable3\arg_hashtable.c.o
Archiving .pio\build\m5stopwatch-render-check\esp-idf\cmock\libcmock.a
Compiling .pio\build\m5stopwatch-render-check\console\argtable3\arg_int.c.o
Archiving .pio\build\m5stopwatch-render-check\esp-idf\bootloader_support\libbootloader_support.a
Indexing .pio\build\m5stopwatch-render-check\esp-idf\cmock\libcmock.a
Compiling .pio\build\m5stopwatch-render-check\console\argtable3\arg_lit.c.o
Compiling .pio\build\m5stopwatch-render-check\console\argtable3\arg_rem.c.o
Indexing .pio\build\m5stopwatch-render-check\esp-idf\bootloader_support\libbootloader_support.a
Compiling .pio\build\m5stopwatch-render-check\console\argtable3\arg_rex.c.o
Compiling .pio\build\m5stopwatch-render-check\console\argtable3\arg_str.c.o
Compiling .pio\build\m5stopwatch-render-check\console\argtable3\arg_utils.c.o
Compiling .pio\build\m5stopwatch-render-check\console\argtable3\argtable3.c.o
Compiling .pio\build\m5stopwatch-render-check\cxx\cxx_exception_stubs.cpp.o
Compiling .pio\build\m5stopwatch-render-check\cxx\cxx_guards.cpp.o
Compiling .pio\build\m5stopwatch-render-check\cxx\cxx_init.cpp.o
Compiling .pio\build\m5stopwatch-render-check\driver\deprecated\adc_legacy.c.o
Compiling .pio\build\m5stopwatch-render-check\driver\deprecated\adc_dma_legacy.c.o
Compiling .pio\build\m5stopwatch-render-check\driver\deprecated\timer_legacy.c.o
Compiling .pio\build\m5stopwatch-render-check\driver\i2c\i2c.c.o
Compiling .pio\build\m5stopwatch-render-check\driver\deprecated\i2s_legacy.c.o
Compiling .pio\build\m5stopwatch-render-check\driver\deprecated\mcpwm_legacy.c.o
Compiling .pio\build\m5stopwatch-render-check\driver\deprecated\pcnt_legacy.c.o
Compiling .pio\build\m5stopwatch-render-check\driver\deprecated\rmt_legacy.c.o
Compiling .pio\build\m5stopwatch-render-check\driver\deprecated\sigma_delta_legacy.c.o
Compiling .pio\build\m5stopwatch-render-check\driver\deprecated\rtc_temperature_legacy.c.o
Compiling .pio\build\m5stopwatch-render-check\driver\touch_sensor\touch_sensor_common.c.o
Compiling .pio\build\m5stopwatch-render-check\driver\touch_sensor\esp32s3\touch_sensor.c.o
Compiling .pio\build\m5stopwatch-render-check\driver\twai\twai.c.o
Compiling .pio\build\m5stopwatch-render-check\efuse\esp32s3\esp_efuse_table.c.o
Compiling .pio\build\m5stopwatch-render-check\efuse\esp32s3\esp_efuse_fields.c.o
Compiling .pio\build\m5stopwatch-render-check\efuse\esp32s3\esp_efuse_rtc_calib.c.o
Compiling .pio\build\m5stopwatch-render-check\efuse\esp32s3\esp_efuse_utility.c.o
Compiling .pio\build\m5stopwatch-render-check\efuse\src\esp_efuse_api.c.o
Compiling .pio\build\m5stopwatch-render-check\efuse\src\esp_efuse_fields.c.o
Compiling .pio\build\m5stopwatch-render-check\efuse\src\esp_efuse_utility.c.o
Archiving .pio\build\m5stopwatch-render-check\esp-idf\cxx\libcxx.a
Archiving .pio\build\m5stopwatch-render-check\esp-idf\console\libconsole.a
Compiling .pio\build\m5stopwatch-render-check\efuse\src\efuse_controller\keys\with_key_purposes\esp_efuse_api_key.c.o
Compiling .pio\build\m5stopwatch-render-check\efuse\src\esp_efuse_startup.c.o
Indexing .pio\build\m5stopwatch-render-check\esp-idf\cxx\libcxx.a
Indexing .pio\build\m5stopwatch-render-check\esp-idf\console\libconsole.a
Compiling .pio\build\m5stopwatch-render-check\esp-tls\esp_tls.c.o
Compiling .pio\build\m5stopwatch-render-check\esp-tls\esp-tls-crypto\esp_tls_crypto.c.o
Compiling .pio\build\m5stopwatch-render-check\esp-tls\esp_tls_error_capture.c.o
Archiving .pio\build\m5stopwatch-render-check\esp-idf\efuse\libefuse.a
Compiling .pio\build\m5stopwatch-render-check\esp-tls\esp_tls_platform_port.c.o
Compiling .pio\build\m5stopwatch-render-check\esp-tls\esp_tls_mbedtls.c.o
Indexing .pio\build\m5stopwatch-render-check\esp-idf\efuse\libefuse.a
Compiling .pio\build\m5stopwatch-render-check\esp_adc\adc_oneshot.c.o
Compiling .pio\build\m5stopwatch-render-check\esp_adc\adc_common.c.o
Compiling .pio\build\m5stopwatch-render-check\esp_adc\adc_cali.c.o
Compiling .pio\build\m5stopwatch-render-check\esp_adc\adc_cali_curve_fitting.c.o
Compiling .pio\build\m5stopwatch-render-check\esp_adc\deprecated\esp_adc_cal_common_legacy.c.o
Compiling .pio\build\m5stopwatch-render-check\esp_adc\adc_continuous.c.o
Compiling .pio\build\m5stopwatch-render-check\esp_adc\adc_monitor.c.o
Compiling .pio\build\m5stopwatch-render-check\esp_adc\gdma\adc_dma.c.o
Compiling .pio\build\m5stopwatch-render-check\esp_adc\adc_filter.c.o
Compiling .pio\build\m5stopwatch-render-check\esp_adc\esp32s3\curve_fitting_coefficients.c.o
Compiling .pio\build\m5stopwatch-render-check\esp_adc\deprecated\esp32s3\esp_adc_cal_legacy.c.o
Compiling .pio\build\m5stopwatch-render-check\esp_app_format\esp_app_desc.c.o
Compiling .pio\build\m5stopwatch-render-check\esp_bootloader_format\esp_bootloader_desc.c.o
Compiling .pio\build\m5stopwatch-render-check\esp_coex\esp32s3\esp_coex_adapter.c.o
Compiling .pio\build\m5stopwatch-render-check\esp_coex\src\coexist_debug_diagram.c.o
Compiling .pio\build\m5stopwatch-render-check\esp_coex\src\coexist_debug.c.o
Compiling .pio\build\m5stopwatch-render-check\esp_common\src\esp_err_to_name.c.o
Archiving .pio\build\m5stopwatch-render-check\esp-idf\esp_app_format\libesp_app_format.a
Archiving .pio\build\m5stopwatch-render-check\esp-idf\esp_bootloader_format\libesp_bootloader_format.a
Archiving .pio\build\m5stopwatch-render-check\esp-idf\driver\libdriver.a
Compiling .pio\build\m5stopwatch-render-check\esp_driver_cam\esp_cam_ctlr.c.o
Archiving .pio\build\m5stopwatch-render-check\esp-idf\esp_coex\libesp_coex.a
Compiling .pio\build\m5stopwatch-render-check\esp_driver_cam\dvp_share_ctrl.c.o
Archiving .pio\build\m5stopwatch-render-check\esp-idf\esp-tls\libesp-tls.a
Indexing .pio\build\m5stopwatch-render-check\esp-idf\esp_app_format\libesp_app_format.a
Indexing .pio\build\m5stopwatch-render-check\esp-idf\esp_bootloader_format\libesp_bootloader_format.a
Indexing .pio\build\m5stopwatch-render-check\esp-idf\driver\libdriver.a
Indexing .pio\build\m5stopwatch-render-check\esp-idf\esp_coex\libesp_coex.a
Compiling .pio\build\m5stopwatch-render-check\esp_driver_gpio\src\gpio.c.o
Archiving .pio\build\m5stopwatch-render-check\esp-idf\esp_adc\libesp_adc.a
Compiling .pio\build\m5stopwatch-render-check\esp_driver_gpio\src\gpio_glitch_filter_ops.c.o
Compiling .pio\build\m5stopwatch-render-check\esp_driver_gpio\src\rtc_io.c.o
Indexing .pio\build\m5stopwatch-render-check\esp-idf\esp-tls\libesp-tls.a
Compiling .pio\build\m5stopwatch-render-check\esp_driver_gpio\src\dedic_gpio.c.o
Compiling .pio\build\m5stopwatch-render-check\esp_driver_gpio\src\gpio_pin_glitch_filter.c.o
Compiling .pio\build\m5stopwatch-render-check\esp_driver_gptimer\src\gptimer.c.o
Indexing .pio\build\m5stopwatch-render-check\esp-idf\esp_adc\libesp_adc.a
Compiling .pio\build\m5stopwatch-render-check\esp_driver_gptimer\src\gptimer_common.c.o
Compiling .pio\build\m5stopwatch-render-check\esp_driver_i2c\i2c_master.c.o
Compiling .pio\build\m5stopwatch-render-check\esp_driver_i2c\i2c_common.c.o
Compiling .pio\build\m5stopwatch-render-check\esp_driver_i2c\i2c_slave.c.o
Archiving .pio\build\m5stopwatch-render-check\esp-idf\esp_driver_cam\libesp_driver_cam.a
Compiling .pio\build\m5stopwatch-render-check\esp_driver_i2s\i2s_common.c.o
Compiling .pio\build\m5stopwatch-render-check\esp_driver_i2s\i2s_std.c.o
Indexing .pio\build\m5stopwatch-render-check\esp-idf\esp_driver_cam\libesp_driver_cam.a
Compiling .pio\build\m5stopwatch-render-check\esp_driver_i2s\i2s_pdm.c.o
Compiling .pio\build\m5stopwatch-render-check\esp_driver_i2s\i2s_tdm.c.o
Compiling .pio\build\m5stopwatch-render-check\esp_driver_i2s\i2s_platform.c.o
Compiling .pio\build\m5stopwatch-render-check\esp_driver_ledc\src\ledc.c.o
Compiling .pio\build\m5stopwatch-render-check\esp_driver_mcpwm\src\mcpwm_cap.c.o
Compiling .pio\build\m5stopwatch-render-check\esp_driver_mcpwm\src\mcpwm_cmpr.c.o
Compiling .pio\build\m5stopwatch-render-check\esp_driver_mcpwm\src\mcpwm_com.c.o
Compiling .pio\build\m5stopwatch-render-check\esp_driver_mcpwm\src\mcpwm_fault.c.o
Compiling .pio\build\m5stopwatch-render-check\esp_driver_mcpwm\src\mcpwm_gen.c.o
Compiling .pio\build\m5stopwatch-render-check\esp_driver_mcpwm\src\mcpwm_oper.c.o
Compiling .pio\build\m5stopwatch-render-check\esp_driver_mcpwm\src\mcpwm_sync.c.o
Compiling .pio\build\m5stopwatch-render-check\esp_driver_mcpwm\src\mcpwm_timer.c.o
Compiling .pio\build\m5stopwatch-render-check\esp_driver_pcnt\src\pulse_cnt.c.o
Compiling .pio\build\m5stopwatch-render-check\esp_driver_rmt\src\rmt_common.c.o
Archiving .pio\build\m5stopwatch-render-check\esp-idf\esp_driver_gptimer\libesp_driver_gptimer.a
Compiling .pio\build\m5stopwatch-render-check\esp_driver_rmt\src\rmt_encoder.c.o
Compiling .pio\build\m5stopwatch-render-check\esp_driver_rmt\src\rmt_encoder_bytes.c.o
Archiving .pio\build\m5stopwatch-render-check\esp-idf\esp_common\libesp_common.a
Compiling .pio\build\m5stopwatch-render-check\esp_driver_rmt\src\rmt_encoder_copy.c.o
Compiling .pio\build\m5stopwatch-render-check\esp_driver_rmt\src\rmt_encoder_simple.c.o
Compiling .pio\build\m5stopwatch-render-check\esp_driver_rmt\src\rmt_rx.c.o
Indexing .pio\build\m5stopwatch-render-check\esp-idf\esp_driver_gptimer\libesp_driver_gptimer.a
Indexing .pio\build\m5stopwatch-render-check\esp-idf\esp_common\libesp_common.a
Compiling .pio\build\m5stopwatch-render-check\esp_driver_rmt\src\rmt_tx.c.o
Compiling .pio\build\m5stopwatch-render-check\esp_driver_sdm\src\sdm.c.o
Archiving .pio\build\m5stopwatch-render-check\esp-idf\esp_driver_gpio\libesp_driver_gpio.a
Compiling .pio\build\m5stopwatch-render-check\esp_driver_sdmmc\src\sdmmc_transaction.c.o
Indexing .pio\build\m5stopwatch-render-check\esp-idf\esp_driver_gpio\libesp_driver_gpio.a
Compiling .pio\build\m5stopwatch-render-check\esp_driver_sdmmc\src\sdmmc_host.c.o
Compiling .pio\build\m5stopwatch-render-check\esp_driver_sdspi\src\sdspi_crc.c.o
Compiling .pio\build\m5stopwatch-render-check\esp_driver_sdspi\src\sdspi_host.c.o
Archiving .pio\build\m5stopwatch-render-check\esp-idf\esp_driver_i2c\libesp_driver_i2c.a
Compiling .pio\build\m5stopwatch-render-check\esp_driver_sdspi\src\sdspi_transaction.c.o
Compiling .pio\build\m5stopwatch-render-check\esp_driver_spi\src\gpspi\spi_common.c.o
Indexing .pio\build\m5stopwatch-render-check\esp-idf\esp_driver_i2c\libesp_driver_i2c.a
Archiving .pio\build\m5stopwatch-render-check\esp-idf\esp_driver_mcpwm\libesp_driver_mcpwm.a
Archiving .pio\build\m5stopwatch-render-check\esp-idf\esp_driver_pcnt\libesp_driver_pcnt.a
Archiving .pio\build\m5stopwatch-render-check\esp-idf\esp_driver_i2s\libesp_driver_i2s.a
Compiling .pio\build\m5stopwatch-render-check\esp_driver_spi\src\gpspi\spi_master.c.o
Compiling .pio\build\m5stopwatch-render-check\esp_driver_spi\src\gpspi\spi_slave.c.o
Compiling .pio\build\m5stopwatch-render-check\esp_driver_spi\src\gpspi\spi_slave_hd.c.o
Indexing .pio\build\m5stopwatch-render-check\esp-idf\esp_driver_mcpwm\libesp_driver_mcpwm.a
Indexing .pio\build\m5stopwatch-render-check\esp-idf\esp_driver_pcnt\libesp_driver_pcnt.a
Indexing .pio\build\m5stopwatch-render-check\esp-idf\esp_driver_i2s\libesp_driver_i2s.a
Compiling .pio\build\m5stopwatch-render-check\esp_driver_touch_sens\common\touch_sens_common.c.o
Archiving .pio\build\m5stopwatch-render-check\esp-idf\esp_driver_sdm\libesp_driver_sdm.a
Compiling .pio\build\m5stopwatch-render-check\esp_driver_touch_sens\hw_ver2\touch_version_specific.c.o
Compiling .pio\build\m5stopwatch-render-check\esp_driver_tsens\src\temperature_sensor.c.o
Archiving .pio\build\m5stopwatch-render-check\esp-idf\esp_driver_ledc\libesp_driver_ledc.a
Indexing .pio\build\m5stopwatch-render-check\esp-idf\esp_driver_sdm\libesp_driver_sdm.a
Compiling .pio\build\m5stopwatch-render-check\esp_driver_twai\esp_twai.c.o
Compiling .pio\build\m5stopwatch-render-check\esp_driver_twai\esp_twai_onchip.c.o
Indexing .pio\build\m5stopwatch-render-check\esp-idf\esp_driver_ledc\libesp_driver_ledc.a
Compiling .pio\build\m5stopwatch-render-check\esp_driver_uart\src\uart.c.o
Compiling .pio\build\m5stopwatch-render-check\esp_driver_uart\src\uart_wakeup.c.o
Compiling .pio\build\m5stopwatch-render-check\esp_driver_uart\src\uhci.c.o
Compiling .pio\build\m5stopwatch-render-check\esp_driver_uart\src\uart_vfs.c.o
Compiling .pio\build\m5stopwatch-render-check\esp_driver_usb_serial_jtag\src\usb_serial_jtag.c.o
Archiving .pio\build\m5stopwatch-render-check\esp-idf\esp_driver_sdspi\libesp_driver_sdspi.a
Compiling .pio\build\m5stopwatch-render-check\esp_driver_usb_serial_jtag\src\usb_serial_jtag_connection_monitor.c.o
Compiling .pio\build\m5stopwatch-render-check\esp_driver_usb_serial_jtag\src\usb_serial_jtag_vfs.c.o
Compiling .pio\build\m5stopwatch-render-check\esp_eth\src\esp_eth.c.o
Archiving .pio\build\m5stopwatch-render-check\esp-idf\esp_driver_rmt\libesp_driver_rmt.a
Indexing .pio\build\m5stopwatch-render-check\esp-idf\esp_driver_sdspi\libesp_driver_sdspi.a
Compiling .pio\build\m5stopwatch-render-check\esp_eth\src\phy\esp_eth_phy_802_3.c.o
Compiling .pio\build\m5stopwatch-render-check\esp_eth\src\esp_eth_netif_glue.c.o
Compiling .pio\build\m5stopwatch-render-check\esp_event\default_event_loop.c.o
Archiving .pio\build\m5stopwatch-render-check\esp-idf\esp_driver_tsens\libesp_driver_tsens.a
Compiling .pio\build\m5stopwatch-render-check\esp_event\esp_event.c.o
Indexing .pio\build\m5stopwatch-render-check\esp-idf\esp_driver_rmt\libesp_driver_rmt.a
Compiling .pio\build\m5stopwatch-render-check\esp_event\esp_event_private.c.o
Compiling .pio\build\m5stopwatch-render-check\esp_gdbstub\src\gdbstub.c.o
Archiving .pio\build\m5stopwatch-render-check\esp-idf\esp_driver_touch_sens\libesp_driver_touch_sens.a
Indexing .pio\build\m5stopwatch-render-check\esp-idf\esp_driver_tsens\libesp_driver_tsens.a
Archiving .pio\build\m5stopwatch-render-check\esp-idf\esp_driver_sdmmc\libesp_driver_sdmmc.a
Compiling .pio\build\m5stopwatch-render-check\esp_gdbstub\src\gdbstub_transport.c.o
Compiling .pio\build\m5stopwatch-render-check\esp_gdbstub\src\packet.c.o
Compiling .pio\build\m5stopwatch-render-check\esp_gdbstub\src\port\xtensa\gdbstub_xtensa.c.o
Compiling .pio\build\m5stopwatch-render-check\esp_gdbstub\src\port\xtensa\gdbstub-entry.S.o
Compiling .pio\build\m5stopwatch-render-check\esp_gdbstub\src\port\xtensa\xt_debugexception.S.o
Indexing .pio\build\m5stopwatch-render-check\esp-idf\esp_driver_touch_sens\libesp_driver_touch_sens.a
Compiling .pio\build\m5stopwatch-render-check\esp_hid\src\esp_hidd.c.o
Indexing .pio\build\m5stopwatch-render-check\esp-idf\esp_driver_sdmmc\libesp_driver_sdmmc.a
Compiling .pio\build\m5stopwatch-render-check\esp_hid\src\esp_hidh.c.o
Archiving .pio\build\m5stopwatch-render-check\esp-idf\esp_driver_twai\libesp_driver_twai.a
Archiving .pio\build\m5stopwatch-render-check\esp-idf\esp_driver_spi\libesp_driver_spi.a
Compiling .pio\build\m5stopwatch-render-check\esp_hid\src\esp_hid_common.c.o
Indexing .pio\build\m5stopwatch-render-check\esp-idf\esp_driver_twai\libesp_driver_twai.a
Indexing .pio\build\m5stopwatch-render-check\esp-idf\esp_driver_spi\libesp_driver_spi.a
Compiling .pio\build\m5stopwatch-render-check\esp_http_client\esp_http_client.c.o
Archiving .pio\build\m5stopwatch-render-check\esp-idf\esp_driver_usb_serial_jtag\libesp_driver_usb_serial_jtag.a
Compiling .pio\build\m5stopwatch-render-check\esp_http_client\lib\http_auth.c.o
Compiling .pio\build\m5stopwatch-render-check\esp_http_client\lib\http_header.c.o
Compiling .pio\build\m5stopwatch-render-check\esp_http_client\lib\http_utils.c.o
Indexing .pio\build\m5stopwatch-render-check\esp-idf\esp_driver_usb_serial_jtag\libesp_driver_usb_serial_jtag.a
Compiling .pio\build\m5stopwatch-render-check\esp_http_server\src\httpd_main.c.o
Archiving .pio\build\m5stopwatch-render-check\esp-idf\esp_eth\libesp_eth.a
Archiving .pio\build\m5stopwatch-render-check\esp-idf\esp_event\libesp_event.a
Archiving .pio\build\m5stopwatch-render-check\esp-idf\esp_gdbstub\libesp_gdbstub.a
Compiling .pio\build\m5stopwatch-render-check\esp_http_server\src\httpd_parse.c.o
Compiling .pio\build\m5stopwatch-render-check\esp_http_server\src\httpd_sess.c.o
Compiling .pio\build\m5stopwatch-render-check\esp_http_server\src\httpd_txrx.c.o
Compiling .pio\build\m5stopwatch-render-check\esp_http_server\src\httpd_uri.c.o
Compiling .pio\build\m5stopwatch-render-check\esp_http_server\src\httpd_ws.c.o
Compiling .pio\build\m5stopwatch-render-check\esp_http_server\src\util\ctrl_sock.c.o
Indexing .pio\build\m5stopwatch-render-check\esp-idf\esp_eth\libesp_eth.a
Indexing .pio\build\m5stopwatch-render-check\esp-idf\esp_gdbstub\libesp_gdbstub.a
Indexing .pio\build\m5stopwatch-render-check\esp-idf\esp_event\libesp_event.a
Compiling .pio\build\m5stopwatch-render-check\esp_https_ota\src\esp_https_ota.c.o
Compiling .pio\build\m5stopwatch-render-check\esp_https_server\src\https_server.c.o
Compiling .pio\build\m5stopwatch-render-check\esp_hw_support\cpu.c.o
Compiling .pio\build\m5stopwatch-render-check\esp_hw_support\port\esp32s3\esp_cpu_intr.c.o
Compiling .pio\build\m5stopwatch-render-check\esp_hw_support\esp_memory_utils.c.o
Compiling .pio\build\m5stopwatch-render-check\esp_hw_support\port\esp32s3\cpu_region_protect.c.o
Compiling .pio\build\m5stopwatch-render-check\esp_hw_support\esp_clk.c.o
Archiving .pio\build\m5stopwatch-render-check\esp-idf\esp_hid\libesp_hid.a
Compiling .pio\build\m5stopwatch-render-check\esp_hw_support\clk_ctrl_os.c.o
Compiling .pio\build\m5stopwatch-render-check\esp_hw_support\hw_random.c.o
Compiling .pio\build\m5stopwatch-render-check\esp_hw_support\intr_alloc.c.o
Compiling .pio\build\m5stopwatch-render-check\esp_hw_support\mac_addr.c.o
Compiling .pio\build\m5stopwatch-render-check\esp_hw_support\periph_ctrl.c.o
Compiling .pio\build\m5stopwatch-render-check\esp_hw_support\revision.c.o
Compiling .pio\build\m5stopwatch-render-check\esp_hw_support\rtc_module.c.o
Indexing .pio\build\m5stopwatch-render-check\esp-idf\esp_hid\libesp_hid.a
Compiling .pio\build\m5stopwatch-render-check\esp_hw_support\regi2c_ctrl.c.o
Archiving .pio\build\m5stopwatch-render-check\esp-idf\esp_driver_uart\libesp_driver_uart.a
Compiling .pio\build\m5stopwatch-render-check\esp_hw_support\esp_gpio_reserve.c.o
Compiling .pio\build\m5stopwatch-render-check\esp_hw_support\sar_periph_ctrl_common.c.o
Compiling .pio\build\m5stopwatch-render-check\esp_hw_support\port\esp32s3\io_mux.c.o
Compiling .pio\build\m5stopwatch-render-check\esp_hw_support\port\esp32s3\esp_clk_tree.c.o
Compiling .pio\build\m5stopwatch-render-check\esp_hw_support\dma\esp_dma_utils.c.o
Compiling .pio\build\m5stopwatch-render-check\esp_hw_support\dma\gdma_link.c.o
Compiling .pio\build\m5stopwatch-render-check\esp_hw_support\spi_bus_lock.c.o
Indexing .pio\build\m5stopwatch-render-check\esp-idf\esp_driver_uart\libesp_driver_uart.a
Compiling .pio\build\m5stopwatch-render-check\esp_hw_support\clk_utils.c.o
Compiling .pio\build\m5stopwatch-render-check\esp_hw_support\port\esp_clk_tree_common.c.o
Compiling .pio\build\m5stopwatch-render-check\esp_hw_support\spi_share_hw_ctrl.c.o
Compiling .pio\build\m5stopwatch-render-check\esp_hw_support\adc_share_hw_ctrl.c.o
Compiling .pio\build\m5stopwatch-render-check\esp_hw_support\sleep_modem.c.o
Archiving .pio\build\m5stopwatch-render-check\esp-idf\esp_https_ota\libesp_https_ota.a
Archiving .pio\build\m5stopwatch-render-check\esp-idf\esp_http_server\libesp_http_server.a
Compiling .pio\build\m5stopwatch-render-check\esp_hw_support\sleep_modes.c.o
Compiling .pio\build\m5stopwatch-render-check\esp_hw_support\sleep_console.c.o
Compiling .pio\build\m5stopwatch-render-check\esp_hw_support\sleep_usb.c.o
Compiling .pio\build\m5stopwatch-render-check\esp_hw_support\sleep_gpio.c.o
Compiling .pio\build\m5stopwatch-render-check\esp_hw_support\sleep_event.c.o
Compiling .pio\build\m5stopwatch-render-check\esp_hw_support\dma\gdma.c.o
Indexing .pio\build\m5stopwatch-render-check\esp-idf\esp_https_ota\libesp_https_ota.a
Compiling .pio\build\m5stopwatch-render-check\esp_hw_support\deprecated\gdma_legacy.c.o
Indexing .pio\build\m5stopwatch-render-check\esp-idf\esp_http_server\libesp_http_server.a
Archiving .pio\build\m5stopwatch-render-check\esp-idf\esp_https_server\libesp_https_server.a
Compiling .pio\build\m5stopwatch-render-check\esp_hw_support\dma\esp_async_memcpy.c.o
Compiling .pio\build\m5stopwatch-render-check\esp_hw_support\dma\async_memcpy_gdma.c.o
Compiling .pio\build\m5stopwatch-render-check\esp_hw_support\port\esp32s3\systimer.c.o
Compiling .pio\build\m5stopwatch-render-check\esp_hw_support\mspi_timing_tuning\mspi_timing_tuning.c.o
Compiling .pio\build\m5stopwatch-render-check\esp_hw_support\sleep_wake_stub.c.o
Compiling .pio\build\m5stopwatch-render-check\esp_hw_support\esp_clock_output.c.o
Indexing .pio\build\m5stopwatch-render-check\esp-idf\esp_https_server\libesp_https_server.a
Compiling .pio\build\m5stopwatch-render-check\esp_hw_support\power_supply\brownout.c.o
Archiving .pio\build\m5stopwatch-render-check\esp-idf\esp_http_client\libesp_http_client.a
Compiling .pio\build\m5stopwatch-render-check\esp_hw_support\port\esp32s3\rtc_clk.c.o
Compiling .pio\build\m5stopwatch-render-check\esp_hw_support\port\esp32s3\rtc_clk_init.c.o
Compiling .pio\build\m5stopwatch-render-check\esp_hw_support\port\esp32s3\rtc_init.c.o
Compiling .pio\build\m5stopwatch-render-check\esp_hw_support\port\esp32s3\rtc_sleep.c.o
Compiling .pio\build\m5stopwatch-render-check\esp_hw_support\port\esp32s3\rtc_time.c.o
Compiling .pio\build\m5stopwatch-render-check\esp_hw_support\port\esp32s3\chip_info.c.o
Compiling .pio\build\m5stopwatch-render-check\esp_hw_support\port\esp32s3\sar_periph_ctrl.c.o
Compiling .pio\build\m5stopwatch-render-check\esp_hw_support\port\esp32s3\esp_memprot.c.o
Compiling .pio\build\m5stopwatch-render-check\esp_hw_support\port\esp_memprot_conv.c.o
Indexing .pio\build\m5stopwatch-render-check\esp-idf\esp_http_client\libesp_http_client.a
Compiling .pio\build\m5stopwatch-render-check\esp_hw_support\mspi_timing_tuning\port\esp32s3\mspi_timing_config.c.o
Compiling .pio\build\m5stopwatch-render-check\esp_hw_support\mspi_timing_tuning\port\esp32s3\mspi_timing_by_mspi_delay.c.o
Compiling .pio\build\m5stopwatch-render-check\esp_hw_support\lowpower\port\esp32s3\sleep_cpu.c.o
Compiling .pio\build\m5stopwatch-render-check\esp_lcd\src\esp_lcd_common.c.o
Compiling .pio\build\m5stopwatch-render-check\esp_lcd\src\esp_lcd_panel_io.c.o
Compiling .pio\build\m5stopwatch-render-check\esp_lcd\src\esp_lcd_panel_nt35510.c.o
Compiling .pio\build\m5stopwatch-render-check\esp_lcd\src\esp_lcd_panel_ssd1306.c.o
Compiling .pio\build\m5stopwatch-render-check\esp_lcd\src\esp_lcd_panel_st7789.c.o
Compiling .pio\build\m5stopwatch-render-check\esp_lcd\src\esp_lcd_panel_ops.c.o
Compiling .pio\build\m5stopwatch-render-check\esp_lcd\i2c\esp_lcd_panel_io_i2c_v1.c.o
Compiling .pio\build\m5stopwatch-render-check\esp_lcd\i2c\esp_lcd_panel_io_i2c_v2.c.o
Compiling .pio\build\m5stopwatch-render-check\esp_lcd\spi\esp_lcd_panel_io_spi.c.o
Compiling .pio\build\m5stopwatch-render-check\esp_lcd\i80\esp_lcd_panel_io_i80.c.o
Compiling .pio\build\m5stopwatch-render-check\esp_lcd\rgb\esp_lcd_panel_rgb.c.o
Compiling .pio\build\m5stopwatch-render-check\esp_local_ctrl\src\esp_local_ctrl.c.o
Compiling .pio\build\m5stopwatch-render-check\esp_local_ctrl\src\esp_local_ctrl_handler.c.o
Compiling .pio\build\m5stopwatch-render-check\esp_local_ctrl\proto-c\esp_local_ctrl.pb-c.c.o
Compiling .pio\build\m5stopwatch-render-check\esp_local_ctrl\src\esp_local_ctrl_transport_httpd.c.o
Compiling .pio\build\m5stopwatch-render-check\esp_mm\esp_mmu_map.c.o
Compiling .pio\build\m5stopwatch-render-check\esp_mm\port\esp32s3\ext_mem_layout.c.o
Compiling .pio\build\m5stopwatch-render-check\esp_mm\esp_cache_msync.c.o
Compiling .pio\build\m5stopwatch-render-check\esp_mm\esp_cache_utils.c.o
Compiling .pio\build\m5stopwatch-render-check\esp_mm\heap_align_hw.c.o
Compiling .pio\build\m5stopwatch-render-check\esp_netif\esp_netif_handlers.c.o
Compiling .pio\build\m5stopwatch-render-check\esp_netif\esp_netif_objects.c.o
Compiling .pio\build\m5stopwatch-render-check\esp_netif\esp_netif_defaults.c.o
Compiling .pio\build\m5stopwatch-render-check\esp_netif\lwip\esp_netif_lwip.c.o
Compiling .pio\build\m5stopwatch-render-check\esp_netif\lwip\esp_netif_sntp.c.o
Compiling .pio\build\m5stopwatch-render-check\esp_netif\lwip\esp_netif_lwip_defaults.c.o
Compiling .pio\build\m5stopwatch-render-check\esp_netif\lwip\netif\wlanif.c.o
Compiling .pio\build\m5stopwatch-render-check\esp_netif\lwip\netif\ethernetif.c.o
Compiling .pio\build\m5stopwatch-render-check\esp_netif\lwip\netif\esp_pbuf_ref.c.o
Compiling .pio\build\m5stopwatch-render-check\esp_partition\partition.c.o
Compiling .pio\build\m5stopwatch-render-check\esp_partition\partition_target.c.o
Compiling .pio\build\m5stopwatch-render-check\esp_phy\src\phy_override.c.o
Compiling .pio\build\m5stopwatch-render-check\esp_phy\src\lib_printf.c.o
Compiling .pio\build\m5stopwatch-render-check\esp_phy\src\phy_common.c.o
Compiling .pio\build\m5stopwatch-render-check\esp_phy\src\phy_init.c.o
Compiling .pio\build\m5stopwatch-render-check\esp_phy\esp32s3\phy_init_data.c.o
Compiling .pio\build\m5stopwatch-render-check\esp_phy\src\btbb_init.c.o
Compiling .pio\build\m5stopwatch-render-check\esp_pm\pm_locks.c.o
Archiving .pio\build\m5stopwatch-render-check\esp-idf\esp_hw_support\libesp_hw_support.a
Compiling .pio\build\m5stopwatch-render-check\esp_pm\pm_trace.c.o
Compiling .pio\build\m5stopwatch-render-check\esp_pm\pm_impl.c.o
Compiling .pio\build\m5stopwatch-render-check\esp_psram\system_layer\esp_psram.c.o
Compiling .pio\build\m5stopwatch-render-check\esp_psram\esp32s3\esp_psram_impl_octal.c.o
Archiving .pio\build\m5stopwatch-render-check\esp-idf\esp_local_ctrl\libesp_local_ctrl.a
Compiling .pio\build\m5stopwatch-render-check\esp_psram\xip_impl\mmu_psram_flash.c.o
Compiling .pio\build\m5stopwatch-render-check\esp_ringbuf\ringbuf.c.o
Compiling .pio\build\m5stopwatch-render-check\esp_rom\patches\esp_rom_sys.c.o
Compiling .pio\build\m5stopwatch-render-check\esp_rom\patches\esp_rom_print.c.o
Compiling .pio\build\m5stopwatch-render-check\esp_rom\patches\esp_rom_crc.c.o
Indexing .pio\build\m5stopwatch-render-check\esp-idf\esp_local_ctrl\libesp_local_ctrl.a
Compiling .pio\build\m5stopwatch-render-check\esp_rom\patches\esp_rom_uart.c.o
Archiving .pio\build\m5stopwatch-render-check\esp-idf\esp_mm\libesp_mm.a
Indexing .pio\build\m5stopwatch-render-check\esp-idf\esp_hw_support\libesp_hw_support.a
Compiling .pio\build\m5stopwatch-render-check\esp_rom\patches\esp_rom_spiflash.c.o
Compiling .pio\build\m5stopwatch-render-check\esp_rom\patches\esp_rom_efuse.c.o
Compiling .pio\build\m5stopwatch-render-check\esp_rom\patches\esp_rom_gpio.c.o
Compiling .pio\build\m5stopwatch-render-check\esp_rom\patches\esp_rom_longjmp.S.o
Compiling .pio\build\m5stopwatch-render-check\esp_rom\patches\esp_rom_systimer.c.o
Compiling .pio\build\m5stopwatch-render-check\esp_rom\patches\esp_rom_wdt.c.o
Archiving .pio\build\m5stopwatch-render-check\esp-idf\esp_partition\libesp_partition.a
Indexing .pio\build\m5stopwatch-render-check\esp-idf\esp_mm\libesp_mm.a
Compiling .pio\build\m5stopwatch-render-check\esp_rom\patches\esp_rom_cache_esp32s2_esp32s3.c.o
Compiling .pio\build\m5stopwatch-render-check\esp_rom\patches\esp_rom_cache_writeback_esp32s3.S.o
Compiling .pio\build\m5stopwatch-render-check\esp_security\src\init.c.o
Compiling .pio\build\m5stopwatch-render-check\esp_security\src\esp_hmac.c.o
Indexing .pio\build\m5stopwatch-render-check\esp-idf\esp_partition\libesp_partition.a
Archiving .pio\build\m5stopwatch-render-check\esp-idf\esp_lcd\libesp_lcd.a
Compiling .pio\build\m5stopwatch-render-check\esp_security\src\esp_ds.c.o
Compiling .pio\build\m5stopwatch-render-check\esp_security\src\esp_crypto_lock.c.o
Compiling .pio\build\m5stopwatch-render-check\esp_security\src\esp_crypto_periph_clk.c.o
Indexing .pio\build\m5stopwatch-render-check\esp-idf\esp_lcd\libesp_lcd.a
Compiling .pio\build\m5stopwatch-render-check\esp_system\esp_err.c.o
Archiving .pio\build\m5stopwatch-render-check\esp-idf\esp_phy\libesp_phy.a
Compiling .pio\build\m5stopwatch-render-check\esp_system\crosscore_int.c.o
Archiving .pio\build\m5stopwatch-render-check\esp-idf\esp_psram\libesp_psram.a
Compiling .pio\build\m5stopwatch-render-check\esp_system\esp_ipc.c.o
Indexing .pio\build\m5stopwatch-render-check\esp-idf\esp_phy\libesp_phy.a
Compiling .pio\build\m5stopwatch-render-check\esp_system\esp_system_console.c.o
Archiving .pio\build\m5stopwatch-render-check\esp-idf\esp_rom\libesp_rom.a
Archiving .pio\build\m5stopwatch-render-check\esp-idf\esp_pm\libesp_pm.a
Compiling .pio\build\m5stopwatch-render-check\esp_system\freertos_hooks.c.o
Compiling .pio\build\m5stopwatch-render-check\esp_system\int_wdt.c.o
Indexing .pio\build\m5stopwatch-render-check\esp-idf\esp_psram\libesp_psram.a
Compiling .pio\build\m5stopwatch-render-check\esp_system\panic.c.o
Compiling .pio\build\m5stopwatch-render-check\esp_system\esp_system.c.o
Compiling .pio\build\m5stopwatch-render-check\esp_system\startup.c.o
Indexing .pio\build\m5stopwatch-render-check\esp-idf\esp_pm\libesp_pm.a
Indexing .pio\build\m5stopwatch-render-check\esp-idf\esp_rom\libesp_rom.a
Compiling .pio\build\m5stopwatch-render-check\esp_system\startup_funcs.c.o
Compiling .pio\build\m5stopwatch-render-check\esp_system\system_time.c.o
Compiling .pio\build\m5stopwatch-render-check\esp_system\stack_check.c.o
Compiling .pio\build\m5stopwatch-render-check\esp_system\ubsan.c.o
Compiling .pio\build\m5stopwatch-render-check\esp_system\xt_wdt.c.o
Compiling .pio\build\m5stopwatch-render-check\esp_system\task_wdt\task_wdt.c.o
Archiving .pio\build\m5stopwatch-render-check\esp-idf\esp_ringbuf\libesp_ringbuf.a
Compiling .pio\build\m5stopwatch-render-check\esp_system\task_wdt\task_wdt_impl_timergroup.c.o
Archiving .pio\build\m5stopwatch-render-check\esp-idf\esp_netif\libesp_netif.a
Archiving .pio\build\m5stopwatch-render-check\esp-idf\esp_security\libesp_security.a
Compiling .pio\build\m5stopwatch-render-check\esp_system\port\cpu_start.c.o
Compiling .pio\build\m5stopwatch-render-check\esp_system\port\panic_handler.c.o
Compiling .pio\build\m5stopwatch-render-check\esp_system\port\esp_system_chip.c.o
Indexing .pio\build\m5stopwatch-render-check\esp-idf\esp_ringbuf\libesp_ringbuf.a
Compiling .pio\build\m5stopwatch-render-check\esp_system\port\image_process.c.o
Compiling .pio\build\m5stopwatch-render-check\esp_system\port\esp_ipc_isr.c.o
Compiling .pio\build\m5stopwatch-render-check\esp_system\port\arch\xtensa\esp_ipc_isr_port.c.o
Indexing .pio\build\m5stopwatch-render-check\esp-idf\esp_netif\libesp_netif.a
Compiling .pio\build\m5stopwatch-render-check\esp_system\port\arch\xtensa\esp_ipc_isr_handler.S.o
Indexing .pio\build\m5stopwatch-render-check\esp-idf\esp_security\libesp_security.a
Compiling .pio\build\m5stopwatch-render-check\esp_system\port\arch\xtensa\esp_ipc_isr_routines.S.o
Compiling .pio\build\m5stopwatch-render-check\esp_system\port\arch\xtensa\panic_arch.c.o
Compiling .pio\build\m5stopwatch-render-check\esp_system\port\arch\xtensa\panic_handler_asm.S.o
Compiling .pio\build\m5stopwatch-render-check\esp_system\port\arch\xtensa\expression_with_stack.c.o
Compiling .pio\build\m5stopwatch-render-check\esp_system\port\arch\xtensa\expression_with_stack_asm.S.o
Compiling .pio\build\m5stopwatch-render-check\esp_system\port\arch\xtensa\debug_helpers.c.o
Compiling .pio\build\m5stopwatch-render-check\esp_system\port\arch\xtensa\debug_helpers_asm.S.o
Compiling .pio\build\m5stopwatch-render-check\esp_system\port\arch\xtensa\debug_stubs.c.o
Compiling .pio\build\m5stopwatch-render-check\esp_system\port\arch\xtensa\trax.c.o
Compiling .pio\build\m5stopwatch-render-check\esp_system\port\soc\esp32s3\highint_hdl.S.o
Compiling .pio\build\m5stopwatch-render-check\esp_system\port\soc\esp32s3\clk.c.o
Compiling .pio\build\m5stopwatch-render-check\esp_system\port\soc\esp32s3\reset_reason.c.o
Compiling .pio\build\m5stopwatch-render-check\esp_system\port\soc\esp32s3\system_internal.c.o
Compiling .pio\build\m5stopwatch-render-check\esp_system\port\soc\esp32s3\cache_err_int.c.o
Compiling .pio\build\m5stopwatch-render-check\esp_system\port\soc\esp32s3\apb_backup_dma.c.o
Compiling .pio\build\m5stopwatch-render-check\esp_timer\src\esp_timer.c.o
Compiling .pio\build\m5stopwatch-render-check\esp_timer\src\esp_timer_init.c.o
Compiling .pio\build\m5stopwatch-render-check\esp_timer\src\ets_timer_legacy.c.o
Compiling .pio\build\m5stopwatch-render-check\esp_timer\src\system_time.c.o
Compiling .pio\build\m5stopwatch-render-check\esp_timer\src\esp_timer_impl_common.c.o
Compiling .pio\build\m5stopwatch-render-check\esp_timer\src\esp_timer_impl_systimer.c.o
Compiling .pio\build\m5stopwatch-render-check\esp_vfs_console\vfs_console.c.o
Compiling .pio\build\m5stopwatch-render-check\esp_wifi\src\lib_printf.c.o
Compiling .pio\build\m5stopwatch-render-check\esp_wifi\src\mesh_event.c.o
Compiling .pio\build\m5stopwatch-render-check\esp_wifi\src\smartconfig.c.o
Compiling .pio\build\m5stopwatch-render-check\esp_wifi\src\wifi_init.c.o
Compiling .pio\build\m5stopwatch-render-check\esp_wifi\src\wifi_default.c.o
Compiling .pio\build\m5stopwatch-render-check\esp_wifi\src\wifi_netif.c.o
Compiling .pio\build\m5stopwatch-render-check\esp_wifi\src\wifi_default_ap.c.o
Compiling .pio\build\m5stopwatch-render-check\esp_wifi\esp32s3\esp_adapter.c.o
Compiling .pio\build\m5stopwatch-render-check\esp_wifi\regulatory\esp_wifi_regulatory.c.o
Archiving .pio\build\m5stopwatch-render-check\esp-idf\esp_system\libesp_system.a
Compiling .pio\build\m5stopwatch-render-check\esp_wifi\src\smartconfig_ack.c.o
Compiling .pio\build\m5stopwatch-render-check\espcoredump\src\core_dump_init.c.o
Compiling .pio\build\m5stopwatch-render-check\espcoredump\src\core_dump_common.c.o
Indexing .pio\build\m5stopwatch-render-check\esp-idf\esp_system\libesp_system.a
Compiling .pio\build\m5stopwatch-render-check\espcoredump\src\core_dump_flash.c.o
Archiving .pio\build\m5stopwatch-render-check\esp-idf\esp_timer\libesp_timer.a
Compiling .pio\build\m5stopwatch-render-check\espcoredump\src\core_dump_uart.c.o
Archiving .pio\build\m5stopwatch-render-check\esp-idf\esp_vfs_console\libesp_vfs_console.a
Compiling .pio\build\m5stopwatch-render-check\espcoredump\src\core_dump_elf.c.o
Compiling .pio\build\m5stopwatch-render-check\espcoredump\src\core_dump_binary.c.o
Compiling .pio\build\m5stopwatch-render-check\espcoredump\src\core_dump_sha.c.o
Compiling .pio\build\m5stopwatch-render-check\espcoredump\src\core_dump_crc.c.o
Compiling .pio\build\m5stopwatch-render-check\espcoredump\src\port\xtensa\core_dump_port.c.o
Indexing .pio\build\m5stopwatch-render-check\esp-idf\esp_timer\libesp_timer.a
Indexing .pio\build\m5stopwatch-render-check\esp-idf\esp_vfs_console\libesp_vfs_console.a
Compiling .pio\build\m5stopwatch-render-check\fatfs\diskio\diskio.c.o
Compiling .pio\build\m5stopwatch-render-check\fatfs\diskio\diskio_rawflash.c.o
Compiling .pio\build\m5stopwatch-render-check\fatfs\diskio\diskio_wl.c.o
Compiling .pio\build\m5stopwatch-render-check\fatfs\src\ff.c.o
Compiling .pio\build\m5stopwatch-render-check\fatfs\src\ffunicode.c.o
Compiling .pio\build\m5stopwatch-render-check\fatfs\port\freertos\ffsystem.c.o
Compiling .pio\build\m5stopwatch-render-check\fatfs\diskio\diskio_sdmmc.c.o
Compiling .pio\build\m5stopwatch-render-check\fatfs\vfs\vfs_fat.c.o
Compiling .pio\build\m5stopwatch-render-check\fatfs\vfs\vfs_fat_sdmmc.c.o
Compiling .pio\build\m5stopwatch-render-check\fatfs\vfs\vfs_fat_spiflash.c.o
Compiling .pio\build\m5stopwatch-render-check\freertos\heap_idf.c.o
Compiling .pio\build\m5stopwatch-render-check\freertos\app_startup.c.o
Compiling .pio\build\m5stopwatch-render-check\freertos\port_common.c.o
Compiling .pio\build\m5stopwatch-render-check\freertos\port_systick.c.o
Compiling .pio\build\m5stopwatch-render-check\freertos\FreeRTOS-Kernel\list.c.o
Compiling .pio\build\m5stopwatch-render-check\freertos\FreeRTOS-Kernel\queue.c.o
Compiling .pio\build\m5stopwatch-render-check\freertos\FreeRTOS-Kernel\tasks.c.o
Archiving .pio\build\m5stopwatch-render-check\esp-idf\esp_wifi\libesp_wifi.a
Compiling .pio\build\m5stopwatch-render-check\freertos\FreeRTOS-Kernel\timers.c.o
Compiling .pio\build\m5stopwatch-render-check\freertos\FreeRTOS-Kernel\event_groups.c.o
Archiving .pio\build\m5stopwatch-render-check\esp-idf\espcoredump\libespcoredump.a
Compiling .pio\build\m5stopwatch-render-check\freertos\FreeRTOS-Kernel\stream_buffer.c.o
Compiling .pio\build\m5stopwatch-render-check\freertos\FreeRTOS-Kernel\portable\xtensa\port.c.o
Compiling .pio\build\m5stopwatch-render-check\freertos\FreeRTOS-Kernel\portable\xtensa\portasm.S.o
Compiling .pio\build\m5stopwatch-render-check\freertos\FreeRTOS-Kernel\portable\xtensa\xtensa_init.c.o
Compiling .pio\build\m5stopwatch-render-check\freertos\FreeRTOS-Kernel\portable\xtensa\xtensa_overlay_os_hook.c.o
Compiling .pio\build\m5stopwatch-render-check\freertos\esp_additions\freertos_compatibility.c.o
Compiling .pio\build\m5stopwatch-render-check\freertos\esp_additions\idf_additions_event_groups.c.o
Compiling .pio\build\m5stopwatch-render-check\freertos\esp_additions\idf_additions.c.o
Indexing .pio\build\m5stopwatch-render-check\esp-idf\esp_wifi\libesp_wifi.a
Indexing .pio\build\m5stopwatch-render-check\esp-idf\espcoredump\libespcoredump.a
Compiling .pio\build\m5stopwatch-render-check\hal\hal_utils.c.o
Compiling .pio\build\m5stopwatch-render-check\hal\mpu_hal.c.o
Compiling .pio\build\m5stopwatch-render-check\hal\efuse_hal.c.o
Compiling .pio\build\m5stopwatch-render-check\hal\esp32s3\efuse_hal.c.o
Compiling .pio\build\m5stopwatch-render-check\hal\mmu_hal.c.o
Compiling .pio\build\m5stopwatch-render-check\hal\cache_hal.c.o
Compiling .pio\build\m5stopwatch-render-check\hal\color_hal.c.o
Compiling .pio\build\m5stopwatch-render-check\hal\spi_flash_hal.c.o
Compiling .pio\build\m5stopwatch-render-check\hal\spi_flash_hal_iram.c.o
Compiling .pio\build\m5stopwatch-render-check\hal\spi_flash_encrypt_hal_iram.c.o
Compiling .pio\build\m5stopwatch-render-check\hal\esp32s3\clk_tree_hal.c.o
Compiling .pio\build\m5stopwatch-render-check\hal\systimer_hal.c.o
Compiling .pio\build\m5stopwatch-render-check\hal\uart_hal.c.o
Compiling .pio\build\m5stopwatch-render-check\hal\uart_hal_iram.c.o
Compiling .pio\build\m5stopwatch-render-check\hal\gpio_hal.c.o
Compiling .pio\build\m5stopwatch-render-check\hal\rtc_io_hal.c.o
Compiling .pio\build\m5stopwatch-render-check\hal\timer_hal.c.o
Compiling .pio\build\m5stopwatch-render-check\hal\ledc_hal.c.o
Compiling .pio\build\m5stopwatch-render-check\hal\ledc_hal_iram.c.o
Compiling .pio\build\m5stopwatch-render-check\hal\i2c_hal.c.o
Compiling .pio\build\m5stopwatch-render-check\hal\i2c_hal_iram.c.o
Compiling .pio\build\m5stopwatch-render-check\hal\rmt_hal.c.o
Compiling .pio\build\m5stopwatch-render-check\hal\pcnt_hal.c.o
Compiling .pio\build\m5stopwatch-render-check\hal\mcpwm_hal.c.o
Compiling .pio\build\m5stopwatch-render-check\hal\uhci_hal.c.o
Compiling .pio\build\m5stopwatch-render-check\hal\twai_hal_sja1000.c.o
Compiling .pio\build\m5stopwatch-render-check\hal\gdma_hal_top.c.o
Compiling .pio\build\m5stopwatch-render-check\hal\gdma_hal_ahb_v1.c.o
Compiling .pio\build\m5stopwatch-render-check\hal\i2s_hal.c.o
Compiling .pio\build\m5stopwatch-render-check\hal\sdm_hal.c.o
Compiling .pio\build\m5stopwatch-render-check\hal\sdmmc_hal.c.o
Compiling .pio\build\m5stopwatch-render-check\hal\adc_hal_common.c.o
Compiling .pio\build\m5stopwatch-render-check\hal\adc_oneshot_hal.c.o
Compiling .pio\build\m5stopwatch-render-check\hal\adc_hal.c.o
Compiling .pio\build\m5stopwatch-render-check\hal\lcd_hal.c.o
Compiling .pio\build\m5stopwatch-render-check\hal\mpi_hal.c.o
Compiling .pio\build\m5stopwatch-render-check\hal\sha_hal.c.o
Compiling .pio\build\m5stopwatch-render-check\hal\aes_hal.c.o
Compiling .pio\build\m5stopwatch-render-check\hal\brownout_hal.c.o
Compiling .pio\build\m5stopwatch-render-check\hal\spi_hal.c.o
Compiling .pio\build\m5stopwatch-render-check\hal\spi_hal_iram.c.o
Compiling .pio\build\m5stopwatch-render-check\hal\spi_slave_hal.c.o
Compiling .pio\build\m5stopwatch-render-check\hal\spi_slave_hal_iram.c.o
Compiling .pio\build\m5stopwatch-render-check\hal\spi_slave_hd_hal.c.o
Compiling .pio\build\m5stopwatch-render-check\hal\spi_flash_hal_gpspi.c.o
Compiling .pio\build\m5stopwatch-render-check\hal\hmac_hal.c.o
Compiling .pio\build\m5stopwatch-render-check\hal\ds_hal.c.o
Compiling .pio\build\m5stopwatch-render-check\hal\usb_serial_jtag_hal.c.o
Compiling .pio\build\m5stopwatch-render-check\hal\usb_dwc_hal.c.o
Compiling .pio\build\m5stopwatch-render-check\hal\usb_wrap_hal.c.o
Compiling .pio\build\m5stopwatch-render-check\hal\esp32s3\touch_sensor_hal.c.o
Compiling .pio\build\m5stopwatch-render-check\hal\touch_sensor_hal.c.o
Compiling .pio\build\m5stopwatch-render-check\hal\touch_sens_hal.c.o
Compiling .pio\build\m5stopwatch-render-check\hal\xt_wdt_hal.c.o
Compiling .pio\build\m5stopwatch-render-check\hal\esp32s3\rtc_cntl_hal.c.o
Compiling .pio\build\m5stopwatch-render-check\heap\heap_caps_base.c.o
Compiling .pio\build\m5stopwatch-render-check\heap\heap_caps.c.o
Compiling .pio\build\m5stopwatch-render-check\heap\heap_caps_init.c.o
Compiling .pio\build\m5stopwatch-render-check\heap\multi_heap.c.o
Compiling .pio\build\m5stopwatch-render-check\heap\tlsf\tlsf.c.o
Compiling .pio\build\m5stopwatch-render-check\heap\port\memory_layout_utils.c.o
Archiving .pio\build\m5stopwatch-render-check\esp-idf\freertos\libfreertos.a
Compiling .pio\build\m5stopwatch-render-check\heap\port\esp32s3\memory_layout.c.o
Compiling .pio\build\m5stopwatch-render-check\http_parser\http_parser.c.o
Compiling .pio\build\m5stopwatch-render-check\json\cJSON\cJSON.c.o
Compiling .pio\build\m5stopwatch-render-check\json\cJSON\cJSON_Utils.c.o
Compiling .pio\build\m5stopwatch-render-check\log\src\os\log_timestamp.c.o
Archiving .pio\build\m5stopwatch-render-check\esp-idf\fatfs\libfatfs.a
Compiling .pio\build\m5stopwatch-render-check\log\src\log_timestamp_common.c.o
Compiling .pio\build\m5stopwatch-render-check\log\src\os\log_lock.c.o
Compiling .pio\build\m5stopwatch-render-check\log\src\buffer\log_buffers.c.o
Compiling .pio\build\m5stopwatch-render-check\log\src\os\util.c.o
Compiling .pio\build\m5stopwatch-render-check\log\src\util.c.o
Indexing .pio\build\m5stopwatch-render-check\esp-idf\freertos\libfreertos.a
Compiling .pio\build\m5stopwatch-render-check\log\src\log_format_text.c.o
Compiling .pio\build\m5stopwatch-render-check\log\src\log_print.c.o
Compiling .pio\build\m5stopwatch-render-check\log\src\log.c.o
Compiling .pio\build\m5stopwatch-render-check\log\src\os\log_write.c.o
Indexing .pio\build\m5stopwatch-render-check\esp-idf\fatfs\libfatfs.a
Compiling .pio\build\m5stopwatch-render-check\log\src\log_level\log_level.c.o
Archiving .pio\build\m5stopwatch-render-check\esp-idf\hal\libhal.a
Compiling .pio\build\m5stopwatch-render-check\log\src\log_level\tag_log_level\tag_log_level.c.o
Compiling .pio\build\m5stopwatch-render-check\log\src\log_level\tag_log_level\linked_list\log_linked_list.c.o
Compiling .pio\build\m5stopwatch-render-check\log\src\log_level\tag_log_level\cache\log_binary_heap.c.o
Compiling .pio\build\m5stopwatch-render-check\lwip\apps\sntp\sntp.c.o
Compiling .pio\build\m5stopwatch-render-check\lwip\lwip\src\api\api_lib.c.o
Compiling .pio\build\m5stopwatch-render-check\lwip\lwip\src\api\api_msg.c.o
Compiling .pio\build\m5stopwatch-render-check\lwip\lwip\src\api\err.c.o
Indexing .pio\build\m5stopwatch-render-check\esp-idf\hal\libhal.a
Compiling .pio\build\m5stopwatch-render-check\lwip\lwip\src\api\if_api.c.o
Compiling .pio\build\m5stopwatch-render-check\lwip\lwip\src\api\netbuf.c.o
Compiling .pio\build\m5stopwatch-render-check\lwip\lwip\src\api\netdb.c.o
Compiling .pio\build\m5stopwatch-render-check\lwip\lwip\src\api\netifapi.c.o
Compiling .pio\build\m5stopwatch-render-check\lwip\lwip\src\api\sockets.c.o
Compiling .pio\build\m5stopwatch-render-check\lwip\lwip\src\api\tcpip.c.o
Compiling .pio\build\m5stopwatch-render-check\lwip\lwip\src\apps\sntp\sntp.c.o
Compiling .pio\build\m5stopwatch-render-check\lwip\lwip\src\apps\netbiosns\netbiosns.c.o
Compiling .pio\build\m5stopwatch-render-check\lwip\lwip\src\core\def.c.o
Compiling .pio\build\m5stopwatch-render-check\lwip\lwip\src\core\dns.c.o
Compiling .pio\build\m5stopwatch-render-check\lwip\lwip\src\core\inet_chksum.c.o
Compiling .pio\build\m5stopwatch-render-check\lwip\lwip\src\core\init.c.o
Compiling .pio\build\m5stopwatch-render-check\lwip\lwip\src\core\ip.c.o
Compiling .pio\build\m5stopwatch-render-check\lwip\lwip\src\core\mem.c.o
Compiling .pio\build\m5stopwatch-render-check\lwip\lwip\src\core\memp.c.o
Compiling .pio\build\m5stopwatch-render-check\lwip\lwip\src\core\netif.c.o
Archiving .pio\build\m5stopwatch-render-check\esp-idf\log\liblog.a
Compiling .pio\build\m5stopwatch-render-check\lwip\lwip\src\core\pbuf.c.o
Compiling .pio\build\m5stopwatch-render-check\lwip\lwip\src\core\raw.c.o
Indexing .pio\build\m5stopwatch-render-check\esp-idf\log\liblog.a
Compiling .pio\build\m5stopwatch-render-check\lwip\lwip\src\core\stats.c.o
Compiling .pio\build\m5stopwatch-render-check\lwip\lwip\src\core\sys.c.o
Compiling .pio\build\m5stopwatch-render-check\lwip\lwip\src\core\tcp.c.o
Compiling .pio\build\m5stopwatch-render-check\lwip\lwip\src\core\tcp_in.c.o
Archiving .pio\build\m5stopwatch-render-check\esp-idf\heap\libheap.a
Compiling .pio\build\m5stopwatch-render-check\lwip\lwip\src\core\tcp_out.c.o
Compiling .pio\build\m5stopwatch-render-check\lwip\lwip\src\core\timeouts.c.o
Compiling .pio\build\m5stopwatch-render-check\lwip\lwip\src\core\udp.c.o
Compiling .pio\build\m5stopwatch-render-check\lwip\lwip\src\core\ipv4\autoip.c.o
Compiling .pio\build\m5stopwatch-render-check\lwip\lwip\src\core\ipv4\dhcp.c.o
Compiling .pio\build\m5stopwatch-render-check\lwip\lwip\src\core\ipv4\etharp.c.o
Compiling .pio\build\m5stopwatch-render-check\lwip\lwip\src\core\ipv4\icmp.c.o
Compiling .pio\build\m5stopwatch-render-check\lwip\lwip\src\core\ipv4\igmp.c.o
Compiling .pio\build\m5stopwatch-render-check\lwip\lwip\src\core\ipv4\ip4.c.o
Compiling .pio\build\m5stopwatch-render-check\lwip\lwip\src\core\ipv4\ip4_napt.c.o
Indexing .pio\build\m5stopwatch-render-check\esp-idf\heap\libheap.a
Compiling .pio\build\m5stopwatch-render-check\lwip\lwip\src\core\ipv4\ip4_addr.c.o
Compiling .pio\build\m5stopwatch-render-check\lwip\lwip\src\core\ipv4\ip4_frag.c.o
Compiling .pio\build\m5stopwatch-render-check\lwip\lwip\src\core\ipv6\dhcp6.c.o
Compiling .pio\build\m5stopwatch-render-check\lwip\lwip\src\core\ipv6\ethip6.c.o
Compiling .pio\build\m5stopwatch-render-check\lwip\lwip\src\core\ipv6\icmp6.c.o
Archiving .pio\build\m5stopwatch-render-check\esp-idf\json\libjson.a
Compiling .pio\build\m5stopwatch-render-check\lwip\lwip\src\core\ipv6\inet6.c.o
Compiling .pio\build\m5stopwatch-render-check\lwip\lwip\src\core\ipv6\ip6.c.o
Compiling .pio\build\m5stopwatch-render-check\lwip\lwip\src\core\ipv6\ip6_addr.c.o
Compiling .pio\build\m5stopwatch-render-check\lwip\lwip\src\core\ipv6\ip6_frag.c.o
Indexing .pio\build\m5stopwatch-render-check\esp-idf\json\libjson.a
Compiling .pio\build\m5stopwatch-render-check\lwip\lwip\src\core\ipv6\mld6.c.o
Compiling .pio\build\m5stopwatch-render-check\lwip\lwip\src\core\ipv6\nd6.c.o
Compiling .pio\build\m5stopwatch-render-check\lwip\lwip\src\netif\ethernet.c.o
Compiling .pio\build\m5stopwatch-render-check\lwip\lwip\src\netif\bridgeif.c.o
Compiling .pio\build\m5stopwatch-render-check\lwip\lwip\src\netif\bridgeif_fdb.c.o
Compiling .pio\build\m5stopwatch-render-check\lwip\lwip\src\netif\slipif.c.o
Compiling .pio\build\m5stopwatch-render-check\lwip\lwip\src\netif\ppp\auth.c.o
Compiling .pio\build\m5stopwatch-render-check\lwip\lwip\src\netif\ppp\ccp.c.o
Compiling .pio\build\m5stopwatch-render-check\lwip\lwip\src\netif\ppp\chap-md5.c.o
Archiving .pio\build\m5stopwatch-render-check\esp-idf\http_parser\libhttp_parser.a
Compiling .pio\build\m5stopwatch-render-check\lwip\lwip\src\netif\ppp\chap-new.c.o
Compiling .pio\build\m5stopwatch-render-check\lwip\lwip\src\netif\ppp\chap_ms.c.o
Compiling .pio\build\m5stopwatch-render-check\lwip\lwip\src\netif\ppp\demand.c.o
Compiling .pio\build\m5stopwatch-render-check\lwip\lwip\src\netif\ppp\eap.c.o
Compiling .pio\build\m5stopwatch-render-check\lwip\lwip\src\netif\ppp\ecp.c.o
Compiling .pio\build\m5stopwatch-render-check\lwip\lwip\src\netif\ppp\eui64.c.o
Indexing .pio\build\m5stopwatch-render-check\esp-idf\http_parser\libhttp_parser.a
Compiling .pio\build\m5stopwatch-render-check\lwip\lwip\src\netif\ppp\fsm.c.o
Compiling .pio\build\m5stopwatch-render-check\lwip\lwip\src\netif\ppp\ipcp.c.o
Compiling .pio\build\m5stopwatch-render-check\lwip\lwip\src\netif\ppp\ipv6cp.c.o
Compiling .pio\build\m5stopwatch-render-check\lwip\lwip\src\netif\ppp\lcp.c.o
Compiling .pio\build\m5stopwatch-render-check\lwip\lwip\src\netif\ppp\magic.c.o
Compiling .pio\build\m5stopwatch-render-check\lwip\lwip\src\netif\ppp\mppe.c.o
Compiling .pio\build\m5stopwatch-render-check\lwip\lwip\src\netif\ppp\multilink.c.o
Compiling .pio\build\m5stopwatch-render-check\lwip\lwip\src\netif\ppp\ppp.c.o
Compiling .pio\build\m5stopwatch-render-check\lwip\lwip\src\netif\ppp\pppapi.c.o
Compiling .pio\build\m5stopwatch-render-check\lwip\lwip\src\netif\ppp\pppcrypt.c.o
Compiling .pio\build\m5stopwatch-render-check\lwip\lwip\src\netif\ppp\pppoe.c.o
Compiling .pio\build\m5stopwatch-render-check\lwip\lwip\src\netif\ppp\pppol2tp.c.o
Compiling .pio\build\m5stopwatch-render-check\lwip\lwip\src\netif\ppp\pppos.c.o
Compiling .pio\build\m5stopwatch-render-check\lwip\lwip\src\netif\ppp\upap.c.o
Compiling .pio\build\m5stopwatch-render-check\lwip\lwip\src\netif\ppp\utils.c.o
Compiling .pio\build\m5stopwatch-render-check\lwip\lwip\src\netif\ppp\vj.c.o
Compiling .pio\build\m5stopwatch-render-check\lwip\port\hooks\tcp_isn_default.c.o
Compiling .pio\build\m5stopwatch-render-check\lwip\port\hooks\lwip_default_hooks.c.o
Compiling .pio\build\m5stopwatch-render-check\lwip\port\debug\lwip_debug.c.o
Compiling .pio\build\m5stopwatch-render-check\lwip\port\sockets_ext.c.o
Compiling .pio\build\m5stopwatch-render-check\lwip\port\freertos\sys_arch.c.o
Compiling .pio\build\m5stopwatch-render-check\lwip\port\if_index.c.o
Compiling .pio\build\m5stopwatch-render-check\lwip\port\acd_dhcp_check.c.o
Compiling .pio\build\m5stopwatch-render-check\lwip\port\esp32xx\vfs_lwip.c.o
Compiling .pio\build\m5stopwatch-render-check\lwip\apps\ping\esp_ping.c.o
Compiling .pio\build\m5stopwatch-render-check\lwip\apps\ping\ping.c.o
Compiling .pio\build\m5stopwatch-render-check\lwip\apps\ping\ping_sock.c.o
Compiling .pio\build\m5stopwatch-render-check\lwip\lwip\src\netif\ppp\polarssl\arc4.c.o
Compiling .pio\build\m5stopwatch-render-check\lwip\lwip\src\netif\ppp\polarssl\des.c.o
Compiling .pio\build\m5stopwatch-render-check\lwip\lwip\src\netif\ppp\polarssl\md4.c.o
Compiling .pio\build\m5stopwatch-render-check\lwip\lwip\src\netif\ppp\polarssl\md5.c.o
Compiling .pio\build\m5stopwatch-render-check\lwip\lwip\src\netif\ppp\polarssl\sha1.c.o
Compiling .pio\build\m5stopwatch-render-check\lwip\apps\dhcpserver\dhcpserver.c.o
Compiling .pio\build\m5stopwatch-render-check\mbedtls\esp_crt_bundle\esp_crt_bundle.c.o
Compiling .pio\build\m5stopwatch-render-check\.pio\build\m5stopwatch-render-check\x509_crt_bundle.S.o
Compiling .pio\build\m5stopwatch-render-check\mqtt\esp-mqtt\mqtt_client.c.o
Compiling .pio\build\m5stopwatch-render-check\mqtt\esp-mqtt\lib\mqtt_msg.c.o
Compiling .pio\build\m5stopwatch-render-check\mqtt\esp-mqtt\lib\mqtt_outbox.c.o
Compiling .pio\build\m5stopwatch-render-check\mqtt\esp-mqtt\lib\platform_esp32_idf.c.o
Compiling .pio\build\m5stopwatch-render-check\newlib\src\init.c.o
Compiling .pio\build\m5stopwatch-render-check\newlib\src\abort.c.o
Compiling .pio\build\m5stopwatch-render-check\newlib\src\assert.c.o
Compiling .pio\build\m5stopwatch-render-check\newlib\src\heap.c.o
Compiling .pio\build\m5stopwatch-render-check\newlib\src\locks.c.o
Compiling .pio\build\m5stopwatch-render-check\newlib\src\poll.c.o
Compiling .pio\build\m5stopwatch-render-check\newlib\src\pthread.c.o
Compiling .pio\build\m5stopwatch-render-check\newlib\src\random.c.o
Compiling .pio\build\m5stopwatch-render-check\newlib\src\getentropy.c.o
Compiling .pio\build\m5stopwatch-render-check\newlib\src\termios.c.o
Compiling .pio\build\m5stopwatch-render-check\newlib\src\stdatomic.c.o
Compiling .pio\build\m5stopwatch-render-check\newlib\src\time.c.o
Compiling .pio\build\m5stopwatch-render-check\newlib\src\sysconf.c.o
Compiling .pio\build\m5stopwatch-render-check\newlib\src\realpath.c.o
Compiling .pio\build\m5stopwatch-render-check\newlib\src\scandir.c.o
Compiling .pio\build\m5stopwatch-render-check\newlib\src\syscalls.c.o
Compiling .pio\build\m5stopwatch-render-check\newlib\src\reent_syscalls.c.o
Compiling .pio\build\m5stopwatch-render-check\newlib\src\port\esp_time_impl.c.o
Archiving .pio\build\m5stopwatch-render-check\esp-idf\mbedtls\libmbedtls.a
Compiling .pio\build\m5stopwatch-render-check\newlib\src\port\xtensa\stdatomic_s32c1i.c.o
Compiling .pio\build\m5stopwatch-render-check\newlib\src\flockfile.c.o
Compiling .pio\build\m5stopwatch-render-check\newlib\src\reent_init.c.o
Compiling .pio\build\m5stopwatch-render-check\newlib\src\newlib_init.c.o
Compiling .pio\build\m5stopwatch-render-check\nvs_flash\src\nvs_api.cpp.o
Indexing .pio\build\m5stopwatch-render-check\esp-idf\mbedtls\libmbedtls.a
Compiling .pio\build\m5stopwatch-render-check\nvs_flash\src\nvs_cxx_api.cpp.o
Compiling .pio\build\m5stopwatch-render-check\nvs_flash\src\nvs_item_hash_list.cpp.o
Compiling .pio\build\m5stopwatch-render-check\nvs_flash\src\nvs_page.cpp.o
Compiling .pio\build\m5stopwatch-render-check\nvs_flash\src\nvs_pagemanager.cpp.o
Compiling .pio\build\m5stopwatch-render-check\nvs_flash\src\nvs_storage.cpp.o
Compiling .pio\build\m5stopwatch-render-check\nvs_flash\src\nvs_handle_simple.cpp.o
Compiling .pio\build\m5stopwatch-render-check\nvs_flash\src\nvs_handle_locked.cpp.o
Archiving .pio\build\m5stopwatch-render-check\esp-idf\lwip\liblwip.a
Compiling .pio\build\m5stopwatch-render-check\nvs_flash\src\nvs_partition.cpp.o
Compiling .pio\build\m5stopwatch-render-check\nvs_flash\src\nvs_partition_lookup.cpp.o
Compiling .pio\build\m5stopwatch-render-check\nvs_flash\src\nvs_partition_manager.cpp.o
Compiling .pio\build\m5stopwatch-render-check\nvs_flash\src\nvs_types.cpp.o
Compiling .pio\build\m5stopwatch-render-check\nvs_flash\src\nvs_platform.cpp.o
Compiling .pio\build\m5stopwatch-render-check\nvs_flash\src\nvs_bootloader.c.o
Compiling .pio\build\m5stopwatch-render-check\nvs_flash\src\nvs_encrypted_partition.cpp.o
Compiling .pio\build\m5stopwatch-render-check\nvs_flash\src\nvs_bootloader_aes.c.o
Compiling .pio\build\m5stopwatch-render-check\nvs_flash\src\nvs_bootloader_xts_aes.c.o
Compiling .pio\build\m5stopwatch-render-check\nvs_sec_provider\nvs_sec_provider.c.o
Compiling .pio\build\m5stopwatch-render-check\perfmon\xtensa_perfmon_access.c.o
Compiling .pio\build\m5stopwatch-render-check\perfmon\xtensa_perfmon_apis.c.o
Indexing .pio\build\m5stopwatch-render-check\esp-idf\lwip\liblwip.a
Compiling .pio\build\m5stopwatch-render-check\perfmon\xtensa_perfmon_masks.c.o
Compiling .pio\build\m5stopwatch-render-check\protobuf-c\protobuf-c\protobuf-c\protobuf-c.c.o
Compiling .pio\build\m5stopwatch-render-check\protocomm\src\common\protocomm.c.o
Compiling .pio\build\m5stopwatch-render-check\protocomm\proto-c\constants.pb-c.c.o
Compiling .pio\build\m5stopwatch-render-check\protocomm\proto-c\sec0.pb-c.c.o
Compiling .pio\build\m5stopwatch-render-check\protocomm\proto-c\sec1.pb-c.c.o
Compiling .pio\build\m5stopwatch-render-check\protocomm\proto-c\sec2.pb-c.c.o
Archiving .pio\build\m5stopwatch-render-check\esp-idf\nvs_sec_provider\libnvs_sec_provider.a
Archiving .pio\build\m5stopwatch-render-check\esp-idf\perfmon\libperfmon.a
Compiling .pio\build\m5stopwatch-render-check\protocomm\proto-c\session.pb-c.c.o
Indexing .pio\build\m5stopwatch-render-check\esp-idf\nvs_sec_provider\libnvs_sec_provider.a
Indexing .pio\build\m5stopwatch-render-check\esp-idf\perfmon\libperfmon.a
Compiling .pio\build\m5stopwatch-render-check\protocomm\src\transports\protocomm_console.c.o
Archiving .pio\build\m5stopwatch-render-check\esp-idf\newlib\libnewlib.a
Compiling .pio\build\m5stopwatch-render-check\protocomm\src\transports\protocomm_httpd.c.o
Compiling .pio\build\m5stopwatch-render-check\protocomm\src\security\security0.c.o
Compiling .pio\build\m5stopwatch-render-check\protocomm\src\security\security1.c.o
Compiling .pio\build\m5stopwatch-render-check\protocomm\src\security\security2.c.o
Compiling .pio\build\m5stopwatch-render-check\protocomm\src\crypto\srp6a\esp_srp.c.o
Indexing .pio\build\m5stopwatch-render-check\esp-idf\newlib\libnewlib.a
Compiling .pio\build\m5stopwatch-render-check\protocomm\src\crypto\srp6a\esp_srp_mpi.c.o
Compiling .pio\build\m5stopwatch-render-check\pthread\pthread.c.o
Archiving .pio\build\m5stopwatch-render-check\esp-idf\mqtt\libmqtt.a
Compiling .pio\build\m5stopwatch-render-check\pthread\pthread_cond_var.c.o
Compiling .pio\build\m5stopwatch-render-check\pthread\pthread_local_storage.c.o
Compiling .pio\build\m5stopwatch-render-check\pthread\pthread_rwlock.c.o
Compiling .pio\build\m5stopwatch-render-check\pthread\pthread_semaphore.c.o
Indexing .pio\build\m5stopwatch-render-check\esp-idf\mqtt\libmqtt.a
Compiling .pio\build\m5stopwatch-render-check\rt\FreeRTOS_POSIX_mqueue.c.o
Compiling .pio\build\m5stopwatch-render-check\rt\FreeRTOS_POSIX_utils.c.o
Compiling .pio\build\m5stopwatch-render-check\sdmmc\sdmmc_cmd.c.o
Compiling .pio\build\m5stopwatch-render-check\sdmmc\sdmmc_common.c.o
Compiling .pio\build\m5stopwatch-render-check\sdmmc\sdmmc_init.c.o
Compiling .pio\build\m5stopwatch-render-check\sdmmc\sdmmc_io.c.o
Compiling .pio\build\m5stopwatch-render-check\sdmmc\sdmmc_mmc.c.o
Compiling .pio\build\m5stopwatch-render-check\sdmmc\sdmmc_sd.c.o
Archiving .pio\build\m5stopwatch-render-check\esp-idf\protocomm\libprotocomm.a
Compiling .pio\build\m5stopwatch-render-check\sdmmc\sd_pwr_ctrl\sd_pwr_ctrl.c.o
Compiling .pio\build\m5stopwatch-render-check\soc\lldesc.c.o
Compiling .pio\build\m5stopwatch-render-check\soc\dport_access_common.c.o
Indexing .pio\build\m5stopwatch-render-check\esp-idf\protocomm\libprotocomm.a
Archiving .pio\build\m5stopwatch-render-check\esp-idf\pthread\libpthread.a
Archiving .pio\build\m5stopwatch-render-check\esp-idf\rt\librt.a
Compiling .pio\build\m5stopwatch-render-check\soc\esp32s3\interrupts.c.o
Compiling .pio\build\m5stopwatch-render-check\soc\esp32s3\gpio_periph.c.o
Compiling .pio\build\m5stopwatch-render-check\soc\esp32s3\uart_periph.c.o
Compiling .pio\build\m5stopwatch-render-check\soc\esp32s3\adc_periph.c.o
Compiling .pio\build\m5stopwatch-render-check\soc\esp32s3\dedic_gpio_periph.c.o
Compiling .pio\build\m5stopwatch-render-check\soc\esp32s3\gdma_periph.c.o
Indexing .pio\build\m5stopwatch-render-check\esp-idf\rt\librt.a
Indexing .pio\build\m5stopwatch-render-check\esp-idf\pthread\libpthread.a
Compiling .pio\build\m5stopwatch-render-check\soc\esp32s3\spi_periph.c.o
Compiling .pio\build\m5stopwatch-render-check\soc\esp32s3\ledc_periph.c.o
Compiling .pio\build\m5stopwatch-render-check\soc\esp32s3\pcnt_periph.c.o
Compiling .pio\build\m5stopwatch-render-check\soc\esp32s3\rmt_periph.c.o
Compiling .pio\build\m5stopwatch-render-check\soc\esp32s3\sdm_periph.c.o
Compiling .pio\build\m5stopwatch-render-check\soc\esp32s3\i2s_periph.c.o
Compiling .pio\build\m5stopwatch-render-check\soc\esp32s3\i2c_periph.c.o
Compiling .pio\build\m5stopwatch-render-check\soc\esp32s3\temperature_sensor_periph.c.o
Compiling .pio\build\m5stopwatch-render-check\soc\esp32s3\timer_periph.c.o
Compiling .pio\build\m5stopwatch-render-check\soc\esp32s3\lcd_periph.c.o
Compiling .pio\build\m5stopwatch-render-check\soc\esp32s3\mcpwm_periph.c.o
Compiling .pio\build\m5stopwatch-render-check\soc\esp32s3\mpi_periph.c.o
Compiling .pio\build\m5stopwatch-render-check\soc\esp32s3\sdmmc_periph.c.o
Compiling .pio\build\m5stopwatch-render-check\soc\esp32s3\touch_sensor_periph.c.o
Compiling .pio\build\m5stopwatch-render-check\soc\esp32s3\twai_periph.c.o
Archiving .pio\build\m5stopwatch-render-check\esp-idf\sdmmc\libsdmmc.a
Compiling .pio\build\m5stopwatch-render-check\soc\esp32s3\wdt_periph.c.o
Compiling .pio\build\m5stopwatch-render-check\soc\esp32s3\usb_dwc_periph.c.o
Compiling .pio\build\m5stopwatch-render-check\soc\esp32s3\rtc_io_periph.c.o
Compiling .pio\build\m5stopwatch-render-check\soc\esp32s3\power_supply_periph.c.o
Compiling .pio\build\m5stopwatch-render-check\spi_flash\flash_brownout_hook.c.o
Compiling .pio\build\m5stopwatch-render-check\spi_flash\esp32s3\spi_flash_oct_flash_init.c.o
Archiving .pio\build\m5stopwatch-render-check\esp-idf\protobuf-c\libprotobuf-c.a
Compiling .pio\build\m5stopwatch-render-check\spi_flash\spi_flash_hpm_enable.c.o
Compiling .pio\build\m5stopwatch-render-check\spi_flash\spi_flash_chip_drivers.c.o
Compiling .pio\build\m5stopwatch-render-check\spi_flash\spi_flash_chip_generic.c.o
Indexing .pio\build\m5stopwatch-render-check\esp-idf\sdmmc\libsdmmc.a
Compiling .pio\build\m5stopwatch-render-check\spi_flash\spi_flash_chip_issi.c.o
Compiling .pio\build\m5stopwatch-render-check\spi_flash\spi_flash_chip_mxic.c.o
Compiling .pio\build\m5stopwatch-render-check\spi_flash\spi_flash_chip_gd.c.o
Compiling .pio\build\m5stopwatch-render-check\spi_flash\spi_flash_chip_winbond.c.o
Compiling .pio\build\m5stopwatch-render-check\spi_flash\spi_flash_chip_boya.c.o
Compiling .pio\build\m5stopwatch-render-check\spi_flash\spi_flash_chip_mxic_opi.c.o
Compiling .pio\build\m5stopwatch-render-check\spi_flash\spi_flash_chip_th.c.o
Compiling .pio\build\m5stopwatch-render-check\spi_flash\memspi_host_driver.c.o
Indexing .pio\build\m5stopwatch-render-check\esp-idf\protobuf-c\libprotobuf-c.a
Compiling .pio\build\m5stopwatch-render-check\spi_flash\cache_utils.c.o
Compiling .pio\build\m5stopwatch-render-check\spi_flash\flash_mmap.c.o
Archiving .pio\build\m5stopwatch-render-check\esp-idf\nvs_flash\libnvs_flash.a
Archiving .pio\build\m5stopwatch-render-check\esp-idf\soc\libsoc.a
Compiling .pio\build\m5stopwatch-render-check\spi_flash\flash_ops.c.o
Compiling .pio\build\m5stopwatch-render-check\spi_flash\spi_flash_wrap.c.o
Compiling .pio\build\m5stopwatch-render-check\spi_flash\esp_flash_api.c.o
Compiling .pio\build\m5stopwatch-render-check\spi_flash\esp_flash_spi_init.c.o
Compiling .pio\build\m5stopwatch-render-check\spi_flash\spi_flash_os_func_app.c.o
Compiling .pio\build\m5stopwatch-render-check\spi_flash\spi_flash_os_func_noos.c.o
Compiling .pio\build\m5stopwatch-render-check\spiffs\spiffs_api.c.o
Compiling .pio\build\m5stopwatch-render-check\spiffs\spiffs\src\spiffs_cache.c.o
Compiling .pio\build\m5stopwatch-render-check\spiffs\spiffs\src\spiffs_check.c.o
Compiling .pio\build\m5stopwatch-render-check\spiffs\spiffs\src\spiffs_gc.c.o
Compiling .pio\build\m5stopwatch-render-check\spiffs\spiffs\src\spiffs_hydrogen.c.o
Compiling .pio\build\m5stopwatch-render-check\spiffs\spiffs\src\spiffs_nucleus.c.o
Indexing .pio\build\m5stopwatch-render-check\esp-idf\nvs_flash\libnvs_flash.a
Indexing .pio\build\m5stopwatch-render-check\esp-idf\soc\libsoc.a
Compiling .pio\build\m5stopwatch-render-check\spiffs\esp_spiffs.c.o
Compiling .pio\build\m5stopwatch-render-check\tcp_transport\transport.c.o
Compiling .pio\build\m5stopwatch-render-check\tcp_transport\transport_ssl.c.o
Compiling .pio\build\m5stopwatch-render-check\tcp_transport\transport_internal.c.o
Compiling .pio\build\m5stopwatch-render-check\tcp_transport\transport_socks_proxy.c.o
Compiling .pio\build\m5stopwatch-render-check\tcp_transport\transport_ws.c.o
Compiling .pio\build\m5stopwatch-render-check\touch_element\touch_element.c.o
Compiling .pio\build\m5stopwatch-render-check\touch_element\touch_button.c.o
Compiling .pio\build\m5stopwatch-render-check\touch_element\touch_slider.c.o
Compiling .pio\build\m5stopwatch-render-check\touch_element\touch_matrix.c.o
Compiling .pio\build\m5stopwatch-render-check\unity\unity\src\unity.c.o
Compiling .pio\build\m5stopwatch-render-check\unity\unity_compat.c.o
Compiling .pio\build\m5stopwatch-render-check\unity\unity_runner.c.o
Compiling .pio\build\m5stopwatch-render-check\unity\unity_utils_freertos.c.o
Compiling .pio\build\m5stopwatch-render-check\unity\unity_utils_cache.c.o
Compiling .pio\build\m5stopwatch-render-check\unity\unity_utils_memory.c.o
Compiling .pio\build\m5stopwatch-render-check\unity\unity_port_esp32.c.o
Compiling .pio\build\m5stopwatch-render-check\unity\port\esp\unity_utils_memory_esp.c.o
Compiling .pio\build\m5stopwatch-render-check\usb\hcd_dwc.c.o
Compiling .pio\build\m5stopwatch-render-check\usb\enum.c.o
Compiling .pio\build\m5stopwatch-render-check\usb\hub.c.o
Compiling .pio\build\m5stopwatch-render-check\usb\usb_helpers.c.o
Archiving .pio\build\m5stopwatch-render-check\esp-idf\spi_flash\libspi_flash.a
Compiling .pio\build\m5stopwatch-render-check\usb\usb_host.c.o
Compiling .pio\build\m5stopwatch-render-check\usb\usb_private.c.o
Compiling .pio\build\m5stopwatch-render-check\usb\usbh.c.o
Compiling .pio\build\m5stopwatch-render-check\usb\usb_phy.c.o
Indexing .pio\build\m5stopwatch-render-check\esp-idf\spi_flash\libspi_flash.a
Compiling .pio\build\m5stopwatch-render-check\vfs\vfs.c.o
Compiling .pio\build\m5stopwatch-render-check\vfs\vfs_eventfd.c.o
Compiling .pio\build\m5stopwatch-render-check\vfs\vfs_semihost.c.o
Compiling .pio\build\m5stopwatch-render-check\vfs\nullfs.c.o
Compiling .pio\build\m5stopwatch-render-check\wear_levelling\Partition.cpp.o
Compiling .pio\build\m5stopwatch-render-check\wear_levelling\SPI_Flash.cpp.o
Compiling .pio\build\m5stopwatch-render-check\wear_levelling\WL_Ext_Perf.cpp.o
Compiling .pio\build\m5stopwatch-render-check\wear_levelling\WL_Ext_Safe.cpp.o
Compiling .pio\build\m5stopwatch-render-check\wear_levelling\WL_Flash.cpp.o
Compiling .pio\build\m5stopwatch-render-check\wear_levelling\crc32.cpp.o
Compiling .pio\build\m5stopwatch-render-check\wear_levelling\wear_levelling.cpp.o
Compiling .pio\build\m5stopwatch-render-check\wifi_provisioning\src\wifi_config.c.o
Compiling .pio\build\m5stopwatch-render-check\wifi_provisioning\src\wifi_scan.c.o
Archiving .pio\build\m5stopwatch-render-check\esp-idf\touch_element\libtouch_element.a
Compiling .pio\build\m5stopwatch-render-check\wifi_provisioning\src\wifi_ctrl.c.o
Compiling .pio\build\m5stopwatch-render-check\wifi_provisioning\src\manager.c.o
Archiving .pio\build\m5stopwatch-render-check\esp-idf\tcp_transport\libtcp_transport.a
Archiving .pio\build\m5stopwatch-render-check\esp-idf\spiffs\libspiffs.a
Indexing .pio\build\m5stopwatch-render-check\esp-idf\touch_element\libtouch_element.a
Compiling .pio\build\m5stopwatch-render-check\wifi_provisioning\src\handlers.c.o
Compiling .pio\build\m5stopwatch-render-check\wifi_provisioning\src\scheme_console.c.o
Indexing .pio\build\m5stopwatch-render-check\esp-idf\tcp_transport\libtcp_transport.a
Compiling .pio\build\m5stopwatch-render-check\wifi_provisioning\proto-c\wifi_config.pb-c.c.o
Compiling .pio\build\m5stopwatch-render-check\wifi_provisioning\proto-c\wifi_scan.pb-c.c.o
Compiling .pio\build\m5stopwatch-render-check\wifi_provisioning\proto-c\wifi_ctrl.pb-c.c.o
Indexing .pio\build\m5stopwatch-render-check\esp-idf\spiffs\libspiffs.a
Compiling .pio\build\m5stopwatch-render-check\wifi_provisioning\proto-c\wifi_constants.pb-c.c.o
Compiling .pio\build\m5stopwatch-render-check\wifi_provisioning\src\scheme_softap.c.o
Compiling .pio\build\m5stopwatch-render-check\wpa_supplicant\port\os_xtensa.c.o
Compiling .pio\build\m5stopwatch-render-check\wpa_supplicant\port\eloop.c.o
Compiling .pio\build\m5stopwatch-render-check\wpa_supplicant\src\ap\ap_config.c.o
Compiling .pio\build\m5stopwatch-render-check\wpa_supplicant\src\ap\ieee802_1x.c.o
Archiving .pio\build\m5stopwatch-render-check\esp-idf\unity\libunity.a
Compiling .pio\build\m5stopwatch-render-check\wpa_supplicant\src\ap\wpa_auth.c.o
Compiling .pio\build\m5stopwatch-render-check\wpa_supplicant\src\ap\wpa_auth_ie.c.o
Compiling .pio\build\m5stopwatch-render-check\wpa_supplicant\src\ap\pmksa_cache_auth.c.o
Compiling .pio\build\m5stopwatch-render-check\wpa_supplicant\src\ap\sta_info.c.o
Compiling .pio\build\m5stopwatch-render-check\wpa_supplicant\src\ap\ieee802_11.c.o
Compiling .pio\build\m5stopwatch-render-check\wpa_supplicant\src\ap\comeback_token.c.o
Compiling .pio\build\m5stopwatch-render-check\wpa_supplicant\src\common\sae.c.o
Compiling .pio\build\m5stopwatch-render-check\wpa_supplicant\src\common\dragonfly.c.o
Indexing .pio\build\m5stopwatch-render-check\esp-idf\unity\libunity.a
Compiling .pio\build\m5stopwatch-render-check\wpa_supplicant\src\common\wpa_common.c.o
Compiling .pio\build\m5stopwatch-render-check\wpa_supplicant\src\utils\bitfield.c.o
Compiling .pio\build\m5stopwatch-render-check\wpa_supplicant\src\crypto\aes-siv.c.o
Compiling .pio\build\m5stopwatch-render-check\wpa_supplicant\src\crypto\sha256-kdf.c.o
Compiling .pio\build\m5stopwatch-render-check\wpa_supplicant\src\crypto\ccmp.c.o
Compiling .pio\build\m5stopwatch-render-check\wpa_supplicant\src\crypto\aes-gcm.c.o
Archiving .pio\build\m5stopwatch-render-check\esp-idf\usb\libusb.a
Compiling .pio\build\m5stopwatch-render-check\wpa_supplicant\src\crypto\crypto_ops.c.o
Compiling .pio\build\m5stopwatch-render-check\wpa_supplicant\src\crypto\dh_group5.c.o
Indexing .pio\build\m5stopwatch-render-check\esp-idf\usb\libusb.a
Compiling .pio\build\m5stopwatch-render-check\wpa_supplicant\src\crypto\dh_groups.c.o
Archiving .pio\build\m5stopwatch-render-check\esp-idf\wear_levelling\libwear_levelling.a
Archiving .pio\build\m5stopwatch-render-check\esp-idf\vfs\libvfs.a
Archiving .pio\build\m5stopwatch-render-check\esp-idf\wifi_provisioning\libwifi_provisioning.a
Compiling .pio\build\m5stopwatch-render-check\wpa_supplicant\src\crypto\ms_funcs.c.o
Compiling .pio\build\m5stopwatch-render-check\wpa_supplicant\src\crypto\sha1-tlsprf.c.o
Compiling .pio\build\m5stopwatch-render-check\wpa_supplicant\src\crypto\sha256-tlsprf.c.o
Compiling .pio\build\m5stopwatch-render-check\wpa_supplicant\src\crypto\sha384-tlsprf.c.o
Compiling .pio\build\m5stopwatch-render-check\wpa_supplicant\src\crypto\sha256-prf.c.o
Compiling .pio\build\m5stopwatch-render-check\wpa_supplicant\src\crypto\sha1-prf.c.o
Compiling .pio\build\m5stopwatch-render-check\wpa_supplicant\src\crypto\sha384-prf.c.o
Compiling .pio\build\m5stopwatch-render-check\wpa_supplicant\src\crypto\md4-internal.c.o
Indexing .pio\build\m5stopwatch-render-check\esp-idf\wear_levelling\libwear_levelling.a
Compiling .pio\build\m5stopwatch-render-check\wpa_supplicant\src\crypto\sha1-tprf.c.o
Compiling .pio\build\m5stopwatch-render-check\wpa_supplicant\src\eap_common\eap_wsc_common.c.o
Indexing .pio\build\m5stopwatch-render-check\esp-idf\vfs\libvfs.a
Indexing .pio\build\m5stopwatch-render-check\esp-idf\wifi_provisioning\libwifi_provisioning.a
Compiling .pio\build\m5stopwatch-render-check\wpa_supplicant\src\common\ieee802_11_common.c.o
Compiling .pio\build\m5stopwatch-render-check\wpa_supplicant\src\eap_peer\chap.c.o
Compiling .pio\build\m5stopwatch-render-check\wpa_supplicant\src\eap_peer\eap.c.o
Compiling .pio\build\m5stopwatch-render-check\wpa_supplicant\src\eap_peer\eap_common.c.o
Compiling .pio\build\m5stopwatch-render-check\wpa_supplicant\src\eap_peer\eap_mschapv2.c.o
Compiling .pio\build\m5stopwatch-render-check\wpa_supplicant\src\eap_peer\eap_peap.c.o
Compiling .pio\build\m5stopwatch-render-check\wpa_supplicant\src\eap_peer\eap_peap_common.c.o
Compiling .pio\build\m5stopwatch-render-check\wpa_supplicant\src\eap_peer\eap_tls.c.o
Compiling .pio\build\m5stopwatch-render-check\wpa_supplicant\src\eap_peer\eap_tls_common.c.o
Compiling .pio\build\m5stopwatch-render-check\wpa_supplicant\src\eap_peer\eap_ttls.c.o
Compiling .pio\build\m5stopwatch-render-check\wpa_supplicant\src\eap_peer\mschapv2.c.o
Compiling .pio\build\m5stopwatch-render-check\wpa_supplicant\src\eap_peer\eap_fast.c.o
Compiling .pio\build\m5stopwatch-render-check\wpa_supplicant\src\eap_peer\eap_fast_common.c.o
Compiling .pio\build\m5stopwatch-render-check\wpa_supplicant\src\eap_peer\eap_fast_pac.c.o
Compiling .pio\build\m5stopwatch-render-check\wpa_supplicant\src\rsn_supp\pmksa_cache.c.o
Compiling .pio\build\m5stopwatch-render-check\wpa_supplicant\src\rsn_supp\wpa.c.o
Compiling .pio\build\m5stopwatch-render-check\wpa_supplicant\src\rsn_supp\wpa_ie.c.o
Compiling .pio\build\m5stopwatch-render-check\wpa_supplicant\src\utils\base64.c.o
Compiling .pio\build\m5stopwatch-render-check\wpa_supplicant\src\utils\common.c.o
Compiling .pio\build\m5stopwatch-render-check\wpa_supplicant\src\utils\ext_password.c.o
Compiling .pio\build\m5stopwatch-render-check\wpa_supplicant\src\utils\uuid.c.o
Compiling .pio\build\m5stopwatch-render-check\wpa_supplicant\src\utils\wpabuf.c.o
Compiling .pio\build\m5stopwatch-render-check\wpa_supplicant\src\utils\wpa_debug.c.o
Compiling .pio\build\m5stopwatch-render-check\wpa_supplicant\src\utils\json.c.o
Compiling .pio\build\m5stopwatch-render-check\wpa_supplicant\src\wps\wps.c.o
Compiling .pio\build\m5stopwatch-render-check\wpa_supplicant\src\wps\wps_attr_build.c.o
Compiling .pio\build\m5stopwatch-render-check\wpa_supplicant\src\wps\wps_attr_parse.c.o
Compiling .pio\build\m5stopwatch-render-check\wpa_supplicant\src\wps\wps_attr_process.c.o
Compiling .pio\build\m5stopwatch-render-check\wpa_supplicant\src\wps\wps_common.c.o
Compiling .pio\build\m5stopwatch-render-check\wpa_supplicant\src\wps\wps_dev_attr.c.o
Compiling .pio\build\m5stopwatch-render-check\wpa_supplicant\src\wps\wps_enrollee.c.o
Compiling .pio\build\m5stopwatch-render-check\wpa_supplicant\src\common\sae_pk.c.o
Compiling .pio\build\m5stopwatch-render-check\wpa_supplicant\esp_supplicant\src\esp_eap_client.c.o
Compiling .pio\build\m5stopwatch-render-check\wpa_supplicant\esp_supplicant\src\esp_wpa2_api_port.c.o
Compiling .pio\build\m5stopwatch-render-check\wpa_supplicant\esp_supplicant\src\esp_wpa_main.c.o
Compiling .pio\build\m5stopwatch-render-check\wpa_supplicant\esp_supplicant\src\esp_wpas_glue.c.o
Compiling .pio\build\m5stopwatch-render-check\wpa_supplicant\esp_supplicant\src\esp_common.c.o
Compiling .pio\build\m5stopwatch-render-check\wpa_supplicant\esp_supplicant\src\esp_wps.c.o
Compiling .pio\build\m5stopwatch-render-check\wpa_supplicant\esp_supplicant\src\esp_wpa3.c.o
Compiling .pio\build\m5stopwatch-render-check\wpa_supplicant\esp_supplicant\src\esp_owe.c.o
Compiling .pio\build\m5stopwatch-render-check\wpa_supplicant\esp_supplicant\src\esp_hostap.c.o
Compiling .pio\build\m5stopwatch-render-check\wpa_supplicant\esp_supplicant\src\crypto\tls_mbedtls.c.o
Compiling .pio\build\m5stopwatch-render-check\wpa_supplicant\esp_supplicant\src\crypto\crypto_mbedtls.c.o
Compiling .pio\build\m5stopwatch-render-check\wpa_supplicant\esp_supplicant\src\crypto\crypto_mbedtls-bignum.c.o
Compiling .pio\build\m5stopwatch-render-check\wpa_supplicant\esp_supplicant\src\crypto\crypto_mbedtls-rsa.c.o
Compiling .pio\build\m5stopwatch-render-check\wpa_supplicant\esp_supplicant\src\crypto\crypto_mbedtls-ec.c.o
Compiling .pio\build\m5stopwatch-render-check\wpa_supplicant\esp_supplicant\src\crypto\fastpsk.c.o
Compiling .pio\build\m5stopwatch-render-check\wpa_supplicant\src\crypto\rc4.c.o
Compiling .pio\build\m5stopwatch-render-check\wpa_supplicant\src\crypto\des-internal.c.o
Compiling .pio\build\m5stopwatch-render-check\wpa_supplicant\esp_supplicant\src\crypto\fastpbkdf2.c.o
Compiling .pio\build\m5stopwatch-render-check\wpa_supplicant\src\crypto\aes-wrap.c.o
Compiling .pio\build\m5stopwatch-render-check\wpa_supplicant\src\crypto\aes-unwrap.c.o
Compiling .pio\build\m5stopwatch-render-check\wpa_supplicant\src\crypto\aes-ccm.c.o
Compiling .pio\build\m5stopwatch-render-check\xtensa\eri.c.o
Compiling .pio\build\m5stopwatch-render-check\xtensa\xt_trax.c.o
Compiling .pio\build\m5stopwatch-render-check\xtensa\xtensa_context.S.o
Compiling .pio\build\m5stopwatch-render-check\xtensa\xtensa_intr_asm.S.o
Compiling .pio\build\m5stopwatch-render-check\xtensa\xtensa_intr.c.o
Compiling .pio\build\m5stopwatch-render-check\xtensa\xtensa_vectors.S.o
Compiling .pio\build\m5stopwatch-render-check\mbedtls\mbedtls\3rdparty\everest\library\everest.c.o
Compiling .pio\build\m5stopwatch-render-check\mbedtls\mbedtls\3rdparty\everest\library\x25519.c.o
Compiling .pio\build\m5stopwatch-render-check\mbedtls\mbedtls\3rdparty\everest\library\Hacl_Curve25519_joined.c.o
Compiling .pio\build\m5stopwatch-render-check\mbedtls\mbedtls\library\aes.c.o
Compiling .pio\build\m5stopwatch-render-check\mbedtls\mbedtls\library\aesni.c.o
Compiling .pio\build\m5stopwatch-render-check\mbedtls\mbedtls\library\aesce.c.o
Compiling .pio\build\m5stopwatch-render-check\mbedtls\mbedtls\library\aria.c.o
Compiling .pio\build\m5stopwatch-render-check\mbedtls\mbedtls\library\asn1parse.c.o
Compiling .pio\build\m5stopwatch-render-check\mbedtls\mbedtls\library\asn1write.c.o
Compiling .pio\build\m5stopwatch-render-check\mbedtls\mbedtls\library\base64.c.o
Compiling .pio\build\m5stopwatch-render-check\mbedtls\mbedtls\library\bignum.c.o
Compiling .pio\build\m5stopwatch-render-check\mbedtls\mbedtls\library\bignum_core.c.o
Compiling .pio\build\m5stopwatch-render-check\mbedtls\mbedtls\library\bignum_mod.c.o
Compiling .pio\build\m5stopwatch-render-check\mbedtls\mbedtls\library\bignum_mod_raw.c.o
Compiling .pio\build\m5stopwatch-render-check\mbedtls\mbedtls\library\block_cipher.c.o
Compiling .pio\build\m5stopwatch-render-check\mbedtls\mbedtls\library\camellia.c.o
Compiling .pio\build\m5stopwatch-render-check\mbedtls\mbedtls\library\ccm.c.o
Archiving .pio\build\m5stopwatch-render-check\esp-idf\xtensa\libxtensa.a
Archiving .pio\build\m5stopwatch-render-check\esp-idf\mbedtls\mbedtls\3rdparty\everest\libeverest.a
Compiling .pio\build\m5stopwatch-render-check\mbedtls\mbedtls\library\chacha20.c.o
Compiling .pio\build\m5stopwatch-render-check\mbedtls\mbedtls\library\chachapoly.c.o
Compiling .pio\build\m5stopwatch-render-check\mbedtls\mbedtls\library\cipher.c.o
Compiling .pio\build\m5stopwatch-render-check\mbedtls\mbedtls\library\cipher_wrap.c.o
Compiling .pio\build\m5stopwatch-render-check\mbedtls\mbedtls\library\constant_time.c.o
Compiling .pio\build\m5stopwatch-render-check\mbedtls\mbedtls\library\cmac.c.o
Compiling .pio\build\m5stopwatch-render-check\mbedtls\mbedtls\library\ctr_drbg.c.o
Compiling .pio\build\m5stopwatch-render-check\mbedtls\mbedtls\library\des.c.o
Indexing .pio\build\m5stopwatch-render-check\esp-idf\mbedtls\mbedtls\3rdparty\everest\libeverest.a
Indexing .pio\build\m5stopwatch-render-check\esp-idf\xtensa\libxtensa.a
Compiling .pio\build\m5stopwatch-render-check\mbedtls\mbedtls\library\dhm.c.o
Compiling .pio\build\m5stopwatch-render-check\mbedtls\mbedtls\library\ecdh.c.o
Compiling .pio\build\m5stopwatch-render-check\mbedtls\mbedtls\library\ecdsa.c.o
Compiling .pio\build\m5stopwatch-render-check\mbedtls\mbedtls\library\ecjpake.c.o
Compiling .pio\build\m5stopwatch-render-check\mbedtls\mbedtls\library\ecp.c.o
Compiling .pio\build\m5stopwatch-render-check\mbedtls\mbedtls\library\ecp_curves.c.o
Compiling .pio\build\m5stopwatch-render-check\mbedtls\mbedtls\library\ecp_curves_new.c.o
Compiling .pio\build\m5stopwatch-render-check\mbedtls\mbedtls\library\entropy.c.o
Archiving .pio\build\m5stopwatch-render-check\esp-idf\wpa_supplicant\libwpa_supplicant.a
Compiling .pio\build\m5stopwatch-render-check\mbedtls\mbedtls\library\entropy_poll.c.o
Compiling .pio\build\m5stopwatch-render-check\mbedtls\mbedtls\library\error.c.o
Compiling .pio\build\m5stopwatch-render-check\mbedtls\mbedtls\library\gcm.c.o
Compiling .pio\build\m5stopwatch-render-check\mbedtls\mbedtls\library\hkdf.c.o
Compiling .pio\build\m5stopwatch-render-check\mbedtls\mbedtls\library\hmac_drbg.c.o
Compiling .pio\build\m5stopwatch-render-check\mbedtls\mbedtls\library\lmots.c.o
Compiling .pio\build\m5stopwatch-render-check\mbedtls\mbedtls\library\lms.c.o
Compiling .pio\build\m5stopwatch-render-check\mbedtls\mbedtls\library\md.c.o
Compiling .pio\build\m5stopwatch-render-check\mbedtls\mbedtls\library\md5.c.o
Compiling .pio\build\m5stopwatch-render-check\mbedtls\mbedtls\library\memory_buffer_alloc.c.o
Indexing .pio\build\m5stopwatch-render-check\esp-idf\wpa_supplicant\libwpa_supplicant.a
Compiling .pio\build\m5stopwatch-render-check\mbedtls\mbedtls\library\nist_kw.c.o
Compiling .pio\build\m5stopwatch-render-check\mbedtls\mbedtls\library\oid.c.o
Compiling .pio\build\m5stopwatch-render-check\mbedtls\mbedtls\library\padlock.c.o
Compiling .pio\build\m5stopwatch-render-check\mbedtls\mbedtls\library\pem.c.o
Compiling .pio\build\m5stopwatch-render-check\mbedtls\mbedtls\library\pk.c.o
Compiling .pio\build\m5stopwatch-render-check\mbedtls\mbedtls\library\pk_ecc.c.o
Compiling .pio\build\m5stopwatch-render-check\mbedtls\mbedtls\library\pk_wrap.c.o
Compiling .pio\build\m5stopwatch-render-check\mbedtls\mbedtls\library\pkcs12.c.o
Compiling .pio\build\m5stopwatch-render-check\mbedtls\mbedtls\library\pkcs5.c.o
Compiling .pio\build\m5stopwatch-render-check\mbedtls\mbedtls\library\pkparse.c.o
Compiling .pio\build\m5stopwatch-render-check\mbedtls\mbedtls\library\pkwrite.c.o
Compiling .pio\build\m5stopwatch-render-check\mbedtls\mbedtls\library\platform.c.o
Compiling .pio\build\m5stopwatch-render-check\mbedtls\mbedtls\library\platform_util.c.o
Compiling .pio\build\m5stopwatch-render-check\mbedtls\mbedtls\library\poly1305.c.o
Compiling .pio\build\m5stopwatch-render-check\mbedtls\mbedtls\library\psa_crypto.c.o
Compiling .pio\build\m5stopwatch-render-check\mbedtls\mbedtls\library\psa_crypto_aead.c.o
Compiling .pio\build\m5stopwatch-render-check\mbedtls\mbedtls\library\psa_crypto_cipher.c.o
Compiling .pio\build\m5stopwatch-render-check\mbedtls\mbedtls\library\psa_crypto_client.c.o
Compiling .pio\build\m5stopwatch-render-check\mbedtls\mbedtls\library\psa_crypto_driver_wrappers_no_static.c.o
Compiling .pio\build\m5stopwatch-render-check\mbedtls\mbedtls\library\psa_crypto_ecp.c.o
Compiling .pio\build\m5stopwatch-render-check\mbedtls\mbedtls\library\psa_crypto_ffdh.c.o
Compiling .pio\build\m5stopwatch-render-check\mbedtls\mbedtls\library\psa_crypto_hash.c.o
Compiling .pio\build\m5stopwatch-render-check\mbedtls\mbedtls\library\psa_crypto_mac.c.o
Compiling .pio\build\m5stopwatch-render-check\mbedtls\mbedtls\library\psa_crypto_pake.c.o
Compiling .pio\build\m5stopwatch-render-check\mbedtls\mbedtls\library\psa_crypto_rsa.c.o
Compiling .pio\build\m5stopwatch-render-check\mbedtls\mbedtls\library\psa_crypto_se.c.o
Compiling .pio\build\m5stopwatch-render-check\mbedtls\mbedtls\library\psa_crypto_slot_management.c.o
Compiling .pio\build\m5stopwatch-render-check\mbedtls\mbedtls\library\psa_crypto_storage.c.o
Compiling .pio\build\m5stopwatch-render-check\mbedtls\mbedtls\library\psa_its_file.c.o
Compiling .pio\build\m5stopwatch-render-check\mbedtls\mbedtls\library\psa_util.c.o
Compiling .pio\build\m5stopwatch-render-check\mbedtls\mbedtls\library\ripemd160.c.o
Compiling .pio\build\m5stopwatch-render-check\mbedtls\mbedtls\library\rsa.c.o
Compiling .pio\build\m5stopwatch-render-check\mbedtls\mbedtls\library\rsa_alt_helpers.c.o
Compiling .pio\build\m5stopwatch-render-check\mbedtls\mbedtls\library\sha1.c.o
Compiling .pio\build\m5stopwatch-render-check\mbedtls\mbedtls\library\sha256.c.o
Compiling .pio\build\m5stopwatch-render-check\mbedtls\mbedtls\library\sha512.c.o
Compiling .pio\build\m5stopwatch-render-check\mbedtls\mbedtls\library\sha3.c.o
Compiling .pio\build\m5stopwatch-render-check\mbedtls\mbedtls\library\threading.c.o
Compiling .pio\build\m5stopwatch-render-check\mbedtls\mbedtls\library\timing.c.o
Compiling .pio\build\m5stopwatch-render-check\mbedtls\mbedtls\library\version.c.o
Compiling .pio\build\m5stopwatch-render-check\mbedtls\mbedtls\library\version_features.c.o
Compiling .pio\build\m5stopwatch-render-check\mbedtls\port\sha\core\esp_sha_gdma_impl.c.o
Compiling .pio\build\m5stopwatch-render-check\mbedtls\port\aes\dma\esp_aes_gdma_impl.c.o
Compiling .pio\build\m5stopwatch-render-check\mbedtls\port\aes\dma\esp_aes_dma_core.c.o
Compiling .pio\build\m5stopwatch-render-check\mbedtls\port\crypto_shared_gdma\esp_crypto_shared_gdma.c.o
Compiling .pio\build\m5stopwatch-render-check\mbedtls\port\esp_hardware.c.o
Compiling .pio\build\m5stopwatch-render-check\mbedtls\port\esp_mem.c.o
Compiling .pio\build\m5stopwatch-render-check\mbedtls\port\esp_timing.c.o
Compiling .pio\build\m5stopwatch-render-check\mbedtls\port\aes\esp_aes_xts.c.o
Compiling .pio\build\m5stopwatch-render-check\mbedtls\port\aes\esp_aes_common.c.o
Compiling .pio\build\m5stopwatch-render-check\mbedtls\port\aes\dma\esp_aes.c.o
Compiling .pio\build\m5stopwatch-render-check\mbedtls\port\sha\esp_sha.c.o
Compiling .pio\build\m5stopwatch-render-check\mbedtls\port\sha\core\sha.c.o
Compiling .pio\build\m5stopwatch-render-check\mbedtls\port\esp_ds\esp_rsa_sign_alt.c.o
Compiling .pio\build\m5stopwatch-render-check\mbedtls\port\bignum\esp_bignum.c.o
Compiling .pio\build\m5stopwatch-render-check\mbedtls\port\bignum\bignum_alt.c.o
Compiling .pio\build\m5stopwatch-render-check\mbedtls\port\sha\core\esp_sha1.c.o
Compiling .pio\build\m5stopwatch-render-check\mbedtls\port\sha\core\esp_sha256.c.o
Compiling .pio\build\m5stopwatch-render-check\mbedtls\port\sha\core\esp_sha512.c.o
Compiling .pio\build\m5stopwatch-render-check\mbedtls\port\aes\esp_aes_gcm.c.o
Compiling .pio\build\m5stopwatch-render-check\mbedtls\port\md\esp_md.c.o
Compiling .pio\build\m5stopwatch-render-check\mbedtls\mbedtls\library\debug.c.o
Compiling .pio\build\m5stopwatch-render-check\mbedtls\mbedtls\library\mps_reader.c.o
Compiling .pio\build\m5stopwatch-render-check\mbedtls\mbedtls\library\mps_trace.c.o
Compiling .pio\build\m5stopwatch-render-check\mbedtls\mbedtls\library\ssl_cache.c.o
Compiling .pio\build\m5stopwatch-render-check\mbedtls\mbedtls\library\ssl_ciphersuites.c.o
Compiling .pio\build\m5stopwatch-render-check\mbedtls\mbedtls\library\ssl_client.c.o
Compiling .pio\build\m5stopwatch-render-check\mbedtls\mbedtls\library\ssl_cookie.c.o
Compiling .pio\build\m5stopwatch-render-check\mbedtls\mbedtls\library\ssl_debug_helpers_generated.c.o
Compiling .pio\build\m5stopwatch-render-check\mbedtls\mbedtls\library\ssl_msg.c.o
Compiling .pio\build\m5stopwatch-render-check\mbedtls\mbedtls\library\ssl_ticket.c.o
Compiling .pio\build\m5stopwatch-render-check\mbedtls\mbedtls\library\ssl_tls.c.o
Compiling .pio\build\m5stopwatch-render-check\mbedtls\mbedtls\library\ssl_tls12_client.c.o
Compiling .pio\build\m5stopwatch-render-check\mbedtls\mbedtls\library\ssl_tls12_server.c.o
Compiling .pio\build\m5stopwatch-render-check\mbedtls\mbedtls\library\ssl_tls13_keys.c.o
Compiling .pio\build\m5stopwatch-render-check\mbedtls\mbedtls\library\ssl_tls13_server.c.o
Compiling .pio\build\m5stopwatch-render-check\mbedtls\mbedtls\library\ssl_tls13_client.c.o
Compiling .pio\build\m5stopwatch-render-check\mbedtls\mbedtls\library\ssl_tls13_generic.c.o
Compiling .pio\build\m5stopwatch-render-check\mbedtls\port\mbedtls_debug.c.o
Compiling .pio\build\m5stopwatch-render-check\mbedtls\port\esp_platform_time.c.o
Compiling .pio\build\m5stopwatch-render-check\mbedtls\port\net_sockets.c.o
Compiling .pio\build\m5stopwatch-render-check\mbedtls\mbedtls\library\pkcs7.c.o
Compiling .pio\build\m5stopwatch-render-check\mbedtls\mbedtls\library\x509.c.o
Compiling .pio\build\m5stopwatch-render-check\mbedtls\mbedtls\library\x509_create.c.o
Compiling .pio\build\m5stopwatch-render-check\mbedtls\mbedtls\library\x509_crl.c.o
Compiling .pio\build\m5stopwatch-render-check\mbedtls\mbedtls\library\x509_crt.c.o
Compiling .pio\build\m5stopwatch-render-check\mbedtls\mbedtls\library\x509_csr.c.o
Compiling .pio\build\m5stopwatch-render-check\mbedtls\mbedtls\library\x509write.c.o
Compiling .pio\build\m5stopwatch-render-check\mbedtls\mbedtls\library\x509write_crt.c.o
Compiling .pio\build\m5stopwatch-render-check\mbedtls\mbedtls\library\x509write_csr.c.o
Compiling .pio\build\m5stopwatch-render-check\mbedtls\mbedtls\3rdparty\p256-m\p256-m_driver_entrypoints.c.o
Compiling .pio\build\m5stopwatch-render-check\mbedtls\mbedtls\3rdparty\p256-m\p256-m\p256-m.c.o
Compiling .pio\build\m5stopwatch-render-check\bootloader\xtensa\eri.c.o
Compiling .pio\build\m5stopwatch-render-check\bootloader\xtensa\xt_trax.c.o
Compiling .pio\build\m5stopwatch-render-check\bootloader\main\bootloader_start.c.o
Compiling .pio\build\m5stopwatch-render-check\bootloader\bootloader_support\src\bootloader_common.c.o
Compiling .pio\build\m5stopwatch-render-check\bootloader\bootloader_support\src\bootloader_common_loader.c.o
Compiling .pio\build\m5stopwatch-render-check\bootloader\bootloader_support\src\bootloader_clock_init.c.o
Compiling .pio\build\m5stopwatch-render-check\bootloader\bootloader_support\src\bootloader_mem.c.o
Compiling .pio\build\m5stopwatch-render-check\bootloader\bootloader_support\src\bootloader_random.c.o
Archiving .pio\build\m5stopwatch-render-check\bootloader\esp-idf\xtensa\libxtensa.a
Compiling .pio\build\m5stopwatch-render-check\bootloader\bootloader_support\src\bootloader_efuse.c.o
Compiling .pio\build\m5stopwatch-render-check\bootloader\bootloader_support\src\flash_encrypt.c.o
Compiling .pio\build\m5stopwatch-render-check\bootloader\bootloader_support\src\secure_boot.c.o
Compiling .pio\build\m5stopwatch-render-check\bootloader\bootloader_support\src\bootloader_random_esp32s3.c.o
Indexing .pio\build\m5stopwatch-render-check\bootloader\esp-idf\xtensa\libxtensa.a
Compiling .pio\build\m5stopwatch-render-check\bootloader\bootloader_support\bootloader_flash\src\bootloader_flash.c.o
Archiving .pio\build\m5stopwatch-render-check\bootloader\esp-idf\main\libmain.a
Archiving .pio\build\m5stopwatch-render-check\esp-idf\mbedtls\mbedtls\3rdparty\p256-m\libp256m.a
Compiling .pio\build\m5stopwatch-render-check\bootloader\bootloader_support\bootloader_flash\src\flash_qio_mode.c.o
Compiling .pio\build\m5stopwatch-render-check\bootloader\bootloader_support\bootloader_flash\src\bootloader_flash_config_esp32s3.c.o
Compiling .pio\build\m5stopwatch-render-check\bootloader\bootloader_support\src\bootloader_utility.c.o
Compiling .pio\build\m5stopwatch-render-check\bootloader\bootloader_support\src\flash_partitions.c.o
Compiling .pio\build\m5stopwatch-render-check\bootloader\bootloader_support\src\esp_image_format.c.o
Compiling .pio\build\m5stopwatch-render-check\bootloader\bootloader_support\src\bootloader_sha.c.o
Compiling .pio\build\m5stopwatch-render-check\bootloader\bootloader_support\src\bootloader_init.c.o
Compiling .pio\build\m5stopwatch-render-check\bootloader\bootloader_support\src\bootloader_clock_loader.c.o
Indexing .pio\build\m5stopwatch-render-check\bootloader\esp-idf\main\libmain.a
Indexing .pio\build\m5stopwatch-render-check\esp-idf\mbedtls\mbedtls\3rdparty\p256-m\libp256m.a
Compiling .pio\build\m5stopwatch-render-check\bootloader\bootloader_support\src\bootloader_console.c.o
Compiling .pio\build\m5stopwatch-render-check\bootloader\bootloader_support\src\bootloader_console_loader.c.o
Compiling .pio\build\m5stopwatch-render-check\bootloader\bootloader_support\src\esp32s3\bootloader_soc.c.o
Compiling .pio\build\m5stopwatch-render-check\bootloader\bootloader_support\src\esp32s3\bootloader_esp32s3.c.o
Compiling .pio\build\m5stopwatch-render-check\bootloader\bootloader_support\src\bootloader_panic.c.o
Compiling .pio\build\m5stopwatch-render-check\bootloader\efuse\esp32s3\esp_efuse_table.c.o
Compiling .pio\build\m5stopwatch-render-check\bootloader\efuse\esp32s3\esp_efuse_fields.c.o
Compiling .pio\build\m5stopwatch-render-check\bootloader\efuse\esp32s3\esp_efuse_rtc_calib.c.o
Compiling .pio\build\m5stopwatch-render-check\bootloader\efuse\esp32s3\esp_efuse_utility.c.o
Compiling .pio\build\m5stopwatch-render-check\bootloader\efuse\src\esp_efuse_api.c.o
Compiling .pio\build\m5stopwatch-render-check\bootloader\efuse\src\esp_efuse_fields.c.o
Compiling .pio\build\m5stopwatch-render-check\bootloader\efuse\src\esp_efuse_utility.c.o
Compiling .pio\build\m5stopwatch-render-check\bootloader\efuse\src\efuse_controller\keys\with_key_purposes\esp_efuse_api_key.c.o
Compiling .pio\build\m5stopwatch-render-check\bootloader\esp_bootloader_format\esp_bootloader_desc.c.o
Compiling .pio\build\m5stopwatch-render-check\bootloader\esp_common\src\esp_err_to_name.c.o
Compiling .pio\build\m5stopwatch-render-check\bootloader\esp_hw_support\cpu.c.o
Compiling .pio\build\m5stopwatch-render-check\bootloader\esp_hw_support\port\esp32s3\esp_cpu_intr.c.o
Compiling .pio\build\m5stopwatch-render-check\bootloader\esp_hw_support\esp_memory_utils.c.o
Compiling .pio\build\m5stopwatch-render-check\bootloader\esp_hw_support\port\esp32s3\cpu_region_protect.c.o
Compiling .pio\build\m5stopwatch-render-check\bootloader\esp_hw_support\port\esp32s3\rtc_clk.c.o
Compiling .pio\build\m5stopwatch-render-check\bootloader\esp_hw_support\port\esp32s3\rtc_clk_init.c.o
Compiling .pio\build\m5stopwatch-render-check\bootloader\esp_hw_support\port\esp32s3\rtc_init.c.o
Compiling .pio\build\m5stopwatch-render-check\bootloader\esp_hw_support\port\esp32s3\rtc_sleep.c.o
Compiling .pio\build\m5stopwatch-render-check\bootloader\esp_hw_support\port\esp32s3\rtc_time.c.o
Compiling .pio\build\m5stopwatch-render-check\bootloader\esp_hw_support\port\esp32s3\chip_info.c.o
Compiling .pio\build\m5stopwatch-render-check\bootloader\esp_rom\patches\esp_rom_sys.c.o
Compiling .pio\build\m5stopwatch-render-check\bootloader\esp_rom\patches\esp_rom_print.c.o
Compiling .pio\build\m5stopwatch-render-check\bootloader\esp_rom\patches\esp_rom_crc.c.o
Compiling .pio\build\m5stopwatch-render-check\bootloader\esp_rom\patches\esp_rom_uart.c.o
Archiving .pio\build\m5stopwatch-render-check\bootloader\esp-idf\esp_bootloader_format\libesp_bootloader_format.a
Compiling .pio\build\m5stopwatch-render-check\bootloader\esp_rom\patches\esp_rom_spiflash.c.o
Compiling .pio\build\m5stopwatch-render-check\bootloader\esp_rom\patches\esp_rom_efuse.c.o
Archiving .pio\build\m5stopwatch-render-check\bootloader\esp-idf\bootloader_support\libbootloader_support.a
Archiving .pio\build\m5stopwatch-render-check\bootloader\esp-idf\esp_common\libesp_common.a
Archiving .pio\build\m5stopwatch-render-check\esp-idf\mbedtls\mbedtls\library\libmbedtls.a
Compiling .pio\build\m5stopwatch-render-check\bootloader\esp_rom\patches\esp_rom_gpio.c.o
Compiling .pio\build\m5stopwatch-render-check\bootloader\esp_rom\patches\esp_rom_longjmp.S.o
Archiving .pio\build\m5stopwatch-render-check\esp-idf\mbedtls\mbedtls\library\libmbedx509.a
Compiling .pio\build\m5stopwatch-render-check\bootloader\esp_rom\patches\esp_rom_systimer.c.o
Compiling .pio\build\m5stopwatch-render-check\bootloader\esp_rom\patches\esp_rom_wdt.c.o
Indexing .pio\build\m5stopwatch-render-check\bootloader\esp-idf\esp_bootloader_format\libesp_bootloader_format.a
Indexing .pio\build\m5stopwatch-render-check\bootloader\esp-idf\esp_common\libesp_common.a
Compiling .pio\build\m5stopwatch-render-check\bootloader\esp_rom\patches\esp_rom_cache_esp32s2_esp32s3.c.o
Archiving .pio\build\m5stopwatch-render-check\bootloader\esp-idf\efuse\libefuse.a
Compiling .pio\build\m5stopwatch-render-check\bootloader\esp_rom\patches\esp_rom_cache_writeback_esp32s3.S.o
Indexing .pio\build\m5stopwatch-render-check\bootloader\esp-idf\bootloader_support\libbootloader_support.a
Indexing .pio\build\m5stopwatch-render-check\esp-idf\mbedtls\mbedtls\library\libmbedtls.a
Compiling .pio\build\m5stopwatch-render-check\bootloader\esp_system\esp_err.c.o
Compiling .pio\build\m5stopwatch-render-check\bootloader\hal\hal_utils.c.o
Compiling .pio\build\m5stopwatch-render-check\bootloader\hal\mpu_hal.c.o
Indexing .pio\build\m5stopwatch-render-check\esp-idf\mbedtls\mbedtls\library\libmbedx509.a
Compiling .pio\build\m5stopwatch-render-check\bootloader\hal\efuse_hal.c.o
Compiling .pio\build\m5stopwatch-render-check\bootloader\hal\esp32s3\efuse_hal.c.o
Compiling .pio\build\m5stopwatch-render-check\bootloader\hal\mmu_hal.c.o
Compiling .pio\build\m5stopwatch-render-check\bootloader\hal\cache_hal.c.o
Indexing .pio\build\m5stopwatch-render-check\bootloader\esp-idf\efuse\libefuse.a
Compiling .pio\build\m5stopwatch-render-check\bootloader\log\src\noos\log_timestamp.c.o
Compiling .pio\build\m5stopwatch-render-check\bootloader\log\src\log_timestamp_common.c.o
Archiving .pio\build\m5stopwatch-render-check\esp-idf\mbedtls\mbedtls\library\libmbedcrypto.a
Compiling .pio\build\m5stopwatch-render-check\bootloader\log\src\noos\log_lock.c.o
Compiling .pio\build\m5stopwatch-render-check\bootloader\log\src\buffer\log_buffers.c.o
Compiling .pio\build\m5stopwatch-render-check\bootloader\log\src\noos\util.c.o
Compiling .pio\build\m5stopwatch-render-check\bootloader\log\src\util.c.o
Compiling .pio\build\m5stopwatch-render-check\bootloader\log\src\log_format_text.c.o
Compiling .pio\build\m5stopwatch-render-check\bootloader\log\src\log_print.c.o
Archiving .pio\build\m5stopwatch-render-check\bootloader\esp-idf\esp_hw_support\libesp_hw_support.a
Compiling .pio\build\m5stopwatch-render-check\bootloader\log\src\log.c.o
Compiling .pio\build\m5stopwatch-render-check\bootloader\components\micro-ecc\uECC_verify_antifault.c.o
Archiving .pio\build\m5stopwatch-render-check\bootloader\esp-idf\esp_rom\libesp_rom.a
Compiling .pio\build\m5stopwatch-render-check\bootloader\soc\lldesc.c.o
Compiling .pio\build\m5stopwatch-render-check\bootloader\soc\dport_access_common.c.o
Compiling .pio\build\m5stopwatch-render-check\bootloader\soc\esp32s3\interrupts.c.o
Compiling .pio\build\m5stopwatch-render-check\bootloader\soc\esp32s3\gpio_periph.c.o
Archiving .pio\build\m5stopwatch-render-check\bootloader\esp-idf\esp_system\libesp_system.a
Compiling .pio\build\m5stopwatch-render-check\bootloader\soc\esp32s3\uart_periph.c.o
Compiling .pio\build\m5stopwatch-render-check\bootloader\soc\esp32s3\adc_periph.c.o
Compiling .pio\build\m5stopwatch-render-check\bootloader\soc\esp32s3\dedic_gpio_periph.c.o
Compiling .pio\build\m5stopwatch-render-check\bootloader\soc\esp32s3\gdma_periph.c.o
Indexing .pio\build\m5stopwatch-render-check\esp-idf\mbedtls\mbedtls\library\libmbedcrypto.a
Indexing .pio\build\m5stopwatch-render-check\bootloader\esp-idf\esp_hw_support\libesp_hw_support.a
Compiling .pio\build\m5stopwatch-render-check\bootloader\soc\esp32s3\spi_periph.c.o
Compiling .pio\build\m5stopwatch-render-check\bootloader\soc\esp32s3\ledc_periph.c.o
Indexing .pio\build\m5stopwatch-render-check\bootloader\esp-idf\esp_rom\libesp_rom.a
Compiling .pio\build\m5stopwatch-render-check\bootloader\soc\esp32s3\pcnt_periph.c.o
Compiling .pio\build\m5stopwatch-render-check\bootloader\soc\esp32s3\rmt_periph.c.o
Compiling .pio\build\m5stopwatch-render-check\bootloader\soc\esp32s3\sdm_periph.c.o
Archiving .pio\build\m5stopwatch-render-check\bootloader\esp-idf\hal\libhal.a
Compiling .pio\build\m5stopwatch-render-check\bootloader\soc\esp32s3\i2s_periph.c.o
Indexing .pio\build\m5stopwatch-render-check\bootloader\esp-idf\esp_system\libesp_system.a
Compiling .pio\build\m5stopwatch-render-check\bootloader\soc\esp32s3\i2c_periph.c.o
Compiling .pio\build\m5stopwatch-render-check\bootloader\soc\esp32s3\temperature_sensor_periph.c.o
Compiling .pio\build\m5stopwatch-render-check\bootloader\soc\esp32s3\timer_periph.c.o
Compiling .pio\build\m5stopwatch-render-check\bootloader\soc\esp32s3\lcd_periph.c.o
Compiling .pio\build\m5stopwatch-render-check\bootloader\soc\esp32s3\mcpwm_periph.c.o
Archiving .pio\build\m5stopwatch-render-check\bootloader\esp-idf\log\liblog.a
Compiling .pio\build\m5stopwatch-render-check\bootloader\soc\esp32s3\mpi_periph.c.o
Compiling .pio\build\m5stopwatch-render-check\bootloader\soc\esp32s3\sdmmc_periph.c.o
Compiling .pio\build\m5stopwatch-render-check\bootloader\soc\esp32s3\touch_sensor_periph.c.o
Compiling .pio\build\m5stopwatch-render-check\bootloader\soc\esp32s3\twai_periph.c.o
Compiling .pio\build\m5stopwatch-render-check\bootloader\soc\esp32s3\wdt_periph.c.o
Generating project linker script .pio\build\m5stopwatch-render-check\sections.ld
Compiling .pio\build\m5stopwatch-render-check\bootloader\soc\esp32s3\usb_dwc_periph.c.o
Compiling .pio\build\m5stopwatch-render-check\bootloader\soc\esp32s3\rtc_io_periph.c.o
Compiling .pio\build\m5stopwatch-render-check\bootloader\soc\esp32s3\power_supply_periph.c.o
Indexing .pio\build\m5stopwatch-render-check\bootloader\esp-idf\hal\libhal.a
Compiling .pio\build\m5stopwatch-render-check\bootloader\spi_flash\spi_flash_wrap.c.o
Generating partitions .pio\build\m5stopwatch-render-check\partitions.bin
Generating an empty partition .pio\build\m5stopwatch-render-check\ota_data_initial.bin
Indexing .pio\build\m5stopwatch-render-check\bootloader\esp-idf\log\liblog.a
Compiling .pio\build\m5stopwatch-render-check\lib8e4\M5GFX@0.2.28\M5GFX.o
Archiving .pio\build\m5stopwatch-render-check\bootloader\esp-idf\soc\libsoc.a
Archiving .pio\build\m5stopwatch-render-check\bootloader\esp-idf\spi_flash\libspi_flash.a
Archiving .pio\build\m5stopwatch-render-check\bootloader\esp-idf\micro-ecc\libmicro-ecc.a
Compiling .pio\build\m5stopwatch-render-check\lib8e4\M5GFX@0.2.28\lgfx\Fonts\IPA\lgfx_font_japan.o
Indexing .pio\build\m5stopwatch-render-check\bootloader\esp-idf\spi_flash\libspi_flash.a
Indexing .pio\build\m5stopwatch-render-check\bootloader\esp-idf\soc\libsoc.a
Indexing .pio\build\m5stopwatch-render-check\bootloader\esp-idf\micro-ecc\libmicro-ecc.a
Compiling .pio\build\m5stopwatch-render-check\lib8e4\M5GFX@0.2.28\lgfx\Fonts\efont\lgfx_efont_cn.o
Compiling .pio\build\m5stopwatch-render-check\lib8e4\M5GFX@0.2.28\lgfx\Fonts\efont\lgfx_efont_ja.o
Compiling .pio\build\m5stopwatch-render-check\lib8e4\M5GFX@0.2.28\lgfx\Fonts\efont\lgfx_efont_kr.o
Linking .pio\build\m5stopwatch-render-check\bootloader.elf
Compiling .pio\build\m5stopwatch-render-check\lib8e4\M5GFX@0.2.28\lgfx\Fonts\efont\lgfx_efont_tw.o
Compiling .pio\build\m5stopwatch-render-check\lib8e4\M5GFX@0.2.28\lgfx\utility\lgfx_miniz.o
Compiling .pio\build\m5stopwatch-render-check\lib8e4\M5GFX@0.2.28\lgfx\utility\lgfx_pngle.o
Compiling .pio\build\m5stopwatch-render-check\lib8e4\M5GFX@0.2.28\lgfx\utility\lgfx_qoi.o
Compiling .pio\build\m5stopwatch-render-check\lib8e4\M5GFX@0.2.28\lgfx\utility\lgfx_qrcode.o
Compiling .pio\build\m5stopwatch-render-check\lib8e4\M5GFX@0.2.28\lgfx\utility\lgfx_tjpgd.o
Compiling .pio\build\m5stopwatch-render-check\lib8e4\M5GFX@0.2.28\lgfx\v1\LGFXBase.o
Compiling .pio\build\m5stopwatch-render-check\lib8e4\M5GFX@0.2.28\lgfx\v1\LGFX_Button.o
Compiling .pio\build\m5stopwatch-render-check\lib8e4\M5GFX@0.2.28\lgfx\v1\LGFX_Sprite.o
Compiling .pio\build\m5stopwatch-render-check\lib8e4\M5GFX@0.2.28\lgfx\v1\lgfx_fonts.o
Building .pio\build\m5stopwatch-render-check\bootloader.bin
Compiling .pio\build\m5stopwatch-render-check\lib8e4\M5GFX@0.2.28\lgfx\v1\misc\DividedFrameBuffer.o
Compiling .pio\build\m5stopwatch-render-check\lib8e4\M5GFX@0.2.28\lgfx\v1\misc\SpriteBuffer.o
Compiling .pio\build\m5stopwatch-render-check\lib8e4\M5GFX@0.2.28\lgfx\v1\misc\common_function.o
Compiling .pio\build\m5stopwatch-render-check\lib8e4\M5GFX@0.2.28\lgfx\v1\misc\pixelcopy.o
Compiling .pio\build\m5stopwatch-render-check\lib8e4\M5GFX@0.2.28\lgfx\v1\panel\Panel_AMOLED.o
Compiling .pio\build\m5stopwatch-render-check\lib8e4\M5GFX@0.2.28\lgfx\v1\panel\Panel_Device.o
Compiling .pio\build\m5stopwatch-render-check\lib8e4\M5GFX@0.2.28\lgfx\v1\panel\Panel_ED2208.o
esptool.py v4.9.0
Creating esp32s3 image...
Merged 2 ELF sections
Successfully created esp32s3 image.
Compiling .pio\build\m5stopwatch-render-check\lib8e4\M5GFX@0.2.28\lgfx\v1\panel\Panel_EPDiy.o
Compiling .pio\build\m5stopwatch-render-check\lib8e4\M5GFX@0.2.28\lgfx\v1\panel\Panel_FrameBufferBase.o
Compiling .pio\build\m5stopwatch-render-check\lib8e4\M5GFX@0.2.28\lgfx\v1\panel\Panel_GDEW0154D67.o
Compiling .pio\build\m5stopwatch-render-check\lib8e4\M5GFX@0.2.28\lgfx\v1\panel\Panel_GDEW0154M09.o
Compiling .pio\build\m5stopwatch-render-check\lib8e4\M5GFX@0.2.28\lgfx\v1\panel\Panel_HasBuffer.o
Compiling .pio\build\m5stopwatch-render-check\lib8e4\M5GFX@0.2.28\lgfx\v1\panel\Panel_IT8951.o
Compiling .pio\build\m5stopwatch-render-check\lib8e4\M5GFX@0.2.28\lgfx\v1\panel\Panel_LCD.o
Compiling .pio\build\m5stopwatch-render-check\lib8e4\M5GFX@0.2.28\lgfx\v1\panel\Panel_M5HDMI.o
Compiling .pio\build\m5stopwatch-render-check\lib8e4\M5GFX@0.2.28\lgfx\v1\panel\Panel_M5UnitGLASS.o
Compiling .pio\build\m5stopwatch-render-check\lib8e4\M5GFX@0.2.28\lgfx\v1\panel\Panel_M5UnitLCD.o
Compiling .pio\build\m5stopwatch-render-check\lib8e4\M5GFX@0.2.28\lgfx\v1\panel\Panel_SSD1306.o
Compiling .pio\build\m5stopwatch-render-check\lib8e4\M5GFX@0.2.28\lgfx\v1\panel\Panel_SSD1677.o
Compiling .pio\build\m5stopwatch-render-check\lib8e4\M5GFX@0.2.28\lgfx\v1\panel\Panel_TM1680.o
Compiling .pio\build\m5stopwatch-render-check\lib8e4\M5GFX@0.2.28\lgfx\v1\platforms\esp32\Bus_EPD.o
Compiling .pio\build\m5stopwatch-render-check\lib8e4\M5GFX@0.2.28\lgfx\v1\platforms\esp32\Bus_I2C.o
Compiling .pio\build\m5stopwatch-render-check\lib8e4\M5GFX@0.2.28\lgfx\v1\platforms\esp32\Bus_Parallel8.o
Compiling .pio\build\m5stopwatch-render-check\lib8e4\M5GFX@0.2.28\lgfx\v1\platforms\esp32\Bus_SPI.o
Compiling .pio\build\m5stopwatch-render-check\lib8e4\M5GFX@0.2.28\lgfx\v1\platforms\esp32\Light_PWM.o
Compiling .pio\build\m5stopwatch-render-check\lib8e4\M5GFX@0.2.28\lgfx\v1\platforms\esp32\Panel_CVBS.o
Compiling .pio\build\m5stopwatch-render-check\lib8e4\M5GFX@0.2.28\lgfx\v1\platforms\esp32\Panel_EPD.o
Compiling .pio\build\m5stopwatch-render-check\lib8e4\M5GFX@0.2.28\lgfx\v1\platforms\esp32\common.o
Compiling .pio\build\m5stopwatch-render-check\lib8e4\M5GFX@0.2.28\lgfx\v1\platforms\esp32c3\Bus_Parallel8.o
Compiling .pio\build\m5stopwatch-render-check\lib8e4\M5GFX@0.2.28\lgfx\v1\platforms\esp32p4\Bus_DSI.o
Compiling .pio\build\m5stopwatch-render-check\lib8e4\M5GFX@0.2.28\lgfx\v1\platforms\esp32p4\Panel_DSI.o
Compiling .pio\build\m5stopwatch-render-check\lib8e4\M5GFX@0.2.28\lgfx\v1\platforms\esp32p4\Panel_LT8912B.o
Compiling .pio\build\m5stopwatch-render-check\lib8e4\M5GFX@0.2.28\lgfx\v1\platforms\esp32p4\Touch_ST7123.o
Compiling .pio\build\m5stopwatch-render-check\lib8e4\M5GFX@0.2.28\lgfx\v1\platforms\esp32s2\Bus_Parallel16.o
Compiling .pio\build\m5stopwatch-render-check\lib8e4\M5GFX@0.2.28\lgfx\v1\platforms\esp32s2\Bus_Parallel8.o
Compiling .pio\build\m5stopwatch-render-check\lib8e4\M5GFX@0.2.28\lgfx\v1\platforms\esp32s3\Bus_Parallel16.o
Compiling .pio\build\m5stopwatch-render-check\lib8e4\M5GFX@0.2.28\lgfx\v1\platforms\esp32s3\Bus_Parallel8.o
Compiling .pio\build\m5stopwatch-render-check\lib8e4\M5GFX@0.2.28\lgfx\v1\platforms\framebuffer\Panel_fb.o
Compiling .pio\build\m5stopwatch-render-check\lib8e4\M5GFX@0.2.28\lgfx\v1\platforms\framebuffer\common.o
Compiling .pio\build\m5stopwatch-render-check\lib8e4\M5GFX@0.2.28\lgfx\v1\platforms\sdl\Panel_sdl.o
Compiling .pio\build\m5stopwatch-render-check\lib8e4\M5GFX@0.2.28\lgfx\v1\platforms\sdl\common.o
Compiling .pio\build\m5stopwatch-render-check\lib8e4\M5GFX@0.2.28\lgfx\v1\touch\Touch_CHSC6540.o
Compiling .pio\build\m5stopwatch-render-check\lib8e4\M5GFX@0.2.28\lgfx\v1\touch\Touch_CSTxxx.o
Compiling .pio\build\m5stopwatch-render-check\lib8e4\M5GFX@0.2.28\lgfx\v1\touch\Touch_FT5x06.o
Compiling .pio\build\m5stopwatch-render-check\lib8e4\M5GFX@0.2.28\lgfx\v1\touch\Touch_GT911.o
Compiling .pio\build\m5stopwatch-render-check\lib805\M5Unified\M5Unified.o
Compiling .pio\build\m5stopwatch-render-check\lib805\M5Unified\utility\Button_Class.o
Compiling .pio\build\m5stopwatch-render-check\lib805\M5Unified\utility\I2C_Class.o
Compiling .pio\build\m5stopwatch-render-check\lib805\M5Unified\utility\IMU_Class.o
Compiling .pio\build\m5stopwatch-render-check\lib805\M5Unified\utility\LED_Class.o
Compiling .pio\build\m5stopwatch-render-check\lib805\M5Unified\utility\Log_Class.o
Compiling .pio\build\m5stopwatch-render-check\lib805\M5Unified\utility\M5Timer.o
Compiling .pio\build\m5stopwatch-render-check\lib805\M5Unified\utility\Mic_Class.o
Compiling .pio\build\m5stopwatch-render-check\lib805\M5Unified\utility\PI4IOE5V6408_Class.o
pio : .pio/libdeps/m5stopwatch-render-check/M5GFX@0.2.28/src/lgfx/v1/platforms/esp32/common.cpp: In function 'uint32_t 
lgfx::v1::getSpiClockFrequency(int)':
At line:1 char:578
+ ... TEXITCODE"; pio run -e m5stopwatch-render-check *> docs/task10/202609 ...
+                 ~~~~~~~~~~~~~~~~~~~~~~~~~~~~~~~~~~~~~~~~~~~~~~~~~~~~~~~~~
    + CategoryInfo          : NotSpecified: (.pio/libdeps/m5...requency(int)'::String) [], RemoteException
    + FullyQualifiedErrorId : NativeCommandError
 
.pio/libdeps/m5stopwatch-render-check/M5GFX@0.2.28/src/lgfx/v1/platforms/esp32/common.cpp:293:16: warning: variable 'ge
t_rc_fast_frequency' set but not used [-Wunused-but-set-variable]
  293 |     const auto get_rc_fast_frequency = []() -> uint32_t
      |                ^~~~~~~~~~~~~~~~~~~~~
Compiling .pio\build\m5stopwatch-render-check\lib805\M5Unified\utility\Power_Class.o
Compiling .pio\build\m5stopwatch-render-check\lib805\M5Unified\utility\RTC_Class.o
Compiling .pio\build\m5stopwatch-render-check\lib805\M5Unified\utility\Speaker_Class.o
Compiling .pio\build\m5stopwatch-render-check\lib805\M5Unified\utility\Touch_Class.o
Compiling .pio\build\m5stopwatch-render-check\lib805\M5Unified\utility\imu\AK8963_Class.o
Compiling .pio\build\m5stopwatch-render-check\lib805\M5Unified\utility\imu\BMI270_Class.o
Compiling .pio\build\m5stopwatch-render-check\lib805\M5Unified\utility\imu\BMM150_Class.o
Compiling .pio\build\m5stopwatch-render-check\lib805\M5Unified\utility\imu\IMU_Base.o
Compiling .pio\build\m5stopwatch-render-check\lib805\M5Unified\utility\imu\MPU6886_Class.o
Compiling .pio\build\m5stopwatch-render-check\lib805\M5Unified\utility\imu\SH200Q_Class.o
Compiling .pio\build\m5stopwatch-render-check\lib805\M5Unified\utility\led\LED_PMIC_Class.o
Compiling .pio\build\m5stopwatch-render-check\lib805\M5Unified\utility\led\LED_PaperMono_Class.o
Compiling .pio\build\m5stopwatch-render-check\lib805\M5Unified\utility\led\LED_PowerHub_Class.o
Compiling .pio\build\m5stopwatch-render-check\lib805\M5Unified\utility\led\LED_Strip_Class.o
Compiling .pio\build\m5stopwatch-render-check\lib805\M5Unified\utility\power\AW32001_Class.o
Compiling .pio\build\m5stopwatch-render-check\lib805\M5Unified\utility\power\AXP192_Class.o
Compiling .pio\build\m5stopwatch-render-check\lib805\M5Unified\utility\power\AXP2101_Class.o
Compiling .pio\build\m5stopwatch-render-check\lib805\M5Unified\utility\power\BQ27220_Class.o
Compiling .pio\build\m5stopwatch-render-check\lib805\M5Unified\utility\power\INA226_Class.o
Compiling .pio\build\m5stopwatch-render-check\lib805\M5Unified\utility\power\INA3221_Class.o
Compiling .pio\build\m5stopwatch-render-check\lib805\M5Unified\utility\power\IP5306_Class.o
Compiling .pio\build\m5stopwatch-render-check\lib805\M5Unified\utility\power\PY32PMIC_Class.o
Compiling .pio\build\m5stopwatch-render-check\lib805\M5Unified\utility\rtc\PCF8563_Class.o
Compiling .pio\build\m5stopwatch-render-check\lib805\M5Unified\utility\rtc\RTC_Base.o
Compiling .pio\build\m5stopwatch-render-check\lib805\M5Unified\utility\rtc\RTC_PowerHub_Class.o
Compiling .pio\build\m5stopwatch-render-check\lib805\M5Unified\utility\rtc\RX8130_Class.o
Compiling .pio\build\m5stopwatch-render-check\libd2d\M5StopWatch-MultiFirm\multifirm_host.o
Archiving .pio\build\m5stopwatch-render-check\lib8e4\libM5GFX@0.2.28.a
Indexing .pio\build\m5stopwatch-render-check\lib8e4\libM5GFX@0.2.28.a
In file included from .pio/libdeps/m5stopwatch-render-check/M5Unified/src/utility/rtc/RTC_Base.hpp:7,
                 from .pio/libdeps/m5stopwatch-render-check/M5Unified/src/utility/rtc/RTC_PowerHub_Class.hpp:7,
                 from .pio/libdeps/m5stopwatch-render-check/M5Unified/src/utility/rtc/RTC_PowerHub_Class.cpp:4:
In member function 'bool m5::I2C_Device::writeRegister(uint8_t, const uint8_t*, std::size_t) const',
    inlined from 'virtual int m5::RTC_PowerHub_Class::setAlarmIRQ(const m5::rtc_date_t*, const m5::rtc_time_t*)' at .pi
o/libdeps/m5stopwatch-render-check/M5Unified/src/utility/rtc/RTC_PowerHub_Class.cpp:118:18:
.pio/libdeps/m5stopwatch-render-check/M5Unified/src/utility/rtc/../I2C_Class.hpp:182:33: warning: 'buf' may be used uni
nitialized [-Wmaybe-uninitialized]
  182 |       return _i2c->writeRegister(_addr, reg, data, length, _freq);
      |              ~~~~~~~~~~~~~~~~~~~^~~~~~~~~~~~~~~~~~~~~~~~~~~~~~~~~
.pio/libdeps/m5stopwatch-render-check/M5Unified/src/utility/rtc/../I2C_Class.hpp: In member function 'virtual int m5::R
TC_PowerHub_Class::setAlarmIRQ(const m5::rtc_date_t*, const m5::rtc_time_t*)':
.pio/libdeps/m5stopwatch-render-check/M5Unified/src/utility/rtc/../I2C_Class.hpp:85:10: note: by argument 4 of type 'co
nst uint8_t*' {aka 'const unsigned char*'} to 'bool m5::I2C_Class::writeRegister(uint8_t, uint8_t, const uint8_t*, std:
:size_t, uint32_t) const' declared here
   85 |     bool writeRegister(std::uint8_t address, std::uint8_t reg, const std::uint8_t* data, std::size_t length, st
d::uint32_t freq) const;
      |          ^~~~~~~~~~~~~
.pio/libdeps/m5stopwatch-render-check/M5Unified/src/utility/rtc/RTC_PowerHub_Class.cpp:95:18: note: 'buf' declared here
   95 |     std::uint8_t buf[3];
      |                  ^~~
Archiving .pio\build\m5stopwatch-render-check\libd2d\libM5StopWatch-MultiFirm.a
Indexing .pio\build\m5stopwatch-render-check\libd2d\libM5StopWatch-MultiFirm.a
Archiving .pio\build\m5stopwatch-render-check\lib805\libM5Unified.a
Indexing .pio\build\m5stopwatch-render-check\lib805\libM5Unified.a
Linking .pio\build\m5stopwatch-render-check\firmware.elf
Retrieving maximum program size .pio\build\m5stopwatch-render-check\firmware.elf
Checking size .pio\build\m5stopwatch-render-check\firmware.elf
Advanced Memory Usage is available via "PlatformIO Home > Project Inspect"
RAM:   [==        ]  17.2% (used 56276 bytes from 327680 bytes)
Flash: [===       ]  25.8% (used 1080831 bytes from 4194304 bytes)
Building .pio\build\m5stopwatch-render-check\firmware.bin with action:
  "$PYTHONEXE" "$OBJCOPY" --chip esp32s3 elf2image --flash_mode ${__get_board_flash_mode(__env__)} --flash_freq ${__get_board_f_image(__env__)} --flash_size 16MB --elf-sha256-offset 0xb0 -o $TARGET $SOURCES
Building .pio\build\m5stopwatch-render-check\firmware.bin
esptool.py v4.9.0
Creating esp32s3 image...
Merged 3 ELF sections
Successfully created esp32s3 image.
verify_size([".pio\build\m5stopwatch-render-check\firmware.bin"], [".pio\build\m5stopwatch-render-check\firmware.elf"])
[MultiFirm] host size: 1081280/4194304 bytes
verify_size(["multifirm_check_size"], [".pio\build\m5stopwatch-render-check\firmware.bin"])
[MultiFirm] host size: 1081280/4194304 bytes
======================== [SUCCESS] Took 179.51 seconds ========================

Environment               Status    Duration
------------------------  --------  ------------
m5stopwatch-render-check  SUCCESS   00:02:59.513
========================= 1 succeeded in 00:02:59.513 =========================
