I (343) esp_image: segment 4: paddr=001368d0 vaddr=4037efb8 size=0a168h ( 41320) load
I (353) esp_image: segment 5: paddr=00140a40 vaddr=600fe000 size=00050h (    80) load
I (361) boot: Loaded app from partition at offset 0x20000
I (362) boot: Disabling RNG early entropy source...
I (372) octal_psram: vendor id    : 0x0d (AP)
I (372) octal_psram: dev id       : 0x02 (generation 3)
I (372) octal_psram: density      : 0x03 (64 Mbit)
I (374) octal_psram: good-die     : 0x01 (Pass)
I (378) octal_psram: Latency      : 0x01 (Fixed)
I (383) octal_psram: VCC          : 0x01 (3V)
I (387) octal_psram: SRF          : 0x01 (Fast Refresh)
I (392) octal_psram: BurstType    : 0x01 (Hybrid Wrap)
I (397) octal_psram: BurstLen     : 0x01 (32 Byte)
I (401) octal_psram: Readlatency  : 0x02 (10 cycles@Fixed)
I (406) octal_psram: DriveStrength: 0x00 (1/1)
I (411) MSPI Timing: PSRAM timing tuning index: 4
I (415) esp_psram: Found 8MB PSRAM device
I (419) esp_psram: Speed: 80MHz
I (422) cpu_start: Multicore app
I (707) esp_psram: SPI SRAM memory test OK
I (715) cpu_start: Pro cpu start user code
I (715) cpu_start: cpu freq: 240000000 Hz
I (716) app_init: Application information:
I (716) app_init: Project name:     wararyoLauncher
I (716) app_init: App version:      0.1.0-dev
I (716) app_init: Compile time:     Sep 26 2026 18:18:01
I (716) app_init: ELF file SHA256:  3e1a05008...
I (716) app_init: ESP-IDF:          5.5.0
I (716) efuse_init: Min chip rev:     v0.0
I (716) efuse_init: Max chip rev:     v0.99 
I (717) efuse_init: Chip rev:         v0.2
I (717) heap_init: Initializing. RAM available for dynamic allocation:
I (717) heap_init: At 3FCA8590 len 00041180 (260 KiB): RAM
I (717) heap_init: At 3FCE9710 len 00005724 (21 KiB): RAM
I (717) heap_init: At 600FE050 len 00001F98 (7 KiB): RTCRAM
I (718) esp_psram: Adding pool of 8192K of PSRAM memory to heap allocator
I (719) spi_flash: detected chip: generic
I (719) spi_flash: flash io: dio
I (720) sleep_gpio: Configure to isolate all GPIO pins in sleep state
I (720) sleep_gpio: Enable automatic switching of GPIO sleep configuration
I (0) main_task: Started on CPU1
I (1) esp_psram: Reserving pool of 32K of internal memory for DMA/internal allocations
I (1) main_task: Calling app_main()
I (22) M5GFX: [Autodetect] board_M5StopWatch
I (276) pm: Frequency switching config: CPU_MAX: 240, APB_MAX: 80, APB_MIN: 80, Light sleep: ENABLED
I (277) sleep: Code start at 0x42000020, total 420008, data start at 0x3c000000, total 33554432 Bytes
[Power] dfs max=240MHz min=80MHz light_sleep=1 lock=ESP_OK result=ESP_OK
[Launcher] firmware=wararyoLauncher version=0.1.0-dev idf=5.5.0
[Board] recognized=30 display=468x468 cpu=240MHz core=1 tick=1000Hz
[Memory] flash_query=ESP_OK flash=16777216 psram=8388608 bytes
[Config] flash=DIO/80MHz psram=Octal/80MHz cache_instruction=16KiB cache_data=64KiB cache_line=64B
[Memory] internal total=329787 free=250283 largest=208896 bytes
[Memory] psram total=8388608 free=7942712 largest=7864320 bytes
[MultiFirm] layout=valid running=ota_0 address=0x20000 size=0x400000 host=valid
[Launcher] startup complete; starting single-task runtime
[Font] GenShinGothicMedium28 glyphs=347 bytes=175599
[Font] DDinProExpSemiBold100 glyphs=12 bytes=31970
[Font] DDinProExpBold28 glyphs=95 bytes=25562
[Font] DDinProExpBold22 glyphs=95 bytes=17205
[WatchFace] digital fonts time=vlw text=vlw small=vlw wide=vlw hour=114 minute=115 colon=22
[WatchFace] digital cache time=3/3 internal_bytes=59584 items=2/2 psram_bytes=74880
[Icons] AppIcons count=5 size=44x44 bytes=9692
[ListView] text image allocation failed: 64x46, drawing directly
[ListView] text image allocation failed: 120x46, drawing directly
[ListView] text image allocation failed: 164x46, drawing directly
[ListView] text image allocation failed: 164x46, drawing directly
[Verify] variants internal_free_before=189479 after=189479
[WatchFace] digital fonts time=vlw text=vlw small=vlw wide=vlw hour=114 minute=115 colon=22
[WatchFace] digital cache time=0/3 internal_bytes=0 items=0/2 psram_bytes=0
[WatchFace] digital fonts time=vlw text=vlw small=vlw wide=vlw hour=114 minute=115 colon=22
[WatchFace] digital cache time=3/3 internal_bytes=59584 items=2/2 psram_bytes=74880
[WatchFace] digital fonts time=vlw text=vlw small=vlw wide=vlw hour=114 minute=115 colon=22
[WatchFace] digital cache time=0/3 internal_bytes=0 items=0/2 psram_bytes=0
[WatchFace] digital fonts time=vlw text=vlw small=vlw wide=vlw hour=114 minute=115 colon=22
[WatchFace] digital cache time=3/3 internal_bytes=59584 items=2/2 psram_bytes=74880
[WatchFace] digital fonts time=vlw text=vlw small=vlw wide=vlw hour=114 minute=115 colon=22
[WatchFace] digital cache time=0/3 internal_bytes=0 items=0/2 psram_bytes=0
[WatchFace] digital fonts time=vlw text=vlw small=vlw wide=vlw hour=114 minute=115 colon=22
[WatchFace] digital cache time=3/3 internal_bytes=59584 items=2/2 psram_bytes=74880
[WatchFace] digital fonts time=vlw text=vlw small=vlw wide=vlw hour=114 minute=115 colon=22
[WatchFace] digital cache time=0/3 internal_bytes=0 items=0/2 psram_bytes=0
[Renderer] element capacity exceeded: full repaint
[WatchFace] digital fonts time=vlw text=vlw small=vlw wide=vlw hour=114 minute=115 colon=22
[WatchFace] digital cache time=3/3 internal_bytes=59584 items=2/2 psram_bytes=74880
[WatchFace] digital fonts time=vlw text=vlw small=vlw wide=vlw hour=114 minute=115 colon=22
[WatchFace] digital cache time=3/3 internal_bytes=59584 items=2/2 psram_bytes=74880
[WatchFace] digital fonts time=vlw text=vlw small=vlw wide=vlw hour=114 minute=115 colon=22
[WatchFace] digital cache time=3/3 internal_bytes=59584 items=2/2 psram_bytes=74880
[WatchFace] digital fonts time=vlw text=vlw small=vlw wide=vlw hour=114 minute=115 colon=22
[WatchFace] digital cache time=3/3 internal_bytes=59584 items=2/2 psram_bytes=74880
[WatchFace] digital fonts time=vlw text=vlw small=vlw wide=vlw hour=114 minute=115 colon=22
[WatchFace] digital cache time=3/3 internal_bytes=59584 items=2/2 psram_bytes=74880
[WatchFace] digital fonts time=vlw text=vlw small=vlw wide=vlw hour=114 minute=115 colon=22
[WatchFace] digital cache time=3/3 internal_bytes=59584 items=2/2 psram_bytes=74880
[WatchFace] digital fonts time=vlw text=vlw small=vlw wide=vlw hour=114 minute=115 colon=22
[WatchFace] digital cache time=3/3 internal_bytes=59584 items=2/2 psram_bytes=74880
[WatchFace] digital fonts time=vlw text=vlw small=vlw wide=vlw hour=114 minute=115 colon=22
[WatchFace] digital cache time=3/3 internal_bytes=59584 items=2/2 psram_bytes=74880
[WatchFace] digital fonts time=vlw text=vlw small=vlw wide=vlw hour=114 minute=115 colon=22
[WatchFace] digital cache time=3/3 internal_bytes=59584 items=2/2 psram_bytes=74880
[WatchFace] digital fonts time=vlw text=vlw small=vlw wide=vlw hour=114 minute=115 colon=22
[WatchFace] digital cache time=3/3 internal_bytes=59584 items=2/2 psram_bytes=74880
[WatchFace] digital fonts time=vlw text=vlw small=vlw wide=vlw hour=114 minute=115 colon=22
[WatchFace] digital cache time=3/3 internal_bytes=59584 items=2/2 psram_bytes=74880
[WatchFace] digital fonts time=vlw text=vlw small=vlw wide=vlw hour=114 minute=115 colon=22
[WatchFace] digital cache time=3/3 internal_bytes=59584 items=2/2 psram_bytes=74880
[WatchFace] digital fonts time=vlw text=vlw small=vlw wide=vlw hour=114 minute=115 colon=22
[WatchFace] digital cache time=3/3 internal_bytes=59584 items=2/2 psram_bytes=74880
[WatchFace] digital fonts time=vlw text=vlw small=vlw wide=vlw hour=114 minute=115 colon=22
[WatchFace] digital cache time=3/3 internal_bytes=59584 items=2/2 psram_bytes=74880
[WatchFace] digital fonts time=vlw text=vlw small=vlw wide=vlw hour=114 minute=115 colon=22
[WatchFace] digital cache time=3/3 internal_bytes=59584 items=2/2 psram_bytes=74880
[WatchFace] digital fonts time=vlw text=vlw small=vlw wide=vlw hour=114 minute=115 colon=22
[WatchFace] digital cache time=3/3 internal_bytes=59584 items=2/2 psram_bytes=74880
[WatchFace] digital fonts time=vlw text=vlw small=vlw wide=vlw hour=114 minute=115 colon=22
[WatchFace] digital cache time=3/3 internal_bytes=59584 items=2/2 psram_bytes=74880
[Verify] lifecycle internal_free_before=189479 after=189479
[Verify] list cache bytes=72496 allocations=28 failures=4 fits=33 renders=233
[Verify] checks=405 mismatches=0 result=PASS
[ShotProbe] red=00f8
[Shot] digital 468 468
[ShotData] /wAA/wAA/wAA/wAA/wAA/wAA/wAA/wAA/wAA/wAA/wAA/wAA/wAA/wAA/wAA/wAA/wAA/wAA/wAA
[ShotData] /wAA/wAA/wAA/wAA/wAA/wAA/wAA/wAA/wAA/wAA/wAA/wAA/wAA/wAA/wAA/wAA/wAA/wAA/wAA
[ShotData] /wAA/wAA/wAA/wAA/wAA/wAA/wAA/wAA/wAA/wAA/wAA/wAA/wAA/wAA/wAA/wAA/wAA/wAA/wAA
[ShotData] /wAA/wAA/wAA/wAA/wAA/wAA/wAA/wAA/wAA/wAA/wAA/wAA/wAA/wAA/wAA/wAA/wAA/wAA/wAA
[ShotData] /wAA/wAA/wAA/wAA/wAA/wAA/wAA/wAA/wAA/wAA/wAA/wAA/wAA/wAA/wAA/wAA/wAA/wAA/wAA
[ShotData] /wAA/wAA/wAA/wAA/wAA/wAA/wAA/wAA/wAA/wAA/wAA/wAA/wAA/wAA/wAA/wAA/wAA/wAA/wAA
[ShotData] /wAA/wAA/wAA/wAA/wAA/wAA/wAA/wAA/wAA/wAA/wAA/wAA/wAA/wAA3gAAAMIpACaFAOi2AGnH
[ShotData] AMi2AAaFAKIpBAAAAGAIAORjAEemAEi/ACi/ACemAKRjAEAIAgAAACAAAKRjAIeuAEi/ACemAGI6
[ShotData] BgAAAGaNAInHAORj/wAAqwAAAONKBonHAMNKAgAAAIAIAGemBYnHAGemAIAIAQAAAIRbBInHAEEh
[ShotData] BAAAAGNCAInHAKiuAEAA/wAAhwAAAONKAEemEInHAEemAONKDQAAAIAIAEi/AYnHAIaVACVsAKaV
[ShotData] AYnHAEi/AGAIAQAAACVsAYnHAOi2AGV0AIV0AAi/AYnHAKV8AQAAAEemAInHAEVsAIAIAGemAInH
[ShotData] AORjAwAAAEAIAKiuAInHAEI6/wAAhwAAAONKFInHAONKDAAAAKNCAYnHAKV8AgAAAOWEAYnHAINC
[ShotData] AQAAAEemAInHAGnHAOEYAQAAACEZAYnHACi/AQAAAEi/AInHAEI6AAAAAMV8AInHAMV8AwAAACVs
[ShotData] AInHAEaN/wAAiAAAAEemAInHAEemAMIpDgAAAMIpAEemAInHAEemDAAAAERTAYnHAONKAgAAACNT
[ShotData] AYnHACNTAQAAAEaNAMedAAaFAwAAAIiuAYnHAEAIAAAAAYnHACI6AAAAAKV8AInHAAaFAgAAAEEh
[ShotData] AGnHAEi/AOEY/wAAiAAAAYnHAMIpEAAAAMIpAYnHDAAAAGI6AYnHAIV0AgAAAMV8AYnHAEI6BwAA
[ShotData] ACAAACi/AInHAGnHAQAAAYnHACI6AAAAAKV8AInHAAaFAgAAAMeVAInHAIRb/wAAiQAAAYnHAQAA
[ShotData] C4nHBAAAAYnHAAAAAWV0CQAAAEAAAKiuAYnHAAaFAKRjACaFAYnHAGeuACAABwAAAGRbAYnHAIaV
[ShotData] AQAAACi/AInHAEI6AAAAAMV8AInHAKV8AQAAAMNKAInHAGemASAAAMRjAGeuACi/AOedAAIy/wAA
[ShotData] gwAAAYnHAQAAC4nHBAAAAYnHAAAAAYnHCgAAACEZAAi3BInHAMi2AAEZBwAAAGI6AonHAOIxAQAA
[ShotData] AEemAInHACVsAIAIAGemAInHAKRjAAAAAIAIAOi2AInHAOIxAAAAAMRjA4nHAGnHAAEZ/wAAggAA
[ShotData] AYnHAQAAC4nHBAAAAYnHAAAAAYnHCgAAAAaFBonHAIV0BgAAAMIpAEi/AYnHAORjAgAAAGRbA4nH
[ShotData] AGnHAAEZAAAAAIV0AInHAMV8AQAAAKiuAInHAARsAIAQAKiuAInHAIRb/wAAggAAAYnHAQAAC4nH
[ShotData] BAAAAYnHAAAAAYnHCQAAAANTAYnHAMeVAEEhAEAAAGEhAOedAYnHAGJCBAAAAEEhAAi/AYnHAMV8
[ShotData] AwAAACAAAORjAKiuAGjHACemACI6AAAAAIEpAInHACi/AKAQAAAAACAAAYnHAAIyAAAAACaNAInH
[ShotData] AGV0/wAAggAAAYnHAQAAC4nHBAAAAYnHAAAAAYnHCQAAAGaNAYnHACEZAgAAAIEpAYnHAMV8AwAA
[ShotData] AMEQAMi2AYnHAGaNACAACgAAAAeeAInHACNTAQAAAEAAAYnHAMIpAAAAAAaFAInHAKV8/wAAggAA
[ShotData] AYnHAQAAC4nHBAAAAYnHAAAAAWV0CQAAAOedAYnHAIAQAgAAAAEZAYnHAEaNAgAAAIAIAEemAYnH
[ShotData] AMedAEAACgAAACNTAInHAAeeAgAAAEAAAYnHAMIpAAAAAAaFAInHAKV8/wAAggAAAYnHAMIpEAAA
[ShotData] AMIpAYnHDAAAACaFAYnHAANLAgAAAGRbAYnHAGV0AQAAAEAAAMeVAYnHAEemAIAICgAAAKAQAAi/
[ShotData] AInHAIEpAwAAAGnHAInHAOIxAAAAACaFAInHAEV0/wAAggAAAEemAInHAEemAMIpDgAAAMIpAEem
[ShotData] AInHAEemDAAAAINCAonHAEaNACVsAEaNAonHAMIxAQAAAMV8AonHAGaNBKV8AGAIBQAAAMV8AInH
[ShotData] AGV0BAAAAIiuAInHAGRbAAAAAEemAInHAERT/wAAggAAAONKFInHAONKDQAAAKV8BonHAARsAgAA
[ShotData] ACemCInHAKAQBAAAAOIxAInHAOi2AIAIBAAAAMRjAYnHAAi/AInHAEi/AMAQ/wAAgwAAAONKAEem
[ShotData] EInHAEemAONKDwAAAINCAIaVAAi/AGnHAAi3AGaNACI6AwAAACemCInHAKAQAwAAACAAAEemAInH
[ShotData] AMNKBQAAACAAAARsAKiuAEi/AOedAOIx/wAA/wAA/wAA/wAA/wAA/wAA/wAA/wAA/wAA/wAA/wAA
[ShotData] /wAA/wAA/wAA/wAA/wAA/wAA/wAA/wAA/wAA/wAA/wAA/wAA/wAA/wAA/wAA/wAA/wAA/wAA/wAA
[ShotData] /wAA/wAA/wAA/wAA/wAA/wAA/wAA8wAAAEUhAM9zAHalAFnGAJvOAFrGAJatABB8AGUpCwAAACQh
[ShotData] ArvOAIYpBwAAAJetDbvOAMtSEAAAAEUhAM9zAHalAFnGAJvOAFrGAJatABB8AGUpBQAAAElCDLvO
[ShotData] AAxbAQAAAElCB7vOAJrGAPi1AJKMAElCDQAAAIIQADF8ArvOAHalBQAAAKYxAFGEANe1AHrGAJrO
[ShotData] APi1ALOMAElK/wAAPwAAACAAAPB7CLvOABB8ACAACQAAAM9zArvOADGEBwAAAJetDbvOAMtSDgAA
[ShotData] ACAAAPB7CLvOABB8ACAAAwAAAElCDLvOAAxbAQAAAElCC7vOADWlAKIQCgAAAKpSADm+A7vOAHal
[ShotData] AwAAACAAAFGEB7vOADWlAKIQ/wAAPQAAAFGECrvOAPB7CAAAACAAADm+ArvOAHrGAGEIBgAAAJet
[ShotData] DbvOAMtSDgAAAFGECrvOAPB7AwAAAElCDLvOAAxbAQAAAElCDLvOAHalACAACAAAADWdBbvOAHal
[ShotData] AwAAAPB7CbvOAFal/wAAPAAAAKYxArvOABm+AOxaAGUpAOMYAGYpAAxbADm+ArvOACUhBwAAAGlK
[ShotData] BLvOAMtSBgAAAEUpA4YxAMcxArvOANOUBIYxAKIQDQAAAKYxArvOABm+AOxaAGUpAOMYAGYpAAxb
[ShotData] ADm+ArvOACUhAgAAAElCArvOAC1jCIYxAKMQAQAAAElCArvOAC1jA4YxAOg5AE1jADm+ArvOAKpS
[ShotData] CAAABrvOAHalAgAAAOQYArvOAJrOAG5rAIYpAEUpAOtaADm+ArvOAElK/wAAOwAAAM9zArvOAAQh
[ShotData] BAAAAGYpArvOAI5rBwAAABWdBLvOAHalCwAAACAAArvOADGEEwAAAM9zArvOAAQhBAAAAGYpArvO
[ShotData] AI5rAgAAAElCArvOAChCCwAAAElCArvOAChCBQAAAGUpArvOANOUCAAAAbvOABi+AElKAPi1AbvO
[ShotData] AHalAgAAAOxaArvOAOxaAwAAAKcxArvOAFGE/wAAOwAAALOUAbvOANi1BgAAAPScAbetAPB7BgAA
[ShotData] AAQZArvOAG5rArvOAGUpCgAAACAAArvOADGEEwAAALOUAbvOANi1BgAAAPScAbetAPB7AgAAAElC
[ShotData] ArvOAChCCwAAAElCArvOAChCBgAAANe1AbvOALetCAAAAHrGAK9zAEEIAAAAAPi1AbvOAHalAgAA
[ShotData] AM9zArvOAMMYBAAAAHrGAbvOADWd/wAAOwAAALOMAbvOAJvOAIIQEAAAAK9zAbvOABm+ACAAAPi1
[ShotData] AbvOABB8CgAAACAAArvOADGEEwAAALOMAbvOAJvOAIIQDAAAAElCArvOAChCCwAAAElCArvOAChC
[ShotData] BgAAAHalAbvOAPi1CAAAAAQhAgAAAPi1AbvOAHalAgAAAPB7ArvOAKIQBAAAADm+AbvOAHal/wAA
[ShotData] OwAAAG5rArvOAJatAChCAEEIDQAAACAAADm+AbvOAM9zAAAAAG5rAbvOAHrGAEEICQAAACAAArvO
[ShotData] ADGEEwAAAG5rArvOAJatAChCAEEICgAAAElCArvOAChCCwAAAElCArvOAChCBQAAAIIQAHrGAbvO
[ShotData] ADWdDAAAAPi1AbvOAHalAgAAAG5rArvOAElKAwAAACQhArvOAPSU/wAAOwAAAOMYAJvOBLvOANe1
[ShotData] ANSUAPBzAKtSAMMYCAAAAElCArvOAEUpAAAAAAQhArvOAKtSCQAAACAAArvOADGEEwAAAOMYAJvO
[ShotData] BLvOANe1ANSUAPBzAKtSAMMYBQAAAElCArvOAC1jB4YxAwAAAElCArvOAChCAwAAAEEIAIYpADWl
[ShotData] ArvOAG5rDAAAAPi1AbvOAHalAgAAAAg6ArvOADm+AGlKAIIQAGEIAOc5ALetArvOAI5r/wAAPAAA
[ShotData] AGlKAJvOCLvOAJOMAKIQBgAAAPScAbvOALetAgAAAFalAbvOAFalCQAAACAAArvOADGEFAAAAGlK
[ShotData] AJvOCLvOAJOMAKIQAwAAAElCC7vOACAAAgAAAElCDLvOAFrGAIIQDAAAAPi1AbvOAHalAgAAACAA
[ShotData] ALetCrvOAGUp/wAAPQAAAEUhAJKMAJrOB7vOABi+AKMQBAAAAOMYArvOAC1jAgAAAOtaArvOAEUh
[ShotData] CAAAACAAArvOADGEFQAAAEUhAJKMAJrOB7vOABi+AKMQAgAAAElCC7vOACAAAgAAAElCC7vOAFrG
[ShotData] AKYxDQAAAPi1AbvOAHalAwAAAEUhADm+CLvOADWd/wAAQAAAAEEIAIYxAKpSAI5rAJKMANi1A7vO
[ShotData] AFGEBAAAAI5rArvOAMMYAgAAAIIQAJvOAbvOAPB7CAAAACAAArvOADGEFwAAAEEIAIYxAKpSAI5r
[ShotData] AJKMANi1A7vOAFGEAgAAAElCC7vOACAAAgAAAElCCbvOAFrGABB8AMMYDgAAAPi1AbvOAHalBAAA
[ShotData] AMMQABB8ADm+AbvOAPi1A7vOAKYx/wAARgAAAAhCAJrOAbvOAHrGACAAAgAAACAAABm+AbvOABWd
[ShotData] BAAAALOUAbvOAFrGAEEIBwAAACAAArvOADGEHQAAAAhCAJrOAbvOAHrGACAAAQAAAElCArvOAChC
[ShotData] CwAAAElCArvOAE1jA8cxAIYpAOQYEQAAAPi1AbvOAHalBwAAAGEIAEEIAOxaArvOAJKM/wAAPAAA
[ShotData] ACAAAsMYAEEIBgAAABB8ArvOAMMYAgAAAChCDLvOAIpKBwAAACAAArvOADGEEgAAACAAAsMYAEEI
[ShotData] BgAAABB8ArvOAMMYAQAAAElCArvOAChCCwAAAElCArvOAChCFwAAAPi1AbvOAHalCAAAAGEIADm+
[ShotData] AbvOAJrOAOMY/wAAPAAAAMMYArvOAC1jBgAAAI5rArvOAKIQAgAAANOUDLvOADWdBwAAACAAArvO
[ShotData] ADGEEgAAAMMYArvOAC1jBgAAAI5rArvOAKIQAQAAAElCArvOAChCCwAAAElCArvOAChCFwAAAPi1
[ShotData] AbvOAHalCAAAAI5rArvOAI5r/wAAPgAAABm+AbvOAPi1AIIQBAAAAEEIAJetAbvOAFrGAgAAAMMY
[ShotData] DrvOACQhBgAAACAAArvOADGEEwAAABm+AbvOAPi1AIIQBAAAAEEIAJetAbvOAFrGAgAAAElCArvO
[ShotData] AChCCwAAAElCArvOAChCFwAAAPi1AbvOAHalBwAAAMMQAHrGAbvOADm+AEEI/wAAPgAAAI5rArvO
[ShotData] APi1AC1jAMc5AEUpAKcxAMtSAJetArvOABB8AgAAAG5rArvOAElCBqIQAMc5ArvOAM9zBgAAACAA
[ShotData] ArvOADGEBgAAAFrGAbvOAElCCAAAAI5rArvOAPi1AC1jAMc5AEUpAKcxAMtSAJetArvOABB8AgAA
[ShotData] AElCArvOAC1jCIYxAKMQAQAAAElCArvOAChCFwAAAPi1AbvOAHalBwAAADGEArvOAKtS/wAAPwAA
[ShotData] AEEIANe1CrvOAPi1AIIQAgAAAPi1AbvOADm+ACAABwAAANe1AbvOADm+ACAABQAAACAAArvOADGE
[ShotData] BgAAAFrGAbvOAElCCAAAAEEIANe1CrvOAPi1AIIQAgAAAElCDLvOAAxbAQAAAElCArvOAChCFwAA
[ShotData] APi1AbvOAHalBgAAACUhArvOAJat/wAAQQAAAMMYADWlCLvOADWdAMMYAgAAAAg6ArvOAM9zCAAA
[ShotData] AG5rArvOAGlKBQAAACAAArvOADGEBgAAAFrGAbvOAElCCQAAAMMYADWlCLvOADWdAMMYAwAAAElC
[ShotData] DLvOAAxbAQAAAElCArvOAChCFwAAAPi1AbvOAHalBgAAAPSUArvOAMcx/wAAQwAAAAg6AFGEALet
[ShotData] AHrGALvOAFrGAJatADF8AOc5BAAAALOMArvOAGUpCAAAAAQZArvOABWdBQAAACAAArvOADGEBgAA
[ShotData] AFrGAbvOAElCCwAAAAg6AFGEALetAHrGALvOAFrGAJatADF8AOc5BQAAAElCDLvOAAxbAQAAAElC
[ShotData] ArvOAChCFwAAAPi1AbvOAHalBQAAAMc5ArvOALOM/wAAdwAAAFrGAbvOAElC/wAAzwAAAFrGAbvO
[ShotData] AOc5/wAAzwAAAFrGAJvOAKpS/wAA0AAAAPi1AMc5/wAA0QAAAOMY/wAA/wAA/wAA/wAA/wAA/wAA
[ShotData] /wAA/wAA/wAA/wAA/wAA/wAA/wAA/wAA/wAA/wAA/wAA/wAA/wAA/wAA/wAA/wAA/wAA/wAA/wAA
[ShotData] /wAA/wAA/wAA/wAA/wAA/wAA/wAA/wAA/wAA/wAA/wAA/wAA/wAA/wAA/wAA/wAA/wAA/wAA/wAA
[ShotData] /wAA/wAA/wAA/wAA/wAA/wAA/wAA/wAA/wAA/wAA/wAA/wAA/wAA/wAA/wAA/wAA/wAA/wAA/wAA
[ShotData] /wAA/wAA/wAA/wAA/wAA/wAA/wAA/wAA/wAA/wAA/wAA/wAA/wAA/wAA/wAA/wAA/wAA/wAA/wAA
[ShotData] /wAA/wAA/wAA/wAA/wAA/wAA/wAA/wAA/wAA/wAA/wAA/wAA/wAA/wAA/wAA/wAA/wAA/wAA/wAA
[ShotData] /wAA/wAA/wAA/wAA/wAA/wAA/wAA/wAA/wAA/wAA/wAA/wAA/wAA/wAA/wAA/wAA/wAA/wAA/wAA
[ShotData] /wAA/wAA/wAA/wAA/wAA/wAA/wAApwAAAIIQAChCAE1rADCEAPOcADSlAHWtABSlALKUAFGMACxj
[ShotData] AAhCAKIQ/wAAwwAAAKYxAFGMALrWDP//ANveAHGMAKYxJgAAAEUpAAxjAJKUALa1ALrWAF3vAL73
[ShotData] AP//AN//AH3vABznADjGADSlAM97AChCAGEI/wAAhwAAAOtaAJrWEv//AFnOAIpSIQAAAIYxAJKU
[ShotData] ABznDv//AN//ANe9AAxjAEEIQAAAAKpSCv//ABjGIgAAAIIQAPOcCf//ALa1/wAABAAAAChCALrW
[ShotData] Fv//AHnOAKYxHQAAAChCADjGFP//AJ73ADCEAIIQPgAAAJrWCv//AAhCIQAAAMtaAF3vCv//ALa1
[ShotData] /wAAAgAAACAAAHGMGv//ABCEGgAAAAQhANe9GP//AH3vAAxjPAAAAIpSCv//ADjGIAAAAOMYALa1
[ShotData] DP//ALa1/wAAAQAAAEEIALa1HP//AJa1AEEIFwAAAOtaAL73G///AJa1AGEIOgAAAHnOCv//AElK
[ShotData] HwAAAI5zAL73Df//ALa1/wAAAQAAADSlHv//ANe9ACAAFQAAAHGMHv//ALrWAAQhOAAAAGlKCv//
[ShotData] AFnOHgAAAIYxAFnOD///ALa1/wAAAAAAAG1rIP//ANOcFAAAAJKUIP//ABznAAQhNwAAAFnOCv//
[ShotData] AGlKHAAAAEEIAFGMAN//EP//ALa1/wAAAKYxAN//If//AIpSEgAAAM97Iv//APveAIIQNQAAAChC
[ShotData] Cv//AJrWHAAAAChCAPveEv//ALa1/wAAABjGIv//ADznAEEIEAAAAAhCJP//ANe9NQAAADjGCv//
[ShotData] AKpSGgAAAIIQABSlFP//ALa1/gAAAElKJP//AO97DwAAAEEIABznJf//AE1rMwAAAAhCCv//ALrW
[ShotData] GgAAAMtaAF3vFf//ALa1/gAAAHnODP//AL73AFWtAOtaAGUpAKIQACAAAKIQAEUpAMtaABSlAJ73
[ShotData] DP//AF3vAEEIDgAAABCED///ALrWAFWtALKUADCEAHGMABSlAPe9AL73Dv//AJ73AKIQMgAAAPe9
[ShotData] Cv//AMtaGQAAANe9F///ALa1/QAAAKYxDP//AFWtAOMYCAAAAKIQAPOcDP//AOtaDQAAAGEIAJ73
[ShotData] DP//ANveAE1rAKIQBgAAACAAAAhCAJa1Df//AFGMMQAAAOc5Cv//ANveGgAAGP//ALa1/QAAAJKU
[ShotData] C///AFGMDAAAAI5zC///ANe9DQAAAI5zDP//AM97DAAAAKYxAPveC///AJ73AEEIMAAAANe9Cv//
[ShotData] AOtaGgAAGP//ALa1/AAAACAAAF3vCv//AHWtDgAAAJKUC///AKIQDAAAAHnOCv//AN//AChCDgAA
[ShotData] AGEIAFnOC///AMtaLwAAAKYxCv//APveACAAGgAAGP//ALa1/AAAAAhCCv//AN//AOMYDgAAAGEI
[ShotData] AF3vCv//AMtaCwAAAAQhC///ACxjEAAAAMMYABznCv//AFWtLwAAALa1Cv//ACxjGwAADP//ALrW
[ShotData] AL73Cf//ALa1/AAAAO97Cv//ADSlEAAAABCECv//APOcCwAAAOtaCv//AFnOEgAAAMtaCv//AF3v
[ShotData] LgAAAIYxCv//ABznACAAGwAACv//AL73AM97ACAAAF3vCf//ALa1/AAAANe9Cv//AGlKEAAAACQh
[ShotData] Cv//ANveCwAAALKUCv//AElKEwAAANveCv//AAQhLQAAAHWtCv//AE1rHAAACf//ANe9AAQhAQAA
[ShotData] AF3vCf//ALa1/AAAAJ73Cf//AN//AEEIEQAAANveCv//ACAACgAAAPe9Cf//AL73ACAAEwAAAHGM
[ShotData] Cv//AChCLAAAAGUpCv//ADznACAAHAAAB///AF3vAMtaAwAAAF3vCf//ALa1+wAAAIIQCv//AHnO
[ShotData] EgAAAPOcCv//AGUpCgAAAPveCf//ANe9FAAAAGlKCv//AAxjLAAAAFWtCv//AI5zHQAABv//ANOc
[ShotData] AIIQBAAAAF3vCf//ALa1+wAAAIYxCv//ABSlEgAAAI5zCv//AGlKCgAAAH3vCf//APOcFAAAAIYx
[ShotData] Cv//AI5zKwAAAEUpCv//AF3vAEEIHQAABP//AJrWAMc5BgAAAF3vCf//ALa1+wAAAIpSCv//AO97
[ShotData] EgAAAGlKCv//ACxjCgAAAN//Cf//AFGMFAAAAOMYCv//AO97KwAAADSlCv//AK5zHgAAAv//AL73
[ShotData] AK5zACAABwAAAF3vCf//ALa1+wAAAAxjCv//AAxjEgAAAIYxCv//AO97CgAACv//ABCEFAAAAMMY
[ShotData] Cv//ABCEKgAAACQhCv//AH3vAGEIHgAAAf//ALa1AAQhCQAAAF3vCf//ALa1+wAAAG1rCv//AGlK
[ShotData] EgAAAOMYCv//AFGMCgAACv//ABCEFAAAAMMYCv//AO97KgAAAPOcCv//AM97HwAAADznAKpSCwAA
[ShotData] AF3vCf//ALa1+wAAAK5zCv//AAhCEgAAAGEICv//AHGMCgAACv//AFGMFAAAAAQhCv//AM97KQAA
[ShotData] AAQhAN//Cf//AH3vAGEIHwAAAGEIDAAAAF3vCf//ALa1+wAAAO97Cv//AMc5EgAAACAACv//ALKU
[ShotData] CgAAAL73Cf//APOcFAAAAKYxCv//AG1rKQAAANOcCv//ABCELgAAAF3vCf//ALa1+wAAABCECv//
[ShotData] AKYxEwAACv//ANOcCgAAAF3vCf//APe9FAAAAIpSCv//AOtaKAAAAOMYAN//Cf//AJ73AIIQLgAA
[ShotData] AF3vCf//ALa1+wAAABCECv//AKYxEwAACv//ANOcCgAAAHnOCf//AL73AEEIEwAAAJKUCv//AOc5
[ShotData] KAAAALKUCv//ADCELwAAAF3vCf//ALa1+wAAABCECv//AKYxEwAACv//ANOcCgAAAHWtCv//AKpS
[ShotData] EwAAAPveCv//AMMYJwAAAMMYAL73Cf//AL73AKIQLwAAAF3vCf//ALa1+wAAABCECv//AKYxEwAA
[ShotData] Cv//ANOcCgAAAM97Cv//ALrWEgAAAOtaCv//ADznCQAAAIIQC+MYEQAAAHGMCv//AHGMMAAAAF3v
[ShotData] Cf//ALa1+wAAABCECv//AKYxEwAACv//ANOcCgAAAOc5C///AFGMEAAAAMMYADznCv//AHWtCQAA
[ShotData] ALa1C///EAAAAKIQAL73Cf//AL73AMMYBgAAAKIQCcMYAIIQHQAAAF3vCf//ALa1+wAAABCECv//
[ShotData] AKYxEwAACv//ANOcCgAAACAAAH3vC///AK5zDgAAAIIQAHnOC///AAxjCQAAALa1C///EAAAAFGM
[ShotData] Cv//AJKUBwAAAF3vCf//ALa1HQAAAF3vCf//ALa1+wAAABCECv//AKYxEwAACv//ANOcCwAAANOc
[ShotData] DP//ADSlAIIQCwAAAMc5ABznDP//AKIQCQAAALa1C///DwAAAIIQAJ73Cf//AN//AMMYBwAAAF3v
[ShotData] Cf//ALa1HQAAAF3vCf//ALa1+wAAABCECv//AKYxEwAACv//ANOcCwAAAEUpDf//AJ73AJKUAKYx
[ShotData] ACAABQAAAGEIAGlKANe9Df//ALa1CgAAALa1C///DwAAADCECv//ALKUCAAAAF3vCf//ALa1HQAA
[ShotData] AF3vCf//ALa1+wAAABCECv//AKYxEwAACv//ANOcDAAAAJa1D///AJ73ADjGAJa1ABSlADSlANe9
[ShotData] ALrWEP//AIpSCgAAALa1C///DgAAAIIQAJ73Cf//AN//AOMYCAAAAF3vCf//ALa1HQAAAF3vCf//
[ShotData] ALa1+wAAABCECv//AKYxEwAACv//ANOcDAAAACQhAN//Jf//ABznACAACgAAALa1C///DgAAAO97
[ShotData] Cv//APOcCQAAAF3vCf//ALa1HQAAAF3vCf//ALa1+wAAABCECv//AKYxEwAACv//ANOcDQAAAM97
[ShotData] Jf//AG1rCwAAALa1C///DQAAAGEIAH3vCv//AAQhCQAAAF3vCf//ALa1HQAAAF3vCf//ALa1+wAA
[ShotData] ABCECv//AKYxEwAACv//ANOcDgAAANe9I///AF3vAEEICwAAALa1C///DQAAAM97Cv//ABSlCgAA
[ShotData] AF3vCf//ALa1HQAAAF3vCf//ALa1+wAAABCECv//AKYxEwAACv//ANOcDgAAAGEIAJrWIv//AI5z
[ShotData] DAAAALa1C///DAAAAEEIAF3vCv//AEUpCgAAAF3vCf//ALa1HQAAAF3vCf//ALa1+wAAABCECv//
[ShotData] AKYxEwAACv//ANOcDwAAAMMYAJrWIP//ABznAEEIDAAAALa1C///DAAAAK5zCv//ADSlCwAAAF3v
[ShotData] Cf//ALa1HQAAAF3vCf//ALa1+wAAABCECv//AKYxEwAACv//ANOcEAAAAIIQAPe9H///AAxjDQAA
[ShotData] ALa1C///CwAAAEEIAF3vCv//AGUpCwAAAF3vCf//ALa1HQAAAF3vCf//ALa1+wAAABCECv//AKYx
[ShotData] EwAACv//ANOcEgAAABCEAN//HP//AFnODgAAALa1C///CwAAAG1rCv//AHWtDAAAAF3vCf//ALa1
[ShotData] HQAAAF3vCf//ALa1+wAAABCECv//AKYxEwAACv//ANOcEwAAAEUpANe9G///AMc5DgAAALa1C///
[ShotData] CgAAACAAADznCv//AIYxDAAAAF3vCf//ALa1HQAAAF3vCf//ALa1+wAAABCECv//AKYxEwAACv//
[ShotData] ANOcFQAAAIYxAPOcAH3vF///ABSlJwAAAE1rCv//AJa1DQAAAF3vCf//ALa1HQAAAF3vCf//ALa1
[ShotData] +wAAABCECv//AKYxEwAACv//ANOcFwAAACAAAAhCAO97AHWtAJrWAF3vAL73AP//AJ73ADznAHnO
[ShotData] ADSlABznCv//AJ73AMMYJgAAACAAABznCv//AKYxDQAAAF3vCf//ALa1HQAAAF3vCf//ALa1+wAA
[ShotData] AO97Cv//AKYxEwAACv//ALKUIgAAAKYxC///AG1rJwAAACxjCv//ANe9DgAAAF3vCf//ALa1HQAA
[ShotData] AF3vCf//ALa1+wAAAM97Cv//AMc5EgAAAEEICv//ALKUIgAAAHnOCv//AJrWJwAAACAAAPveCv//
[ShotData] AMc5DgAAAF3vCf//ALa1HQAAAF3vCf//ALa1+wAAAK5zCv//AAhCEgAAAIIQCv//AJKUIQAAAE1r
[ShotData] C///AOc5JwAAAOtaCv//APe9DwAAAF3vCf//ALa1HQAAAF3vCf//ALa1+wAAAG1rCv//AIpSEgAA
[ShotData] AAQhCv//ADCEIAAAAKIQAH3vCv//ABSlKAAAANveLv//ALa1FQAAAF3vCf//ALa1+wAAAMtaCv//
[ShotData] AE1rEgAAAMc5Cv//AK5zIAAAABSlCv//AJ73AKIQJwAAAIYxL///ALa1FQAAAF3vCf//ALa1+wAA
[ShotData] AAhCCv//ADCEEgAAAKpSCv//AMtaHwAAAOc5C///AG1rKAAAAKYxL///ALa1FQAAAF3vCf//ALa1
[ShotData] +wAAAEUpCv//AHWtEgAAAO97Cv//AMc5HgAAACAAALrWCv//AHnOKQAAAKYxL///ALa1FQAAAF3v
[ShotData] Cf//ALa1+wAAACAAAN//Cf//APveEgAAAHWtCv//AKIQHgAAAK5zC///AMc5FAAAACQhC6YxBwAA
[ShotData] AKYxL///ALa1FQAAAF3vCf//ALa1/AAAANveCv//AMMYEQAAAH3vCf//AH3vHgAAAOMYAJ73Cv//
[ShotData] APOcFQAAALa1C///BwAAAKYxL///ALa1FQAAAF3vCf//ALa1/AAAADSlCv//ACxjEAAAAOc5Cv//
[ShotData] ANe9HgAAAHWtCv//AH3vAKIQFQAAALa1C///BwAAAKYxL///ALa1FQAAAF3vCf//ALa1/AAAAE1r
[ShotData] Cv//ADjGEAAAABSlCv//ADCEHQAAAElKC///AE1rFgAAALa1C///BwAAAKYxL///ALa1FQAAAF3v
[ShotData] Cf//ALa1/AAAACQhC///AOc5DgAAACQhAN//Cv//AChCHAAAACAAANveCv//AHnOFwAAALa1C///
[ShotData] BwAAAKYxL///ALa1FQAAAF3vCf//ALa1/QAAALrWCv//ALrWAGEIDAAAACAAABjGCv//AJ73ACAA
[ShotData] HAAAAO97C///AMc5FwAAALa1C///BwAAAKYxL///ALa1FQAAAF3vCf//ALa1/QAAABCEC///ABjG
[ShotData] AEEICgAAACAAAFWtC///ADSlHAAAAAQhAL73Cv//APOcGAAAALa1C///BwAAACQhHLa1AN//Cf//
[ShotData] AF3vBra1AO97FQAAAF3vCf//ALa1/QAAAAQhDP//APveAElKCAAAAMc5AJrWDP//AKYxHAAAALa1
[ShotData] Cv//AH3vAKIQGAAAALa1C///JQAAAF3vCf//ALa1HQAAAF3vCf//ALa1/gAAAJa1Df//ABznAJKU
[ShotData] AAxjAElKAMc5AElKAOtaAFGMANveDf//ABjGHAAAAIpSC///AE1rGQAAALa1C///JQAAAF3vCf//
[ShotData] ALa1HQAAAF3vCf//ALa1/gAAAKYxJP//AKYxGwAAAEEIABznCv//AHnOGgAAALa1C///JQAAAF3v
[ShotData] Cf//ALa1HQAAAF3vCf//ALa1/wAAAFWtIv//APOcHAAAAFGMC///AKYxGgAAALa1C///JQAAAF3v
[ShotData] Cf//ALa1HQAAAF3vCf//ALa1/wAAAKIQAF3vIP//ABznAKIQGwAAAEUpAN//Cv//ANOcGwAAALa1
[ShotData] C///JQAAAF3vCf//ALa1HQAAAF3vCf//ALa1/wAAAAAAAMc5AL73Hv//AN//AMc5HAAAAPe9Cv//
[ShotData] AH3vAIIQGwAAALa1C///JQAAAF3vCf//ALa1HQAAAF3vCf//ALa1/wAAAQAAAElKAN//Hf//ACxj
[ShotData] HAAAAOtaC///ACxjHAAAALa1C///JQAAAF3vCf//ALa1HQAAAF3vCf//ALa1/wAAAgAAAIpSAJ73
[ShotData] Gv//AN//AMtaHAAAAGEIAF3vCv//AFnOUAAAAF3vCf//ALa1HQAAAF3vCf//ALa1/wAAAwAAAAQh
[ShotData] AFnOGP//ADznAChCHQAAALKUC///AKYxUAAAAF3vCf//ALa1HQAAAF3vCf//ALa1/wAABAAAACAA
[ShotData] AO97AL73FP//AN//AJKUAIIQHQAAAIYxC///ANOcUQAAAF3vCf//ALa1HQAAAF3vCf//ALa1/wAA
[ShotData] BgAAAKIQAFGMAH3vEP//AF3vAHGMAOMYHwAAAFnOCv//AH3vAIIQUQAAAF3vCf//ALa1HQAAAF3v
[ShotData] Cf//ALa1/wAACAAAAEEIAKpSADSlABznCv//APveANOcAGlKACAAIAAAACxjC///ACxjUgAAAF3v
[ShotData] Cf//ALa1HQAAAF3vCf//ALa1/wAADAAAAGEIAKYxAMtaACxjAI5zAO97AK5zAG1rAKpSAMc5AGEI
[ShotData] /wAA/wAA/wAA/wAA/wAA/wAA/wAA/wAA/wAA/wAA/wAA/wAA/wAA/wAA/wAA/wAA/wAA/wAA/wAA
[ShotData] /wAA/wAA/wAA/wAA/wAA/wAA/wAA/wAA/wAA/wAA/wAA/wAA/wAA/wAA/wAA/wAA/wAA/wAA/wAA
[ShotData] /wAA/wAA/wAA/wAA/wAA/wAA/wAA/wAA/wAA/wAA/wAA/wAA/wAA/wAA/wAA/wAA/wAA/wAA/wAA
[ShotData] /wAA/wAA/wAA/wAA/wAA/wAA/wAA/wAA/wAA/wAA/wAA/wAA/wAA/wAA/wAA/wAA/wAA/wAA/wAA
[ShotData] /wAA/wAA/wAA/wAA/wAA/wAA/wAA/wAA/wAA/wAA/wAA/wAA/wAA/wAA/wAA/wAA/wAA/wAA/wAA
[ShotData] /wAA/wAA/wAA/wAA/wAA/wAA/wAA/wAA/wAA/wAA/wAA/wAA/wAA/wAA/wAA/wAA/wAA/wAA/wAA
[ShotData] /wAA/wAA/wAA/wAA/wAA/wAA/wAA/wAA/wAA/wAA/wAA/wAA/wAA/wAA/wAA/wAA/wAA/wAA/wAA
[ShotData] /wAA/wAA/wAA/wAA/wAA/wAA/wAA/wAA/wAA/wAA/wAA/wAA/wAA/wAA/wAA/wAA/wAA/wAA/wAA
[ShotData] /wAA/wAA/wAA/wAA/wAAiAAABYnHAwAABYnH/wAAwwAABYnHAwAABYnH/wAAwwAABYnHAwAABYnH
[ShotData] /wAAwwAABYnHAwAABYnH/wAAwwAABYnHAwAABYnH/wAAwwAABYnHAwAABYnH/wAA/wAA/wAA/wAA
[ShotData] /wAA/wAA/wAA/wAA/wAAEwAABYnHAwAABYnH/wAAwwAABYnHAwAABYnH/wAAwwAABYnHAwAABYnH
[ShotData] /wAAwwAABYnHAwAABYnH/wAAwwAABYnHAwAABYnH/wAAwwAABYnHAwAABYnH/wAA/wAA/wAA/wAA
[ShotData] /wAA/wAA/wAA/wAA/wAA/wAA/wAA/wAA/wAA/wAA/wAA/wAA/wAA/wAAKQAAAFJ8APSMADF8BgAA
[ShotData] AG5jBfSMALOEABB0AIpCAEEIAgAAAG5jBfSMALOEABB0AIpCAEEIBAAAAIYpAG5jAHJ8ANSMALOE
[ShotData] APBzAIpCAEEI/wAAogAAAEUhAvSMAEUhBQAAAG5jCPSMAFF8AIIIAQAAAG5jCPSMAFF8AIIIAgAA
[ShotData] AE1bBvSMAHJ8AKIQ/wAAoQAAAE1bAvSMAC1bBQAAAG5jAfSMAE1bAuxSAE1bALOEAfSMAI5jAQAA
[ShotData] AG5jAfSMAE1bAuxSAE1bALOEAfSMAI5jAQAAAElCAfSMALOEAC1bAIpKAOxSAFJ8AfSMAM9r/wAA
[ShotData] oAAAAGEIANSMAvSMANOEAEEIBAAAAG5jAfSMAOMYAwAAAKIQALOEAfSMAGEIAAAAAG5jAfSMAOMY
[ShotData] AwAAAKIQALOEAfSMAGEIAAAAADF0APSMANSMAMMQAgAAACAAAPBrAfSMAMMQ/wAAnwAAACk6AfSM
[ShotData] AOxSAfSMAAg6BAAAAG5jAfSMAOMYBAAAAE5bAfSMACQhAAAAAG5jAfSMAOMYBAAAAE5bAfSMACQh
[ShotData] AAAAAfSMADF0BAAAAIYpAU1bAAQZ/wAAnwAAABF0APSMAJJ8ACAAAJOEAPSMAPBzBAAAAG5jAfSM
[ShotData] AOMYBAAAAE1bAfSMACUhAAAAAG5jAfSMAOMYBAAAAE1bAfSMACUhAAAAALOEAPSMANSMAAQZ/wAA
[ShotData] pgAAAAQZAfSMAMtSAAAAAAxTAfSMAOQYAwAAAG5jAfSMAOMYAwAAAIIIAJOEAfSMAGIIAAAAAG5j
[ShotData] AfSMAOMYAwAAAIIIAJOEAfSMAGIIAAAAAE1bAvSMAI9jAIpKAMcxAAQZACAA/wAAoQAAAAxTAfSM
[ShotData] AAQZAAAAAEUhAfSMAOxSAwAAAG5jAfSMAG5bAgxTAG5bALOEAfSMAI5jAQAAAG5jAfSMAG5bAgxT
[ShotData] AG5bALOEAfSMAI5jAQAAAIIQAHJ8BfSMALOEAOxSAEEI/wAAngAAACAAALOEAPSMAFJ8AgAAAHJ8
[ShotData] APSMALOEACAAAgAAAG5jCPSMAFF8AIIIAQAAAG5jCPSMAFF8AIIIAgAAAEEIAIpKAFF8BfSMABB0
[ShotData] ACAA/wAAnQAAAOcxAfSMAIpKAgAAAKtKAfSMAMcxAgAAAG5jBfSMALOEAPBzAGpCAEEIAgAAAG5j
[ShotData] BfSMALOEAPBzAGpCAEEIBgAAAEEIAOQYAKcxAOxSANSMAfSMAOg5/wAAnQAAAM9rAfSMAAxTAmpC
[ShotData] AAxbAfSMAK9rAgAAAG5jAfSMAOMYCQAAAG5jAfSMAOMYEQAAAOgxAfSMAA1b/wAAnAAAAMMQCvSM
[ShotData] AKIQAQAAAG5jAfSMAOMYCQAAAG5jAfSMAOMYCAAAAGYpAXJ8ACk6BAAAAOQYAfSMAC1b/wAAnAAA
[ShotData] AKtKCvSMAIpKAQAAAG5jAfSMAOMYCQAAAG5jAfSMAOMYCAAAAIIQAfSMAHJ8AIIIAwAAAMtKAfSM
[ShotData] AGpC/wAAnAAAAJJ8AfSMAGIIBAAAAIIIAfSMAHJ8AQAAAG5jAfSMAOMYCQAAAG5jAfSMAOMYCQAA
[ShotData] AG5jAfSMANOEAG5jAMtSAAxTADF0AfSMANOEAKIQ/wAAmwAAAIYpAfSMAI5jBgAAAK9jAfSMAIYp
[ShotData] AAAAAG5jAfSMAOMYCQAAAG5jAfSMAOMYCQAAAGEIABB0BvSMANOEAKYp/wAAnAAAAI5jAfSMAMcx
[ShotData] BgAAAMcxAfSMAG5jAAAAAG5jAfSMAOMYCQAAAG5jAfSMAOMYCgAAACAAACg6AM9rAJOEAPSMALOE
[ShotData] ABB0AKtKAKIQ/wAA/wAA/wAA/wAA/wAA/wAA/wAA/wAA/wAA/wAA/wAA/wAA/wAA/wAA/wAA/wAA
[ShotData] /wAA/wAA/wAA/wAA/wAA/wAA/wAA/wAA/wAA/wAA/wAA/wAA/wAA/wAA/wAA/wAA/wAA/wAA/wAA
[ShotData] /wAA/wAA/wAA/wAA/wAA/wAA/wAA/wAA/wAA/wAA/wAA/wAA/wAA/wAA/wAA/wAA/wAA/wAA/wAA
[ShotData] /wAA/wAA/wAA/wAA/wAA/wAA/wAA/wAA/wAA/wAA/wAA/wAA/wAA/wAA/wAA/wAA/wAA/wAA/wAA
[ShotData] /wAA/wAA/wAA/wAA/wAA/wAA/wAA/wAA/wAA/wAA/wAA/wAA/wAA/wAA/wAA/wAA/wAA/wAA/wAA
[ShotData] /wAA/wAA/wAA/wAA/wAA/wAA/wAA/wAA/wAA/wAA/wAA/wAA/wAA/wAA/wAA/wAA/wAA/wAA/wAA
[ShotData] /wAA/wAA/wAA/wAA/wAA/wAA/wAA/wAA/wAA/wAA/wAA/wAA/wAA/wAA/wAA/wAA/wAAxwAA
[ShotEnd] digital bytes=13449
[Shot] digital-items 468 468
[ShotData] /wAA/wAA/wAA/wAA/wAA/wAA/wAA/wAA/wAA/wAA/wAA/wAA/wAA/wAA/wAA/wAA/wAA/wAA/wAA
[ShotData] /wAA/wAA/wAA/wAA/wAA/wAA/wAA/wAA/wAA/wAA/wAA/wAA/wAA/wAA/wAA/wAA/wAA/wAA/wAA
[ShotData] /wAA/wAA/wAA/wAA/wAA/wAA/wAA/wAA/wAA/wAA/wAA/wAA/wAA/wAA/wAA/wAA/wAA/wAA/wAA
[ShotData] /wAA/wAA/wAA/wAA/wAA/wAA/wAA/wAA/wAA/wAA/wAA/wAA/wAA/wAA/wAA/wAA/wAA/wAA/wAA
[ShotData] /wAA/wAA/wAA/wAA/wAA/wAA/wAA/wAA/wAA/wAA/wAA/wAA/wAA/wAA/wAA/wAA/wAA/wAA/wAA
[ShotData] 9gAAAMIpACaFAOi2AGnHAMi2AAaFAKIpBAAAAGAIAORjAEemAEi/ACi/ACemAKRjAEAIAgAAACAA
[ShotData] AKRjAIeuAEi/ACemAGI6BgAAAGaNAInHAORj/wAAqwAAAONKBonHAMNKAgAAAIAIAGemBYnHAGem
[ShotData] AIAIAQAAAIRbBInHAEEhBAAAAGNCAInHAKiuAEAA/wAAhwAAAONKAEemEInHAEemAONKDQAAAIAI
[ShotData] AEi/AYnHAIaVACVsAKaVAYnHAEi/AGAIAQAAACVsAYnHAOi2AGV0AIV0AAi/AYnHAKV8AQAAAEem
[ShotData] AInHAEVsAIAIAGemAInHAORjAwAAAEAIAKiuAInHAEI6/wAAhwAAAONKFInHAONKDAAAAKNCAYnH
[ShotData] AKV8AgAAAOWEAYnHAINCAQAAAEemAInHAGnHAOEYAQAAACEZAYnHACi/AQAAAEi/AInHAEI6AAAA
[ShotData] AMV8AInHAMV8AwAAACVsAInHAEaN/wAAiAAAAEemAInHAEemAMIpDgAAAMIpAEemAInHAEemDAAA
[ShotData] AERTAYnHAONKAgAAACNTAYnHACNTAQAAAEaNAMedAAaFAwAAAIiuAYnHAEAIAAAAAYnHACI6AAAA
[ShotData] AKV8AInHAAaFAgAAAEEhAGnHAEi/AOEY/wAAiAAAAYnHAMIpEAAAAMIpAYnHDAAAAGI6AYnHAIV0
[ShotData] AgAAAMV8AYnHAEI6BwAAACAAACi/AInHAGnHAQAAAYnHACI6AAAAAKV8AInHAAaFAgAAAMeVAInH
[ShotData] AIRb/wAAiQAAAYnHAQAAC4nHBAAAAYnHAAAAAWV0CQAAAEAAAKiuAYnHAAaFAKRjACaFAYnHAGeu
[ShotData] ACAABwAAAGRbAYnHAIaVAQAAACi/AInHAEI6AAAAAMV8AInHAKV8AQAAAMNKAInHAGemASAAAMRj
[ShotData] AGeuACi/AOedAAIy/wAAgwAAAYnHAQAAC4nHBAAAAYnHAAAAAYnHCgAAACEZAAi3BInHAMi2AAEZ
[ShotData] BwAAAGI6AonHAOIxAQAAAEemAInHACVsAIAIAGemAInHAKRjAAAAAIAIAOi2AInHAOIxAAAAAMRj
[ShotData] A4nHAGnHAAEZ/wAAggAAAYnHAQAAC4nHBAAAAYnHAAAAAYnHCgAAAAaFBonHAIV0BgAAAMIpAEi/
[ShotData] AYnHAORjAgAAAGRbA4nHAGnHAAEZAAAAAIV0AInHAMV8AQAAAKiuAInHAARsAIAQAKiuAInHAIRb
[ShotData] /wAAggAAAYnHAQAAC4nHBAAAAYnHAAAAAYnHCQAAAANTAYnHAMeVAEEhAEAAAGEhAOedAYnHAGJC
[ShotData] BAAAAEEhAAi/AYnHAMV8AwAAACAAAORjAKiuAGjHACemACI6AAAAAIEpAInHACi/AKAQAAAAACAA
[ShotData] AYnHAAIyAAAAACaNAInHAGV0/wAAggAAAYnHAQAAC4nHBAAAAYnHAAAAAYnHCQAAAGaNAYnHACEZ
[ShotData] AgAAAIEpAYnHAMV8AwAAAMEQAMi2AYnHAGaNACAACgAAAAeeAInHACNTAQAAAEAAAYnHAMIpAAAA
[ShotData] AAaFAInHAKV8/wAAggAAAYnHAQAAC4nHBAAAAYnHAAAAAWV0CQAAAOedAYnHAIAQAgAAAAEZAYnH
[ShotData] AEaNAgAAAIAIAEemAYnHAMedAEAACgAAACNTAInHAAeeAgAAAEAAAYnHAMIpAAAAAAaFAInHAKV8
[ShotData] /wAAggAAAYnHAMIpEAAAAMIpAYnHDAAAACaFAYnHAANLAgAAAGRbAYnHAGV0AQAAAEAAAMeVAYnH
[ShotData] AEemAIAICgAAAKAQAAi/AInHAIEpAwAAAGnHAInHAOIxAAAAACaFAInHAEV0/wAAggAAAEemAInH
[ShotData] AEemAMIpDgAAAMIpAEemAInHAEemDAAAAINCAonHAEaNACVsAEaNAonHAMIxAQAAAMV8AonHAGaN
[ShotData] BKV8AGAIBQAAAMV8AInHAGV0BAAAAIiuAInHAGRbAAAAAEemAInHAERT/wAAggAAAONKFInHAONK
[ShotData] DQAAAKV8BonHAARsAgAAACemCInHAKAQBAAAAOIxAInHAOi2AIAIBAAAAMRjAYnHAAi/AInHAEi/
[ShotData] AMAQ/wAAgwAAAONKAEemEInHAEemAONKDwAAAINCAIaVAAi/AGnHAAi3AGaNACI6AwAAACemCInH
[ShotData] AKAQAwAAACAAAEemAInHAMNKBQAAACAAAARsAKiuAEi/AOedAOIx/wAA/wAA/wAA/wAA/wAA/wAA
[ShotData] /wAA/wAA/wAA/wAA/wAA/wAA/wAA/wAA/wAA/wAA/wAA/wAA/wAA/wAA/wAA/wAA/wAA/wAA/wAA
[ShotData] /wAA/wAA/wAA/wAA/wAA/wAA/wAA/wAA/wAA/wAA/wAA/wAA8wAAAEUhAM9zAHalAFnGAJvOAFrG
[ShotData] AJatABB8AGUpCwAAACQhArvOAIYpBwAAAJetDbvOAMtSEAAAAEUhAM9zAHalAFnGAJvOAFrGAJat
[ShotData] ABB8AGUpBQAAAElCDLvOAAxbAQAAAElCB7vOAJrGAPi1AJKMAElCDQAAAIIQADF8ArvOAHalBQAA
[ShotData] AKYxAFGEANe1AHrGAJrOAPi1ALOMAElK/wAAPwAAACAAAPB7CLvOABB8ACAACQAAAM9zArvOADGE
[ShotData] BwAAAJetDbvOAMtSDgAAACAAAPB7CLvOABB8ACAAAwAAAElCDLvOAAxbAQAAAElCC7vOADWlAKIQ
[ShotData] CgAAAKpSADm+A7vOAHalAwAAACAAAFGEB7vOADWlAKIQ/wAAPQAAAFGECrvOAPB7CAAAACAAADm+
[ShotData] ArvOAHrGAGEIBgAAAJetDbvOAMtSDgAAAFGECrvOAPB7AwAAAElCDLvOAAxbAQAAAElCDLvOAHal
[ShotData] ACAACAAAADWdBbvOAHalAwAAAPB7CbvOAFal/wAAPAAAAKYxArvOABm+AOxaAGUpAOMYAGYpAAxb
[ShotData] ADm+ArvOACUhBwAAAGlKBLvOAMtSBgAAAEUpA4YxAMcxArvOANOUBIYxAKIQDQAAAKYxArvOABm+
[ShotData] AOxaAGUpAOMYAGYpAAxbADm+ArvOACUhAgAAAElCArvOAC1jCIYxAKMQAQAAAElCArvOAC1jA4Yx
[ShotData] AOg5AE1jADm+ArvOAKpSCAAABrvOAHalAgAAAOQYArvOAJrOAG5rAIYpAEUpAOtaADm+ArvOAElK
[ShotData] /wAAOwAAAM9zArvOAAQhBAAAAGYpArvOAI5rBwAAABWdBLvOAHalCwAAACAAArvOADGEEwAAAM9z
[ShotData] ArvOAAQhBAAAAGYpArvOAI5rAgAAAElCArvOAChCCwAAAElCArvOAChCBQAAAGUpArvOANOUCAAA
[ShotData] AbvOABi+AElKAPi1AbvOAHalAgAAAOxaArvOAOxaAwAAAKcxArvOAFGE/wAAOwAAALOUAbvOANi1
[ShotData] BgAAAPScAbetAPB7BgAAAAQZArvOAG5rArvOAGUpCgAAACAAArvOADGEEwAAALOUAbvOANi1BgAA
[ShotData] APScAbetAPB7AgAAAElCArvOAChCCwAAAElCArvOAChCBgAAANe1AbvOALetCAAAAHrGAK9zAEEI
[ShotData] AAAAAPi1AbvOAHalAgAAAM9zArvOAMMYBAAAAHrGAbvOADWd/wAAOwAAALOMAbvOAJvOAIIQEAAA
[ShotData] AK9zAbvOABm+ACAAAPi1AbvOABB8CgAAACAAArvOADGEEwAAALOMAbvOAJvOAIIQDAAAAElCArvO
[ShotData] AChCCwAAAElCArvOAChCBgAAAHalAbvOAPi1CAAAAAQhAgAAAPi1AbvOAHalAgAAAPB7ArvOAKIQ
[ShotData] BAAAADm+AbvOAHal/wAAOwAAAG5rArvOAJatAChCAEEIDQAAACAAADm+AbvOAM9zAAAAAG5rAbvO
[ShotData] AHrGAEEICQAAACAAArvOADGEEwAAAG5rArvOAJatAChCAEEICgAAAElCArvOAChCCwAAAElCArvO
[ShotData] AChCBQAAAIIQAHrGAbvOADWdDAAAAPi1AbvOAHalAgAAAG5rArvOAElKAwAAACQhArvOAPSU/wAA
[ShotData] OwAAAOMYAJvOBLvOANe1ANSUAPBzAKtSAMMYCAAAAElCArvOAEUpAAAAAAQhArvOAKtSCQAAACAA
[ShotData] ArvOADGEEwAAAOMYAJvOBLvOANe1ANSUAPBzAKtSAMMYBQAAAElCArvOAC1jB4YxAwAAAElCArvO
[ShotData] AChCAwAAAEEIAIYpADWlArvOAG5rDAAAAPi1AbvOAHalAgAAAAg6ArvOADm+AGlKAIIQAGEIAOc5
[ShotData] ALetArvOAI5r/wAAPAAAAGlKAJvOCLvOAJOMAKIQBgAAAPScAbvOALetAgAAAFalAbvOAFalCQAA
[ShotData] ACAAArvOADGEFAAAAGlKAJvOCLvOAJOMAKIQAwAAAElCC7vOACAAAgAAAElCDLvOAFrGAIIQDAAA
[ShotData] APi1AbvOAHalAgAAACAAALetCrvOAGUp/wAAPQAAAEUhAJKMAJrOB7vOABi+AKMQBAAAAOMYArvO
[ShotData] AC1jAgAAAOtaArvOAEUhCAAAACAAArvOADGEFQAAAEUhAJKMAJrOB7vOABi+AKMQAgAAAElCC7vO
[ShotData] ACAAAgAAAElCC7vOAFrGAKYxDQAAAPi1AbvOAHalAwAAAEUhADm+CLvOADWd/wAAQAAAAEEIAIYx
[ShotData] AKpSAI5rAJKMANi1A7vOAFGEBAAAAI5rArvOAMMYAgAAAIIQAJvOAbvOAPB7CAAAACAAArvOADGE
[ShotData] FwAAAEEIAIYxAKpSAI5rAJKMANi1A7vOAFGEAgAAAElCC7vOACAAAgAAAElCCbvOAFrGABB8AMMY
[ShotData] DgAAAPi1AbvOAHalBAAAAMMQABB8ADm+AbvOAPi1A7vOAKYx/wAARgAAAAhCAJrOAbvOAHrGACAA
[ShotData] AgAAACAAABm+AbvOABWdBAAAALOUAbvOAFrGAEEIBwAAACAAArvOADGEHQAAAAhCAJrOAbvOAHrG
[ShotData] ACAAAQAAAElCArvOAChCCwAAAElCArvOAE1jA8cxAIYpAOQYEQAAAPi1AbvOAHalBwAAAGEIAEEI
[ShotData] AOxaArvOAJKM/wAAPAAAACAAAsMYAEEIBgAAABB8ArvOAMMYAgAAAChCDLvOAIpKBwAAACAAArvO
[ShotData] ADGEEgAAACAAAsMYAEEIBgAAABB8ArvOAMMYAQAAAElCArvOAChCCwAAAElCArvOAChCFwAAAPi1
[ShotData] AbvOAHalCAAAAGEIADm+AbvOAJrOAOMY/wAAPAAAAMMYArvOAC1jBgAAAI5rArvOAKIQAgAAANOU
[ShotData] DLvOADWdBwAAACAAArvOADGEEgAAAMMYArvOAC1jBgAAAI5rArvOAKIQAQAAAElCArvOAChCCwAA
[ShotData] AElCArvOAChCFwAAAPi1AbvOAHalCAAAAI5rArvOAI5r/wAAPgAAABm+AbvOAPi1AIIQBAAAAEEI
[ShotData] AJetAbvOAFrGAgAAAMMYDrvOACQhBgAAACAAArvOADGEEwAAABm+AbvOAPi1AIIQBAAAAEEIAJet
[ShotData] AbvOAFrGAgAAAElCArvOAChCCwAAAElCArvOAChCFwAAAPi1AbvOAHalBwAAAMMQAHrGAbvOADm+
[ShotData] AEEI/wAAPgAAAI5rArvOAPi1AC1jAMc5AEUpAKcxAMtSAJetArvOABB8AgAAAG5rArvOAElCBqIQ
[ShotData] AMc5ArvOAM9zBgAAACAAArvOADGEBgAAAFrGAbvOAElCCAAAAI5rArvOAPi1AC1jAMc5AEUpAKcx
[ShotData] AMtSAJetArvOABB8AgAAAElCArvOAC1jCIYxAKMQAQAAAElCArvOAChCFwAAAPi1AbvOAHalBwAA
[ShotData] ADGEArvOAKtS/wAAPwAAAEEIANe1CrvOAPi1AIIQAgAAAPi1AbvOADm+ACAABwAAANe1AbvOADm+
[ShotData] ACAABQAAACAAArvOADGEBgAAAFrGAbvOAElCCAAAAEEIANe1CrvOAPi1AIIQAgAAAElCDLvOAAxb
[ShotData] AQAAAElCArvOAChCFwAAAPi1AbvOAHalBgAAACUhArvOAJat/wAAQQAAAMMYADWlCLvOADWdAMMY
[ShotData] AgAAAAg6ArvOAM9zCAAAAG5rArvOAGlKBQAAACAAArvOADGEBgAAAFrGAbvOAElCCQAAAMMYADWl
[ShotData] CLvOADWdAMMYAwAAAElCDLvOAAxbAQAAAElCArvOAChCFwAAAPi1AbvOAHalBgAAAPSUArvOAMcx
[ShotData] /wAAQwAAAAg6AFGEALetAHrGALvOAFrGAJatADF8AOc5BAAAALOMArvOAGUpCAAAAAQZArvOABWd
[ShotData] BQAAACAAArvOADGEBgAAAFrGAbvOAElCCwAAAAg6AFGEALetAHrGALvOAFrGAJatADF8AOc5BQAA
[ShotData] AElCDLvOAAxbAQAAAElCArvOAChCFwAAAPi1AbvOAHalBQAAAMc5ArvOALOM/wAAdwAAAFrGAbvO
[ShotData] AElC/wAAzwAAAFrGAbvOAOc5/wAAzwAAAFrGAJvOAKpS/wAA0AAAAPi1AMc5/wAA0QAAAOMY/wAA
[ShotData] /wAA/wAA/wAA/wAA/wAA/wAA/wAA/wAA/wAA/wAA/wAA/wAA/wAA/wAA/wAA/wAA/wAA/wAA/wAA
[ShotData] /wAA/wAA/wAA/wAA/wAA/wAA/wAA/wAA/wAA/wAA/wAA/wAA/wAA/wAA/wAA/wAA/wAA/wAA/wAA
[ShotData] /wAA/wAA/wAA/wAA/wAA/wAA/wAA/wAA/wAA/wAA/wAA/wAA/wAA/wAA/wAA/wAA/wAA/wAA/wAA
[ShotData] /wAA/wAA/wAA/wAA/wAA/wAA/wAA/wAA/wAA/wAA/wAA/wAA/wAA/wAA/wAA/wAA/wAA/wAA/wAA
[ShotData] /wAA/wAA/wAA/wAA/wAA/wAA/wAA/wAA/wAA/wAA/wAA/wAA/wAA/wAA/wAA/wAA/wAA/wAA/wAA
[ShotData] /wAA/wAAZwAAAIIQAChCAE1rADCEAPOcADSlAHWtABSlALKUAFGMACxjAAhCAKIQ/wAAwwAAAKYx
[ShotData] AFGMALrWDP//ANveAHGMAKYxJgAAAEUpAAxjAJKUALa1ALrWAF3vAL73AP//AN//AH3vABznADjG
[ShotData] ADSlAM97AChCAGEI/wAAhwAAAOtaAJrWEv//AFnOAIpSIQAAAIYxAJKUABznDv//AN//ANe9AAxj
[ShotData] AEEIQAAAAKpSCv//ABjGIgAAAIIQAPOcCf//ALa1/wAABAAAAChCALrWFv//AHnOAKYxHQAAAChC
[ShotData] ADjGFP//AJ73ADCEAIIQPgAAAJrWCv//AAhCIQAAAMtaAF3vCv//ALa1/wAAAgAAACAAAHGMGv//
[ShotData] ABCEGgAAAAQhANe9GP//AH3vAAxjPAAAAIpSCv//ADjGIAAAAOMYALa1DP//ALa1/wAAAQAAAEEI
[ShotData] ALa1HP//AJa1AEEIFwAAAOtaAL73G///AJa1AGEIOgAAAHnOCv//AElKHwAAAI5zAL73Df//ALa1
[ShotData] /wAAAQAAADSlHv//ANe9ACAAFQAAAHGMHv//ALrWAAQhOAAAAGlKCv//AFnOHgAAAIYxAFnOD///
[ShotData] ALa1/wAAAAAAAG1rIP//ANOcFAAAAJKUIP//ABznAAQhNwAAAFnOCv//AGlKHAAAAEEIAFGMAN//
[ShotData] EP//ALa1/wAAAKYxAN//If//AIpSEgAAAM97Iv//APveAIIQNQAAAChCCv//AJrWHAAAAChCAPve
[ShotData] Ev//ALa1/wAAABjGIv//ADznAEEIEAAAAAhCJP//ANe9NQAAADjGCv//AKpSGgAAAIIQABSlFP//
[ShotData] ALa1/gAAAElKJP//AO97DwAAAEEIABznJf//AE1rMwAAAAhCCv//ALrWGgAAAMtaAF3vFf//ALa1
[ShotData] /gAAAHnODP//AL73AFWtAOtaAGUpAKIQACAAAKIQAEUpAMtaABSlAJ73DP//AF3vAEEIDgAAABCE
[ShotData] D///ALrWAFWtALKUADCEAHGMABSlAPe9AL73Dv//AJ73AKIQMgAAAPe9Cv//AMtaGQAAANe9F///
[ShotData] ALa1/QAAAKYxDP//AFWtAOMYCAAAAKIQAPOcDP//AOtaDQAAAGEIAJ73DP//ANveAE1rAKIQBgAA
[ShotData] ACAAAAhCAJa1Df//AFGMMQAAAOc5Cv//ANveGgAAGP//ALa1/QAAAJKUC///AFGMDAAAAI5zC///
[ShotData] ANe9DQAAAI5zDP//AM97DAAAAKYxAPveC///AJ73AEEIMAAAANe9Cv//AOtaGgAAGP//ALa1/AAA
[ShotData] ACAAAF3vCv//AHWtDgAAAJKUC///AKIQDAAAAHnOCv//AN//AChCDgAAAGEIAFnOC///AMtaLwAA
[ShotData] AKYxCv//APveACAAGgAAGP//ALa1/AAAAAhCCv//AN//AOMYDgAAAGEIAF3vCv//AMtaCwAAAAQh
[ShotData] C///ACxjEAAAAMMYABznCv//AFWtLwAAALa1Cv//ACxjGwAADP//ALrWAL73Cf//ALa1/AAAAO97
[ShotData] Cv//ADSlEAAAABCECv//APOcCwAAAOtaCv//AFnOEgAAAMtaCv//AF3vLgAAAIYxCv//ABznACAA
[ShotData] GwAACv//AL73AM97ACAAAF3vCf//ALa1/AAAANe9Cv//AGlKEAAAACQhCv//ANveCwAAALKUCv//
[ShotData] AElKEwAAANveCv//AAQhLQAAAHWtCv//AE1rHAAACf//ANe9AAQhAQAAAF3vCf//ALa1/AAAAJ73
[ShotData] Cf//AN//AEEIEQAAANveCv//ACAACgAAAPe9Cf//AL73ACAAEwAAAHGMCv//AChCLAAAAGUpCv//
[ShotData] ADznACAAHAAAB///AF3vAMtaAwAAAF3vCf//ALa1+wAAAIIQCv//AHnOEgAAAPOcCv//AGUpCgAA
[ShotData] APveCf//ANe9FAAAAGlKCv//AAxjLAAAAFWtCv//AI5zHQAABv//ANOcAIIQBAAAAF3vCf//ALa1
[ShotData] +wAAAIYxCv//ABSlEgAAAI5zCv//AGlKCgAAAH3vCf//APOcFAAAAIYxCv//AI5zKwAAAEUpCv//
[ShotData] AF3vAEEIHQAABP//AJrWAMc5BgAAAF3vCf//ALa1+wAAAIpSCv//AO97EgAAAGlKCv//ACxjCgAA
[ShotData] AN//Cf//AFGMFAAAAOMYCv//AO97KwAAADSlCv//AK5zHgAAAv//AL73AK5zACAABwAAAF3vCf//
[ShotData] ALa1+wAAAAxjCv//AAxjEgAAAIYxCv//AO97CgAACv//ABCEFAAAAMMYCv//ABCEKgAAACQhCv//
[ShotData] AH3vAGEIHgAAAf//ALa1AAQhCQAAAF3vCf//ALa1+wAAAG1rCv//AGlKEgAAAOMYCv//AFGMCgAA
[ShotData] Cv//ABCEFAAAAMMYCv//AO97KgAAAPOcCv//AM97HwAAADznAKpSCwAAAF3vCf//ALa1+wAAAK5z
[ShotData] Cv//AAhCEgAAAGEICv//AHGMCgAACv//AFGMFAAAAAQhCv//AM97KQAAAAQhAN//Cf//AH3vAGEI
[ShotData] HwAAAGEIDAAAAF3vCf//ALa1+wAAAO97Cv//AMc5EgAAACAACv//ALKUCgAAAL73Cf//APOcFAAA
[ShotData] AKYxCv//AG1rKQAAANOcCv//ABCELgAAAF3vCf//ALa1+wAAABCECv//AKYxEwAACv//ANOcCgAA
[ShotData] AF3vCf//APe9FAAAAIpSCv//AOtaKAAAAOMYAN//Cf//AJ73AIIQLgAAAF3vCf//ALa1+wAAABCE
[ShotData] Cv//AKYxEwAACv//ANOcCgAAAHnOCf//AL73AEEIEwAAAJKUCv//AOc5KAAAALKUCv//ADCELwAA
[ShotData] AF3vCf//ALa1+wAAABCECv//AKYxEwAACv//ANOcCgAAAHWtCv//AKpSEwAAAPveCv//AMMYJwAA
[ShotData] AMMYAL73Cf//AL73AKIQLwAAAF3vCf//ALa1+wAAABCECv//AKYxEwAACv//ANOcCgAAAM97Cv//
[ShotData] ALrWEgAAAOtaCv//ADznCQAAAIIQC+MYEQAAAHGMCv//AHGMMAAAAF3vCf//ALa1+wAAABCECv//
[ShotData] AKYxEwAACv//ANOcCgAAAOc5C///AFGMEAAAAMMYADznCv//AHWtCQAAALa1C///EAAAAKIQAL73
[ShotData] Cf//AL73AMMYBgAAAKIQCcMYAIIQHQAAAF3vCf//ALa1+wAAABCECv//AKYxEwAACv//ANOcCgAA
[ShotData] ACAAAH3vC///AK5zDgAAAIIQAHnOC///AAxjCQAAALa1C///EAAAAFGMCv//AJKUBwAAAF3vCf//
[ShotData] ALa1HQAAAF3vCf//ALa1+wAAABCECv//AKYxEwAACv//ANOcCwAAANOcDP//ADSlAIIQCwAAAMc5
[ShotData] ABznDP//AKIQCQAAALa1C///DwAAAIIQAJ73Cf//AN//AMMYBwAAAF3vCf//ALa1HQAAAF3vCf//
[ShotData] ALa1+wAAABCECv//AKYxEwAACv//ANOcCwAAAEUpDf//AJ73AJKUAKYxACAABQAAAGEIAGlKANe9
[ShotData] Df//ALa1CgAAALa1C///DwAAADCECv//ALKUCAAAAF3vCf//ALa1HQAAAF3vCf//ALa1+wAAABCE
[ShotData] Cv//AKYxEwAACv//ANOcDAAAAJa1D///AJ73ADjGAJa1ABSlADSlANe9ALrWEP//AIpSCgAAALa1
[ShotData] C///DgAAAIIQAJ73Cf//AN//AOMYCAAAAF3vCf//ALa1HQAAAF3vCf//ALa1+wAAABCECv//AKYx
[ShotData] EwAACv//ANOcDAAAACQhAN//Jf//ABznACAACgAAALa1C///DgAAAO97Cv//APOcCQAAAF3vCf//
[ShotData] ALa1HQAAAF3vCf//ALa1+wAAABCECv//AKYxEwAACv//ANOcDQAAAM97Jf//AG1rCwAAALa1C///
[ShotData] DQAAAGEIAH3vCv//AAQhCQAAAF3vCf//ALa1HQAAAF3vCf//ALa1+wAAABCECv//AKYxEwAACv//
[ShotData] ANOcDgAAANe9I///AF3vAEEICwAAALa1C///DQAAAM97Cv//ABSlCgAAAF3vCf//ALa1HQAAAF3v
[ShotData] Cf//ALa1+wAAABCECv//AKYxEwAACv//ANOcDgAAAGEIAJrWIv//AI5zDAAAALa1C///DAAAAEEI
[ShotData] AF3vCv//AEUpCgAAAF3vCf//ALa1HQAAAF3vCf//ALa1+wAAABCECv//AKYxEwAACv//ANOcDwAA
[ShotData] AMMYAJrWIP//ABznAEEIDAAAALa1C///DAAAAK5zCv//ADSlCwAAAF3vCf//ALa1HQAAAF3vCf//
[ShotData] ALa1+wAAABCECv//AKYxEwAACv//ANOcEAAAAIIQAPe9H///AAxjDQAAALa1C///CwAAAEEIAF3v
[ShotData] Cv//AGUpCwAAAF3vCf//ALa1HQAAAF3vCf//ALa1+wAAABCECv//AKYxEwAACv//ANOcEgAAABCE
[ShotData] AN//HP//AFnODgAAALa1C///CwAAAG1rCv//AHWtDAAAAF3vCf//ALa1HQAAAF3vCf//ALa1+wAA
[ShotData] ABCECv//AKYxEwAACv//ANOcEwAAAEUpANe9G///AMc5DgAAALa1C///CgAAACAAADznCv//AIYx
[ShotData] DAAAAF3vCf//ALa1HQAAAF3vCf//ALa1+wAAABCECv//AKYxEwAACv//ANOcFQAAAIYxAPOcAH3v
[ShotData] F///ABSlJwAAAE1rCv//AJa1DQAAAF3vCf//ALa1HQAAAF3vCf//ALa1+wAAABCECv//AKYxEwAA
[ShotData] Cv//ANOcFwAAACAAAAhCAO97AHWtAJrWAF3vAL73AP//AJ73ADznAHnOADSlABznCv//AJ73AMMY
[ShotData] JgAAACAAABznCv//AKYxDQAAAF3vCf//ALa1HQAAAF3vCf//ALa1+wAAAO97Cv//AKYxEwAACv//
[ShotData] ALKUIgAAAKYxC///AG1rJwAAACxjCv//ANe9DgAAAF3vCf//ALa1HQAAAF3vCf//ALa1+wAAAM97
[ShotData] Cv//AMc5EgAAAEEICv//ALKUIgAAAHnOCv//AJrWJwAAACAAAPveCv//AMc5DgAAAF3vCf//ALa1
[ShotData] HQAAAF3vCf//ALa1+wAAAK5zCv//AAhCEgAAAIIQCv//AJKUIQAAAE1rC///AOc5JwAAAOtaCv//
[ShotData] APe9DwAAAF3vCf//ALa1HQAAAF3vCf//ALa1+wAAAG1rCv//AIpSEgAAAAQhCv//ADCEIAAAAKIQ
[ShotData] AH3vCv//ABSlKAAAANveLv//ALa1FQAAAF3vCf//ALa1+wAAAMtaCv//AE1rEgAAAMc5Cv//AK5z
[ShotData] IAAAABSlCv//AJ73AKIQJwAAAIYxL///ALa1FQAAAF3vCf//ALa1+wAAAAhCCv//ADCEEgAAAKpS
[ShotData] Cv//AMtaHwAAAOc5C///AG1rKAAAAKYxL///ALa1FQAAAF3vCf//ALa1+wAAAEUpCv//AHWtEgAA
[ShotData] AO97Cv//AMc5HgAAACAAALrWCv//AHnOKQAAAKYxL///ALa1FQAAAF3vCf//ALa1+wAAACAAAN//
[ShotData] Cf//APveEgAAAHWtCv//AKIQHgAAAK5zC///AMc5FAAAACQhC6YxBwAAAKYxL///ALa1FQAAAF3v
[ShotData] Cf//ALa1/AAAANveCv//AMMYEQAAAH3vCf//AH3vHgAAAOMYAJ73Cv//APOcFQAAALa1C///BwAA
[ShotData] AKYxL///ALa1FQAAAF3vCf//ALa1/AAAADSlCv//ACxjEAAAAOc5Cv//ANe9HgAAAHWtCv//AH3v
[ShotData] AKIQFQAAALa1C///BwAAAKYxL///ALa1FQAAAF3vCf//ALa1/AAAAE1rCv//ADjGEAAAABSlCv//
[ShotData] ADCEHQAAAElKC///AE1rFgAAALa1C///BwAAAKYxL///ALa1FQAAAF3vCf//ALa1/AAAACQhC///
[ShotData] AOc5DgAAACQhAN//Cv//AChCHAAAACAAANveCv//AHnOFwAAALa1C///BwAAAKYxL///ALa1FQAA
[ShotData] AF3vCf//ALa1/QAAALrWCv//ALrWAGEIDAAAACAAABjGCv//AJ73ACAAHAAAAO97C///AMc5FwAA
[ShotData] ALa1C///BwAAAKYxL///ALa1FQAAAF3vCf//ALa1/QAAABCEC///ABjGAEEICgAAACAAAFWtC///
[ShotData] ADSlHAAAAAQhAL73Cv//APOcGAAAALa1C///BwAAACQhHLa1AN//Cf//AF3vBra1AO97FQAAAF3v
[ShotData] Cf//ALa1/QAAAAQhDP//APveAElKCAAAAMc5AJrWDP//AKYxHAAAALa1Cv//AH3vAKIQGAAAALa1
[ShotData] C///JQAAAF3vCf//ALa1HQAAAF3vCf//ALa1/gAAAJa1Df//ABznAJKUAAxjAElKAMc5AElKAOta
[ShotData] AFGMANveDf//ABjGHAAAAIpSC///AE1rGQAAALa1C///JQAAAF3vCf//ALa1HQAAAF3vCf//ALa1
[ShotData] /gAAAKYxJP//AKYxGwAAAEEIABznCv//AHnOGgAAALa1C///JQAAAF3vCf//ALa1HQAAAF3vCf//
[ShotData] ALa1/wAAAFWtIv//APOcHAAAAFGMC///AKYxGgAAALa1C///JQAAAF3vCf//ALa1HQAAAF3vCf//
[ShotData] ALa1/wAAAKIQAF3vIP//ABznAKIQGwAAAEUpAN//Cv//ANOcGwAAALa1C///JQAAAF3vCf//ALa1
[ShotData] HQAAAF3vCf//ALa1/wAAAAAAAMc5AL73Hv//AN//AMc5HAAAAPe9Cv//AH3vAIIQGwAAALa1C///
[ShotData] JQAAAF3vCf//ALa1HQAAAF3vCf//ALa1/wAAAQAAAElKAN//Hf//ACxjHAAAAOtaC///ACxjHAAA
[ShotData] ALa1C///JQAAAF3vCf//ALa1HQAAAF3vCf//ALa1/wAAAgAAAIpSAJ73Gv//AN//AMtaHAAAAGEI
[ShotData] AF3vCv//AFnOUAAAAF3vCf//ALa1HQAAAF3vCf//ALa1/wAAAwAAAAQhAFnOGP//ADznAChCHQAA
[ShotData] ALKUC///AKYxUAAAAF3vCf//ALa1HQAAAF3vCf//ALa1/wAABAAAACAAAO97AL73FP//AN//AJKU
[ShotData] AIIQHQAAAIYxC///ANOcUQAAAF3vCf//ALa1HQAAAF3vCf//ALa1/wAABgAAAKIQAFGMAH3vEP//
[ShotData] AF3vAHGMAOMYHwAAAFnOCv//AH3vAIIQUQAAAF3vCf//ALa1HQAAAF3vCf//ALa1/wAACAAAAEEI
[ShotData] AKpSADSlABznCv//APveANOcAGlKACAAIAAAACxjC///ACxjUgAAAF3vCf//ALa1HQAAAF3vCf//
[ShotData] ALa1/wAADAAAAGEIAKYxAMtaACxjAI5zAO97AK5zAG1rAKpSAMc5AGEI/wAA/wAA/wAA/wAA/wAA
[ShotData] /wAA/wAA/wAA/wAA/wAA/wAA/wAA/wAA/wAA/wAA/wAA/wAA/wAA/wAA/wAA/wAA/wAA/wAA/wAA
[ShotData] /wAA/wAA/wAA/wAA/wAA/wAA/wAA/wAA/wAA/wAA/wAA/wAA/wAA/wAA/wAA/wAA/wAA/wAA/wAA
[ShotData] /wAA/wAA/wAA/wAA/wAA/wAA/wAA/wAA/wAA/wAA/wAA/wAA/wAA/wAA/wAA/wAA/wAA/wAA/wAA
[ShotData] /wAA/wAA/wAA/wAA/wAA/wAA/wAA/wAA/wAA/wAA/wAA/wAA/wAA/wAA/wAA/wAA/wAA/wAA/wAA
[ShotData] /wAA/wAA/wAA/wAA/wAA/wAA/wAA/wAA/wAA/wAA/wAA/wAA/wAA/wAA/wAA/wAA/wAA/wAA/wAA
[ShotData] /wAA/wAA/wAA/wAA/wAA8gAAAEBBAGF6AGKrAALMAKLsSQP9AKLsAALMAGKrAGF6AEBBMwAAACgJ
[ShotData] AC8SABUjALkjAD0sSZ80AD0sALkjABUjAC8SACgJ9AAAAIBJAEGjAML0UwP9AML0AEGjAIBJLQAA
[ShotData] AEkJAPQaAF4sU580AF4sAPQaAEkJ7wAAAAFiACLUWQP9ACLUAAFiKQAAAMwRANorWZ80ANorAMwR
[ShotData] 6wAAAIBJAALMXQP9AALMAIBJJQAAAEkJALkjXZ80ALkjAEkJ6AAAAOGSYQP9AOGSIwAAALIaYZ80
[ShotData] ALIa5QAAAMAoAALMYwP9AALMAMAoHwAAAKUAAJkjY580AJkjAKUA4gAAACA5AKLsZQP9AKLsACA5
[ShotData] HQAAAAcJAD0sZZ80AD0sAAcJ4AAAACA5AML0ZwP9AML0ACA5GwAAAAcJAF4sZ580AF4sAAcJ3gAA
[ShotData] AMAoAKLsaQP9AKLsAMAoGQAAAKUAAD0saZ80AD0sAKUA3QAAAALMawP9AALMGQAAAJkja580AJkj
[ShotData] 3AAAAOGSCwP9AOLDAGFBCYAYAGFBAOLDUwP9AOGSFwAAALIaC580AF9dAB/HAJ/vB7/vAJ/vAB/H
[ShotData] AF9dU580ALIa2gAAAIBJDAP9AIF6ACAACQAAACAAAIF6VAP9AIBJFQAAAEkJDJ80AF+eC///AF+e
[ShotData] VJ80AEkJ2QAAAALMDAP9ACKbAIAYCQAAAIAYACKbVAP9AALMFQAAALkjDJ80AN99AJ/nCf//AJ/n
[ShotData] AN99VJ80ALkj2AAAAAFiDQP9AKPsAKKzAEKjASKjACE5AQAAACE5ASKjAEKjAKKzAKPsAQP9AIKz
[ShotData] AAFqAAKbAKPsTwP9AAFiEwAAAMwRDZ80AN9EAJ9tAt99AD/PAf//AD/PAt99AJ9tAN9EAZ80AJ91
[ShotData] AJ+uAP+FAN9ET580AMwR1wAAACLUEgP9AOFZAQAAAOFZBQP9AMK7AIAYAAAAAIAYAOLDTwP9ACLU
[ShotData] EwAAANorEp80AL+2Af//AL+2BZ80AH9lAJ/vAP//AJ/vAF9lT580ANor1gAAAIBJDwP9AKPsACLU
[ShotData] AIKCAIFJAGAQAQAAAGAQAIFJAIKCACLUAKPsAOP0AGKrAIAYAQAAAIAYAOLDDQP9AEGrAEBBAEAQ
[ShotData] AAAAAIAYAMFZAELUBAP9AML0AGF6AMAoACAIAEAIAOAoAIGCAML0CwP9AIF6AQAAAMGKBgP9AEGr
[ShotData] AEBBAEAQAAAAAIAYAMFZAELUEAP9AIBJEQAAAEkJD580AN9EAD9VAD+WAP/GAL/vAf//AL/vAP/G
[ShotData] AD+WAD9VAN9EAL88AL91AJ/vAf//AL/vAF9lDZ80AN99AD/PAN/3AP//AJ/vAL+2AD9VBJ80AN88
[ShotData] AF+eAH/fAd/3AF/fAF+WAL88C580AF+eAf//AB+OBp80AN99AD/PAN/3AP//AJ/vAL+2AD9VEJ80
[ShotData] AEkJ1QAAAEGjDQP9AOP0AALMACFqAIAYBwAAAIAYACFqAMKKAMAgAQAAAGAYAKKCAKPsDAP9AEFy
[ShotData] BQAAACAIAOLDAgP9AKLsAMAoBQAAAMAgAKLsCQP9AOL8AGAQAAAAAEAIAML0BQP9AEFyBQAAACAI
[ShotData] AOLDDwP9AEGjEQAAAPQaDZ80AL88AF9dAJ+uAJ/vB///AJ/vAJ+uAB+OAH/fAf//AL/vAD+WAN9E
[ShotData] DJ80AH+mBf//AN/3AF9lAp80AN9EAH/fBf//AH/fAN9ECZ80AL80AL/vAP//AN/3AN88BZ80AH+m
[ShotData] Bf//AN/3AF9lD580APQa1QAAAML0DAP9AMP0AEKjAAExACAACQAAACAAACAIAQAAAGAQAKKCAKPs
[ShotData] DAP9AOLLAgAAACA5AMFZAIAYAQAAAMAoAgP9AEFyAQAAAGAQAAFqAAFiAGAQAQAAAOFhCQP9AAGb
[ShotData] AQAAACFyBQP9AOLLAgAAACA5AMFZAIAYAQAAAMAoDwP9AML0EQAAAF4sDJ80AL88AN99AF/XC///
[ShotData] AN/3Af//AL/vAD+WAN9EDJ80AF9dAv//AD/XAN+2AL/vAf//AH/fAp80AH+mAf//AL/vAZ+uAL/3
[ShotData] Af//AL+uCZ80AP+FAf//AH+mBZ80AF9dAv//AD/XAN+2AL/vAf//AH/fD580AF4s1AAAAEBBDQP9
[ShotData] ACKbAIAYAgAAAGAQAKFRAOKSAYKzAOKSAKFRAGAQBAAAAKKKAKPsDQP9ACFyAQAAAOFZAQP9AKLs
[ShotData] AGAQAQAAACLUAQP9AMAoAQAAAGLcAQP9AELcAQAAAEAICQP9AOAoAQAAAGLcBQP9ACFyAQAAAOFZ
[ShotData] AQP9AKLsAGAQAQAAACLUDwP9AEBBDwAAACgJDZ80AN99AJ/nAv//AL/vAN++AB+OAZ9tAB+OAN++
[ShotData] AL/vBP//AD+WAN9EDZ80AH+mAf//AL+2AZ80AN9EAL/vAf//AD9VAZ80AH/fAf//AB9NAZ80AB9N
[ShotData] Af//AN/3CZ80AH/fAf//AB9NBZ80AH+mAf//AL+2AZ80AN9EAL/vAf//AD9VD580ACgJ0wAAAGF6
[ShotData] DAP9AALMAEAIAQAAACAIAKFRAEPUAMPsAOP0AQP9AOP0AMPsAEPUAKFRACAIAgAAAOLDDgP9AEBB
[ShotData] AQAAAMK7AgP9AOFhAQAAAEGjAQP9AIBJACA5AKFRAwP9AKAgAQAAAML0BwP9AKK7AQAAAKBRBgP9
[ShotData] AEBBAQAAAMK7AgP9AOFhAQAAAEGjDwP9AGF6DwAAAC8SDJ80AD9dAN/3Af//AN/3AN++AB9VAL88
[ShotData] AL80AZ80AL80AL88AB9VAN++AN/3Av//AF9dDp80AB/PAf//AH9lAp80AL+2Af//AN99AZ80AP/G
[ShotData] AD/PAN++A580AJ/nAf//AL88B580AJ9tAf//AN++Bp80AB/PAf//AH9lAp80AL+2Af//AN99D580
[ShotData] AC8S0wAAAGKrCwP9AKPkACE5AQAAAGAYAKKKAOP0AQP9AKPsAcK7AKPsAQP9AOP0AKKKAGAYAQAA
[ShotData] ACE5AKPkDQP9AAAxAQAAAELcAgP9AIF6AQAAAOGSBwP9AOL8AEAIAAAAACAAAAL9AELUAQAAAIAY
[ShotData] AwP9AGBJAQAAAOLDBgP9AAAxAQAAAELcAgP9AIF6AQAAAOGSDwP9AGKrDwAAABUjC580AN9EAD/P
[ShotData] Af//AL/vAB+WAL88AZ80AN9EAX9lAN9EAZ80AL88AB+WAL/vAf//AD/PAN9EDZ80AF/XAf//AB9N
[ShotData] Ap80AF+eAf//AP+FB580AL80AN/3Af//AJ80AD9VAf//AL/vA580AB/HAf//AF9dBp80AF/XAf//
[ShotData] AB9NAp80AF+eAf//AP+FD580ABUj0wAAAALMCwP9AOKSAEAQAAAAAEAIAGFyAKPsAgP9AMKKAUAQ
[ShotData] AMKKAgP9AKPsAGFyAEAIAAAAAEAQAOKSDQP9AAAxAQAAAILkAgP9AKGCAQAAAOGSBwP9AMGKAQAA
[ShotData] AEBBAAP9AELUAQAAAIAYAgP9AELUAQAAAAAxBwP9AAAxAQAAAILkAgP9AKGCAQAAAOGSDwP9AALM
[ShotData] DwAAALkjC580AB+OAL/3AP//AN/3AF+eAN9EAp80AB+OAd/3AB+OAp80AN9EAF+eAN/3AP//AL/3
[ShotData] AB+ODZ80AF/XAf//AP9MAp80AD+WAf//AB+OB580AD+OAf//AB/PAJ80AD9VAf//AL/vAp80AD9V
[ShotData] Af//AF/XB580AF/XAf//AP9MAp80AD+WAf//AB+OD580ALkj0wAAAKLsCgP9AIPkAKFRAQAAACE5
[ShotData] AEPUAwP9AOFZAQAAAOFZAwP9AEPUACE5AQAAAKFRAIPkDAP9AAAxAQAAAILkAgP9AKGCAQAAAOGS
[ShotData] BgP9AGKrAgAAAMK7AAP9AELUAQAAAIAYAgP9AAFiAQAAAEGrAAP9AALMAQAxAIGCAgP9AAAxAQAA
[ShotData] AILkAgP9AKGCAQAAAOGSDwP9AKLsDwAAAD0sCp80AN9EAN++Af//AD/PAB9VA580AL+2Af//AL+2
[ShotData] A580AB9VAD/PAf//AN++AN9EDJ80AF/XAf//AP9MAp80AD+WAf//AB+OBp80AL91Av//AH9lAJ80
[ShotData] AD9VAf//AL/vAp80AJ+uAf//AL91AJ80AF9dAV/XAF+WAp80AF/XAf//AP9MAp80AD+WAf//AB+O
[ShotData] D580AD0s0wAACwP9AOLDAOEoAAAAAEAQAMKKBAP9AOFZAQAAAOFZBAP9AKKCAEAIAAAAAOEoAOLD
[ShotData] DAP9AAAxAQAAAILkAgP9AKGCAQAAAOGSBQP9AMLDACAIAQAAAGF6AQP9AOL0AeLDAALMAQP9AKLs
[ShotData] ACAIAAAAAKAYAAL9AAP9AMK7AQAAAOFZAgP9AAAxAQAAAILkAgP9AKGCAQAAAOGSEAP9DwAAC580
[ShotData] AF9lAF/fAP//AN/3AB+OBJ80AL+2Af//AL+2BJ80AD+WAN/3AP//AF/fAF9lDJ80AF/XAf//AP9M
[ShotData] Ap80AD+WAf//AB+OBZ80AH9lAv//AF+eAZ80AL88AV9dAD9dAZ80AN9EAN/3AP//AJ/nAL80AJ80
[ShotData] AH9lAf//AL+2Ap80AF/XAf//AP9MAp80AD+WAf//AB+OEJ800wAACwP9AEKjAGAQAAAAAKAgAALE
[ShotData] BAP9AOFZAQAAAOFZBAP9AALEAKAgAAAAAGAQAEKjDAP9AAAxAQAAAILkAgP9AKGCAQAAAOGSBAP9
[ShotData] ACLUAEAQAQAAAMFZAAL9BwP9AKGCAQAAAMGKAQP9AMK7AQAAAOFZAgP9AAAxAQAAAILkAgP9AKGC
[ShotData] AQAAAOGSEAP9DwAAC580AN99AL/vAP//AJ/nAF9dBJ80AL+2Af//AL+2BJ80AF9dAJ/nAP//AL/v
[ShotData] AN99DJ80AF/XAf//AP9MAp80AD+WAf//AB+OBJ80AD9VAN/3Af//AN+2CJ80AD+WAf//AB+OAZ80
[ShotData] AH9lAf//AL+2Ap80AF/XAf//AP9MAp80AD+WAf//AB+OEJ800wAAAKLsCgP9AMKKAQAAAOEoAMPs
[ShotData] BAP9AOFZAQAAAOFZBAP9AMPsAOEoAQAAAMKKDAP9AAAxAQAAAELcAgP9AIF6AQAAAAGTAwP9AILk
[ShotData] AIAYAQAAAGBJAOL8BwP9AOL8AIAYAAAAAEAIAML0AQP9AMK7AQAAAOFZAgP9AAAxAQAAAELcAgP9
[ShotData] AIF6AQAAAAGTDwP9AKLsDwAAAD0sCp80AB+OAf//AF/fAL88BJ80AL+2Af//AL+2BJ80AL88AF/f
[ShotData] Af//AB+ODJ80AF/XAf//AB9NAp80AF+eAf//AP+FA580AP9MAJ/vAf//AB/HAL80B580AL80AL/v
[ShotData] AP//AN/3AN88AZ80AH9lAf//AL+2Ap80AF/XAf//AB9NAp80AF+eAf//AP+FD580AD0s0wAAAALM
[ShotData] CgP9AMKKAQAAAOEwBQP9AOFhAQAAAOFhBQP9AOEwAQAAAMKKDAP9AGBBAQAAAMK7AgP9AOFhAQAA
[ShotData] AEGrAgP9AKLsAMAoAQAAACA5AOL0CAP9AELcCgAAAOL8AAP9AGBBAQAAAMK7AgP9AOFhAQAAAEGr
[ShotData] DwP9AALMDwAAALkjCp80AB+OAf//AF/XBZ80AL+uAf//AL+uBZ80AF/XAf//AB+ODJ80AB/HAf//
[ShotData] AH9lAp80AL+2Af//AL91Ap80AN88AH/fAf//AD/XAL88CJ80AB9NCv//AL80AJ80AB/HAf//AH9l
[ShotData] Ap80AL+2Af//AL91D580ALkj0wAAAGKrCgP9AMKKAQAAAOAoAMPsBAP9AGKrAaAgAGKrBAP9AMPs
[ShotData] AOAoAQAAAMKKDAP9AEFyAQAAAOFZAQP9AKLsAGAQAQAAAELcAQP9AOL0ACA5AQAAAOAoAKLsBAP9
[ShotData] AOL0AeLDAALMAAP9AELcCgAAAOL8AAP9AEFyAQAAAOFZAQP9AKLsAGAQAQAAAELcDwP9AGKrDwAA
[ShotData] ABUjCp80AB+OAf//AH/fAN88BJ80AL91AZ/nAL91BJ80AN88AH/fAf//AB+ODJ80AH+mAf//AL+2
[ShotData] AZ80AN9EAL/vAf//AB9VAZ80AL88AD/PAf//AH/fAN88BJ80AL88AV9dAD9dAJ80AB9NCv//AL80
[ShotData] AJ80AH+mAf//AL+2AZ80AN9EAL/vAf//AB9VD580ABUj0wAAAGF6CgP9AEKjAIAYAAAAAKAgAMK7
[ShotData] BAP9AOP0AaPsAOP0BAP9AMK7AKAgAAAAAIAYAEKjDAP9AALMAgAAACA5AMFZAIAYAQAAAAAxAgP9
[ShotData] AOFZAgAAAGBJBOFhAML0AELUAQAAAIAYAAP9AKLsBeFhAGBJAQAAAMAgAOFhAAL9AAP9AALMAgAA
[ShotData] ACA5AMFZAIAYAQAAAAAxEAP9AGF6DwAAAC8SCp80AL99AL/vAP//AJ/nAH9lBJ80AL88Ad9EAL88
[ShotData] BJ80AH9lAJ/nAP//AL/vAL99DJ80AD9dAv//AD/XAN+2AJ/vAf//AF/XAp80AL+2Av//AB/HBL+u
[ShotData] AN88AD9VAf//AL/vAJ80AN9EBb+uAB/HAf//AH/nAL+uAZ80AD9dAv//AD/XAN+2AJ/vAf//AF/X
[ShotData] EJ80AC8S0wAAAEBBCgP9AOLDAOEwAAAAAEAIAIF6AOP8CwP9AOP8AIF6AEAIAAAAAOEwAOLDDQP9
[ShotData] AEFyBQAAAEAIAALMAgP9AOAoCAAAAILkAELUAQAAAIAYBwP9AMK7AQAAAOFZAwP9AEFyBQAAAEAI
[ShotData] AALMEAP9AEBBDwAAACgJCp80AF9lAF/XAP//AN/3AF+eDZ80AF+eAN/3AP//AF/XAF9lDZ80AH+m
[ShotData] Bf//AN/3AF9dAp80AF/fCP//AP9EAD9VAf//AL/vB580AH9lAf//AL+2A580AH+mBf//AN/3AF9d
[ShotData] EJ80ACgJ1AAAAML0CQP9AKPsAKFRAQAAACE5ACLMCwP9ACLMACE5AQAAAKFRAKPsDgP9AEGjACA5
[ShotData] AEAIAAAAAIAYAOFZAELcAwP9AOAoCAAAAILkAELUAQAAAIAYBwP9AMK7AQAAAOFZBAP9AEGjACA5
[ShotData] AEAIAAAAAIAYAOFZAELcEAP9AML0EQAAAF4sCZ80AN9EAN++Af//AD/XAD9dC580AD9dAD/XAf//
[ShotData] AN++AN9EDp80AN99AD/PAN/3AP//AJ/vAL+2AB9NA580AF/fCP//AP9EAD9VAf//AL/vB580AH9l
[ShotData] Af//AL+2BJ80AN99AD/PAN/3AP//AJ/vAL+2AB9NEJ80AF4s1QAAAEGjCgP9AAKTAGAQAAAAACAI
[ShotData] ACFqAKPsCQP9AKPsACFqACAIAAAAAGAQAAKTUgP9AEGjEQAAAPQaCp80AP+FAL/vAP//AN/3AH+m
[ShotData] AN9ECZ80AN9EAH+mAN/3AP//AL/vAP+FUp80APQa1QAAAIBJCgP9AMPsAEFBAQAAAEAQAIF6AOP0
[ShotData] BwP9AOP0AIF6AEAQAQAAAEFBAMPsUgP9AIBJEQAAAEkJCp80AN88AB/PAf//AN/3AF+eAL88B580
[ShotData] AL88AF+eAN/3Af//AB/PAN88Up80AEkJ1gAAACLUCgP9AGPcAIAYAgAAACE5AMLDAIPkAMP0AQP9
[ShotData] AMP0AIPkAMLDACE5AgAAAIAYAGPcUgP9ACLUEwAAANorCp80AP9MAJ/vAv//AD/PAF9lAP9EAL88
[ShotData] AZ80AL88AP9EAF9lAD/PAv//AJ/vAP9MUp80ANor1wAAAAFiCwP9AGKrAMAgAgAAAEAQAIFJAIF6
[ShotData] ASKbAIF6AIFJAEAQAgAAAMAgAGKrUwP9AAFiEwAAAMwRC580AL91AH/fAv//AN/3AP/GAF+eAd99
[ShotData] AF+eAP/GAN/3Av//AH/fAL91U580AMwR2AAAAALMCgP9AOP0AIKrAEE5ACAICQAAACAIAEE5AIKr
[ShotData] AOP0UgP9AALMFQAAALkjCp80AL88AJ91AD/PAN//Cf//AN//AD/PAJ91AL88Up80ALkj2QAAAIBJ
[ShotData] CwP9AOP0AEPUAGF6AIAYBwAAAIAYAGF6AEPUAOP0UwP9AIBJFQAAAEkJC580AL80AB9VAF+eAJ/n
[ShotData] B///AJ/nAF+eAB9VAL80U580AEkJ2gAAAOGSDAP9AOP0AIPkAAKTAOFhAOAoAYAYAOAoAOFhAAKT
[ShotData] AIPkAOP0VAP9AOGSFwAAALIaDJ80AL88AP9MAP+FAL+uAH/fAb/vAH/fAL+uAP+FAP9MAL88VJ80
[ShotData] ALIa3AAAAALMawP9AALMGQAAAJkja580AJkj3QAAAMAoAKLsaQP9AKLsAMAoGQAAAKUAAD0saZ80
[ShotData] AD0sAKUA3gAAACA5AML0ZwP9AML0ACA5GwAAAAcJAF4sZ580AF4sAAcJ4AAAACA5AKLsZQP9AKLs
[ShotData] ACA5HQAAAAcJAD0sZZ80AD0sAAcJ4gAAAMAoAALMYwP9AALMAMAoHwAAAKUAAJkjY580AJkjAKUA
[ShotData] 5QAAAOGSYQP9AOGSIwAAALIaYZ80ALIa6AAAAIBJAALMXQP9AALMAIBJJQAAAEkJALkjXZ80ALkj
[ShotData] AEkJ6wAAAAFiACLUWQP9ACLUAAFiKQAAAMwRANorWZ80ANorAMwR7wAAAIBJAEGjAML0UwP9AML0
[ShotData] AEGjAIBJLQAAAEkJAPQaAF4sU580AF4sAPQaAEkJ9AAAAEBBAGF6AGKrAALMAKLsSQP9AKLsAALM
[ShotData] AGKrAGF6AEBBMwAAACgJAC8SABUjALkjAD0sSZ80AD0sALkjABUjAC8SACgJ/wAA/wAA/wAA/wAA
[ShotData] /wAA/wAA/wAA/wAA/wAA/wAA/wAA/wAA/wAA/wAA/wAA/wAA/wAA/wAA/wAA/wAA/wAA/wAA/wAA
[ShotData] /wAA/wAA/wAA/wAA/wAA/wAA/wAA/wAA/wAA/wAA/wAA/wAA/wAA/wAA/wAA/wAA/wAA/wAA/wAA
[ShotData] /wAA/wAA/wAA/wAA/wAA/wAA/wAA/wAA/wAA/wAA/wAA/wAA/wAA/wAA/wAA/wAA/wAA/wAA/wAA
[ShotData] sQAABYnHAwAABYnH/wAAwwAABYnHAwAABYnH/wAAwwAABYnHAwAABYnH/wAAwwAABYnHAwAABYnH
[ShotData] /wAAwwAABYnHAwAABYnH/wAAwwAABYnHAwAABYnH/wAA/wAA/wAA/wAA/wAA/wAA/wAA/wAA/wAA
[ShotData] EwAABYnHAwAABYnH/wAAwwAABYnHAwAABYnH/wAAwwAABYnHAwAABYnH/wAAwwAABYnHAwAABYnH
[ShotData] /wAAwwAABYnHAwAABYnH/wAAwwAABYnHAwAABYnH/wAA/wAA/wAA/wAA/wAA/wAA/wAA/wAA/wAA
[ShotData] /wAA/wAA/wAA/wAA/wAA/wAA/wAA/wAA/wAAKQAAAFJ8APSMADF8BgAAAG5jBfSMALOEABB0AIpC
[ShotData] AEEIAgAAAG5jBfSMALOEABB0AIpCAEEIBAAAAIYpAG5jAHJ8ANSMALOEAPBzAIpCAEEI/wAAogAA
[ShotData] AEUhAvSMAEUhBQAAAG5jCPSMAFF8AIIIAQAAAG5jCPSMAFF8AIIIAgAAAE1bBvSMAHJ8AKIQ/wAA
[ShotData] oQAAAE1bAvSMAC1bBQAAAG5jAfSMAE1bAuxSAE1bALOEAfSMAI5jAQAAAG5jAfSMAE1bAuxSAE1b
[ShotData] ALOEAfSMAI5jAQAAAElCAfSMALOEAC1bAIpKAOxSAFJ8AfSMAM9r/wAAoAAAAGEIANSMAvSMANOE
[ShotData] AEEIBAAAAG5jAfSMAOMYAwAAAKIQALOEAfSMAGEIAAAAAG5jAfSMAOMYAwAAAKIQALOEAfSMAGEI
[ShotData] AAAAADF0APSMANSMAMMQAgAAACAAAPBrAfSMAMMQ/wAAnwAAACk6AfSMAOxSAfSMAAg6BAAAAG5j
[ShotData] AfSMAOMYBAAAAE5bAfSMACQhAAAAAG5jAfSMAOMYBAAAAE5bAfSMACQhAAAAAfSMADF0BAAAAIYp
[ShotData] AU1bAAQZ/wAAnwAAABF0APSMAJJ8ACAAAJOEAPSMAPBzBAAAAG5jAfSMAOMYBAAAAE1bAfSMACUh
[ShotData] AAAAAG5jAfSMAOMYBAAAAE1bAfSMACUhAAAAALOEAPSMANSMAAQZ/wAApgAAAAQZAfSMAMtSAAAA
[ShotData] AAxTAfSMAOQYAwAAAG5jAfSMAOMYAwAAAIIIAJOEAfSMAGIIAAAAAG5jAfSMAOMYAwAAAIIIAJOE
[ShotData] AfSMAGIIAAAAAE1bAvSMAI9jAIpKAMcxAAQZACAA/wAAoQAAAAxTAfSMAAQZAAAAAEUhAfSMAOxS
[ShotData] AwAAAG5jAfSMAG5bAgxTAG5bALOEAfSMAI5jAQAAAG5jAfSMAG5bAgxTAG5bALOEAfSMAI5jAQAA
[ShotData] AIIQAHJ8BfSMALOEAOxSAEEI/wAAngAAACAAALOEAPSMAFJ8AgAAAHJ8APSMALOEACAAAgAAAG5j
[ShotData] CPSMAFF8AIIIAQAAAG5jCPSMAFF8AIIIAgAAAEEIAIpKAFF8BfSMABB0ACAA/wAAnQAAAOcxAfSM
[ShotData] AIpKAgAAAKtKAfSMAMcxAgAAAG5jBfSMALOEAPBzAGpCAEEIAgAAAG5jBfSMALOEAPBzAGpCAEEI
[ShotData] BgAAAEEIAOQYAKcxAOxSANSMAfSMAOg5/wAAnQAAAM9rAfSMAAxTAmpCAAxbAfSMAK9rAgAAAG5j
[ShotData] AfSMAOMYCQAAAG5jAfSMAOMYEQAAAOgxAfSMAA1b/wAAnAAAAMMQCvSMAKIQAQAAAG5jAfSMAOMY
[ShotData] CQAAAG5jAfSMAOMYCAAAAGYpAXJ8ACk6BAAAAOQYAfSMAC1b/wAAnAAAAKtKCvSMAIpKAQAAAG5j
[ShotData] AfSMAOMYCQAAAG5jAfSMAOMYCAAAAIIQAfSMAHJ8AIIIAwAAAMtKAfSMAGpC/wAAnAAAAJJ8AfSM
[ShotData] AGIIBAAAAIIIAfSMAHJ8AQAAAG5jAfSMAOMYCQAAAG5jAfSMAOMYCQAAAG5jAfSMANOEAG5jAMtS
[ShotData] AAxTADF0AfSMANOEAKIQ/wAAmwAAAIYpAfSMAI5jBgAAAK9jAfSMAIYpAAAAAG5jAfSMAOMYCQAA
[ShotData] AG5jAfSMAOMYCQAAAGEIABB0BvSMANOEAKYp/wAAnAAAAI5jAfSMAMcxBgAAAMcxAfSMAG5jAAAA
[ShotData] AG5jAfSMAOMYCQAAAG5jAfSMAOMYCgAAACAAACg6AM9rAJOEAPSMALOEABB0AKtKAKIQ/wAA/wAA
[ShotData] /wAA/wAA/wAA/wAA/wAA/wAA/wAA/wAA/wAA/wAA/wAA/wAA/wAA/wAA/wAA/wAA/wAA/wAA/wAA
[ShotData] /wAA/wAA/wAA/wAA/wAA/wAA/wAA/wAA/wAA/wAA/wAA/wAA/wAA/wAA/wAA/wAA/wAA/wAA/wAA
[ShotData] /wAA/wAA/wAA/wAA/wAA/wAA/wAA/wAA/wAA/wAA/wAA/wAA/wAA/wAA/wAA/wAA/wAA/wAA/wAA
[ShotData] /wAA/wAA/wAA/wAA/wAA/wAA/wAA/wAA/wAA/wAA/wAA/wAA/wAA/wAA/wAA/wAA/wAA/wAA/wAA
[ShotData] /wAA/wAA/wAA/wAA/wAA/wAA/wAA/wAA/wAA/wAA/wAA/wAA/wAA/wAA/wAA/wAACwAA
[ShotEnd] digital-items bytes=19602
[Shot] digital-seconds 468 468
[ShotData] /wAA/wAA/wAA/wAA/wAA/wAA/wAA/wAA/wAA/wAA/wAA/wAA/wAA/wAA/wAA/wAA/wAA/wAA/wAA
[ShotData] /wAA/wAA/wAA/wAA/wAA/wAA/wAA/wAA/wAA/wAA/wAA/wAA/wAA/wAA/wAA/wAA/wAA/wAA/wAA
[ShotData] /wAA/wAA/wAA/wAA/wAA/wAA/wAA/wAA/wAA/wAA/wAA/wAA/wAA/wAA/wAA/wAA/wAA/wAA/wAA
[ShotData] /wAA/wAA/wAA/wAA/wAA/wAA/wAA/wAA/wAA/wAA/wAA/wAA/wAA/wAA/wAA/wAA/wAA/wAA/wAA
[ShotData] /wAA/wAA/wAA/wAA/wAA/wAA/wAA/wAA/wAA/wAA/wAA/wAA/wAA/wAA/wAA/wAA/wAA/wAA/wAA
[ShotData] /wAA/wAA/wAA/wAA/wAA/wAA/wAA/wAA/wAA/wAA/wAA/wAA/wAA/wAA/wAA/wAA/wAA/wAA/wAA
[ShotData] /wAA/wAA/wAA/wAA/wAA/wAA/wAA/wAA/wAA/wAA/wAA/wAA/wAA/wAA3gAAAMIpACaFAOi2AGnH
[ShotData] AMi2AAaFAKIpBAAAAGAIAORjAEemAEi/ACi/ACemAKRjAEAIAgAAACAAAKRjAIeuAEi/ACemAGI6
[ShotData] BgAAAGaNAInHAORj/wAAqwAAAONKBonHAMNKAgAAAIAIAGemBYnHAGemAIAIAQAAAIRbBInHAEEh
[ShotData] BAAAAGNCAInHAKiuAEAA/wAAhwAAAONKAEemEInHAEemAONKDQAAAIAIAEi/AYnHAIaVACVsAKaV
[ShotData] AYnHAEi/AGAIAQAAACVsAYnHAOi2AGV0AIV0AAi/AYnHAKV8AQAAAEemAInHAEVsAIAIAGemAInH
[ShotData] AORjAwAAAEAIAKiuAInHAEI6/wAAhwAAAONKFInHAONKDAAAAKNCAYnHAKV8AgAAAOWEAYnHAINC
[ShotData] AQAAAEemAInHAGnHAOEYAQAAACEZAYnHACi/AQAAAEi/AInHAEI6AAAAAMV8AInHAMV8AwAAACVs
[ShotData] AInHAEaN/wAAiAAAAEemAInHAEemAMIpDgAAAMIpAEemAInHAEemDAAAAERTAYnHAONKAgAAACNT
[ShotData] AYnHACNTAQAAAEaNAMedAAaFAwAAAIiuAYnHAEAIAAAAAYnHACI6AAAAAKV8AInHAAaFAgAAAEEh
[ShotData] AGnHAEi/AOEY/wAAiAAAAYnHAMIpEAAAAMIpAYnHDAAAAGI6AYnHAIV0AgAAAMV8AYnHAEI6BwAA
[ShotData] ACAAACi/AInHAGnHAQAAAYnHACI6AAAAAKV8AInHAAaFAgAAAMeVAInHAIRb/wAAiQAAAYnHAQAA
[ShotData] C4nHBAAAAYnHAAAAAWV0CQAAAEAAAKiuAYnHAAaFAKRjACaFAYnHAGeuACAABwAAAGRbAYnHAIaV
[ShotData] AQAAACi/AInHAEI6AAAAAMV8AInHAKV8AQAAAMNKAInHAGemASAAAMRjAGeuACi/AOedAAIy/wAA
[ShotData] gwAAAYnHAQAAC4nHBAAAAYnHAAAAAYnHCgAAACEZAAi3BInHAMi2AAEZBwAAAGI6AonHAOIxAQAA
[ShotData] AEemAInHACVsAIAIAGemAInHAKRjAAAAAIAIAOi2AInHAOIxAAAAAMRjA4nHAGnHAAEZ/wAAggAA
[ShotData] AYnHAQAAC4nHBAAAAYnHAAAAAYnHCgAAAAaFBonHAIV0BgAAAMIpAEi/AYnHAORjAgAAAGRbA4nH
[ShotData] AGnHAAEZAAAAAIV0AInHAMV8AQAAAKiuAInHAARsAIAQAKiuAInHAIRb/wAAggAAAYnHAQAAC4nH
[ShotData] BAAAAYnHAAAAAYnHCQAAAANTAYnHAMeVAEEhAEAAAGEhAOedAYnHAGJCBAAAAEEhAAi/AYnHAMV8
[ShotData] AwAAACAAAORjAKiuAGjHACemACI6AAAAAIEpAInHACi/AKAQAAAAACAAAYnHAAIyAAAAACaNAInH
[ShotData] AGV0/wAAggAAAYnHAQAAC4nHBAAAAYnHAAAAAYnHCQAAAGaNAYnHACEZAgAAAIEpAYnHAMV8AwAA
[ShotData] AMEQAMi2AYnHAGaNACAACgAAAAeeAInHACNTAQAAAEAAAYnHAMIpAAAAAAaFAInHAKV8/wAAggAA
[ShotData] AYnHAQAAC4nHBAAAAYnHAAAAAWV0CQAAAOedAYnHAIAQAgAAAAEZAYnHAEaNAgAAAIAIAEemAYnH
[ShotData] AMedAEAACgAAACNTAInHAAeeAgAAAEAAAYnHAMIpAAAAAAaFAInHAKV8/wAAggAAAYnHAMIpEAAA
[ShotData] AMIpAYnHDAAAACaFAYnHAANLAgAAAGRbAYnHAGV0AQAAAEAAAMeVAYnHAEemAIAICgAAAKAQAAi/
[ShotData] AInHAIEpAwAAAGnHAInHAOIxAAAAACaFAInHAEV0/wAAggAAAEemAInHAEemAMIpDgAAAMIpAEem
[ShotData] AInHAEemDAAAAINCAonHAEaNACVsAEaNAonHAMIxAQAAAMV8AonHAGaNBKV8AGAIBQAAAMV8AInH
[ShotData] AGV0BAAAAIiuAInHAGRbAAAAAEemAInHAERT/wAAggAAAONKFInHAONKDQAAAKV8BonHAARsAgAA
[ShotData] ACemCInHAKAQBAAAAOIxAInHAOi2AIAIBAAAAMRjAYnHAAi/AInHAEi/AMAQ/wAAgwAAAONKAEem
[ShotData] EInHAEemAONKDwAAAINCAIaVAAi/AGnHAAi3AGaNACI6AwAAACemCInHAKAQAwAAACAAAEemAInH
[ShotData] AMNKBQAAACAAAARsAKiuAEi/AOedAOIx/wAA/wAA/wAA/wAA/wAA/wAA/wAA/wAA/wAA/wAA/wAA
[ShotData] /wAA/wAA/wAA/wAA/wAA/wAA/wAA/wAA/wAA/wAA/wAA/wAA/wAA/wAA/wAA/wAA/wAA/wAA/wAA
[ShotData] /wAA/wAA/wAA/wAA/wAA/wAA/wAA8wAAAEUhAM9zAHalAFnGAJvOAFrGAJatABB8AGUpCwAAACQh
[ShotData] ArvOAIYpBwAAAJetDbvOAMtSEAAAAEUhAM9zAHalAFnGAJvOAFrGAJatABB8AGUpBQAAAElCDLvO
[ShotData] AAxbAQAAAElCB7vOAJrGAPi1AJKMAElCDQAAAIIQADF8ArvOAHalBQAAAKYxAFGEANe1AHrGAJrO
[ShotData] APi1ALOMAElK/wAAPwAAACAAAPB7CLvOABB8ACAACQAAAM9zArvOADGEBwAAAJetDbvOAMtSDgAA
[ShotData] ACAAAPB7CLvOABB8ACAAAwAAAElCDLvOAAxbAQAAAElCC7vOADWlAKIQCgAAAKpSADm+A7vOAHal
[ShotData] AwAAACAAAFGEB7vOADWlAKIQ/wAAPQAAAFGECrvOAPB7CAAAACAAADm+ArvOAHrGAGEIBgAAAJet
[ShotData] DbvOAMtSDgAAAFGECrvOAPB7AwAAAElCDLvOAAxbAQAAAElCDLvOAHalACAACAAAADWdBbvOAHal
[ShotData] AwAAAPB7CbvOAFal/wAAPAAAAKYxArvOABm+AOxaAGUpAOMYAGYpAAxbADm+ArvOACUhBwAAAGlK
[ShotData] BLvOAMtSBgAAAEUpA4YxAMcxArvOANOUBIYxAKIQDQAAAKYxArvOABm+AOxaAGUpAOMYAGYpAAxb
[ShotData] ADm+ArvOACUhAgAAAElCArvOAC1jCIYxAKMQAQAAAElCArvOAC1jA4YxAOg5AE1jADm+ArvOAKpS
[ShotData] CAAABrvOAHalAgAAAOQYArvOAJrOAG5rAIYpAEUpAOtaADm+ArvOAElK/wAAOwAAAM9zArvOAAQh
[ShotData] BAAAAGYpArvOAI5rBwAAABWdBLvOAHalCwAAACAAArvOADGEEwAAAM9zArvOAAQhBAAAAGYpArvO
[ShotData] AI5rAgAAAElCArvOAChCCwAAAElCArvOAChCBQAAAGUpArvOANOUCAAAAbvOABi+AElKAPi1AbvO
[ShotData] AHalAgAAAOxaArvOAOxaAwAAAKcxArvOAFGE/wAAOwAAALOUAbvOANi1BgAAAPScAbetAPB7BgAA
[ShotData] AAQZArvOAG5rArvOAGUpCgAAACAAArvOADGEEwAAALOUAbvOANi1BgAAAPScAbetAPB7AgAAAElC
[ShotData] ArvOAChCCwAAAElCArvOAChCBgAAANe1AbvOALetCAAAAHrGAK9zAEEIAAAAAPi1AbvOAHalAgAA
[ShotData] AM9zArvOAMMYBAAAAHrGAbvOADWd/wAAOwAAALOMAbvOAJvOAIIQEAAAAK9zAbvOABm+ACAAAPi1
[ShotData] AbvOABB8CgAAACAAArvOADGEEwAAALOMAbvOAJvOAIIQDAAAAElCArvOAChCCwAAAElCArvOAChC
[ShotData] BgAAAHalAbvOAPi1CAAAAAQhAgAAAPi1AbvOAHalAgAAAPB7ArvOAKIQBAAAADm+AbvOAHal/wAA
[ShotData] OwAAAG5rArvOAJatAChCAEEIDQAAACAAADm+AbvOAM9zAAAAAG5rAbvOAHrGAEEICQAAACAAArvO
[ShotData] ADGEEwAAAG5rArvOAJatAChCAEEICgAAAElCArvOAChCCwAAAElCArvOAChCBQAAAIIQAHrGAbvO
[ShotData] ADWdDAAAAPi1AbvOAHalAgAAAG5rArvOAElKAwAAACQhArvOAPSU/wAAOwAAAOMYAJvOBLvOANe1
[ShotData] ANSUAPBzAKtSAMMYCAAAAElCArvOAEUpAAAAAAQhArvOAKtSCQAAACAAArvOADGEEwAAAOMYAJvO
[ShotData] BLvOANe1ANSUAPBzAKtSAMMYBQAAAElCArvOAC1jB4YxAwAAAElCArvOAChCAwAAAEEIAIYpADWl
[ShotData] ArvOAG5rDAAAAPi1AbvOAHalAgAAAAg6ArvOADm+AGlKAIIQAGEIAOc5ALetArvOAI5r/wAAPAAA
[ShotData] AGlKAJvOCLvOAJOMAKIQBgAAAPScAbvOALetAgAAAFalAbvOAFalCQAAACAAArvOADGEFAAAAGlK
[ShotData] AJvOCLvOAJOMAKIQAwAAAElCC7vOACAAAgAAAElCDLvOAFrGAIIQDAAAAPi1AbvOAHalAgAAACAA
[ShotData] ALetCrvOAGUp/wAAPQAAAEUhAJKMAJrOB7vOABi+AKMQBAAAAOMYArvOAC1jAgAAAOtaArvOAEUh
[ShotData] CAAAACAAArvOADGEFQAAAEUhAJKMAJrOB7vOABi+AKMQAgAAAElCC7vOACAAAgAAAElCC7vOAFrG
[ShotData] AKYxDQAAAPi1AbvOAHalAwAAAEUhADm+CLvOADWd/wAAQAAAAEEIAIYxAKpSAI5rAJKMANi1A7vO
[ShotData] AFGEBAAAAI5rArvOAMMYAgAAAIIQAJvOAbvOAPB7CAAAACAAArvOADGEFwAAAEEIAIYxAKpSAI5r
[ShotData] AJKMANi1A7vOAFGEAgAAAElCC7vOACAAAgAAAElCCbvOAFrGABB8AMMYDgAAAPi1AbvOAHalBAAA
[ShotData] AMMQABB8ADm+AbvOAPi1A7vOAKYx/wAARgAAAAhCAJrOAbvOAHrGACAAAgAAACAAABm+AbvOABWd
[ShotData] BAAAALOUAbvOAFrGAEEIBwAAACAAArvOADGEHQAAAAhCAJrOAbvOAHrGACAAAQAAAElCArvOAChC
[ShotData] CwAAAElCArvOAE1jA8cxAIYpAOQYEQAAAPi1AbvOAHalBwAAAGEIAEEIAOxaArvOAJKM/wAAPAAA
[ShotData] ACAAAsMYAEEIBgAAABB8ArvOAMMYAgAAAChCDLvOAIpKBwAAACAAArvOADGEEgAAACAAAsMYAEEI
[ShotData] BgAAABB8ArvOAMMYAQAAAElCArvOAChCCwAAAElCArvOAChCFwAAAPi1AbvOAHalCAAAAGEIADm+
[ShotData] AbvOAJrOAOMY/wAAPAAAAMMYArvOAC1jBgAAAI5rArvOAKIQAgAAANOUDLvOADWdBwAAACAAArvO
[ShotData] ADGEEgAAAMMYArvOAC1jBgAAAI5rArvOAKIQAQAAAElCArvOAChCCwAAAElCArvOAChCFwAAAPi1
[ShotData] AbvOAHalCAAAAI5rArvOAI5r/wAAPgAAABm+AbvOAPi1AIIQBAAAAEEIAJetAbvOAFrGAgAAAMMY
[ShotData] DrvOACQhBgAAACAAArvOADGEEwAAABm+AbvOAPi1AIIQBAAAAEEIAJetAbvOAFrGAgAAAElCArvO
[ShotData] AChCCwAAAElCArvOAChCFwAAAPi1AbvOAHalBwAAAMMQAHrGAbvOADm+AEEI/wAAPgAAAI5rArvO
[ShotData] APi1AC1jAMc5AEUpAKcxAMtSAJetArvOABB8AgAAAG5rArvOAElCBqIQAMc5ArvOAM9zBgAAACAA
[ShotData] ArvOADGEBgAAAFrGAbvOAElCCAAAAI5rArvOAPi1AC1jAMc5AEUpAKcxAMtSAJetArvOABB8AgAA
[ShotData] AElCArvOAC1jCIYxAKMQAQAAAElCArvOAChCFwAAAPi1AbvOAHalBwAAADGEArvOAKtS/wAAPwAA
[ShotData] AEEIANe1CrvOAPi1AIIQAgAAAPi1AbvOADm+ACAABwAAANe1AbvOADm+ACAABQAAACAAArvOADGE
[ShotData] BgAAAFrGAbvOAElCCAAAAEEIANe1CrvOAPi1AIIQAgAAAElCDLvOAAxbAQAAAElCArvOAChCFwAA
[ShotData] APi1AbvOAHalBgAAACUhArvOAJat/wAAQQAAAMMYADWlCLvOADWdAMMYAgAAAAg6ArvOAM9zCAAA
[ShotData] AG5rArvOAGlKBQAAACAAArvOADGEBgAAAFrGAbvOAElCCQAAAMMYADWlCLvOADWdAMMYAwAAAElC
[ShotData] DLvOAAxbAQAAAElCArvOAChCFwAAAPi1AbvOAHalBgAAAPSUArvOAMcx/wAAQwAAAAg6AFGEALet
[ShotData] AHrGALvOAFrGAJatADF8AOc5BAAAALOMArvOAGUpCAAAAAQZArvOABWdBQAAACAAArvOADGEBgAA
[ShotData] AFrGAbvOAElCCwAAAAg6AFGEALetAHrGALvOAFrGAJatADF8AOc5BQAAAElCDLvOAAxbAQAAAElC
[ShotData] ArvOAChCFwAAAPi1AbvOAHalBQAAAMc5ArvOALOM/wAAdwAAAFrGAbvOAElC/wAAzwAAAFrGAbvO
[ShotData] AOc5/wAAzwAAAFrGAJvOAKpS/wAA0AAAAPi1AMc5/wAA0QAAAOMY/wAA/wAA/wAA/wAA/wAA/wAA
[ShotData] /wAA/wAA/wAA/wAA/wAA/wAA/wAA/wAA/wAA/wAA/wAA/wAA/wAA/wAA/wAA/wAA/wAA/wAA/wAA
[ShotData] /wAA/wAA/wAA/wAA/wAA/wAA/wAA/wAA/wAA/wAA/wAA/wAA/wAA/wAA/wAA/wAA/wAA/wAA/wAA
[ShotData] /wAA/wAA/wAA/wAA/wAA/wAA/wAA/wAA/wAA/wAA/wAA/wAA/wAA/wAA/wAA/wAA/wAA/wAA/wAA
[ShotData] /wAA/wAA/wAA/wAA/wAA/wAA/wAA/wAA/wAA/wAA/wAA/wAA/wAA/wAA/wAA/wAA/wAA/wAA/wAA
[ShotData] /wAA/wAA/wAA/wAA/wAA/wAA/wAA/wAA/wAA/wAA/wAA/wAA/wAA/wAA/wAA/wAA/wAA/wAA/wAA
[ShotData] /wAA/wAA/wAA/wAA/wAA/wAA/wAA/wAA/wAA/wAA/wAA/wAA/wAA/wAA/wAA/wAA/wAA/wAA/wAA
[ShotData] /wAA/wAA/wAA/wAA/wAA/wAA/wAAYgAAAIIQAChCAE1rADCEAPOcADSlAHWtABSlALKUAFGMACxj
[ShotData] AAhCAKIQ/wAAAQAAAIIQAChCAE1rADCEAPOcADSlAHWtABSlALKUAFGMACxjAAhCAKIQKgAAAIIQ
[ShotData] AChCAE1rADCEAPOcADSlAHWtABSlALKUAFGMACxjAAhCAKIQfAAAAKYxAFGMALrWDP//ANveAHGM
[ShotData] AKYxJgAAAEUpAAxjAJKUALa1ALrWAF3vAL73AP//AN//AH3vABznADjGADSlAM97AChCAGEIxAAA
[ShotData] AKYxAFGMALrWDP//ANveAHGMAKYxJAAAAKYxAFGMALrWDP//ANveAHGMAKYxdwAAAOtaAJrWEv//
[ShotData] AFnOAIpSIQAAAIYxAJKUABznDv//AN//ANe9AAxjAEEISgAAAKpSCv//ABjGIgAAAIIQAPOcCf//
[ShotData] ALa1NwAAAOtaAJrWEv//AFnOAIpSIAAAAOtaAJrWEv//AFnOAIpScwAAAChCALrWFv//AHnOAKYx
[ShotData] HQAAAChCADjGFP//AJ73ADCEAIIQSAAAAJrWCv//AAhCIQAAAMtaAF3vCv//ALa1NQAAAChCALrW
[ShotData] Fv//AHnOAKYxHAAAAChCALrWFv//AHnOAKYxbwAAACAAAHGMGv//ABCEGgAAAAQhANe9GP//AH3v
[ShotData] AAxjRgAAAIpSCv//ADjGIAAAAOMYALa1DP//ALa1MwAAACAAAHGMGv//ABCEGQAAACAAAHGMGv//
[ShotData] ABCEbQAAAEEIALa1HP//AJa1AEEIFwAAAOtaAL73G///AJa1AGEIRAAAAHnOCv//AElKHwAAAI5z
[ShotData] AL73Df//ALa1MgAAAEEIALa1HP//AJa1AEEIFgAAAEEIALa1HP//AJa1AEEIawAAADSlHv//ANe9
[ShotData] ACAAFQAAAHGMHv//ALrWAAQhQgAAAGlKCv//AFnOHgAAAIYxAFnOD///ALa1MgAAADSlHv//ANe9
[ShotData] ACAAFQAAADSlHv//ANe9ACAAaQAAAG1rIP//ANOcFAAAAJKUIP//ABznAAQhQQAAAFnOCv//AGlK
[ShotData] HAAAAEEIAFGMAN//EP//ALa1MQAAAG1rIP//ANOcFAAAAG1rIP//ANOcaAAAAKYxAN//If//AIpS
[ShotData] EgAAAM97Iv//APveAIIQPwAAAChCCv//AJrWHAAAAChCAPveEv//ALa1MAAAAKYxAN//If//AIpS
[ShotData] EgAAAKYxAN//If//AIpSZwAAABjGIv//ADznAEEIEAAAAAhCJP//ANe9PwAAADjGCv//AKpSGgAA
[ShotData] AIIQABSlFP//ALa1MAAAABjGIv//ADznAEEIEQAAABjGIv//ADznAEEIZQAAAElKJP//AO97DwAA
[ShotData] AEEIABznJf//AE1rPQAAAAhCCv//ALrWGgAAAMtaAF3vFf//ALa1LwAAAElKJP//AO97EAAAAElK
[ShotData] JP//AO97ZQAAAHnODP//AL73AFWtAOtaAGUpAKIQACAAAKIQAEUpAMtaABSlAJ73DP//AF3vAEEI
[ShotData] DgAAABCED///ALrWAFWtALKUADCEAHGMABSlAPe9AL73Dv//AJ73AKIQPAAAAPe9Cv//AMtaGQAA
[ShotData] ANe9F///ALa1LwAAAHnODP//AL73AFWtAOtaAGUpAKIQACAAAKIQAEUpAMtaABSlAJ73DP//AF3v
[ShotData] AEEIDwAAAHnODP//AL73AFWtAOtaAGUpAKIQACAAAKIQAEUpAMtaABSlAJ73DP//AF3vAEEIYwAA
[ShotData] AKYxDP//AFWtAOMYCAAAAKIQAPOcDP//AOtaDQAAAGEIAJ73DP//ANveAE1rAKIQBgAAACAAAAhC
[ShotData] AJa1Df//AFGMOwAAAOc5Cv//ANveGgAAGP//ALa1LgAAAKYxDP//AFWtAOMYCAAAAKIQAPOcDP//
[ShotData] AOtaDgAAAKYxDP//AFWtAOMYCAAAAKIQAPOcDP//AOtaYwAAAJKUC///AFGMDAAAAI5zC///ANe9
[ShotData] DQAAAI5zDP//AM97DAAAAKYxAPveC///AJ73AEEIOgAAANe9Cv//AOtaGgAAGP//ALa1LgAAAJKU
[ShotData] C///AFGMDAAAAI5zC///ANe9DgAAAJKUC///AFGMDAAAAI5zC///ANe9YgAAACAAAF3vCv//AHWt
[ShotData] DgAAAJKUC///AKIQDAAAAHnOCv//AN//AChCDgAAAGEIAFnOC///AMtaOQAAAKYxCv//APveACAA
[ShotData] GgAAGP//ALa1LQAAACAAAF3vCv//AHWtDgAAAJKUC///AKIQDAAAACAAAF3vCv//AHWtDgAAAJKU
[ShotData] C///AKIQYQAAAAhCCv//AN//AOMYDgAAAGEIAF3vCv//AMtaCwAAAAQhC///ACxjEAAAAMMYABzn
[ShotData] Cv//AFWtOQAAALa1Cv//ACxjGwAADP//ALrWAL73Cf//ALa1LQAAAAhCCv//AN//AOMYDgAAAGEI
[ShotData] AF3vCv//AMtaDAAAAAhCCv//AN//AOMYDgAAAGEIAF3vCv//AMtaYQAAAO97Cv//ADSlEAAAABCE
[ShotData] Cv//APOcCwAAAOtaCv//AFnOEgAAAMtaCv//AF3vOAAAAIYxCv//ABznACAAGwAACv//AL73AM97
[ShotData] ACAAAF3vCf//ALa1LQAAAO97Cv//ADSlEAAAABCECv//APOcDAAAAO97Cv//ADSlEAAAABCECv//
[ShotData] APOcYQAAANe9Cv//AGlKEAAAACQhCv//ANveCwAAALKUCv//AElKEwAAANveCv//AAQhNwAAAHWt
[ShotData] Cv//AE1rHAAACf//ANe9AAQhAQAAAF3vCf//ALa1LQAAANe9Cv//AGlKEAAAACQhCv//ANveDAAA
[ShotData] ANe9Cv//AGlKEAAAACQhCv//ANveYQAAAJ73Cf//AN//AEEIEQAAANveCv//ACAACgAAAPe9Cf//
[ShotData] AL73ACAAEwAAAHGMCv//AChCNgAAAGUpCv//ADznACAAHAAAB///AF3vAMtaAwAAAF3vCf//ALa1
[ShotData] LQAAAJ73Cf//AN//AEEIEQAAANveCv//ACAACwAAAJ73Cf//AN//AEEIEQAAANveCv//ACAAXwAA
[ShotData] AIIQCv//AHnOEgAAAPOcCv//AGUpCgAAAPveCf//ANe9FAAAAGlKCv//AAxjNgAAAFWtCv//AI5z
[ShotData] HQAABv//ANOcAIIQBAAAAF3vCf//ALa1LAAAAIIQCv//AHnOEgAAAPOcCv//AGUpCgAAAIIQCv//
[ShotData] AHnOEgAAAPOcCv//AGUpXwAAAIYxCv//ABSlEgAAAI5zCv//AGlKCgAAAH3vCf//APOcFAAAAIYx
[ShotData] Cv//AI5zNQAAAEUpCv//AF3vAEEIHQAABP//AJrWAMc5BgAAAF3vCf//ALa1LAAAAIYxCv//ABSl
[ShotData] EgAAAI5zCv//AGlKCgAAAIYxCv//ABSlEgAAAI5zCv//AGlKXwAAAIpSCv//AO97EgAAAGlKCv//
[ShotData] ACxjCgAAAN//Cf//AFGMFAAAAOMYCv//AO97NQAAADSlCv//AK5zHgAAAv//AL73AK5zACAABwAA
[ShotData] AF3vCf//ALa1LAAAAIpSCv//AO97EgAAAGlKCv//ACxjCgAAAIpSCv//AO97EgAAAGlKCv//ACxj
[ShotData] XwAAAAxjCv//AAxjEgAAAIYxCv//AO97CgAACv//ABCEFAAAAMMYCv//ABCENAAAACQhCv//AH3v
[ShotData] AGEIHgAAAf//ALa1AAQhCQAAAF3vCf//ALa1LAAAAAxjCv//AAxjEgAAAIYxCv//AO97CgAAAAxj
[ShotData] Cv//AAxjEgAAAIYxCv//AO97XwAAAG1rCv//AGlKEgAAAOMYCv//AFGMCgAACv//ABCEFAAAAMMY
[ShotData] Cv//AO97NAAAAPOcCv//AM97HwAAADznAKpSCwAAAF3vCf//ALa1LAAAAG1rCv//AGlKEgAAAOMY
[ShotData] Cv//AFGMCgAAAG1rCv//AGlKEgAAAOMYCv//AFGMXwAAAK5zCv//AAhCEgAAAGEICv//AHGMCgAA
[ShotData] Cv//AFGMFAAAAAQhCv//AM97MwAAAAQhAN//Cf//AH3vAGEIHwAAAGEIDAAAAF3vCf//ALa1LAAA
[ShotData] AK5zCv//AAhCEgAAAGEICv//AHGMCgAAAK5zCv//AAhCEgAAAGEICv//AHGMXwAAAO97Cv//AMc5
[ShotData] EgAAACAACv//ALKUCgAAAL73Cf//APOcFAAAAKYxCv//AG1rMwAAANOcCv//ABCELgAAAF3vCf//
[ShotData] ALa1LAAAAO97Cv//AMc5EgAAACAACv//ALKUCgAAAO97Cv//AMc5EgAAACAACv//ALKUXwAAABCE
[ShotData] Cv//AKYxEwAACv//ANOcCgAAAF3vCf//APe9FAAAAIpSCv//AOtaMgAAAOMYAN//Cf//AJ73AIIQ
[ShotData] LgAAAF3vCf//ALa1LAAAABCECv//AKYxEwAACv//ANOcCgAAABCECv//AKYxEwAACv//ANOcXwAA
[ShotData] ABCECv//AKYxEwAACv//ANOcCgAAAHnOCf//AL73AEEIEwAAAJKUCv//AOc5MgAAALKUCv//ADCE
[ShotData] LwAAAF3vCf//ALa1LAAAABCECv//AKYxEwAACv//ANOcCgAAABCECv//AKYxEwAACv//ANOcXwAA
[ShotData] ABCECv//AKYxEwAACv//ANOcCgAAAHWtCv//AKpSEwAAAPveCv//AMMYMQAAAMMYAL73Cf//AL73
[ShotData] AKIQLwAAAF3vCf//ALa1LAAAABCECv//AKYxEwAACv//ANOcCgAAABCECv//AKYxEwAACv//ANOc
[ShotData] XwAAABCECv//AKYxEwAACv//ANOcCgAAAM97Cv//ALrWEgAAAOtaCv//ADznCQAAAIIQC+MYGwAA
[ShotData] AHGMCv//AHGMMAAAAF3vCf//ALa1FQAAAIIQC+MYCQAAABCECv//AKYxEwAACv//ANOcCgAAABCE
[ShotData] Cv//AKYxEwAACv//ANOcXwAAABCECv//AKYxEwAACv//ANOcCgAAAOc5C///AFGMEAAAAMMYADzn
[ShotData] Cv//AHWtCQAAALa1C///GgAAAKIQAL73Cf//AL73AMMYBgAAAKIQCcMYAIIQHQAAAF3vCf//ALa1
[ShotData] FQAAALa1C///CQAAABCECv//AKYxEwAACv//ANOcCgAAABCECv//AKYxEwAACv//ANOcXwAAABCE
[ShotData] Cv//AKYxEwAACv//ANOcCgAAACAAAH3vC///AK5zDgAAAIIQAHnOC///AAxjCQAAALa1C///GgAA
[ShotData] AFGMCv//AJKUBwAAAF3vCf//ALa1HQAAAF3vCf//ALa1FQAAALa1C///CQAAABCECv//AKYxEwAA
[ShotData] Cv//ANOcCgAAABCECv//AKYxEwAACv//ANOcXwAAABCECv//AKYxEwAACv//ANOcCwAAANOcDP//
[ShotData] ADSlAIIQCwAAAMc5ABznDP//AKIQCQAAALa1C///GQAAAIIQAJ73Cf//AN//AMMYBwAAAF3vCf//
[ShotData] ALa1HQAAAF3vCf//ALa1FQAAALa1C///CQAAABCECv//AKYxEwAACv//ANOcCgAAABCECv//AKYx
[ShotData] EwAACv//ANOcXwAAABCECv//AKYxEwAACv//ANOcCwAAAEUpDf//AJ73AJKUAKYxACAABQAAAGEI
[ShotData] AGlKANe9Df//ALa1CgAAALa1C///GQAAADCECv//ALKUCAAAAF3vCf//ALa1HQAAAF3vCf//ALa1
[ShotData] FQAAALa1C///CQAAABCECv//AKYxEwAACv//ANOcCgAAABCECv//AKYxEwAACv//ANOcXwAAABCE
[ShotData] Cv//AKYxEwAACv//ANOcDAAAAJa1D///AJ73ADjGAJa1ABSlADSlANe9ALrWEP//AIpSCgAAALa1
[ShotData] C///GAAAAIIQAJ73Cf//AN//AOMYCAAAAF3vCf//ALa1HQAAAF3vCf//ALa1FQAAALa1C///CQAA
[ShotData] ABCECv//AKYxEwAACv//ANOcCgAAABCECv//AKYxEwAACv//ANOcXwAAABCECv//AKYxEwAACv//
[ShotData] ANOcDAAAACQhAN//Jf//ABznACAACgAAALa1C///GAAAAO97Cv//APOcCQAAAF3vCf//ALa1HQAA
[ShotData] AF3vCf//ALa1FQAAALa1C///CQAAABCECv//AKYxEwAACv//ANOcCgAAABCECv//AKYxEwAACv//
[ShotData] ANOcXwAAABCECv//AKYxEwAACv//ANOcDQAAAM97Jf//AG1rCwAAALa1C///FwAAAGEIAH3vCv//
[ShotData] AAQhCQAAAF3vCf//ALa1HQAAAF3vCf//ALa1FQAAALa1C///CQAAABCECv//AKYxEwAACv//ANOc
[ShotData] CgAAABCECv//AKYxEwAACv//ANOcXwAAABCECv//AKYxEwAACv//ANOcDgAAANe9I///AF3vAEEI
[ShotData] CwAAALa1C///FwAAAM97Cv//ABSlCgAAAF3vCf//ALa1HQAAAF3vCf//ALa1FQAAALa1C///CQAA
[ShotData] ABCECv//AKYxEwAACv//ANOcCgAAABCECv//AKYxEwAACv//ANOcXwAAABCECv//AKYxEwAACv//
[ShotData] ANOcDgAAAGEIAJrWIv//AI5zDAAAALa1C///FgAAAEEIAF3vCv//AEUpCgAAAF3vCf//ALa1HQAA
[ShotData] AF3vCf//ALa1FQAAALa1C///CQAAABCECv//AKYxEwAACv//ANOcCgAAABCECv//AKYxEwAACv//
[ShotData] ANOcXwAAABCECv//AKYxEwAACv//ANOcDwAAAMMYAJrWIP//ABznAEEIDAAAALa1C///FgAAAK5z
[ShotData] Cv//ADSlCwAAAF3vCf//ALa1HQAAAF3vCf//ALa1FQAAALa1C///CQAAABCECv//AKYxEwAACv//
[ShotData] ANOcCgAAABCECv//AKYxEwAACv//ANOcXwAAABCECv//AKYxEwAACv//ANOcEAAAAIIQAPe9H///
[ShotData] AAxjDQAAALa1C///FQAAAEEIAF3vCv//AGUpCwAAAF3vCf//ALa1HQAAAF3vCf//ALa1FQAAALa1
[ShotData] C///CQAAABCECv//AKYxEwAACv//ANOcCgAAABCECv//AKYxEwAACv//ANOcXwAAABCECv//AKYx
[ShotData] EwAACv//ANOcEgAAABCEAN//HP//AFnODgAAALa1C///FQAAAG1rCv//AHWtDAAAAF3vCf//ALa1
[ShotData] HQAAAF3vCf//ALa1FQAAALa1C///CQAAABCECv//AKYxEwAACv//ANOcCgAAABCECv//AKYxEwAA
[ShotData] Cv//ANOcXwAAABCECv//AKYxEwAACv//ANOcEwAAAEUpANe9G///AMc5DgAAALa1C///FAAAACAA
[ShotData] ADznCv//AIYxDAAAAF3vCf//ALa1HQAAAF3vCf//ALa1FQAAALa1C///CQAAABCECv//AKYxEwAA
[ShotData] Cv//ANOcCgAAABCECv//AKYxEwAACv//ANOcXwAAABCECv//AKYxEwAACv//ANOcFQAAAIYxAPOc
[ShotData] AH3vF///ABSlMQAAAE1rCv//AJa1DQAAAF3vCf//ALa1HQAAAF3vCf//ALa1LAAAABCECv//AKYx
[ShotData] EwAACv//ANOcCgAAABCECv//AKYxEwAACv//ANOcXwAAABCECv//AKYxEwAACv//ANOcFwAAACAA
[ShotData] AAhCAO97AHWtAJrWAF3vAL73AP//AJ73ADznAHnOADSlABznCv//AJ73AMMYMAAAACAAABznCv//
[ShotData] AKYxDQAAAF3vCf//ALa1HQAAAF3vCf//ALa1LAAAABCECv//AKYxEwAACv//ANOcCgAAABCECv//
[ShotData] AKYxEwAACv//ANOcXwAAAO97Cv//AKYxEwAACv//ALKUIgAAAKYxC///AG1rMQAAACxjCv//ANe9
[ShotData] DgAAAF3vCf//ALa1HQAAAF3vCf//ALa1LAAAAO97Cv//AKYxEwAACv//ALKUCgAAAO97Cv//AKYx
[ShotData] EwAACv//ALKUXwAAAM97Cv//AMc5EgAAAEEICv//ALKUIgAAAHnOCv//AJrWMQAAACAAAPveCv//
[ShotData] AMc5DgAAAF3vCf//ALa1HQAAAF3vCf//ALa1LAAAAM97Cv//AMc5EgAAAEEICv//ALKUCgAAAM97
[ShotData] Cv//AMc5EgAAAEEICv//ALKUXwAAAK5zCv//AAhCEgAAAIIQCv//AJKUIQAAAE1rC///AOc5MQAA
[ShotData] AOtaCv//APe9DwAAAF3vCf//ALa1HQAAAF3vCf//ALa1LAAAAK5zCv//AAhCEgAAAIIQCv//AJKU
[ShotData] CgAAAK5zCv//AAhCEgAAAIIQCv//AJKUXwAAAG1rCv//AIpSEgAAAAQhCv//ADCEIAAAAKIQAH3v
[ShotData] Cv//ABSlMgAAANveLv//ALa1FQAAAF3vCf//ALa1LAAAAG1rCv//AIpSEgAAAAQhCv//ADCECgAA
[ShotData] AG1rCv//AIpSEgAAAAQhCv//ADCEXwAAAMtaCv//AE1rEgAAAMc5Cv//AK5zIAAAABSlCv//AJ73
[ShotData] AKIQMQAAAIYxL///ALa1FQAAAF3vCf//ALa1LAAAAMtaCv//AE1rEgAAAMc5Cv//AK5zCgAAAMta
[ShotData] Cv//AE1rEgAAAMc5Cv//AK5zXwAAAAhCCv//ADCEEgAAAKpSCv//AMtaHwAAAOc5C///AG1rMgAA
[ShotData] AKYxL///ALa1FQAAAF3vCf//ALa1LAAAAAhCCv//ADCEEgAAAKpSCv//AMtaCgAAAAhCCv//ADCE
[ShotData] EgAAAKpSCv//AMtaXwAAAEUpCv//AHWtEgAAAO97Cv//AMc5HgAAACAAALrWCv//AHnOMwAAAKYx
[ShotData] L///ALa1FQAAAF3vCf//ALa1LAAAAEUpCv//AHWtEgAAAO97Cv//AMc5CgAAAEUpCv//AHWtEgAA
[ShotData] AO97Cv//AMc5XwAAACAAAN//Cf//APveEgAAAHWtCv//AKIQHgAAAK5zC///AMc5FAAAACQhC6Yx
[ShotData] EQAAAKYxL///ALa1FQAAAF3vCf//ALa1FQAAACQhC6YxCQAAACAAAN//Cf//APveEgAAAHWtCv//
[ShotData] AKIQCgAAACAAAN//Cf//APveEgAAAHWtCv//AKIQYAAAANveCv//AMMYEQAAAH3vCf//AH3vHgAA
[ShotData] AOMYAJ73Cv//APOcFQAAALa1C///EQAAAKYxL///ALa1FQAAAF3vCf//ALa1FQAAALa1C///CgAA
[ShotData] ANveCv//AMMYEQAAAH3vCf//AH3vDAAAANveCv//AMMYEQAAAH3vCf//AH3vYQAAADSlCv//ACxj
[ShotData] EAAAAOc5Cv//ANe9HgAAAHWtCv//AH3vAKIQFQAAALa1C///EQAAAKYxL///ALa1FQAAAF3vCf//
[ShotData] ALa1FQAAALa1C///CgAAADSlCv//ACxjEAAAAOc5Cv//ANe9DAAAADSlCv//ACxjEAAAAOc5Cv//
[ShotData] ANe9YQAAAE1rCv//ADjGEAAAABSlCv//ADCEHQAAAElKC///AE1rFgAAALa1C///EQAAAKYxL///
[ShotData] ALa1FQAAAF3vCf//ALa1FQAAALa1C///CgAAAE1rCv//ADjGEAAAABSlCv//ADCEDAAAAE1rCv//
[ShotData] ADjGEAAAABSlCv//ADCEYQAAACQhC///AOc5DgAAACQhAN//Cv//AChCHAAAACAAANveCv//AHnO
[ShotData] FwAAALa1C///EQAAAKYxL///ALa1FQAAAF3vCf//ALa1FQAAALa1C///CgAAACQhC///AOc5DgAA
[ShotData] ACQhAN//Cv//AChCDAAAACQhC///AOc5DgAAACQhAN//Cv//AChCYgAAALrWCv//ALrWAGEIDAAA
[ShotData] ACAAABjGCv//AJ73ACAAHAAAAO97C///AMc5FwAAALa1C///EQAAAKYxL///ALa1FQAAAF3vCf//
[ShotData] ALa1FQAAALa1C///CwAAALrWCv//ALrWAGEIDAAAACAAABjGCv//AJ73ACAADQAAALrWCv//ALrW
[ShotData] AGEIDAAAACAAABjGCv//AJ73ACAAYgAAABCEC///ABjGAEEICgAAACAAAFWtC///ADSlHAAAAAQh
[ShotData] AL73Cv//APOcGAAAALa1C///EQAAACQhHLa1AN//Cf//AF3vBra1AO97FQAAAF3vCf//ALa1FQAA
[ShotData] ALa1C///CwAAABCEC///ABjGAEEICgAAACAAAFWtC///ADSlDgAAABCEC///ABjGAEEICgAAACAA
[ShotData] AFWtC///ADSlYwAAAAQhDP//APveAElKCAAAAMc5AJrWDP//AKYxHAAAALa1Cv//AH3vAKIQGAAA
[ShotData] ALa1C///LwAAAF3vCf//ALa1HQAAAF3vCf//ALa1FQAAALa1C///CwAAAAQhDP//APveAElKCAAA
[ShotData] AMc5AJrWDP//AKYxDgAAAAQhDP//APveAElKCAAAAMc5AJrWDP//AKYxZAAAAJa1Df//ABznAJKU
[ShotData] AAxjAElKAMc5AElKAOtaAFGMANveDf//ABjGHAAAAIpSC///AE1rGQAAALa1C///LwAAAF3vCf//
[ShotData] ALa1HQAAAF3vCf//ALa1FQAAALa1C///DAAAAJa1Df//ABznAJKUAAxjAElKAMc5AElKAOtaAFGM
[ShotData] ANveDf//ABjGEAAAAJa1Df//ABznAJKUAAxjAElKAMc5AElKAOtaAFGMANveDf//ABjGZQAAAKYx
[ShotData] JP//AKYxGwAAAEEIABznCv//AHnOGgAAALa1C///LwAAAF3vCf//ALa1HQAAAF3vCf//ALa1FQAA
[ShotData] ALa1C///DAAAAKYxJP//AKYxEAAAAKYxJP//AKYxZgAAAFWtIv//APOcHAAAAFGMC///AKYxGgAA
[ShotData] ALa1C///LwAAAF3vCf//ALa1HQAAAF3vCf//ALa1FQAAALa1C///DQAAAFWtIv//APOcEgAAAFWt
[ShotData] Iv//APOcZwAAAKIQAF3vIP//ABznAKIQGwAAAEUpAN//Cv//ANOcGwAAALa1C///LwAAAF3vCf//
[ShotData] ALa1HQAAAF3vCf//ALa1FQAAALa1C///DQAAAKIQAF3vIP//ABznAKIQEgAAAKIQAF3vIP//ABzn
[ShotData] AKIQaAAAAMc5AL73Hv//AN//AMc5HAAAAPe9Cv//AH3vAIIQGwAAALa1C///LwAAAF3vCf//ALa1
[ShotData] HQAAAF3vCf//ALa1FQAAALa1C///DgAAAMc5AL73Hv//AN//AMc5FAAAAMc5AL73Hv//AN//AMc5
[ShotData] agAAAElKAN//Hf//ACxjHAAAAOtaC///ACxjHAAAALa1C///LwAAAF3vCf//ALa1HQAAAF3vCf//
[ShotData] ALa1FQAAALa1C///DwAAAElKAN//Hf//ACxjFgAAAElKAN//Hf//ACxjbAAAAIpSAJ73Gv//AN//
[ShotData] AMtaHAAAAGEIAF3vCv//AFnOWgAAAF3vCf//ALa1HQAAAF3vCf//ALa1MwAAAIpSAJ73Gv//AN//
[ShotData] AMtaGAAAAIpSAJ73Gv//AN//AMtabgAAAAQhAFnOGP//ADznAChCHQAAALKUC///AKYxWgAAAF3v
[ShotData] Cf//ALa1HQAAAF3vCf//ALa1NAAAAAQhAFnOGP//ADznAChCGgAAAAQhAFnOGP//ADznAChCcAAA
[ShotData] ACAAAO97AL73FP//AN//AJKUAIIQHQAAAIYxC///ANOcWwAAAF3vCf//ALa1HQAAAF3vCf//ALa1
[ShotData] NQAAACAAAO97AL73FP//AN//AJKUAIIQHAAAACAAAO97AL73FP//AN//AJKUAIIQcwAAAKIQAFGM
[ShotData] AH3vEP//AF3vAHGMAOMYHwAAAFnOCv//AH3vAIIQWwAAAF3vCf//ALa1HQAAAF3vCf//ALa1NwAA
[ShotData] AKIQAFGMAH3vEP//AF3vAHGMAOMYIAAAAKIQAFGMAH3vEP//AF3vAHGMAOMYdwAAAEEIAKpSADSl
[ShotData] ABznCv//APveANOcAGlKACAAIAAAACxjC///ACxjXAAAAF3vCf//ALa1HQAAAF3vCf//ALa1OQAA
[ShotData] AEEIAKpSADSlABznCv//APveANOcAGlKACAAJAAAAEEIAKpSADSlABznCv//APveANOcAGlKACAA
[ShotData] fQAAAGEIAKYxAMtaACxjAI5zAO97AK5zAG1rAKpSAMc5AGEI/wAAAwAAAGEIAKYxAMtaACxjAI5z
[ShotData] AO97AK5zAG1rAKpSAMc5AGEILAAAAGEIAKYxAMtaACxjAI5zAO97AK5zAG1rAKpSAMc5AGEI/wAA
[ShotData] /wAA/wAA/wAA/wAA/wAA/wAA/wAA/wAA/wAA/wAA/wAA/wAA/wAA/wAA/wAA/wAA/wAA/wAA/wAA
[ShotData] /wAA/wAA/wAA/wAA/wAA/wAA/wAA/wAA/wAA/wAA/wAA/wAA/wAA/wAA/wAA/wAA/wAA/wAA/wAA
[ShotData] /wAA/wAA/wAA/wAA/wAA/wAA/wAA/wAA/wAA/wAA/wAA/wAA/wAA/wAA/wAA/wAA/wAA/wAA/wAA
[ShotData] /wAA/wAA/wAA/wAA/wAA/wAA/wAA/wAA/wAA/wAA/wAA/wAA/wAA/wAA/wAA/wAA/wAA/wAA/wAA
[ShotData] /wAA/wAA/wAA/wAA/wAA/wAA/wAA/wAA/wAA/wAA/wAA/wAA/wAA/wAA/wAA/wAA/wAA/wAA/wAA
[ShotData] /wAA/wAA/wAA/wAA/wAA/wAA/wAA/wAA/wAA/wAA/wAA/wAA/wAA/wAA/wAA/wAA/wAA/wAA/wAA
[ShotData] /wAA/wAA/wAA/wAA/wAA/wAA/wAA/wAA/wAA/wAA/wAA/wAA/wAA/wAA/wAA/wAA/wAA/wAA/wAA
[ShotData] /wAA/wAA/wAA/wAA/wAA/wAA/wAA/wAA/wAA/wAA/wAA/wAA/wAA/wAA/wAA/wAA/wAA/wAA/wAA
[ShotData] /wAA/wAA/wAAhgAABYnHAwAABYnH/wAAwwAABYnHAwAABYnH/wAAwwAABYnHAwAABYnH/wAAwwAA
[ShotData] BYnHAwAABYnH/wAAwwAABYnHAwAABYnH/wAAwwAABYnHAwAABYnH/wAA/wAA/wAA/wAA/wAA/wAA
[ShotData] /wAA/wAA/wAAEwAABYnHAwAABYnH/wAAwwAABYnHAwAABYnH/wAAwwAABYnHAwAABYnH/wAAwwAA
[ShotData] BYnHAwAABYnH/wAAwwAABYnHAwAABYnH/wAAwwAABYnHAwAABYnH/wAA/wAA/wAA/wAA/wAA/wAA
[ShotData] /wAA/wAA/wAA/wAA/wAA/wAA/wAA/wAA/wAA/wAA/wAA/wAAKQAAAFJ8APSMADF8BgAAAG5jBfSM
[ShotData] ALOEABB0AIpCAEEIAgAAAG5jBfSMALOEABB0AIpCAEEIBAAAAIYpAG5jAHJ8ANSMALOEAPBzAIpC
[ShotData] AEEI/wAAogAAAEUhAvSMAEUhBQAAAG5jCPSMAFF8AIIIAQAAAG5jCPSMAFF8AIIIAgAAAE1bBvSM
[ShotData] AHJ8AKIQ/wAAoQAAAE1bAvSMAC1bBQAAAG5jAfSMAE1bAuxSAE1bALOEAfSMAI5jAQAAAG5jAfSM
[ShotData] AE1bAuxSAE1bALOEAfSMAI5jAQAAAElCAfSMALOEAC1bAIpKAOxSAFJ8AfSMAM9r/wAAoAAAAGEI
[ShotData] ANSMAvSMANOEAEEIBAAAAG5jAfSMAOMYAwAAAKIQALOEAfSMAGEIAAAAAG5jAfSMAOMYAwAAAKIQ
[ShotData] ALOEAfSMAGEIAAAAADF0APSMANSMAMMQAgAAACAAAPBrAfSMAMMQ/wAAnwAAACk6AfSMAOxSAfSM
[ShotData] AAg6BAAAAG5jAfSMAOMYBAAAAE5bAfSMACQhAAAAAG5jAfSMAOMYBAAAAE5bAfSMACQhAAAAAfSM
[ShotData] ADF0BAAAAIYpAU1bAAQZ/wAAnwAAABF0APSMAJJ8ACAAAJOEAPSMAPBzBAAAAG5jAfSMAOMYBAAA
[ShotData] AE1bAfSMACUhAAAAAG5jAfSMAOMYBAAAAE1bAfSMACUhAAAAALOEAPSMANSMAAQZ/wAApgAAAAQZ
[ShotData] AfSMAMtSAAAAAAxTAfSMAOQYAwAAAG5jAfSMAOMYAwAAAIIIAJOEAfSMAGIIAAAAAG5jAfSMAOMY
[ShotData] AwAAAIIIAJOEAfSMAGIIAAAAAE1bAvSMAI9jAIpKAMcxAAQZACAA/wAAoQAAAAxTAfSMAAQZAAAA
[ShotData] AEUhAfSMAOxSAwAAAG5jAfSMAG5bAgxTAG5bALOEAfSMAI5jAQAAAG5jAfSMAG5bAgxTAG5bALOE
[ShotData] AfSMAI5jAQAAAIIQAHJ8BfSMALOEAOxSAEEI/wAAngAAACAAALOEAPSMAFJ8AgAAAHJ8APSMALOE
[ShotData] ACAAAgAAAG5jCPSMAFF8AIIIAQAAAG5jCPSMAFF8AIIIAgAAAEEIAIpKAFF8BfSMABB0ACAA/wAA
[ShotData] nQAAAOcxAfSMAIpKAgAAAKtKAfSMAMcxAgAAAG5jBfSMALOEAPBzAGpCAEEIAgAAAG5jBfSMALOE
[ShotData] APBzAGpCAEEIBgAAAEEIAOQYAKcxAOxSANSMAfSMAOg5/wAAnQAAAM9rAfSMAAxTAmpCAAxbAfSM
[ShotData] AK9rAgAAAG5jAfSMAOMYCQAAAG5jAfSMAOMYEQAAAOgxAfSMAA1b/wAAnAAAAMMQCvSMAKIQAQAA
[ShotData] AG5jAfSMAOMYCQAAAG5jAfSMAOMYCAAAAGYpAXJ8ACk6BAAAAOQYAfSMAC1b/wAAnAAAAKtKCvSM
[ShotData] AIpKAQAAAG5jAfSMAOMYCQAAAG5jAfSMAOMYCAAAAIIQAfSMAHJ8AIIIAwAAAMtKAfSMAGpC/wAA
[ShotData] nAAAAJJ8AfSMAGIIBAAAAIIIAfSMAHJ8AQAAAG5jAfSMAOMYCQAAAG5jAfSMAOMYCQAAAG5jAfSM
[ShotData] ANOEAG5jAMtSAAxTADF0AfSMANOEAKIQ/wAAmwAAAIYpAfSMAI5jBgAAAK9jAfSMAIYpAAAAAG5j
[ShotData] AfSMAOMYCQAAAG5jAfSMAOMYCQAAAGEIABB0BvSMANOEAKYp/wAAnAAAAI5jAfSMAMcxBgAAAMcx
[ShotData] AfSMAG5jAAAAAG5jAfSMAOMYCQAAAG5jAfSMAOMYCgAAACAAACg6AM9rAJOEAPSMALOEABB0AKtK
[ShotData] AKIQ/wAA/wAA/wAA/wAA/wAA/wAA/wAA/wAA/wAA/wAA/wAA/wAA/wAA/wAA/wAA/wAA/wAA/wAA
[ShotData] /wAA/wAA/wAA/wAA/wAA/wAA/wAA/wAA/wAA/wAA/wAA/wAA/wAA/wAA/wAA/wAA/wAA/wAA/wAA
[ShotData] /wAA/wAA/wAA/wAA/wAA/wAA/wAA/wAA/wAA/wAA/wAA/wAA/wAA/wAA/wAA/wAA/wAA/wAA/wAA
[ShotData] /wAA/wAA/wAA/wAA/wAA/wAA/wAA/wAA/wAA/wAA/wAA/wAA/wAA/wAA/wAA/wAA/wAA/wAA/wAA
[ShotData] /wAA/wAA/wAA/wAA/wAA/wAA/wAA/wAA/wAA/wAA/wAA/wAA/wAA/wAA/wAA/wAA/wAA/wAA/wAA
[ShotData] /wAA/wAA/wAA/wAA/wAA/wAA/wAA/wAA/wAA/wAA/wAA/wAA/wAA/wAA/wAA/wAA/wAA/wAA/wAA
[ShotData] /wAA/wAA/wAA/wAA/wAA/wAA/wAA/wAA/wAA/wAA/wAA/wAA/wAA/wAA/wAAxwAA
[ShotEnd] digital-seconds bytes=16977
[Shot] digital-seconds-item 468 468
[ShotData] /wAA/wAA/wAA/wAA/wAA/wAA/wAA/wAA/wAA/wAA/wAA/wAA/wAA/wAA/wAA/wAA/wAA/wAA/wAA
[ShotData] /wAA/wAA/wAA/wAA/wAA/wAA/wAA/wAA/wAA/wAA/wAA/wAA/wAA/wAA/wAA/wAA/wAA/wAA/wAA
[ShotData] /wAA/wAA/wAA/wAA/wAA/wAA/wAA/wAA/wAA/wAA/wAA/wAA/wAA/wAA/wAA/wAA/wAA/wAA/wAA
[ShotData] /wAA/wAA/wAA/wAA/wAA/wAA/wAA/wAA/wAA/wAA/wAA/wAA/wAA/wAA/wAA/wAA/wAA/wAA/wAA
[ShotData] /wAA/wAA/wAA/wAA/wAA/wAA/wAA/wAA/wAA/wAA/wAA/wAA/wAA/wAA/wAA/wAA/wAA/wAA/wAA
[ShotData] 9gAAAMIpACaFAOi2AGnHAMi2AAaFAKIpBAAAAGAIAORjAEemAEi/ACi/ACemAKRjAEAIAgAAACAA
[ShotData] AKRjAIeuAEi/ACemAGI6BgAAAGaNAInHAORj/wAAqwAAAONKBonHAMNKAgAAAIAIAGemBYnHAGem
[ShotData] AIAIAQAAAIRbBInHAEEhBAAAAGNCAInHAKiuAEAA/wAAhwAAAONKAEemEInHAEemAONKDQAAAIAI
[ShotData] AEi/AYnHAIaVACVsAKaVAYnHAEi/AGAIAQAAACVsAYnHAOi2AGV0AIV0AAi/AYnHAKV8AQAAAEem
[ShotData] AInHAEVsAIAIAGemAInHAORjAwAAAEAIAKiuAInHAEI6/wAAhwAAAONKFInHAONKDAAAAKNCAYnH
[ShotData] AKV8AgAAAOWEAYnHAINCAQAAAEemAInHAGnHAOEYAQAAACEZAYnHACi/AQAAAEi/AInHAEI6AAAA
[ShotData] AMV8AInHAMV8AwAAACVsAInHAEaN/wAAiAAAAEemAInHAEemAMIpDgAAAMIpAEemAInHAEemDAAA
[ShotData] AERTAYnHAONKAgAAACNTAYnHACNTAQAAAEaNAMedAAaFAwAAAIiuAYnHAEAIAAAAAYnHACI6AAAA
[ShotData] AKV8AInHAAaFAgAAAEEhAGnHAEi/AOEY/wAAiAAAAYnHAMIpEAAAAMIpAYnHDAAAAGI6AYnHAIV0
[ShotData] AgAAAMV8AYnHAEI6BwAAACAAACi/AInHAGnHAQAAAYnHACI6AAAAAKV8AInHAAaFAgAAAMeVAInH
[ShotData] AIRb/wAAiQAAAYnHAQAAC4nHBAAAAYnHAAAAAWV0CQAAAEAAAKiuAYnHAAaFAKRjACaFAYnHAGeu
[ShotData] ACAABwAAAGRbAYnHAIaVAQAAACi/AInHAEI6AAAAAMV8AInHAKV8AQAAAMNKAInHAGemASAAAMRj
[ShotData] AGeuACi/AOedAAIy/wAAgwAAAYnHAQAAC4nHBAAAAYnHAAAAAYnHCgAAACEZAAi3BInHAMi2AAEZ
[ShotData] BwAAAGI6AonHAOIxAQAAAEemAInHACVsAIAIAGemAInHAKRjAAAAAIAIAOi2AInHAOIxAAAAAMRj
[ShotData] A4nHAGnHAAEZ/wAAggAAAYnHAQAAC4nHBAAAAYnHAAAAAYnHCgAAAAaFBonHAIV0BgAAAMIpAEi/
[ShotData] AYnHAORjAgAAAGRbA4nHAGnHAAEZAAAAAIV0AInHAMV8AQAAAKiuAInHAARsAIAQAKiuAInHAIRb
[ShotData] /wAAggAAAYnHAQAAC4nHBAAAAYnHAAAAAYnHCQAAAANTAYnHAMeVAEEhAEAAAGEhAOedAYnHAGJC
[ShotData] BAAAAEEhAAi/AYnHAMV8AwAAACAAAORjAKiuAGjHACemACI6AAAAAIEpAInHACi/AKAQAAAAACAA
[ShotData] AYnHAAIyAAAAACaNAInHAGV0/wAAggAAAYnHAQAAC4nHBAAAAYnHAAAAAYnHCQAAAGaNAYnHACEZ
[ShotData] AgAAAIEpAYnHAMV8AwAAAMEQAMi2AYnHAGaNACAACgAAAAeeAInHACNTAQAAAEAAAYnHAMIpAAAA
[ShotData] AAaFAInHAKV8/wAAggAAAYnHAQAAC4nHBAAAAYnHAAAAAWV0CQAAAOedAYnHAIAQAgAAAAEZAYnH
[ShotData] AEaNAgAAAIAIAEemAYnHAMedAEAACgAAACNTAInHAAeeAgAAAEAAAYnHAMIpAAAAAAaFAInHAKV8
[ShotData] /wAAggAAAYnHAMIpEAAAAMIpAYnHDAAAACaFAYnHAANLAgAAAGRbAYnHAGV0AQAAAEAAAMeVAYnH
[ShotData] AEemAIAICgAAAKAQAAi/AInHAIEpAwAAAGnHAInHAOIxAAAAACaFAInHAEV0/wAAggAAAEemAInH
[ShotData] AEemAMIpDgAAAMIpAEemAInHAEemDAAAAINCAonHAEaNACVsAEaNAonHAMIxAQAAAMV8AonHAGaN
[ShotData] BKV8AGAIBQAAAMV8AInHAGV0BAAAAIiuAInHAGRbAAAAAEemAInHAERT/wAAggAAAONKFInHAONK
[ShotData] DQAAAKV8BonHAARsAgAAACemCInHAKAQBAAAAOIxAInHAOi2AIAIBAAAAMRjAYnHAAi/AInHAEi/
[ShotData] AMAQ/wAAgwAAAONKAEemEInHAEemAONKDwAAAINCAIaVAAi/AGnHAAi3AGaNACI6AwAAACemCInH
[ShotData] AKAQAwAAACAAAEemAInHAMNKBQAAACAAAARsAKiuAEi/AOedAOIx/wAA/wAA/wAA/wAA/wAA/wAA
[ShotData] /wAA/wAA/wAA/wAA/wAA/wAA/wAA/wAA/wAA/wAA/wAA/wAA/wAA/wAA/wAA/wAA/wAA/wAA/wAA
[ShotData] /wAA/wAA/wAA/wAA/wAA/wAA/wAA/wAA/wAA/wAA/wAA/wAA8wAAAEUhAM9zAHalAFnGAJvOAFrG
[ShotData] AJatABB8AGUpCwAAACQhArvOAIYpBwAAAJetDbvOAMtSEAAAAEUhAM9zAHalAFnGAJvOAFrGAJat
[ShotData] ABB8AGUpBQAAAElCDLvOAAxbAQAAAElCB7vOAJrGAPi1AJKMAElCDQAAAIIQADF8ArvOAHalBQAA
[ShotData] AKYxAFGEANe1AHrGAJrOAPi1ALOMAElK/wAAPwAAACAAAPB7CLvOABB8ACAACQAAAM9zArvOADGE
[ShotData] BwAAAJetDbvOAMtSDgAAACAAAPB7CLvOABB8ACAAAwAAAElCDLvOAAxbAQAAAElCC7vOADWlAKIQ
[ShotData] CgAAAKpSADm+A7vOAHalAwAAACAAAFGEB7vOADWlAKIQ/wAAPQAAAFGECrvOAPB7CAAAACAAADm+
[ShotData] ArvOAHrGAGEIBgAAAJetDbvOAMtSDgAAAFGECrvOAPB7AwAAAElCDLvOAAxbAQAAAElCDLvOAHal
[ShotData] ACAACAAAADWdBbvOAHalAwAAAPB7CbvOAFal/wAAPAAAAKYxArvOABm+AOxaAGUpAOMYAGYpAAxb
[ShotData] ADm+ArvOACUhBwAAAGlKBLvOAMtSBgAAAEUpA4YxAMcxArvOANOUBIYxAKIQDQAAAKYxArvOABm+
[ShotData] AOxaAGUpAOMYAGYpAAxbADm+ArvOACUhAgAAAElCArvOAC1jCIYxAKMQAQAAAElCArvOAC1jA4Yx
[ShotData] AOg5AE1jADm+ArvOAKpSCAAABrvOAHalAgAAAOQYArvOAJrOAG5rAIYpAEUpAOtaADm+ArvOAElK
[ShotData] /wAAOwAAAM9zArvOAAQhBAAAAGYpArvOAI5rBwAAABWdBLvOAHalCwAAACAAArvOADGEEwAAAM9z
[ShotData] ArvOAAQhBAAAAGYpArvOAI5rAgAAAElCArvOAChCCwAAAElCArvOAChCBQAAAGUpArvOANOUCAAA
[ShotData] AbvOABi+AElKAPi1AbvOAHalAgAAAOxaArvOAOxaAwAAAKcxArvOAFGE/wAAOwAAALOUAbvOANi1
[ShotData] BgAAAPScAbetAPB7BgAAAAQZArvOAG5rArvOAGUpCgAAACAAArvOADGEEwAAALOUAbvOANi1BgAA
[ShotData] APScAbetAPB7AgAAAElCArvOAChCCwAAAElCArvOAChCBgAAANe1AbvOALetCAAAAHrGAK9zAEEI
[ShotData] AAAAAPi1AbvOAHalAgAAAM9zArvOAMMYBAAAAHrGAbvOADWd/wAAOwAAALOMAbvOAJvOAIIQEAAA
[ShotData] AK9zAbvOABm+ACAAAPi1AbvOABB8CgAAACAAArvOADGEEwAAALOMAbvOAJvOAIIQDAAAAElCArvO
[ShotData] AChCCwAAAElCArvOAChCBgAAAHalAbvOAPi1CAAAAAQhAgAAAPi1AbvOAHalAgAAAPB7ArvOAKIQ
[ShotData] BAAAADm+AbvOAHal/wAAOwAAAG5rArvOAJatAChCAEEIDQAAACAAADm+AbvOAM9zAAAAAG5rAbvO
[ShotData] AHrGAEEICQAAACAAArvOADGEEwAAAG5rArvOAJatAChCAEEICgAAAElCArvOAChCCwAAAElCArvO
[ShotData] AChCBQAAAIIQAHrGAbvOADWdDAAAAPi1AbvOAHalAgAAAG5rArvOAElKAwAAACQhArvOAPSU/wAA
[ShotData] OwAAAOMYAJvOBLvOANe1ANSUAPBzAKtSAMMYCAAAAElCArvOAEUpAAAAAAQhArvOAKtSCQAAACAA
[ShotData] ArvOADGEEwAAAOMYAJvOBLvOANe1ANSUAPBzAKtSAMMYBQAAAElCArvOAC1jB4YxAwAAAElCArvO
[ShotData] AChCAwAAAEEIAIYpADWlArvOAG5rDAAAAPi1AbvOAHalAgAAAAg6ArvOADm+AGlKAIIQAGEIAOc5
[ShotData] ALetArvOAI5r/wAAPAAAAGlKAJvOCLvOAJOMAKIQBgAAAPScAbvOALetAgAAAFalAbvOAFalCQAA
[ShotData] ACAAArvOADGEFAAAAGlKAJvOCLvOAJOMAKIQAwAAAElCC7vOACAAAgAAAElCDLvOAFrGAIIQDAAA
[ShotData] APi1AbvOAHalAgAAACAAALetCrvOAGUp/wAAPQAAAEUhAJKMAJrOB7vOABi+AKMQBAAAAOMYArvO
[ShotData] AC1jAgAAAOtaArvOAEUhCAAAACAAArvOADGEFQAAAEUhAJKMAJrOB7vOABi+AKMQAgAAAElCC7vO
[ShotData] ACAAAgAAAElCC7vOAFrGAKYxDQAAAPi1AbvOAHalAwAAAEUhADm+CLvOADWd/wAAQAAAAEEIAIYx
[ShotData] AKpSAI5rAJKMANi1A7vOAFGEBAAAAI5rArvOAMMYAgAAAIIQAJvOAbvOAPB7CAAAACAAArvOADGE
[ShotData] FwAAAEEIAIYxAKpSAI5rAJKMANi1A7vOAFGEAgAAAElCC7vOACAAAgAAAElCCbvOAFrGABB8AMMY
[ShotData] DgAAAPi1AbvOAHalBAAAAMMQABB8ADm+AbvOAPi1A7vOAKYx/wAARgAAAAhCAJrOAbvOAHrGACAA
[ShotData] AgAAACAAABm+AbvOABWdBAAAALOUAbvOAFrGAEEIBwAAACAAArvOADGEHQAAAAhCAJrOAbvOAHrG
[ShotData] ACAAAQAAAElCArvOAChCCwAAAElCArvOAE1jA8cxAIYpAOQYEQAAAPi1AbvOAHalBwAAAGEIAEEI
[ShotData] AOxaArvOAJKM/wAAPAAAACAAAsMYAEEIBgAAABB8ArvOAMMYAgAAAChCDLvOAIpKBwAAACAAArvO
[ShotData] ADGEEgAAACAAAsMYAEEIBgAAABB8ArvOAMMYAQAAAElCArvOAChCCwAAAElCArvOAChCFwAAAPi1
[ShotData] AbvOAHalCAAAAGEIADm+AbvOAJrOAOMY/wAAPAAAAMMYArvOAC1jBgAAAI5rArvOAKIQAgAAANOU
[ShotData] DLvOADWdBwAAACAAArvOADGEEgAAAMMYArvOAC1jBgAAAI5rArvOAKIQAQAAAElCArvOAChCCwAA
[ShotData] AElCArvOAChCFwAAAPi1AbvOAHalCAAAAI5rArvOAI5r/wAAPgAAABm+AbvOAPi1AIIQBAAAAEEI
[ShotData] AJetAbvOAFrGAgAAAMMYDrvOACQhBgAAACAAArvOADGEEwAAABm+AbvOAPi1AIIQBAAAAEEIAJet
[ShotData] AbvOAFrGAgAAAElCArvOAChCCwAAAElCArvOAChCFwAAAPi1AbvOAHalBwAAAMMQAHrGAbvOADm+
[ShotData] AEEI/wAAPgAAAI5rArvOAPi1AC1jAMc5AEUpAKcxAMtSAJetArvOABB8AgAAAG5rArvOAElCBqIQ
[ShotData] AMc5ArvOAM9zBgAAACAAArvOADGEBgAAAFrGAbvOAElCCAAAAI5rArvOAPi1AC1jAMc5AEUpAKcx
[ShotData] AMtSAJetArvOABB8AgAAAElCArvOAC1jCIYxAKMQAQAAAElCArvOAChCFwAAAPi1AbvOAHalBwAA
[ShotData] ADGEArvOAKtS/wAAPwAAAEEIANe1CrvOAPi1AIIQAgAAAPi1AbvOADm+ACAABwAAANe1AbvOADm+
[ShotData] ACAABQAAACAAArvOADGEBgAAAFrGAbvOAElCCAAAAEEIANe1CrvOAPi1AIIQAgAAAElCDLvOAAxb
[ShotData] AQAAAElCArvOAChCFwAAAPi1AbvOAHalBgAAACUhArvOAJat/wAAQQAAAMMYADWlCLvOADWdAMMY
[ShotData] AgAAAAg6ArvOAM9zCAAAAG5rArvOAGlKBQAAACAAArvOADGEBgAAAFrGAbvOAElCCQAAAMMYADWl
[ShotData] CLvOADWdAMMYAwAAAElCDLvOAAxbAQAAAElCArvOAChCFwAAAPi1AbvOAHalBgAAAPSUArvOAMcx
[ShotData] /wAAQwAAAAg6AFGEALetAHrGALvOAFrGAJatADF8AOc5BAAAALOMArvOAGUpCAAAAAQZArvOABWd
[ShotData] BQAAACAAArvOADGEBgAAAFrGAbvOAElCCwAAAAg6AFGEALetAHrGALvOAFrGAJatADF8AOc5BQAA
[ShotData] AElCDLvOAAxbAQAAAElCArvOAChCFwAAAPi1AbvOAHalBQAAAMc5ArvOALOM/wAAdwAAAFrGAbvO
[ShotData] AElC/wAAzwAAAFrGAbvOAOc5/wAAzwAAAFrGAJvOAKpS/wAA0AAAAPi1AMc5/wAA0QAAAOMY/wAA
[ShotData] /wAA/wAA/wAA/wAA/wAA/wAA/wAA/wAA/wAA/wAA/wAA/wAA/wAA/wAA/wAA/wAA/wAA/wAA/wAA
[ShotData] /wAA/wAA/wAA/wAA/wAA/wAA/wAA/wAA/wAA/wAA/wAA/wAA/wAA/wAA/wAA/wAA/wAA/wAA/wAA
[ShotData] /wAA/wAA/wAA/wAA/wAA/wAA/wAA/wAA/wAA/wAA/wAA/wAA/wAA/wAA/wAA/wAA/wAA/wAA/wAA
[ShotData] /wAA/wAA/wAA/wAA/wAA/wAA/wAA/wAA/wAA/wAA/wAA/wAA/wAA/wAA/wAA/wAA/wAA/wAA/wAA
[ShotData] /wAA/wAA/wAA/wAA/wAA/wAA/wAA/wAA/wAA/wAA/wAA/wAA/wAA/wAA/wAA/wAA/wAA/wAA/wAA
[ShotData] /wAA/wAAIgAAAIIQAChCAE1rADCEAPOcADSlAHWtABSlALKUAFGMACxjAAhCAKIQ/wAAAQAAAIIQ
[ShotData] AChCAE1rADCEAPOcADSlAHWtABSlALKUAFGMACxjAAhCAKIQKgAAAIIQAChCAE1rADCEAPOcADSl
[ShotData] AHWtABSlALKUAFGMACxjAAhCAKIQfAAAAKYxAFGMALrWDP//ANveAHGMAKYxJgAAAEUpAAxjAJKU
[ShotData] ALa1ALrWAF3vAL73AP//AN//AH3vABznADjGADSlAM97AChCAGEIxAAAAKYxAFGMALrWDP//ANve
[ShotData] AHGMAKYxJAAAAKYxAFGMALrWDP//ANveAHGMAKYxdwAAAOtaAJrWEv//AFnOAIpSIQAAAIYxAJKU
[ShotData] ABznDv//AN//ANe9AAxjAEEISgAAAKpSCv//ABjGIgAAAIIQAPOcCf//ALa1NwAAAOtaAJrWEv//
[ShotData] AFnOAIpSIAAAAOtaAJrWEv//AFnOAIpScwAAAChCALrWFv//AHnOAKYxHQAAAChCADjGFP//AJ73
[ShotData] ADCEAIIQSAAAAJrWCv//AAhCIQAAAMtaAF3vCv//ALa1NQAAAChCALrWFv//AHnOAKYxHAAAAChC
[ShotData] ALrWFv//AHnOAKYxbwAAACAAAHGMGv//ABCEGgAAAAQhANe9GP//AH3vAAxjRgAAAIpSCv//ADjG
[ShotData] IAAAAOMYALa1DP//ALa1MwAAACAAAHGMGv//ABCEGQAAACAAAHGMGv//ABCEbQAAAEEIALa1HP//
[ShotData] AJa1AEEIFwAAAOtaAL73G///AJa1AGEIRAAAAHnOCv//AElKHwAAAI5zAL73Df//ALa1MgAAAEEI
[ShotData] ALa1HP//AJa1AEEIFgAAAEEIALa1HP//AJa1AEEIawAAADSlHv//ANe9ACAAFQAAAHGMHv//ALrW
[ShotData] AAQhQgAAAGlKCv//AFnOHgAAAIYxAFnOD///ALa1MgAAADSlHv//ANe9ACAAFQAAADSlHv//ANe9
[ShotData] ACAAaQAAAG1rIP//ANOcFAAAAJKUIP//ABznAAQhQQAAAFnOCv//AGlKHAAAAEEIAFGMAN//EP//
[ShotData] ALa1MQAAAG1rIP//ANOcFAAAAG1rIP//ANOcaAAAAKYxAN//If//AIpSEgAAAM97Iv//APveAIIQ
[ShotData] PwAAAChCCv//AJrWHAAAAChCAPveEv//ALa1MAAAAKYxAN//If//AIpSEgAAAKYxAN//If//AIpS
[ShotData] ZwAAABjGIv//ADznAEEIEAAAAAhCJP//ANe9PwAAADjGCv//AKpSGgAAAIIQABSlFP//ALa1MAAA
[ShotData] ABjGIv//ADznAEEIEQAAABjGIv//ADznAEEIZQAAAElKJP//AO97DwAAAEEIABznJf//AE1rPQAA
[ShotData] AAhCCv//ALrWGgAAAMtaAF3vFf//ALa1LwAAAElKJP//AO97EAAAAElKJP//AO97ZQAAAHnODP//
[ShotData] AL73AFWtAOtaAGUpAKIQACAAAKIQAEUpAMtaABSlAJ73DP//AF3vAEEIDgAAABCED///ALrWAFWt
[ShotData] ALKUADCEAHGMABSlAPe9AL73Dv//AJ73AKIQPAAAAPe9Cv//AMtaGQAAANe9F///ALa1LwAAAHnO
[ShotData] DP//AL73AFWtAOtaAGUpAKIQACAAAKIQAEUpAMtaABSlAJ73DP//AF3vAEEIDwAAAHnODP//AL73
[ShotData] AFWtAOtaAGUpAKIQACAAAKIQAEUpAMtaABSlAJ73DP//AF3vAEEIYwAAAKYxDP//AFWtAOMYCAAA
[ShotData] AKIQAPOcDP//AOtaDQAAAGEIAJ73DP//ANveAE1rAKIQBgAAACAAAAhCAJa1Df//AFGMOwAAAOc5
[ShotData] Cv//ANveGgAAGP//ALa1LgAAAKYxDP//AFWtAOMYCAAAAKIQAPOcDP//AOtaDgAAAKYxDP//AFWt
[ShotData] AOMYCAAAAKIQAPOcDP//AOtaYwAAAJKUC///AFGMDAAAAI5zC///ANe9DQAAAI5zDP//AM97DAAA
[ShotData] AKYxAPveC///AJ73AEEIOgAAANe9Cv//AOtaGgAAGP//ALa1LgAAAJKUC///AFGMDAAAAI5zC///
[ShotData] ANe9DgAAAJKUC///AFGMDAAAAI5zC///ANe9YgAAACAAAF3vCv//AHWtDgAAAJKUC///AKIQDAAA
[ShotData] AHnOCv//AN//AChCDgAAAGEIAFnOC///AMtaOQAAAKYxCv//APveACAAGgAAGP//ALa1LQAAACAA
[ShotData] AF3vCv//AHWtDgAAAJKUC///AKIQDAAAACAAAF3vCv//AHWtDgAAAJKUC///AKIQYQAAAAhCCv//
[ShotData] AN//AOMYDgAAAGEIAF3vCv//AMtaCwAAAAQhC///ACxjEAAAAMMYABznCv//AFWtOQAAALa1Cv//
[ShotData] ACxjGwAADP//ALrWAL73Cf//ALa1LQAAAAhCCv//AN//AOMYDgAAAGEIAF3vCv//AMtaDAAAAAhC
[ShotData] Cv//AN//AOMYDgAAAGEIAF3vCv//AMtaYQAAAO97Cv//ADSlEAAAABCECv//APOcCwAAAOtaCv//
[ShotData] AFnOEgAAAMtaCv//AF3vOAAAAIYxCv//ABznACAAGwAACv//AL73AM97ACAAAF3vCf//ALa1LQAA
[ShotData] AO97Cv//ADSlEAAAABCECv//APOcDAAAAO97Cv//ADSlEAAAABCECv//APOcYQAAANe9Cv//AGlK
[ShotData] EAAAACQhCv//ANveCwAAALKUCv//AElKEwAAANveCv//AAQhNwAAAHWtCv//AE1rHAAACf//ANe9
[ShotData] AAQhAQAAAF3vCf//ALa1LQAAANe9Cv//AGlKEAAAACQhCv//ANveDAAAANe9Cv//AGlKEAAAACQh
[ShotData] Cv//ANveYQAAAJ73Cf//AN//AEEIEQAAANveCv//ACAACgAAAPe9Cf//AL73ACAAEwAAAHGMCv//
[ShotData] AChCNgAAAGUpCv//ADznACAAHAAAB///AF3vAMtaAwAAAF3vCf//ALa1LQAAAJ73Cf//AN//AEEI
[ShotData] EQAAANveCv//ACAACwAAAJ73Cf//AN//AEEIEQAAANveCv//ACAAXwAAAIIQCv//AHnOEgAAAPOc
[ShotData] Cv//AGUpCgAAAPveCf//ANe9FAAAAGlKCv//AAxjNgAAAFWtCv//AI5zHQAABv//ANOcAIIQBAAA
[ShotData] AF3vCf//ALa1LAAAAIIQCv//AHnOEgAAAPOcCv//AGUpCgAAAIIQCv//AHnOEgAAAPOcCv//AGUp
[ShotData] XwAAAIYxCv//ABSlEgAAAI5zCv//AGlKCgAAAH3vCf//APOcFAAAAIYxCv//AI5zNQAAAEUpCv//
[ShotData] AF3vAEEIHQAABP//AJrWAMc5BgAAAF3vCf//ALa1LAAAAIYxCv//ABSlEgAAAI5zCv//AGlKCgAA
[ShotData] AIYxCv//ABSlEgAAAI5zCv//AGlKXwAAAIpSCv//AO97EgAAAGlKCv//ACxjCgAAAN//Cf//AFGM
[ShotData] FAAAAOMYCv//AO97NQAAADSlCv//AK5zHgAAAv//AL73AK5zACAABwAAAF3vCf//ALa1LAAAAIpS
[ShotData] Cv//AO97EgAAAGlKCv//ACxjCgAAAIpSCv//AO97EgAAAGlKCv//ACxjXwAAAAxjCv//AAxjEgAA
[ShotData] AIYxCv//AO97CgAACv//ABCEFAAAAMMYCv//ABCENAAAACQhCv//AH3vAGEIHgAAAf//ALa1AAQh
[ShotData] CQAAAF3vCf//ALa1LAAAAAxjCv//AAxjEgAAAIYxCv//AO97CgAAAAxjCv//AAxjEgAAAIYxCv//
[ShotData] AO97XwAAAG1rCv//AGlKEgAAAOMYCv//AFGMCgAACv//ABCEFAAAAMMYCv//AO97NAAAAPOcCv//
[ShotData] AM97HwAAADznAKpSCwAAAF3vCf//ALa1LAAAAG1rCv//AGlKEgAAAOMYCv//AFGMCgAAAG1rCv//
[ShotData] AGlKEgAAAOMYCv//AFGMXwAAAK5zCv//AAhCEgAAAGEICv//AHGMCgAACv//AFGMFAAAAAQhCv//
[ShotData] AM97MwAAAAQhAN//Cf//AH3vAGEIHwAAAGEIDAAAAF3vCf//ALa1LAAAAK5zCv//AAhCEgAAAGEI
[ShotData] Cv//AHGMCgAAAK5zCv//AAhCEgAAAGEICv//AHGMXwAAAO97Cv//AMc5EgAAACAACv//ALKUCgAA
[ShotData] AL73Cf//APOcFAAAAKYxCv//AG1rMwAAANOcCv//ABCELgAAAF3vCf//ALa1LAAAAO97Cv//AMc5
[ShotData] EgAAACAACv//ALKUCgAAAO97Cv//AMc5EgAAACAACv//ALKUXwAAABCECv//AKYxEwAACv//ANOc
[ShotData] CgAAAF3vCf//APe9FAAAAIpSCv//AOtaMgAAAOMYAN//Cf//AJ73AIIQLgAAAF3vCf//ALa1LAAA
[ShotData] ABCECv//AKYxEwAACv//ANOcCgAAABCECv//AKYxEwAACv//ANOcXwAAABCECv//AKYxEwAACv//
[ShotData] ANOcCgAAAHnOCf//AL73AEEIEwAAAJKUCv//AOc5MgAAALKUCv//ADCELwAAAF3vCf//ALa1LAAA
[ShotData] ABCECv//AKYxEwAACv//ANOcCgAAABCECv//AKYxEwAACv//ANOcXwAAABCECv//AKYxEwAACv//
[ShotData] ANOcCgAAAHWtCv//AKpSEwAAAPveCv//AMMYMQAAAMMYAL73Cf//AL73AKIQLwAAAF3vCf//ALa1
[ShotData] LAAAABCECv//AKYxEwAACv//ANOcCgAAABCECv//AKYxEwAACv//ANOcXwAAABCECv//AKYxEwAA
[ShotData] Cv//ANOcCgAAAM97Cv//ALrWEgAAAOtaCv//ADznCQAAAIIQC+MYGwAAAHGMCv//AHGMMAAAAF3v
[ShotData] Cf//ALa1FQAAAIIQC+MYCQAAABCECv//AKYxEwAACv//ANOcCgAAABCECv//AKYxEwAACv//ANOc
[ShotData] XwAAABCECv//AKYxEwAACv//ANOcCgAAAOc5C///AFGMEAAAAMMYADznCv//AHWtCQAAALa1C///
[ShotData] GgAAAKIQAL73Cf//AL73AMMYBgAAAKIQCcMYAIIQHQAAAF3vCf//ALa1FQAAALa1C///CQAAABCE
[ShotData] Cv//AKYxEwAACv//ANOcCgAAABCECv//AKYxEwAACv//ANOcXwAAABCECv//AKYxEwAACv//ANOc
[ShotData] CgAAACAAAH3vC///AK5zDgAAAIIQAHnOC///AAxjCQAAALa1C///GgAAAFGMCv//AJKUBwAAAF3v
[ShotData] Cf//ALa1HQAAAF3vCf//ALa1FQAAALa1C///CQAAABCECv//AKYxEwAACv//ANOcCgAAABCECv//
[ShotData] AKYxEwAACv//ANOcXwAAABCECv//AKYxEwAACv//ANOcCwAAANOcDP//ADSlAIIQCwAAAMc5ABzn
[ShotData] DP//AKIQCQAAALa1C///GQAAAIIQAJ73Cf//AN//AMMYBwAAAF3vCf//ALa1HQAAAF3vCf//ALa1
[ShotData] FQAAALa1C///CQAAABCECv//AKYxEwAACv//ANOcCgAAABCECv//AKYxEwAACv//ANOcXwAAABCE
[ShotData] Cv//AKYxEwAACv//ANOcCwAAAEUpDf//AJ73AJKUAKYxACAABQAAAGEIAGlKANe9Df//ALa1CgAA
[ShotData] ALa1C///GQAAADCECv//ALKUCAAAAF3vCf//ALa1HQAAAF3vCf//ALa1FQAAALa1C///CQAAABCE
[ShotData] Cv//AKYxEwAACv//ANOcCgAAABCECv//AKYxEwAACv//ANOcXwAAABCECv//AKYxEwAACv//ANOc
[ShotData] DAAAAJa1D///AJ73ADjGAJa1ABSlADSlANe9ALrWEP//AIpSCgAAALa1C///GAAAAIIQAJ73Cf//
[ShotData] AN//AOMYCAAAAF3vCf//ALa1HQAAAF3vCf//ALa1FQAAALa1C///CQAAABCECv//AKYxEwAACv//
[ShotData] ANOcCgAAABCECv//AKYxEwAACv//ANOcXwAAABCECv//AKYxEwAACv//ANOcDAAAACQhAN//Jf//
[ShotData] ABznACAACgAAALa1C///GAAAAO97Cv//APOcCQAAAF3vCf//ALa1HQAAAF3vCf//ALa1FQAAALa1
[ShotData] C///CQAAABCECv//AKYxEwAACv//ANOcCgAAABCECv//AKYxEwAACv//ANOcXwAAABCECv//AKYx
[ShotData] EwAACv//ANOcDQAAAM97Jf//AG1rCwAAALa1C///FwAAAGEIAH3vCv//AAQhCQAAAF3vCf//ALa1
[ShotData] HQAAAF3vCf//ALa1FQAAALa1C///CQAAABCECv//AKYxEwAACv//ANOcCgAAABCECv//AKYxEwAA
[ShotData] Cv//ANOcXwAAABCECv//AKYxEwAACv//ANOcDgAAANe9I///AF3vAEEICwAAALa1C///FwAAAM97
[ShotData] Cv//ABSlCgAAAF3vCf//ALa1HQAAAF3vCf//ALa1FQAAALa1C///CQAAABCECv//AKYxEwAACv//
[ShotData] ANOcCgAAABCECv//AKYxEwAACv//ANOcXwAAABCECv//AKYxEwAACv//ANOcDgAAAGEIAJrWIv//
[ShotData] AI5zDAAAALa1C///FgAAAEEIAF3vCv//AEUpCgAAAF3vCf//ALa1HQAAAF3vCf//ALa1FQAAALa1
[ShotData] C///CQAAABCECv//AKYxEwAACv//ANOcCgAAABCECv//AKYxEwAACv//ANOcXwAAABCECv//AKYx
[ShotData] EwAACv//ANOcDwAAAMMYAJrWIP//ABznAEEIDAAAALa1C///FgAAAK5zCv//ADSlCwAAAF3vCf//
[ShotData] ALa1HQAAAF3vCf//ALa1FQAAALa1C///CQAAABCECv//AKYxEwAACv//ANOcCgAAABCECv//AKYx
[ShotData] EwAACv//ANOcXwAAABCECv//AKYxEwAACv//ANOcEAAAAIIQAPe9H///AAxjDQAAALa1C///FQAA
[ShotData] AEEIAF3vCv//AGUpCwAAAF3vCf//ALa1HQAAAF3vCf//ALa1FQAAALa1C///CQAAABCECv//AKYx
[ShotData] EwAACv//ANOcCgAAABCECv//AKYxEwAACv//ANOcXwAAABCECv//AKYxEwAACv//ANOcEgAAABCE
[ShotData] AN//HP//AFnODgAAALa1C///FQAAAG1rCv//AHWtDAAAAF3vCf//ALa1HQAAAF3vCf//ALa1FQAA
[ShotData] ALa1C///CQAAABCECv//AKYxEwAACv//ANOcCgAAABCECv//AKYxEwAACv//ANOcXwAAABCECv//
[ShotData] AKYxEwAACv//ANOcEwAAAEUpANe9G///AMc5DgAAALa1C///FAAAACAAADznCv//AIYxDAAAAF3v
[ShotData] Cf//ALa1HQAAAF3vCf//ALa1FQAAALa1C///CQAAABCECv//AKYxEwAACv//ANOcCgAAABCECv//
[ShotData] AKYxEwAACv//ANOcXwAAABCECv//AKYxEwAACv//ANOcFQAAAIYxAPOcAH3vF///ABSlMQAAAE1r
[ShotData] Cv//AJa1DQAAAF3vCf//ALa1HQAAAF3vCf//ALa1LAAAABCECv//AKYxEwAACv//ANOcCgAAABCE
[ShotData] Cv//AKYxEwAACv//ANOcXwAAABCECv//AKYxEwAACv//ANOcFwAAACAAAAhCAO97AHWtAJrWAF3v
[ShotData] AL73AP//AJ73ADznAHnOADSlABznCv//AJ73AMMYMAAAACAAABznCv//AKYxDQAAAF3vCf//ALa1
[ShotData] HQAAAF3vCf//ALa1LAAAABCECv//AKYxEwAACv//ANOcCgAAABCECv//AKYxEwAACv//ANOcXwAA
[ShotData] AO97Cv//AKYxEwAACv//ALKUIgAAAKYxC///AG1rMQAAACxjCv//ANe9DgAAAF3vCf//ALa1HQAA
[ShotData] AF3vCf//ALa1LAAAAO97Cv//AKYxEwAACv//ALKUCgAAAO97Cv//AKYxEwAACv//ALKUXwAAAM97
[ShotData] Cv//AMc5EgAAAEEICv//ALKUIgAAAHnOCv//AJrWMQAAACAAAPveCv//AMc5DgAAAF3vCf//ALa1
[ShotData] HQAAAF3vCf//ALa1LAAAAM97Cv//AMc5EgAAAEEICv//ALKUCgAAAM97Cv//AMc5EgAAAEEICv//
[ShotData] ALKUXwAAAK5zCv//AAhCEgAAAIIQCv//AJKUIQAAAE1rC///AOc5MQAAAOtaCv//APe9DwAAAF3v
[ShotData] Cf//ALa1HQAAAF3vCf//ALa1LAAAAK5zCv//AAhCEgAAAIIQCv//AJKUCgAAAK5zCv//AAhCEgAA
[ShotData] AIIQCv//AJKUXwAAAG1rCv//AIpSEgAAAAQhCv//ADCEIAAAAKIQAH3vCv//ABSlMgAAANveLv//
[ShotData] ALa1FQAAAF3vCf//ALa1LAAAAG1rCv//AIpSEgAAAAQhCv//ADCECgAAAG1rCv//AIpSEgAAAAQh
[ShotData] Cv//ADCEXwAAAMtaCv//AE1rEgAAAMc5Cv//AK5zIAAAABSlCv//AJ73AKIQMQAAAIYxL///ALa1
[ShotData] FQAAAF3vCf//ALa1LAAAAMtaCv//AE1rEgAAAMc5Cv//AK5zCgAAAMtaCv//AE1rEgAAAMc5Cv//
[ShotData] AK5zXwAAAAhCCv//ADCEEgAAAKpSCv//AMtaHwAAAOc5C///AG1rMgAAAKYxL///ALa1FQAAAF3v
[ShotData] Cf//ALa1LAAAAAhCCv//ADCEEgAAAKpSCv//AMtaCgAAAAhCCv//ADCEEgAAAKpSCv//AMtaXwAA
[ShotData] AEUpCv//AHWtEgAAAO97Cv//AMc5HgAAACAAALrWCv//AHnOMwAAAKYxL///ALa1FQAAAF3vCf//
[ShotData] ALa1LAAAAEUpCv//AHWtEgAAAO97Cv//AMc5CgAAAEUpCv//AHWtEgAAAO97Cv//AMc5XwAAACAA
[ShotData] AN//Cf//APveEgAAAHWtCv//AKIQHgAAAK5zC///AMc5FAAAACQhC6YxEQAAAKYxL///ALa1FQAA
[ShotData] AF3vCf//ALa1FQAAACQhC6YxCQAAACAAAN//Cf//APveEgAAAHWtCv//AKIQCgAAACAAAN//Cf//
[ShotData] APveEgAAAHWtCv//AKIQYAAAANveCv//AMMYEQAAAH3vCf//AH3vHgAAAOMYAJ73Cv//APOcFQAA
[ShotData] ALa1C///EQAAAKYxL///ALa1FQAAAF3vCf//ALa1FQAAALa1C///CgAAANveCv//AMMYEQAAAH3v
[ShotData] Cf//AH3vDAAAANveCv//AMMYEQAAAH3vCf//AH3vYQAAADSlCv//ACxjEAAAAOc5Cv//ANe9HgAA
[ShotData] AHWtCv//AH3vAKIQFQAAALa1C///EQAAAKYxL///ALa1FQAAAF3vCf//ALa1FQAAALa1C///CgAA
[ShotData] ADSlCv//ACxjEAAAAOc5Cv//ANe9DAAAADSlCv//ACxjEAAAAOc5Cv//ANe9YQAAAE1rCv//ADjG
[ShotData] EAAAABSlCv//ADCEHQAAAElKC///AE1rFgAAALa1C///EQAAAKYxL///ALa1FQAAAF3vCf//ALa1
[ShotData] FQAAALa1C///CgAAAE1rCv//ADjGEAAAABSlCv//ADCEDAAAAE1rCv//ADjGEAAAABSlCv//ADCE
[ShotData] YQAAACQhC///AOc5DgAAACQhAN//Cv//AChCHAAAACAAANveCv//AHnOFwAAALa1C///EQAAAKYx
[ShotData] L///ALa1FQAAAF3vCf//ALa1FQAAALa1C///CgAAACQhC///AOc5DgAAACQhAN//Cv//AChCDAAA
[ShotData] ACQhC///AOc5DgAAACQhAN//Cv//AChCYgAAALrWCv//ALrWAGEIDAAAACAAABjGCv//AJ73ACAA
[ShotData] HAAAAO97C///AMc5FwAAALa1C///EQAAAKYxL///ALa1FQAAAF3vCf//ALa1FQAAALa1C///CwAA
[ShotData] ALrWCv//ALrWAGEIDAAAACAAABjGCv//AJ73ACAADQAAALrWCv//ALrWAGEIDAAAACAAABjGCv//
[ShotData] AJ73ACAAYgAAABCEC///ABjGAEEICgAAACAAAFWtC///ADSlHAAAAAQhAL73Cv//APOcGAAAALa1
[ShotData] C///EQAAACQhHLa1AN//Cf//AF3vBra1AO97FQAAAF3vCf//ALa1FQAAALa1C///CwAAABCEC///
[ShotData] ABjGAEEICgAAACAAAFWtC///ADSlDgAAABCEC///ABjGAEEICgAAACAAAFWtC///ADSlYwAAAAQh
[ShotData] DP//APveAElKCAAAAMc5AJrWDP//AKYxHAAAALa1Cv//AH3vAKIQGAAAALa1C///LwAAAF3vCf//
[ShotData] ALa1HQAAAF3vCf//ALa1FQAAALa1C///CwAAAAQhDP//APveAElKCAAAAMc5AJrWDP//AKYxDgAA
[ShotData] AAQhDP//APveAElKCAAAAMc5AJrWDP//AKYxZAAAAJa1Df//ABznAJKUAAxjAElKAMc5AElKAOta
[ShotData] AFGMANveDf//ABjGHAAAAIpSC///AE1rGQAAALa1C///LwAAAF3vCf//ALa1HQAAAF3vCf//ALa1
[ShotData] FQAAALa1C///DAAAAJa1Df//ABznAJKUAAxjAElKAMc5AElKAOtaAFGMANveDf//ABjGEAAAAJa1
[ShotData] Df//ABznAJKUAAxjAElKAMc5AElKAOtaAFGMANveDf//ABjGZQAAAKYxJP//AKYxGwAAAEEIABzn
[ShotData] Cv//AHnOGgAAALa1C///LwAAAF3vCf//ALa1HQAAAF3vCf//ALa1FQAAALa1C///DAAAAKYxJP//
[ShotData] AKYxEAAAAKYxJP//AKYxZgAAAFWtIv//APOcHAAAAFGMC///AKYxGgAAALa1C///LwAAAF3vCf//
[ShotData] ALa1HQAAAF3vCf//ALa1FQAAALa1C///DQAAAFWtIv//APOcEgAAAFWtIv//APOcZwAAAKIQAF3v
[ShotData] IP//ABznAKIQGwAAAEUpAN//Cv//ANOcGwAAALa1C///LwAAAF3vCf//ALa1HQAAAF3vCf//ALa1
[ShotData] FQAAALa1C///DQAAAKIQAF3vIP//ABznAKIQEgAAAKIQAF3vIP//ABznAKIQaAAAAMc5AL73Hv//
[ShotData] AN//AMc5HAAAAPe9Cv//AH3vAIIQGwAAALa1C///LwAAAF3vCf//ALa1HQAAAF3vCf//ALa1FQAA
[ShotData] ALa1C///DgAAAMc5AL73Hv//AN//AMc5FAAAAMc5AL73Hv//AN//AMc5agAAAElKAN//Hf//ACxj
[ShotData] HAAAAOtaC///ACxjHAAAALa1C///LwAAAF3vCf//ALa1HQAAAF3vCf//ALa1FQAAALa1C///DwAA
[ShotData] AElKAN//Hf//ACxjFgAAAElKAN//Hf//ACxjbAAAAIpSAJ73Gv//AN//AMtaHAAAAGEIAF3vCv//
[ShotData] AFnOWgAAAF3vCf//ALa1HQAAAF3vCf//ALa1MwAAAIpSAJ73Gv//AN//AMtaGAAAAIpSAJ73Gv//
[ShotData] AN//AMtabgAAAAQhAFnOGP//ADznAChCHQAAALKUC///AKYxWgAAAF3vCf//ALa1HQAAAF3vCf//
[ShotData] ALa1NAAAAAQhAFnOGP//ADznAChCGgAAAAQhAFnOGP//ADznAChCcAAAACAAAO97AL73FP//AN//
[ShotData] AJKUAIIQHQAAAIYxC///ANOcWwAAAF3vCf//ALa1HQAAAF3vCf//ALa1NQAAACAAAO97AL73FP//
[ShotData] AN//AJKUAIIQHAAAACAAAO97AL73FP//AN//AJKUAIIQcwAAAKIQAFGMAH3vEP//AF3vAHGMAOMY
[ShotData] HwAAAFnOCv//AH3vAIIQWwAAAF3vCf//ALa1HQAAAF3vCf//ALa1NwAAAKIQAFGMAH3vEP//AF3v
[ShotData] AHGMAOMYIAAAAKIQAFGMAH3vEP//AF3vAHGMAOMYdwAAAEEIAKpSADSlABznCv//APveANOcAGlK
[ShotData] ACAAIAAAACxjC///ACxjXAAAAF3vCf//ALa1HQAAAF3vCf//ALa1OQAAAEEIAKpSADSlABznCv//
[ShotData] APveANOcAGlKACAAJAAAAEEIAKpSADSlABznCv//APveANOcAGlKACAAfQAAAGEIAKYxAMtaACxj
[ShotData] AI5zAO97AK5zAG1rAKpSAMc5AGEI/wAAAwAAAGEIAKYxAMtaACxjAI5zAO97AK5zAG1rAKpSAMc5
[ShotData] AGEILAAAAGEIAKYxAMtaACxjAI5zAO97AK5zAG1rAKpSAMc5AGEI/wAA/wAA/wAA/wAA/wAA/wAA
[ShotData] /wAA/wAA/wAA/wAA/wAA/wAA/wAA/wAA/wAA/wAA/wAA/wAA/wAA/wAA/wAA/wAA/wAA/wAA/wAA
[ShotData] /wAA/wAA/wAA/wAA/wAA/wAA/wAA/wAA/wAA/wAA/wAA/wAA/wAA/wAA/wAA/wAA/wAA/wAA/wAA
[ShotData] /wAA/wAA/wAA/wAA/wAA/wAA/wAA/wAA/wAA/wAA/wAA/wAA/wAA/wAA/wAA/wAA/wAA/wAA/wAA
[ShotData] /wAA/wAA/wAA/wAA/wAA/wAA/wAA/wAA/wAA/wAA/wAA/wAA/wAA/wAA/wAA/wAA/wAA/wAA/wAA
[ShotData] /wAA/wAA/wAA/wAA/wAA/wAA/wAA/wAA/wAA/wAA/wAA/wAA/wAA/wAA/wAA/wAA/wAA/wAA/wAA
[ShotData] /wAA/wAA/wAA/wAANgAAACgJAC8SABUjALkjAD0sRZ80AD0sALkjABUjAC8SACgJ/wAAgAAAAEkJ
[ShotData] APQaAF4sT580AF4sAPQaAEkJ/wAAewAAAMwRANorVZ80ANorAMwR/wAAdwAAAEkJALkjWZ80ALkj
[ShotData] AEkJ/wAAdAAAALIaXZ80ALIa/wAAcQAAAKUAAJkjX580AJkjAKUA/wAAbgAAAAcJAD0sYZ80AD0s
[ShotData] AAcJ/wAAbAAAAAcJAF4sY580AF4sAAcJ/wAAagAAAKUAAD0sZZ80AD0sAKUA/wAAaQAAAJkjZ580
[ShotData] AJkj/wAAaAAAALIaC580AF9dAB/HAJ/vB7/vAJ/vAB/HAF9dT580ALIa/wAAZgAAAEkJDJ80AF+e
[ShotData] C///AF+eUJ80AEkJ/wAAZQAAALkjDJ80AN99AJ/nCf//AJ/nAN99UJ80ALkj/wAAZAAAAMwRDZ80
[ShotData] AN9EAJ9tAt99AD/PAf//AD/PAt99AJ9tAN9EAZ80AJ91AJ+uAP+FAN9ES580AMwR/wAAYwAAANor
[ShotData] Ep80AL+2Af//AL+2BZ80AH9lAJ/vAP//AJ/vAF9lS580ANor/wAAYgAAAEkJD580AN9EAD9VAD+W
[ShotData] AP/GAL/vAf//AL/vAP/GAD+WAD9VAN9EAL88AL91AJ/vAf//AL/vAF9lDJ80AP9EAN++Af//AL/v
[ShotData] A580AN88AF+eAH/fAd/3AF/fAF+WAL88CJ80AL88AF+eAH/fAN/3AP//AJ/nAJ+mAP9EB580AF+e
[ShotData] Af//AB+OEZ80AEkJ/wAAYQAAAPQaDZ80AL88AF9dAJ+uAJ/vB///AJ/vAJ+uAB+OAH/fAf//AL/v
[ShotData] AD+WAN9EC580AB+OAN/3Av//AL/vAp80AN9EAH/fBf//AH/fAN9EBp80AL88AF/XBf//AL/vAB9N
[ShotData] BZ80AL80AL/vAP//AN/3AN88EZ80APQa/wAAYQAAAF4sDJ80AL88AN99AF/XC///AN/3Af//AL/v
[ShotData] AD+WAN9EC580AF9dBP//AL/vAp80AH+mAf//AL/vAZ+uAL/3Af//AL+uBp80AB+OAf//AL/vAZ+u
[ShotData] AL/vAf//AN++BZ80AP+FAf//AH+mEp80AF4s/wAAYAAAACgJDZ80AN99AJ/nAv//AL/vAN++AB+O
[ShotData] AZ9tAB+OAN++AL/vBP//AD+WAN9EDJ80AF9dAf//AF+eAf//AL/vAp80AH/fAf//AB9NAZ80AB9N
[ShotData] Af//AN/3Bp80AP/GAf//AP9MAZ80AB9NAf//AL/vBZ80AH/fAf//AB9NE580ACgJ/wAAXwAAAC8S
[ShotData] DJ80AD9dAN/3Af//AN/3AN++AB9VAL88AL80AZ80AL80AL88AB9VAN++AN/3Av//AF9dDZ80AF9d
[ShotData] AB/HAB9NAJ80Af//AL/vAp80AP/GAD/PAN++A580AJ/nAf//AL88BZ80AP+FAF+eAB+OA580AL/v
[ShotData] AP//AL/vBJ80AJ9tAf//AN++FJ80AC8S/wAAXwAAABUjC580AN9EAD/PAf//AL/vAB+WAL88AZ80
[ShotData] AN9EAX9lAN9EAZ80AL88AB+WAL/vAf//AD/PAN9EDJ80AL80Ap80Af//AL/vCJ80AL80AN/3Af//
[ShotData] AJ80AD9VAf//AL/vB580AB9VAf//AB/HBJ80AB/HAf//AF9dFJ80ABUj/wAAXwAAALkjC580AB+O
[ShotData] AL/3AP//AN/3AF+eAN9EAp80AB+OAd/3AB+OAp80AN9EAF+eAN/3AP//AL/3AB+OEJ80Af//AL/v
[ShotData] CJ80AD+OAf//AB/PAJ80AD9VAf//AL/vBZ80AH+eAL+2AN/3AP//AN/3AD9VA580AD9VAf//AF/X
[ShotData] FZ80ALkj/wAAXwAAAD0sCp80AN9EAN++Af//AD/PAB9VA580AL+2Af//AL+2A580AB9VAD/PAf//
[ShotData] AN++AN9ED580Af//AL/vB580AL91Av//AH9lAJ80AD9VAf//AL/vBZ80A///AL91BJ80AJ+uAf//
[ShotData] AL91AJ80AF9dAV/XAF+WEJ80AD0s/wAAXwAAC580AF9lAF/fAP//AN/3AB+OBJ80AL+2Af//AL+2
[ShotData] BJ80AD+WAN/3AP//AF/fAF9lD580Af//AL/vBp80AH9lAv//AF+eAZ80AL88AV9dAD9dBZ80BP//
[ShotData] AL91Ap80AN9EAN/3AP//AJ/nAL80AJ80AH9lAf//AL+2EZ80/wAAXwAAC580AN99AL/vAP//AJ/n
[ShotData] AF9dBJ80AL+2Af//AL+2BJ80AF9dAJ/nAP//AL/vAN99D580Af//AL/vBZ80AD9VAN/3Af//AN+2
[ShotData] DZ80AN9EAP+FAf//AL/vAL80AZ80AD+WAf//AB+OAZ80AH9lAf//AL+2EZ80/wAAXwAAAD0sCp80
[ShotData] AB+OAf//AF/fAL88BJ80AL+2Af//AL+2BJ80AL88AF/fAf//AB+OD580Af//AL/vBJ80AP9MAJ/v
[ShotData] Af//AB/HAL80D580AB/HAf//AB9VAJ80AL80AL/vAP//AN/3AN88AZ80AH9lAf//AL+2EJ80AD0s
[ShotData] /wAAXwAAALkjCp80AB+OAf//AF/XBZ80AL+uAf//AL+uBZ80AF/XAf//AB+OD580Af//AL/vA580
[ShotData] AN88AH/fAf//AD/XAL88CZ80AB+OAF+eAP+FA580AN++Af//AF9dAJ80AB9NCv//AL80Dp80ALkj
[ShotData] /wAAXwAAABUjCp80AB+OAf//AH/fAN88BJ80AL91AZ/nAL91BJ80AN88AH/fAf//AB+OD580Af//
[ShotData] AL/vAp80AL88AD/PAf//AH/fAN88BJ80AL88AV9dAD9dAZ80AH/fAP//AN/3AN9EAZ80AN88AL/v
[ShotData] Af//AP9EAJ80AB9NCv//AL80Dp80ABUj/wAAXwAAAC8SCp80AL99AL/vAP//AJ/nAH9lBJ80AL88
[ShotData] Ad9EAL88BJ80AH9lAJ/nAP//AL/vAL99D580Af//AL/vAp80AL+2Av//AB/HBL+uAN88AD9VAf//
[ShotData] AL/vAZ80AJ+uAf//AL/vAJ+uAJ+mAJ/nAf//AD/PAZ80AN9EBb+uAB/HAf//AH/nAL+uD580AC8S
[ShotData] /wAAXwAAACgJCp80AF9lAF/XAP//AN/3AF+eDZ80AF+eAN/3AP//AF/XAF9lD580Af//AL/vAp80
[ShotData] AF/fCP//AP9EAD9VAf//AL/vAZ80AP9EAJ/nBf//AL/vAD9VCJ80AH9lAf//AL+2EJ80ACgJ/wAA
[ShotData] YAAAAF4sCZ80AN9EAN++Af//AD/XAD9dC580AD9dAD/XAf//AN++AN9ED580Af//AL/vAp80AF/f
[ShotData] CP//AP9EAD9VAf//AL/vAp80AN9EAH+eAH/fAf//AJ/nAJ+mAP9ECZ80AH9lAf//AL+2D580AF4s
[ShotData] /wAAYQAAAPQaCp80AP+FAL/vAP//AN/3AH+mAN9ECZ80AN9EAH+mAN/3AP//AL/vAP+FTp80APQa
[ShotData] /wAAYQAAAEkJCp80AN88AB/PAf//AN/3AF+eAL88B580AL88AF+eAN/3Af//AB/PAN88Tp80AEkJ
[ShotData] /wAAYgAAANorCp80AP9MAJ/vAv//AD/PAF9lAP9EAL88AZ80AL88AP9EAF9lAD/PAv//AJ/vAP9M
[ShotData] Tp80ANor/wAAYwAAAMwRC580AL91AH/fAv//AN/3AP/GAF+eAd99AF+eAP/GAN/3Av//AH/fAL91
[ShotData] T580AMwR/wAAZAAAALkjCp80AL88AJ91AD/PAN//Cf//AN//AD/PAJ91AL88Tp80ALkj/wAAZQAA
[ShotData] AEkJC580AL80AB9VAF+eAJ/nB///AJ/nAF+eAB9VAL80T580AEkJ/wAAZgAAALIaDJ80AL88AP9M
[ShotData] AP+FAL+uAH/fAb/vAH/fAL+uAP+FAP9MAL88UJ80ALIa/wAAaAAAAJkjZ580AJkj/wAAaQAAAKUA
[ShotData] AD0sZZ80AD0sAKUA/wAAagAAAAcJAF4sY580AF4sAAcJ/wAAbAAAAAcJAD0sYZ80AD0sAAcJ/wAA
[ShotData] bgAAAKUAAJkjX580AJkjAKUA/wAAcQAAALIaXZ80ALIa/wAAdAAAAEkJALkjWZ80ALkjAEkJ/wAA
[ShotData] dwAAAMwRANorVZ80ANorAMwR/wAAewAAAEkJAPQaAF4sT580AF4sAPQaAEkJ/wAAgAAAACgJAC8S
[ShotData] ABUjALkjAD0sRZ80AD0sALkjABUjAC8SACgJ/wAA/wAA/wAA/wAA/wAA/wAA/wAA/wAA/wAA/wAA
[ShotData] /wAA/wAA/wAA/wAA/wAA/wAA/wAA/wAA/wAA/wAA/wAA/wAA/wAA/wAA/wAA/wAA/wAA/wAA/wAA
[ShotData] /wAA/wAA/wAA/wAA/wAA/wAA/wAA/wAA/wAA/wAA/wAA/wAA/wAA/wAA/wAA/wAA/wAA/wAA/wAA
[ShotData] /wAA/wAA/wAA/wAA/wAA/wAA/wAA/wAA/wAA/wAA/wAA/wAA/wAA9wAABYnHAwAABYnH/wAAwwAA
[ShotData] BYnHAwAABYnH/wAAwwAABYnHAwAABYnH/wAAwwAABYnHAwAABYnH/wAAwwAABYnHAwAABYnH/wAA
[ShotData] wwAABYnHAwAABYnH/wAA/wAA/wAA/wAA/wAA/wAA/wAA/wAA/wAAEwAABYnHAwAABYnH/wAAwwAA
[ShotData] BYnHAwAABYnH/wAAwwAABYnHAwAABYnH/wAAwwAABYnHAwAABYnH/wAAwwAABYnHAwAABYnH/wAA
[ShotData] wwAABYnHAwAABYnH/wAA/wAA/wAA/wAA/wAA/wAA/wAA/wAA/wAA/wAA/wAA/wAA/wAA/wAA/wAA
[ShotData] /wAA/wAA/wAAKQAAAFJ8APSMADF8BgAAAG5jBfSMALOEABB0AIpCAEEIAgAAAG5jBfSMALOEABB0
[ShotData] AIpCAEEIBAAAAIYpAG5jAHJ8ANSMALOEAPBzAIpCAEEI/wAAogAAAEUhAvSMAEUhBQAAAG5jCPSM
[ShotData] AFF8AIIIAQAAAG5jCPSMAFF8AIIIAgAAAE1bBvSMAHJ8AKIQ/wAAoQAAAE1bAvSMAC1bBQAAAG5j
[ShotData] AfSMAE1bAuxSAE1bALOEAfSMAI5jAQAAAG5jAfSMAE1bAuxSAE1bALOEAfSMAI5jAQAAAElCAfSM
[ShotData] ALOEAC1bAIpKAOxSAFJ8AfSMAM9r/wAAoAAAAGEIANSMAvSMANOEAEEIBAAAAG5jAfSMAOMYAwAA
[ShotData] AKIQALOEAfSMAGEIAAAAAG5jAfSMAOMYAwAAAKIQALOEAfSMAGEIAAAAADF0APSMANSMAMMQAgAA
[ShotData] ACAAAPBrAfSMAMMQ/wAAnwAAACk6AfSMAOxSAfSMAAg6BAAAAG5jAfSMAOMYBAAAAE5bAfSMACQh
[ShotData] AAAAAG5jAfSMAOMYBAAAAE5bAfSMACQhAAAAAfSMADF0BAAAAIYpAU1bAAQZ/wAAnwAAABF0APSM
[ShotData] AJJ8ACAAAJOEAPSMAPBzBAAAAG5jAfSMAOMYBAAAAE1bAfSMACUhAAAAAG5jAfSMAOMYBAAAAE1b
[ShotData] AfSMACUhAAAAALOEAPSMANSMAAQZ/wAApgAAAAQZAfSMAMtSAAAAAAxTAfSMAOQYAwAAAG5jAfSM
[ShotData] AOMYAwAAAIIIAJOEAfSMAGIIAAAAAG5jAfSMAOMYAwAAAIIIAJOEAfSMAGIIAAAAAE1bAvSMAI9j
[ShotData] AIpKAMcxAAQZACAA/wAAoQAAAAxTAfSMAAQZAAAAAEUhAfSMAOxSAwAAAG5jAfSMAG5bAgxTAG5b
[ShotData] ALOEAfSMAI5jAQAAAG5jAfSMAG5bAgxTAG5bALOEAfSMAI5jAQAAAIIQAHJ8BfSMALOEAOxSAEEI
[ShotData] /wAAngAAACAAALOEAPSMAFJ8AgAAAHJ8APSMALOEACAAAgAAAG5jCPSMAFF8AIIIAQAAAG5jCPSM
[ShotData] AFF8AIIIAgAAAEEIAIpKAFF8BfSMABB0ACAA/wAAnQAAAOcxAfSMAIpKAgAAAKtKAfSMAMcxAgAA
[ShotData] AG5jBfSMALOEAPBzAGpCAEEIAgAAAG5jBfSMALOEAPBzAGpCAEEIBgAAAEEIAOQYAKcxAOxSANSM
[ShotData] AfSMAOg5/wAAnQAAAM9rAfSMAAxTAmpCAAxbAfSMAK9rAgAAAG5jAfSMAOMYCQAAAG5jAfSMAOMY
[ShotData] EQAAAOgxAfSMAA1b/wAAnAAAAMMQCvSMAKIQAQAAAG5jAfSMAOMYCQAAAG5jAfSMAOMYCAAAAGYp
[ShotData] AXJ8ACk6BAAAAOQYAfSMAC1b/wAAnAAAAKtKCvSMAIpKAQAAAG5jAfSMAOMYCQAAAG5jAfSMAOMY
[ShotData] CAAAAIIQAfSMAHJ8AIIIAwAAAMtKAfSMAGpC/wAAnAAAAJJ8AfSMAGIIBAAAAIIIAfSMAHJ8AQAA
[ShotData] AG5jAfSMAOMYCQAAAG5jAfSMAOMYCQAAAG5jAfSMANOEAG5jAMtSAAxTADF0AfSMANOEAKIQ/wAA
[ShotData] mwAAAIYpAfSMAI5jBgAAAK9jAfSMAIYpAAAAAG5jAfSMAOMYCQAAAG5jAfSMAOMYCQAAAGEIABB0
[ShotData] BvSMANOEAKYp/wAAnAAAAI5jAfSMAMcxBgAAAMcxAfSMAG5jAAAAAG5jAfSMAOMYCQAAAG5jAfSM
[ShotData] AOMYCgAAACAAACg6AM9rAJOEAPSMALOEABB0AKtKAKIQ/wAA/wAA/wAA/wAA/wAA/wAA/wAA/wAA
[ShotData] /wAA/wAA/wAA/wAA/wAA/wAA/wAA/wAA/wAA/wAA/wAA/wAA/wAA/wAA/wAA/wAA/wAA/wAA/wAA
[ShotData] /wAA/wAA/wAA/wAA/wAA/wAA/wAA/wAA/wAA/wAA/wAA/wAA/wAA/wAA/wAA/wAA/wAA/wAA/wAA
[ShotData] /wAA/wAA/wAA/wAA/wAA/wAA/wAA/wAA/wAA/wAA/wAA/wAA/wAA/wAA/wAA/wAA/wAA/wAA/wAA
[ShotData] /wAA/wAA/wAA/wAA/wAA/wAA/wAA/wAA/wAA/wAA/wAA/wAA/wAA/wAA/wAA/wAA/wAA/wAA/wAA
[ShotData] /wAA/wAA/wAA/wAA/wAA/wAA/wAA/wAA/wAA/wAACwAA
[ShotEnd] digital-seconds-item bytes=19812
[Shot] digital-unknown 468 468
[ShotData] /wAA/wAA/wAA/wAA/wAA/wAA/wAA/wAA/wAA/wAA/wAA/wAA/wAA/wAA/wAA/wAA/wAA/wAA/wAA
[ShotData] /wAA/wAA/wAA/wAA/wAA/wAA/wAA/wAA/wAA/wAA/wAA/wAA/wAA/wAA/wAA/wAA/wAA/wAA/wAA
[ShotData] /wAA/wAA/wAA/wAA/wAA/wAA/wAA/wAA/wAA/wAA/wAA/wAA/wAA/wAA/wAA/wAA/wAA/wAA/wAA
[ShotData] /wAA/wAA/wAA/wAA/wAA/wAA/wAA/wAA/wAA/wAA/wAA/wAA/wAA/wAA/wAA/wAA/wAA/wAA/wAA
[ShotData] /wAA/wAA/wAA/wAA/wAA/wAA/wAA/wAA/wAA/wAA/wAA/wAA/wAA/wAA/wAA/wAA/wAA/wAA/wAA
[ShotData] /wAA/wAA/wAA/wAA/wAA/wAA/wAA/wAA/wAA/wAA/wAA/wAA/wAA/wAA/wAA/wAA/wAA/wAA/wAA
[ShotData] /wAA/wAA/wAA/wAA/wAA/wAA/wAA/wAA/wAA/wAA/wAA/wAA/wAA/wAA8gAAACAAAKRjAIeuAEi/
[ShotData] ACemAGI6BgAAAGaNAInHAORj/wAAwwAAAIRbBInHAEEhBAAAAGNCAInHAKiuAEAA/wAAjgAAAONK
[ShotData] AEemEInHAEemAONKHwAAAEemAInHAEVsAIAIAGemAInHAORjAwAAAEAIAKiuAInHAEI6/wAAjgAA
[ShotData] AONKFInHAONKHgAAAEi/AInHAEI6AAAAAMV8AInHAMV8AwAAACVsAInHAEaN/wAAjwAAAEemAInH
[ShotData] AEemAMIpDgAAAMIpAEemAInHAEemHgAAAYnHACI6AAAAAKV8AInHAAaFAgAAAEEhAGnHAEi/AOEY
[ShotData] /wAAjwAAAYnHAMIpEAAAAMIpAYnHHgAAAYnHACI6AAAAAKV8AInHAAaFAgAAAMeVAInHAIRb/wAA
[ShotData] kAAAAYnHEgAAAYnHAAAAAWV0CQAAAIV0BKV8AMRjAQAAAIV0BKV8AMRjAQAAACi/AInHAEI6AAAA
[ShotData] AMV8AInHAKV8AQAAAMNKAInHAGemASAAAMRjAGeuACi/AOedAAIy/wAAigAAAYnHEgAAAYnHAAAA
[ShotData] AYnHCQAABYnHACemAQAABYnHACemAQAAAEemAInHACVsAIAIAGemAInHAKRjAAAAAIAIAOi2AInH
[ShotData] AOIxAAAAAMRjA4nHAGnHAAEZ/wAAiQAAAYnHEgAAAYnHAAAAAYnHCQAABYnHACemAQAABYnHACem
[ShotData] AQAAAGRbA4nHAGnHAAEZAAAAAIV0AInHAMV8AQAAAKiuAInHAARsAIAQAKiuAInHAIRb/wAAiQAA
[ShotData] AYnHEgAAAYnHAAAAAYnHGwAAACAAAORjAKiuAGjHACemACI6AAAAAIEpAInHACi/AKAQAAAAACAA
[ShotData] AYnHAAIyAAAAACaNAInHAGV0/wAAiQAAAYnHEgAAAYnHAAAAAYnHIgAAAAeeAInHACNTAQAAAEAA
[ShotData] AYnHAMIpAAAAAAaFAInHAKV8/wAAiQAAAYnHEgAAAYnHAAAAAWV0IQAAACNTAInHAAeeAgAAAEAA
[ShotData] AYnHAMIpAAAAAAaFAInHAKV8/wAAiQAAAYnHAMIpEAAAAMIpAYnHIwAAAKAQAAi/AInHAIEpAwAA
[ShotData] AGnHAInHAOIxAAAAACaFAInHAEV0/wAAiQAAAEemAInHAEemAMIpDgAAAMIpAEemAInHAEemIwAA
[ShotData] AMV8AInHAGV0BAAAAIiuAInHAGRbAAAAAEemAInHAERT/wAAiQAAAONKFInHAONKIgAAAOIxAInH
[ShotData] AOi2AIAIBAAAAMRjAYnHAAi/AInHAEi/AMAQ/wAAigAAAONKAEemEInHAEemAONKIgAAACAAAEem
[ShotData] AInHAMNKBQAAACAAAARsAKiuAEi/AOedAOIx/wAA/wAA/wAA/wAA/wAA/wAA/wAA/wAA/wAA/wAA
[ShotData] /wAA/wAA/wAA/wAA/wAA/wAA/wAA/wAA/wAA/wAA/wAA/wAA/wAA/wAA/wAA/wAA/wAA/wAA/wAA
[ShotData] /wAA/wAA/wAA/wAA/wAA/wAA/wAA/wAA/wAABgAAAEUhAM9zAHalAFnGAJvOAFrGAJatABB8AGUp
[ShotData] BQAAAElCDLvOAAxbAAAAAJetDbvOAMtSBgAAAJetDbvOAMtSAAAAAEUhArvOAE1jAgAAAElCArvO
[ShotData] APBzCQAAAEEIABi+ArvOAgAAAElCDLvOAAxb/wAAXAAAACAAAPB7CLvOABB8ACAAAwAAAElCDLvO
[ShotData] AAxbAAAAAJetDbvOAMtSBgAAAJetDbvOAMtSAAAAAEUhArvOAE1jAgAAAElCArvOAJvOAOMYCAAA
[ShotData] AAxbA7vOAgAAAElCDLvOAAxb/wAAXAAAAFGECrvOAPB7AwAAAElCDLvOAAxbAAAAAJetDbvOAMtS
[ShotData] BgAAAJetDbvOAMtSAAAAAEUhArvOAE1jAgAAAElCA7vOAFGEBwAAAEEIADm+A7vOAgAAAElCDLvO
[ShotData] AAxb/wAAWwAAAKYxArvOABm+AOxaAGUpAOMYAGYpAAxbADm+ArvOACUhAgAAAElCArvOAC1jCIYx
[ShotData] AKMQAAAAAEUpA4YxAMcxArvOANOUBIYxAKIQBgAAAEUpA4YxAMcxArvOANOUBIYxAKIQAAAAAEUh
[ShotData] ArvOAE1jAgAAAElCBLvOACQhBgAAAE1jBLvOAgAAAElCArvOAC1jCIYxAKMQ/wAAWwAAAM9zArvO
[ShotData] AAQhBAAAAGYpArvOAI5rAgAAAElCArvOAChCDwAAACAAArvOADGEEQAAACAAArvOADGEBgAAAEUh
[ShotData] ArvOAE1jAgAAAElCBLvOALOMBQAAAGIIAFrGBLvOAgAAAElCArvOAChC/wAAZQAAALOUAbvOANi1
[ShotData] BgAAAPScAbetAPB7AgAAAElCArvOAChCDwAAACAAArvOADGEEQAAACAAArvOADGEBgAAAEUhArvO
[ShotData] AE1jAgAAAElCBbvOAIYpBAAAAI5rBbvOAgAAAElCArvOAChC/wAAZQAAALOMAbvOAJvOAIIQDAAA
[ShotData] AElCArvOAChCDwAAACAAArvOADGEEQAAACAAArvOADGEBgAAAEUhArvOAE1jAgAAAElCBbvOABSd
[ShotData] AwAAAKIQAHrGBbvOAgAAAElCArvOAChC/wAAZQAAAG5rArvOAJatAChCAEEICgAAAElCArvOAChC
[ShotData] DwAAACAAArvOADGEEQAAACAAArvOADGEBgAAAEUhArvOAE1jAgAAAElCArvOALetArvOAOc5AgAA
[ShotData] AM9zArvOAPi1ArvOAgAAAElCArvOAChC/wAAZQAAAOMYAJvOBLvOANe1ANSUAPBzAKtSAMMYBQAA
[ShotData] AElCArvOAC1jB4YxBwAAACAAArvOADGEEQAAACAAArvOADGEBgAAAEUhArvOAE1jAgAAAElCArvO
[ShotData] AIpKAFrGAbvOAHalAQAAAMMYAJrOAbvOANOUAJKMArvOAgAAAElCArvOAC1jB4Yx/wAAXgAAAGlK
[ShotData] AJvOCLvOAJOMAKIQAwAAAElCC7vOACAABgAAACAAArvOADGEEQAAACAAArvOADGEBgAAAEUhArvO
[ShotData] AE1jAgAAAElCArvOAChCAC1jArvOAElCAAAAABF8ArvOACQhAJKMArvOAgAAAElCC7vOACAA/wAA
[ShotData] XgAAAEUhAJKMAJrOB7vOABi+AKMQAgAAAElCC7vOACAABgAAACAAArvOADGEEQAAACAAArvOADGE
[ShotData] BgAAAEUhArvOAE1jAgAAAElCArvOAChCAEEIAPi1AbvOALe1AAQhAJvOAbvOAFGEAAAAAJKMArvO
[ShotData] AgAAAElCC7vOACAA/wAAYAAAAEEIAIYxAKpSAI5rAJKMANi1A7vOAFGEAgAAAElCC7vOACAABgAA
[ShotData] ACAAArvOADGEEQAAACAAArvOADGEBgAAAEUhArvOAE1jAgAAAElCArvOAChCAAAAAIpKArvOABi+
[ShotData] AbvOAJrOAMMYAAAAAJKMArvOAgAAAElCC7vOACAA/wAAZgAAAAhCAJrOAbvOAHrGACAAAQAAAElC
[ShotData] ArvOAChCDwAAACAAArvOADGEEQAAACAAArvOADGEBgAAAEUhArvOAE1jAgAAAElCArvOAChCAQAA
[ShotData] AJetBLvOAM9zAQAAAJKMArvOAgAAAElCArvOAChC/wAAZAAAACAAAsMYAEEIBgAAABB8ArvOAMMY
[ShotData] AQAAAElCArvOAChCDwAAACAAArvOADGEEQAAACAAArvOADGEBgAAAEUhArvOAE1jAgAAAElCArvO
[ShotData] AChCAQAAAAg6A7vOAFrGAIIQAQAAAJKMArvOAgAAAElCArvOAChC/wAAZAAAAMMYArvOAC1jBgAA
[ShotData] AI5rArvOAKIQAQAAAElCArvOAChCDwAAACAAArvOADGEEQAAACAAArvOADGEBgAAAEUhArvOAE1j
[ShotData] AgAAAElCArvOAChCAgAAABWdArvOAE1jAgAAAJKMArvOAgAAAElCArvOAChC/wAAZQAAABm+AbvO
[ShotData] APi1AIIQBAAAAEEIAJetAbvOAFrGAgAAAElCArvOAChCDwAAACAAArvOADGEEQAAACAAArvOADGE
[ShotData] BgAAAEUhArvOAE1jAgAAAElCArvOAChCAgAAAGYpAbvOABm+AEEIAgAAAJKMArvOAgAAAElCArvO
[ShotData] AChC/wAAZQAAAI5rArvOAPi1AC1jAMc5AEUpAKcxAMtSAJetArvOABB8AgAAAElCArvOAC1jCIYx
[ShotData] AKMQBQAAACAAArvOADGEEQAAACAAArvOADGEBgAAAEUhArvOAE1jAgAAAElCArvOAChCAwAAAOQY
[ShotData] AAQhAKIQAwAAAJKMArvOAgAAAElCArvOAC1jCIYxAKMQ/wAAWwAAAEEIANe1CrvOAPi1AIIQAgAA
[ShotData] AElCDLvOAAxbBQAAACAAArvOADGEEQAAACAAArvOADGEBgAAAEUhArvOAE1jAgAAAElCArvOAChC
[ShotData] CgAAAJKMArvOAgAAAElCDLvOAAxb/wAAXAAAAMMYADWlCLvOADWdAMMYAwAAAElCDLvOAAxbBQAA
[ShotData] ACAAArvOADGEEQAAACAAArvOADGEBgAAAEUhArvOAE1jAgAAAElCArvOAChCCgAAAJKMArvOAgAA
[ShotData] AElCDLvOAAxb/wAAXgAAAAg6AFGEALetAHrGALvOAFrGAJatADF8AOc5BQAAAElCDLvOAAxbBQAA
[ShotData] ACAAArvOADGEEQAAACAAArvOADGEBgAAAEUhArvOAE1jAgAAAElCArvOAChCCgAAAJKMArvOAgAA
[ShotData] AElCDLvOAAxb/wAA/wAA/wAA/wAA/wAA/wAA/wAA/wAA/wAA/wAA/wAA/wAA/wAA/wAA/wAA/wAA
[ShotData] /wAA/wAA/wAA/wAA/wAA/wAA/wAA/wAA/wAA/wAA/wAA/wAA/wAA/wAA/wAA/wAA/wAA/wAA/wAA
[ShotData] /wAA/wAA/wAA/wAA/wAA/wAA/wAA/wAA/wAA/wAA/wAA/wAA/wAA/wAA/wAA/wAA/wAA/wAA/wAA
[ShotData] /wAA/wAA/wAA/wAA/wAA/wAA/wAA/wAA/wAA/wAA/wAA/wAA/wAA/wAA/wAA/wAA/wAA/wAA/wAA
[ShotData] /wAA/wAA/wAA/wAA/wAA/wAA/wAA/wAA/wAA/wAA/wAA/wAA/wAA/wAA/wAA/wAA/wAA/wAA/wAA
[ShotData] /wAA/wAA/wAA/wAA/wAA/wAA/wAA/wAA/wAA/wAA/wAA/wAA/wAA/wAA/wAA/wAA/wAA/wAA/wAA
[ShotData] /wAA/wAA/wAA/wAA/wAA/wAA/wAA/wAA/wAA/wAA/wAA/wAA/wAA/wAA/wAA/wAA/wAA/wAA/wAA
[ShotData] /wAA/wAA/wAA/wAA/wAA/wAA/wAA/wAA/wAA/wAA/wAA/wAA/wAA/wAA/wAA/wAA/wAA/wAA/wAA
[ShotData] /wAA/wAA/wAA/wAA/wAA/wAA/wAA/wAA/wAA/wAA/wAA/wAA/wAA/wAA/wAA/wAA/wAA/wAA/wAA
[ShotData] /wAA/wAA/wAA/wAA/wAA/wAA/wAA/wAA/wAA/wAA/wAA/wAA/wAA/wAA/wAA/wAA/wAA/wAA/wAA
[ShotData] /wAA/wAA3QAAAIIQC+MY/wAAxgAAALa1C////wAAcAAAAGUpINOcAGEIBwAAAGUpINOcAGEIBwAA
[ShotData] ALa1C///CAAAAGUpINOcAGEIBwAAAGUpINOcAGEI/wAAGQAAAGlKIP//AMMYBwAAAGlKIP//AMMY
[ShotData] BwAAALa1C///CAAAAGlKIP//AMMYBwAAAGlKIP//AMMY/wAAGQAAAGlKIP//AMMYBwAAAGlKIP//
[ShotData] AMMYBwAAALa1C///CAAAAGlKIP//AMMYBwAAAGlKIP//AMMY/wAAGQAAAGlKIP//AMMYBwAAAGlK
[ShotData] IP//AMMYBwAAALa1C///CAAAAGlKIP//AMMYBwAAAGlKIP//AMMY/wAAGQAAAGlKIP//AMMYBwAA
[ShotData] AGlKIP//AMMYBwAAALa1C///CAAAAGlKIP//AMMYBwAAAGlKIP//AMMY/wAAGQAAAGlKIP//AMMY
[ShotData] BwAAAGlKIP//AMMYBwAAALa1C///CAAAAGlKIP//AMMYBwAAAGlKIP//AMMY/wAAGQAAAGlKIP//
[ShotData] AMMYBwAAAGlKIP//AMMYBwAAALa1C///CAAAAGlKIP//AMMYBwAAAGlKIP//AMMY/wAAGQAAAGlK
[ShotData] IP//AMMYBwAAAGlKIP//AMMYBwAAALa1C///CAAAAGlKIP//AMMYBwAAAGlKIP//AMMY/wAAGQAA
[ShotData] AGlKIP//AMMYBwAAAGlKIP//AMMYBwAAALa1C///CAAAAGlKIP//AMMYBwAAAGlKIP//AMMY/wAA
[ShotData] GQAAAGlKIP//AMMYBwAAAGlKIP//AMMYBwAAALa1C///CAAAAGlKIP//AMMYBwAAAGlKIP//AMMY
[ShotData] /wAAGQAAAGlKIP//AMMYBwAAAGlKIP//AMMYBwAAALa1C///CAAAAGlKIP//AMMYBwAAAGlKIP//
[ShotData] AMMY/wAAbwAAALa1C////wAA/wAA/wAA/wAA/wAA/wAA/wAA/wAA/wAA/wAA/wAA/wAA/wAA/wAA
[ShotData] /wAA/wAA/wAA/wAAOgAAACQhC6Yx/wAAxgAAALa1C////wAAxgAAALa1C////wAAxgAAALa1C///
[ShotData] /wAAxgAAALa1C////wAAxgAAALa1C////wAAxgAAALa1C////wAAxgAAALa1C////wAAxgAAALa1
[ShotData] C////wAAxgAAALa1C////wAAxgAAALa1C////wAAxgAAALa1C////wAAxgAAALa1C////wAAxgAA
[ShotData] ALa1C////wAA/wAA/wAA/wAA/wAA/wAA/wAA/wAA/wAA/wAA/wAA/wAA/wAA/wAA/wAA/wAA/wAA
[ShotData] /wAA/wAA/wAA/wAA/wAA/wAA/wAA/wAA/wAA/wAA/wAA/wAA/wAA/wAA/wAA/wAA/wAA/wAA/wAA
[ShotData] /wAA/wAA/wAA/wAA/wAA/wAA/wAA/wAA/wAA/wAA/wAA/wAA/wAA/wAA/wAA/wAA/wAA/wAA/wAA
[ShotData] /wAA/wAA/wAA/wAA/wAA/wAA/wAA/wAA/wAA/wAA/wAA/wAA/wAA/wAA/wAA/wAA/wAA/wAA/wAA
[ShotData] /wAA/wAA/wAA/wAA/wAA/wAA/wAA/wAA/wAA/wAA/wAA/wAA/wAA/wAA/wAA/wAA/wAA/wAA/wAA
[ShotData] /wAA/wAA/wAA/wAA/wAA/wAA/wAA/wAA/wAA/wAA/wAA/wAA/wAA/wAA/wAA/wAA/wAA/wAA/wAA
[ShotData] /wAA/wAA/wAA/wAA/wAA/wAA/wAA/wAA/wAA/wAA/wAA/wAA/wAA/wAA/wAA/wAA/wAA/wAA/wAA
[ShotData] /wAA/wAA/wAA/wAA/wAA/wAA/wAA/wAA/wAA/wAA/wAA/wAA/wAA/wAA/wAA/wAA/wAA/wAA/wAA
[ShotData] /wAA/wAA/wAA/wAA/wAA/wAA/wAA/wAA/wAA/wAA/wAA/wAA/wAA/wAA/wAA/wAA/wAA/wAAIAAA
[ShotData] BYnHAwAABYnH/wAAwwAABYnHAwAABYnH/wAAwwAABYnHAwAABYnH/wAAwwAABYnHAwAABYnH/wAA
[ShotData] wwAABYnHAwAABYnH/wAAwwAABYnHAwAABYnH/wAA/wAA/wAA/wAA/wAA/wAA/wAA/wAA/wAAEwAA
[ShotData] BYnHAwAABYnH/wAAwwAABYnHAwAABYnH/wAAwwAABYnHAwAABYnH/wAAwwAABYnHAwAABYnH/wAA
[ShotData] wwAABYnHAwAABYnH/wAAwwAABYnHAwAABYnH/wAA/wAA/wAA/wAA/wAA/wAA/wAA/wAA/wAA/wAA
[ShotData] /wAA/wAA/wAA/wAA/wAA/wAA/wAA/wAAKQAAAFJ8APSMADF8BgAAAG5jBfSMALOEABB0AIpCAEEI
[ShotData] AgAAAG5jBfSMALOEABB0AIpCAEEIBAAAAIYpAG5jAHJ8ANSMALOEAPBzAIpCAEEI/wAAogAAAEUh
[ShotData] AvSMAEUhBQAAAG5jCPSMAFF8AIIIAQAAAG5jCPSMAFF8AIIIAgAAAE1bBvSMAHJ8AKIQ/wAAoQAA
[ShotData] AE1bAvSMAC1bBQAAAG5jAfSMAE1bAuxSAE1bALOEAfSMAI5jAQAAAG5jAfSMAE1bAuxSAE1bALOE
[ShotData] AfSMAI5jAQAAAElCAfSMALOEAC1bAIpKAOxSAFJ8AfSMAM9r/wAAoAAAAGEIANSMAvSMANOEAEEI
[ShotData] BAAAAG5jAfSMAOMYAwAAAKIQALOEAfSMAGEIAAAAAG5jAfSMAOMYAwAAAKIQALOEAfSMAGEIAAAA
[ShotData] ADF0APSMANSMAMMQAgAAACAAAPBrAfSMAMMQ/wAAnwAAACk6AfSMAOxSAfSMAAg6BAAAAG5jAfSM
[ShotData] AOMYBAAAAE5bAfSMACQhAAAAAG5jAfSMAOMYBAAAAE5bAfSMACQhAAAAAfSMADF0BAAAAIYpAU1b
[ShotData] AAQZ/wAAnwAAABF0APSMAJJ8ACAAAJOEAPSMAPBzBAAAAG5jAfSMAOMYBAAAAE1bAfSMACUhAAAA
[ShotData] AG5jAfSMAOMYBAAAAE1bAfSMACUhAAAAALOEAPSMANSMAAQZ/wAApgAAAAQZAfSMAMtSAAAAAAxT
[ShotData] AfSMAOQYAwAAAG5jAfSMAOMYAwAAAIIIAJOEAfSMAGIIAAAAAG5jAfSMAOMYAwAAAIIIAJOEAfSM
[ShotData] AGIIAAAAAE1bAvSMAI9jAIpKAMcxAAQZACAA/wAAoQAAAAxTAfSMAAQZAAAAAEUhAfSMAOxSAwAA
[ShotData] AG5jAfSMAG5bAgxTAG5bALOEAfSMAI5jAQAAAG5jAfSMAG5bAgxTAG5bALOEAfSMAI5jAQAAAIIQ
[ShotData] AHJ8BfSMALOEAOxSAEEI/wAAngAAACAAALOEAPSMAFJ8AgAAAHJ8APSMALOEACAAAgAAAG5jCPSM
[ShotData] AFF8AIIIAQAAAG5jCPSMAFF8AIIIAgAAAEEIAIpKAFF8BfSMABB0ACAA/wAAnQAAAOcxAfSMAIpK
[ShotData] AgAAAKtKAfSMAMcxAgAAAG5jBfSMALOEAPBzAGpCAEEIAgAAAG5jBfSMALOEAPBzAGpCAEEIBgAA
[ShotData] AEEIAOQYAKcxAOxSANSMAfSMAOg5/wAAnQAAAM9rAfSMAAxTAmpCAAxbAfSMAK9rAgAAAG5jAfSM
[ShotData] AOMYCQAAAG5jAfSMAOMYEQAAAOgxAfSMAA1b/wAAnAAAAMMQCvSMAKIQAQAAAG5jAfSMAOMYCQAA
[ShotData] AG5jAfSMAOMYCAAAAGYpAXJ8ACk6BAAAAOQYAfSMAC1b/wAAnAAAAKtKCvSMAIpKAQAAAG5jAfSM
[ShotData] AOMYCQAAAG5jAfSMAOMYCAAAAIIQAfSMAHJ8AIIIAwAAAMtKAfSMAGpC/wAAnAAAAJJ8AfSMAGII
[ShotData] BAAAAIIIAfSMAHJ8AQAAAG5jAfSMAOMYCQAAAG5jAfSMAOMYCQAAAG5jAfSMANOEAG5jAMtSAAxT
[ShotData] ADF0AfSMANOEAKIQ/wAAmwAAAIYpAfSMAI5jBgAAAK9jAfSMAIYpAAAAAG5jAfSMAOMYCQAAAG5j
[ShotData] AfSMAOMYCQAAAGEIABB0BvSMANOEAKYp/wAAnAAAAI5jAfSMAMcxBgAAAMcxAfSMAG5jAAAAAG5j
[ShotData] AfSMAOMYCQAAAG5jAfSMAOMYCgAAACAAACg6AM9rAJOEAPSMALOEABB0AKtKAKIQ/wAA/wAA/wAA
[ShotData] /wAA/wAA/wAA/wAA/wAA/wAA/wAA/wAA/wAA/wAA/wAA/wAA/wAA/wAA/wAA/wAA/wAA/wAA/wAA
[ShotData] /wAA/wAA/wAA/wAA/wAA/wAA/wAA/wAA/wAA/wAA/wAA/wAA/wAA/wAA/wAA/wAA/wAA/wAA/wAA
[ShotData] /wAA/wAA/wAA/wAA/wAA/wAA/wAA/wAA/wAA/wAA/wAA/wAA/wAA/wAA/wAA/wAA/wAA/wAA/wAA
[ShotData] /wAA/wAA/wAA/wAA/wAA/wAA/wAA/wAA/wAA/wAA/wAA/wAA/wAA/wAA/wAA/wAA/wAA/wAA/wAA
[ShotData] /wAA/wAA/wAA/wAA/wAA/wAA/wAA/wAA/wAA/wAA/wAA/wAA/wAA/wAA/wAA/wAA/wAA/wAA/wAA
[ShotData] /wAA/wAA/wAA/wAA/wAA/wAA/wAA/wAA/wAA/wAA/wAA/wAA/wAA/wAA/wAA/wAA/wAA/wAA/wAA
[ShotData] /wAA/wAA/wAA/wAA/wAA/wAA/wAA/wAA/wAA/wAA/wAAxwAA
[ShotEnd] digital-unknown bytes=7845
[Shot] digital-mixed 468 468
[ShotData] /wAA/wAA/wAA/wAA/wAA/wAA/wAA/wAA/wAA/wAA/wAA/wAA/wAA/wAA/wAA/wAA/wAA/wAA/wAA
[ShotData] /wAA/wAA/wAA/wAA/wAA/wAA/wAA/wAA/wAA/wAA/wAA/wAA/wAA/wAA/wAA/wAA/wAA/wAA/wAA
[ShotData] /wAA/wAA/wAA/wAA/wAA/wAA/wAA/wAA/wAA/wAA/wAA/wAA/wAA/wAA/wAA/wAA/wAA/wAA/wAA
[ShotData] /wAA/wAA/wAA/wAA/wAA/wAA/wAA/wAA/wAA/wAA/wAA/wAA/wAA/wAA/wAA/wAA/wAA/wAA/wAA
[ShotData] /wAA/wAA/wAA/wAA/wAA/wAA/wAA/wAA/wAA/wAA/wAA/wAA/wAA/wAA/wAA/wAA/wAA/wAA/wAA
[ShotData] +gAAAARsB4nHAGV0AgAAACAAAKRjAIeuAEi/ACemAGI6BgAAAGaNAInHAORj/wAAtgAAAARsB4nH
[ShotData] AGV0AgAAAIRbBInHAEEhBAAAAGNCAInHAKiuAEAA/wAAkwAAAONKAEemEInHAEemAONKDQAAAARs
[ShotData] AInHAGnHBSVsAGI6AgAAAEemAInHAEVsAIAIAGemAInHAORjAwAAAEAIAKiuAInHAEI6/wAAkwAA
[ShotData] AONKFInHAONKDAAAAARsAInHAEi/CQAAAEi/AInHAEI6AAAAAMV8AInHAMV8AwAAACVsAInHAEaN
[ShotData] /wAAlAAAAEemAInHAEemAMIpCAAAAANLBAAAAMIpAEemAInHAEemDAAAAARsAInHAEi/CQAAAYnH
[ShotData] ACI6AAAAAKV8AInHAAaFAgAAAEEhAGnHAEi/AOEY/wAAlAAAAYnHAMIpCAAAAEaNAInHAANLBAAA
[ShotData] AMIpAYnHDAAAAARsAInHAEi/AAAAAOIxAONKAINCAMAQBAAAAYnHACI6AAAAAKV8AInHAAaFAgAA
[ShotData] AMeVAInHAIRb/wAAlQAAAYnHCAAAAEaNAInHAEaNBgAAAYnHAAAAAWV0CQAAAARsAInHAGnHAGem
[ShotData] AonHAGnHAMRjAwAAACi/AInHAEI6AAAAAMV8AInHAKV8AQAAAMNKAInHAGemASAAAMRjAGeuACi/
[ShotData] AOedAAIy/wAAjwAAAYnHBwAAAEaNAInHAEaNBwAAAYnHAAAAAYnHCQAAAARsB4nHAKNCAgAAAEem
[ShotData] AInHACVsAIAIAGemAInHAKRjAAAAAIAIAOi2AInHAOIxAAAAAMRjA4nHAGnHAAEZ/wAAjgAAAYnH
[ShotData] BgAAACemAInHACemAANLAMV8BgAAAYnHAAAAAYnHCQAAAARsAYnHAEV0AKAQAIAQAGV0AYnHAOed
[ShotData] AgAAAGRbA4nHAGnHAAEZAAAAAIV0AInHAMV8AQAAAKiuAInHAARsAIAQAKiuAInHAIRb/wAAjgAA
[ShotData] AYnHBQAAAMV8BInHAMV8BQAAAYnHAAAAAYnHCQAAAGAIAcEQAgAAACAAAAi/AInHAGnHAgAAACAA
[ShotData] AORjAKiuAGjHACemACI6AAAAAIEpAInHACi/AKAQAAAAACAAAYnHAAIyAAAAACaNAInHAGV0/wAA
[ShotData] jgAAAYnHBgAAAMV8AANLACemAInHACemBgAAAYnHAAAAAYnHEAAAACemAYnHAEAICAAAAAeeAInH
[ShotData] ACNTAQAAAEAAAYnHAMIpAAAAAAaFAInHAKV8/wAAjgAAAYnHBwAAAEaNAInHAEaNBwAAAYnHAAAA
[ShotData] AWV0CQAAAGAIAIAQAIAIAwAAAGeuAYnHACAABwAAACNTAInHAAeeAgAAAEAAAYnHAMIpAAAAAAaF
[ShotData] AInHAKV8/wAAjgAAAYnHAMIpBQAAAEaNAInHAEaNBwAAAMIpAYnHDAAAAKaVAYnHAOEYAQAAACEh
[ShotData] AYnHAKiuBwAAAKAQAAi/AInHAIEpAwAAAGnHAInHAOIxAAAAACaFAInHAEV0/wAAjgAAAEemAInH
[ShotData] AEemAMIpAwAAAANLAInHAEaNBwAAAMIpAEemAInHAEemDAAAAMRjAYnHAOi2AGV0AIV0AAi/AYnH
[ShotData] ACVsBwAAAMV8AInHAGV0BAAAAIiuAInHAGRbAAAAAEemAInHAERT/wAAjgAAAONKFInHAONKDAAA
[ShotData] AGAIAEemBYnHAEemAGAIBgAAAOIxAInHAOi2AIAIBAAAAMRjAYnHAAi/AInHAEi/AMAQ/wAAjwAA
[ShotData] AONKAEemEInHAEemAONKDgAAAGAIAORjAEemAGjHAEi/AEemAMRjAGAIBgAAACAAAEemAInHAMNK
[ShotData] BQAAACAAAARsAKiuAEi/AOedAOIx/wAA/wAA/wAA/wAA/wAA/wAA/wAA/wAA/wAA/wAA/wAA/wAA
[ShotData] /wAA/wAA/wAA/wAA/wAA/wAA/wAA/wAA/wAA/wAA/wAA/wAA/wAA/wAA/wAA/wAA/wAA/wAA/wAA
[ShotData] /wAA/wAA/wAA/wAA/wAA/wAA+QAAAEUhAM9zAHalAFnGAJvOAFrGAJatABB8AGUpCwAAACQhArvO
[ShotData] AIYpBwAAAJetDbvOAMtSEAAAAEUhAM9zAHalAFnGAJvOAFrGAJatABB8AGUpBQAAAElCDLvOAAxb
[ShotData] AQAAAElCB7vOAJrGAPi1AJKMAElCDQAAAIIQADF8ArvOAHalBQAAAKYxAFGEANe1AHrGAJrOAPi1
[ShotData] ALOMAElK/wAAPwAAACAAAPB7CLvOABB8ACAACQAAAM9zArvOADGEBwAAAJetDbvOAMtSDgAAACAA
[ShotData] APB7CLvOABB8ACAAAwAAAElCDLvOAAxbAQAAAElCC7vOADWlAKIQCgAAAKpSADm+A7vOAHalAwAA
[ShotData] ACAAAFGEB7vOADWlAKIQ/wAAPQAAAFGECrvOAPB7CAAAACAAADm+ArvOAHrGAGEIBgAAAJetDbvO
[ShotData] AMtSDgAAAFGECrvOAPB7AwAAAElCDLvOAAxbAQAAAElCDLvOAHalACAACAAAADWdBbvOAHalAwAA
[ShotData] APB7CbvOAFal/wAAPAAAAKYxArvOABm+AOxaAGUpAOMYAGYpAAxbADm+ArvOACUhBwAAAGlKBLvO
[ShotData] AMtSBgAAAEUpA4YxAMcxArvOANOUBIYxAKIQDQAAAKYxArvOABm+AOxaAGUpAOMYAGYpAAxbADm+
[ShotData] ArvOACUhAgAAAElCArvOAC1jCIYxAKMQAQAAAElCArvOAC1jA4YxAOg5AE1jADm+ArvOAKpSCAAA
[ShotData] BrvOAHalAgAAAOQYArvOAJrOAG5rAIYpAEUpAOtaADm+ArvOAElK/wAAOwAAAM9zArvOAAQhBAAA
[ShotData] AGYpArvOAI5rBwAAABWdBLvOAHalCwAAACAAArvOADGEEwAAAM9zArvOAAQhBAAAAGYpArvOAI5r
[ShotData] AgAAAElCArvOAChCCwAAAElCArvOAChCBQAAAGUpArvOANOUCAAAAbvOABi+AElKAPi1AbvOAHal
[ShotData] AgAAAOxaArvOAOxaAwAAAKcxArvOAFGE/wAAOwAAALOUAbvOANi1BgAAAPScAbetAPB7BgAAAAQZ
[ShotData] ArvOAG5rArvOAGUpCgAAACAAArvOADGEEwAAALOUAbvOANi1BgAAAPScAbetAPB7AgAAAElCArvO
[ShotData] AChCCwAAAElCArvOAChCBgAAANe1AbvOALetCAAAAHrGAK9zAEEIAAAAAPi1AbvOAHalAgAAAM9z
[ShotData] ArvOAMMYBAAAAHrGAbvOADWd/wAAOwAAALOMAbvOAJvOAIIQEAAAAK9zAbvOABm+ACAAAPi1AbvO
[ShotData] ABB8CgAAACAAArvOADGEEwAAALOMAbvOAJvOAIIQDAAAAElCArvOAChCCwAAAElCArvOAChCBgAA
[ShotData] AHalAbvOAPi1CAAAAAQhAgAAAPi1AbvOAHalAgAAAPB7ArvOAKIQBAAAADm+AbvOAHal/wAAOwAA
[ShotData] AG5rArvOAJatAChCAEEIDQAAACAAADm+AbvOAM9zAAAAAG5rAbvOAHrGAEEICQAAACAAArvOADGE
[ShotData] EwAAAG5rArvOAJatAChCAEEICgAAAElCArvOAChCCwAAAElCArvOAChCBQAAAIIQAHrGAbvOADWd
[ShotData] DAAAAPi1AbvOAHalAgAAAG5rArvOAElKAwAAACQhArvOAPSU/wAAOwAAAOMYAJvOBLvOANe1ANSU
[ShotData] APBzAKtSAMMYCAAAAElCArvOAEUpAAAAAAQhArvOAKtSCQAAACAAArvOADGEEwAAAOMYAJvOBLvO
[ShotData] ANe1ANSUAPBzAKtSAMMYBQAAAElCArvOAC1jB4YxAwAAAElCArvOAChCAwAAAEEIAIYpADWlArvO
[ShotData] AG5rDAAAAPi1AbvOAHalAgAAAAg6ArvOADm+AGlKAIIQAGEIAOc5ALetArvOAI5r/wAAPAAAAGlK
[ShotData] AJvOCLvOAJOMAKIQBgAAAPScAbvOALetAgAAAFalAbvOAFalCQAAACAAArvOADGEFAAAAGlKAJvO
[ShotData] CLvOAJOMAKIQAwAAAElCC7vOACAAAgAAAElCDLvOAFrGAIIQDAAAAPi1AbvOAHalAgAAACAAALet
[ShotData] CrvOAGUp/wAAPQAAAEUhAJKMAJrOB7vOABi+AKMQBAAAAOMYArvOAC1jAgAAAOtaArvOAEUhCAAA
[ShotData] ACAAArvOADGEFQAAAEUhAJKMAJrOB7vOABi+AKMQAgAAAElCC7vOACAAAgAAAElCC7vOAFrGAKYx
[ShotData] DQAAAPi1AbvOAHalAwAAAEUhADm+CLvOADWd/wAAQAAAAEEIAIYxAKpSAI5rAJKMANi1A7vOAFGE
[ShotData] BAAAAI5rArvOAMMYAgAAAIIQAJvOAbvOAPB7CAAAACAAArvOADGEFwAAAEEIAIYxAKpSAI5rAJKM
[ShotData] ANi1A7vOAFGEAgAAAElCC7vOACAAAgAAAElCCbvOAFrGABB8AMMYDgAAAPi1AbvOAHalBAAAAMMQ
[ShotData] ABB8ADm+AbvOAPi1A7vOAKYx/wAARgAAAAhCAJrOAbvOAHrGACAAAgAAACAAABm+AbvOABWdBAAA
[ShotData] ALOUAbvOAFrGAEEIBwAAACAAArvOADGEHQAAAAhCAJrOAbvOAHrGACAAAQAAAElCArvOAChCCwAA
[ShotData] AElCArvOAE1jA8cxAIYpAOQYEQAAAPi1AbvOAHalBwAAAGEIAEEIAOxaArvOAJKM/wAAPAAAACAA
[ShotData] AsMYAEEIBgAAABB8ArvOAMMYAgAAAChCDLvOAIpKBwAAACAAArvOADGEEgAAACAAAsMYAEEIBgAA
[ShotData] ABB8ArvOAMMYAQAAAElCArvOAChCCwAAAElCArvOAChCFwAAAPi1AbvOAHalCAAAAGEIADm+AbvO
[ShotData] AJrOAOMY/wAAPAAAAMMYArvOAC1jBgAAAI5rArvOAKIQAgAAANOUDLvOADWdBwAAACAAArvOADGE
[ShotData] EgAAAMMYArvOAC1jBgAAAI5rArvOAKIQAQAAAElCArvOAChCCwAAAElCArvOAChCFwAAAPi1AbvO
[ShotData] AHalCAAAAI5rArvOAI5r/wAAPgAAABm+AbvOAPi1AIIQBAAAAEEIAJetAbvOAFrGAgAAAMMYDrvO
[ShotData] ACQhBgAAACAAArvOADGEEwAAABm+AbvOAPi1AIIQBAAAAEEIAJetAbvOAFrGAgAAAElCArvOAChC
[ShotData] CwAAAElCArvOAChCFwAAAPi1AbvOAHalBwAAAMMQAHrGAbvOADm+AEEI/wAAPgAAAI5rArvOAPi1
[ShotData] AC1jAMc5AEUpAKcxAMtSAJetArvOABB8AgAAAG5rArvOAElCBqIQAMc5ArvOAM9zBgAAACAAArvO
[ShotData] ADGEBgAAAFrGAbvOAElCCAAAAI5rArvOAPi1AC1jAMc5AEUpAKcxAMtSAJetArvOABB8AgAAAElC
[ShotData] ArvOAC1jCIYxAKMQAQAAAElCArvOAChCFwAAAPi1AbvOAHalBwAAADGEArvOAKtS/wAAPwAAAEEI
[ShotData] ANe1CrvOAPi1AIIQAgAAAPi1AbvOADm+ACAABwAAANe1AbvOADm+ACAABQAAACAAArvOADGEBgAA
[ShotData] AFrGAbvOAElCCAAAAEEIANe1CrvOAPi1AIIQAgAAAElCDLvOAAxbAQAAAElCArvOAChCFwAAAPi1
[ShotData] AbvOAHalBgAAACUhArvOAJat/wAAQQAAAMMYADWlCLvOADWdAMMYAgAAAAg6ArvOAM9zCAAAAG5r
[ShotData] ArvOAGlKBQAAACAAArvOADGEBgAAAFrGAbvOAElCCQAAAMMYADWlCLvOADWdAMMYAwAAAElCDLvO
[ShotData] AAxbAQAAAElCArvOAChCFwAAAPi1AbvOAHalBgAAAPSUArvOAMcx/wAAQwAAAAg6AFGEALetAHrG
[ShotData] ALvOAFrGAJatADF8AOc5BAAAALOMArvOAGUpCAAAAAQZArvOABWdBQAAACAAArvOADGEBgAAAFrG
[ShotData] AbvOAElCCwAAAAg6AFGEALetAHrGALvOAFrGAJatADF8AOc5BQAAAElCDLvOAAxbAQAAAElCArvO
[ShotData] AChCFwAAAPi1AbvOAHalBQAAAMc5ArvOALOM/wAAdwAAAFrGAbvOAElC/wAAzwAAAFrGAbvOAOc5
[ShotData] /wAAzwAAAFrGAJvOAKpS/wAA0AAAAPi1AMc5/wAA0QAAAOMY/wAA/wAA/wAA/wAA/wAA/wAA/wAA
[ShotData] /wAA/wAA/wAA/wAA/wAA/wAA/wAA/wAA/wAA/wAA/wAA/wAA/wAA/wAA/wAA/wAA/wAA/wAA/wAA
[ShotData] /wAA/wAA/wAA/wAA/wAA/wAA/wAA/wAA/wAA/wAA/wAA/wAA/wAA/wAA/wAA/wAA/wAA/wAA/wAA
[ShotData] /wAA/wAA/wAA/wAA/wAA/wAA/wAA/wAA/wAA/wAA/wAA/wAA/wAA/wAA/wAA/wAA/wAA/wAA/wAA
[ShotData] /wAA/wAA/wAA/wAA/wAA/wAA/wAA/wAA/wAA/wAA/wAA/wAA/wAA/wAA/wAA/wAA/wAA/wAA/wAA
[ShotData] /wAA/wAA/wAA/wAA/wAA/wAA/wAA/wAA/wAA/wAA/wAA/wAA/wAA/wAA/wAAZwAAAIIQAChCAE1r
[ShotData] ADCEAPOcADSlAHWtABSlALKUAFGMACxjAAhCAKIQ/wAAwwAAAKYxAFGMALrWDP//ANveAHGMAKYx
[ShotData] JgAAAEUpAAxjAJKUALa1ALrWAF3vAL73AP//AN//AH3vABznADjGADSlAM97AChCAGEI/wAAhwAA
[ShotData] AOtaAJrWEv//AFnOAIpSIQAAAIYxAJKUABznDv//AN//ANe9AAxjAEEIQAAAAKpSCv//ABjGIgAA
[ShotData] AIIQAPOcCf//ALa1/wAABAAAAChCALrWFv//AHnOAKYxHQAAAChCADjGFP//AJ73ADCEAIIQPgAA
[ShotData] AJrWCv//AAhCIQAAAMtaAF3vCv//ALa1/wAAAgAAACAAAHGMGv//ABCEGgAAAAQhANe9GP//AH3v
[ShotData] AAxjPAAAAIpSCv//ADjGIAAAAOMYALa1DP//ALa1/wAAAQAAAEEIALa1HP//AJa1AEEIFwAAAOta
[ShotData] AL73G///AJa1AGEIOgAAAHnOCv//AElKHwAAAI5zAL73Df//ALa1/wAAAQAAADSlHv//ANe9ACAA
[ShotData] FQAAAHGMHv//ALrWAAQhOAAAAGlKCv//AFnOHgAAAIYxAFnOD///ALa1/wAAAAAAAG1rIP//ANOc
[ShotData] FAAAAJKUIP//ABznAAQhNwAAAFnOCv//AGlKHAAAAEEIAFGMAN//EP//ALa1/wAAAKYxAN//If//
[ShotData] AIpSEgAAAM97Iv//APveAIIQNQAAAChCCv//AJrWHAAAAChCAPveEv//ALa1/wAAABjGIv//ADzn
[ShotData] AEEIEAAAAAhCJP//ANe9NQAAADjGCv//AKpSGgAAAIIQABSlFP//ALa1/gAAAElKJP//AO97DwAA
[ShotData] AEEIABznJf//AE1rMwAAAAhCCv//ALrWGgAAAMtaAF3vFf//ALa1/gAAAHnODP//AL73AFWtAOta
[ShotData] AGUpAKIQACAAAKIQAEUpAMtaABSlAJ73DP//AF3vAEEIDgAAABCED///ALrWAFWtALKUADCEAHGM
[ShotData] ABSlAPe9AL73Dv//AJ73AKIQMgAAAPe9Cv//AMtaGQAAANe9F///ALa1/QAAAKYxDP//AFWtAOMY
[ShotData] CAAAAKIQAPOcDP//AOtaDQAAAGEIAJ73DP//ANveAE1rAKIQBgAAACAAAAhCAJa1Df//AFGMMQAA
[ShotData] AOc5Cv//ANveGgAAGP//ALa1/QAAAJKUC///AFGMDAAAAI5zC///ANe9DQAAAI5zDP//AM97DAAA
[ShotData] AKYxAPveC///AJ73AEEIMAAAANe9Cv//AOtaGgAAGP//ALa1/AAAACAAAF3vCv//AHWtDgAAAJKU
[ShotData] C///AKIQDAAAAHnOCv//AN//AChCDgAAAGEIAFnOC///AMtaLwAAAKYxCv//APveACAAGgAAGP//
[ShotData] ALa1/AAAAAhCCv//AN//AOMYDgAAAGEIAF3vCv//AMtaCwAAAAQhC///ACxjEAAAAMMYABznCv//
[ShotData] AFWtLwAAALa1Cv//ACxjGwAADP//ALrWAL73Cf//ALa1/AAAAO97Cv//ADSlEAAAABCECv//APOc
[ShotData] CwAAAOtaCv//AFnOEgAAAMtaCv//AF3vLgAAAIYxCv//ABznACAAGwAACv//AL73AM97ACAAAF3v
[ShotData] Cf//ALa1/AAAANe9Cv//AGlKEAAAACQhCv//ANveCwAAALKUCv//AElKEwAAANveCv//AAQhLQAA
[ShotData] AHWtCv//AE1rHAAACf//ANe9AAQhAQAAAF3vCf//ALa1/AAAAJ73Cf//AN//AEEIEQAAANveCv//
[ShotData] ACAACgAAAPe9Cf//AL73ACAAEwAAAHGMCv//AChCLAAAAGUpCv//ADznACAAHAAAB///AF3vAMta
[ShotData] AwAAAF3vCf//ALa1+wAAAIIQCv//AHnOEgAAAPOcCv//AGUpCgAAAPveCf//ANe9FAAAAGlKCv//
[ShotData] AAxjLAAAAFWtCv//AI5zHQAABv//ANOcAIIQBAAAAF3vCf//ALa1+wAAAIYxCv//ABSlEgAAAI5z
[ShotData] Cv//AGlKCgAAAH3vCf//APOcFAAAAIYxCv//AI5zKwAAAEUpCv//AF3vAEEIHQAABP//AJrWAMc5
[ShotData] BgAAAF3vCf//ALa1+wAAAIpSCv//AO97EgAAAGlKCv//ACxjCgAAAN//Cf//AFGMFAAAAOMYCv//
[ShotData] AO97KwAAADSlCv//AK5zHgAAAv//AL73AK5zACAABwAAAF3vCf//ALa1+wAAAAxjCv//AAxjEgAA
[ShotData] AIYxCv//AO97CgAACv//ABCEFAAAAMMYCv//ABCEKgAAACQhCv//AH3vAGEIHgAAAf//ALa1AAQh
[ShotData] CQAAAF3vCf//ALa1+wAAAG1rCv//AGlKEgAAAOMYCv//AFGMCgAACv//ABCEFAAAAMMYCv//AO97
[ShotData] KgAAAPOcCv//AM97HwAAADznAKpSCwAAAF3vCf//ALa1+wAAAK5zCv//AAhCEgAAAGEICv//AHGM
[ShotData] CgAACv//AFGMFAAAAAQhCv//AM97KQAAAAQhAN//Cf//AH3vAGEIHwAAAGEIDAAAAF3vCf//ALa1
[ShotData] +wAAAO97Cv//AMc5EgAAACAACv//ALKUCgAAAL73Cf//APOcFAAAAKYxCv//AG1rKQAAANOcCv//
[ShotData] ABCELgAAAF3vCf//ALa1+wAAABCECv//AKYxEwAACv//ANOcCgAAAF3vCf//APe9FAAAAIpSCv//
[ShotData] AOtaKAAAAOMYAN//Cf//AJ73AIIQLgAAAF3vCf//ALa1+wAAABCECv//AKYxEwAACv//ANOcCgAA
[ShotData] AHnOCf//AL73AEEIEwAAAJKUCv//AOc5KAAAALKUCv//ADCELwAAAF3vCf//ALa1+wAAABCECv//
[ShotData] AKYxEwAACv//ANOcCgAAAHWtCv//AKpSEwAAAPveCv//AMMYJwAAAMMYAL73Cf//AL73AKIQLwAA
[ShotData] AF3vCf//ALa1+wAAABCECv//AKYxEwAACv//ANOcCgAAAM97Cv//ALrWEgAAAOtaCv//ADznCQAA
[ShotData] AIIQC+MYEQAAAHGMCv//AHGMMAAAAF3vCf//ALa1+wAAABCECv//AKYxEwAACv//ANOcCgAAAOc5
[ShotData] C///AFGMEAAAAMMYADznCv//AHWtCQAAALa1C///EAAAAKIQAL73Cf//AL73AMMYBgAAAKIQCcMY
[ShotData] AIIQHQAAAF3vCf//ALa1+wAAABCECv//AKYxEwAACv//ANOcCgAAACAAAH3vC///AK5zDgAAAIIQ
[ShotData] AHnOC///AAxjCQAAALa1C///EAAAAFGMCv//AJKUBwAAAF3vCf//ALa1HQAAAF3vCf//ALa1+wAA
[ShotData] ABCECv//AKYxEwAACv//ANOcCwAAANOcDP//ADSlAIIQCwAAAMc5ABznDP//AKIQCQAAALa1C///
[ShotData] DwAAAIIQAJ73Cf//AN//AMMYBwAAAF3vCf//ALa1HQAAAF3vCf//ALa1+wAAABCECv//AKYxEwAA
[ShotData] Cv//ANOcCwAAAEUpDf//AJ73AJKUAKYxACAABQAAAGEIAGlKANe9Df//ALa1CgAAALa1C///DwAA
[ShotData] ADCECv//ALKUCAAAAF3vCf//ALa1HQAAAF3vCf//ALa1+wAAABCECv//AKYxEwAACv//ANOcDAAA
[ShotData] AJa1D///AJ73ADjGAJa1ABSlADSlANe9ALrWEP//AIpSCgAAALa1C///DgAAAIIQAJ73Cf//AN//
[ShotData] AOMYCAAAAF3vCf//ALa1HQAAAF3vCf//ALa1+wAAABCECv//AKYxEwAACv//ANOcDAAAACQhAN//
[ShotData] Jf//ABznACAACgAAALa1C///DgAAAO97Cv//APOcCQAAAF3vCf//ALa1HQAAAF3vCf//ALa1+wAA
[ShotData] ABCECv//AKYxEwAACv//ANOcDQAAAM97Jf//AG1rCwAAALa1C///DQAAAGEIAH3vCv//AAQhCQAA
[ShotData] AF3vCf//ALa1HQAAAF3vCf//ALa1+wAAABCECv//AKYxEwAACv//ANOcDgAAANe9I///AF3vAEEI
[ShotData] CwAAALa1C///DQAAAM97Cv//ABSlCgAAAF3vCf//ALa1HQAAAF3vCf//ALa1+wAAABCECv//AKYx
[ShotData] EwAACv//ANOcDgAAAGEIAJrWIv//AI5zDAAAALa1C///DAAAAEEIAF3vCv//AEUpCgAAAF3vCf//
[ShotData] ALa1HQAAAF3vCf//ALa1+wAAABCECv//AKYxEwAACv//ANOcDwAAAMMYAJrWIP//ABznAEEIDAAA
[ShotData] ALa1C///DAAAAK5zCv//ADSlCwAAAF3vCf//ALa1HQAAAF3vCf//ALa1+wAAABCECv//AKYxEwAA
[ShotData] Cv//ANOcEAAAAIIQAPe9H///AAxjDQAAALa1C///CwAAAEEIAF3vCv//AGUpCwAAAF3vCf//ALa1
[ShotData] HQAAAF3vCf//ALa1+wAAABCECv//AKYxEwAACv//ANOcEgAAABCEAN//HP//AFnODgAAALa1C///
[ShotData] CwAAAG1rCv//AHWtDAAAAF3vCf//ALa1HQAAAF3vCf//ALa1+wAAABCECv//AKYxEwAACv//ANOc
[ShotData] EwAAAEUpANe9G///AMc5DgAAALa1C///CgAAACAAADznCv//AIYxDAAAAF3vCf//ALa1HQAAAF3v
[ShotData] Cf//ALa1+wAAABCECv//AKYxEwAACv//ANOcFQAAAIYxAPOcAH3vF///ABSlJwAAAE1rCv//AJa1
[ShotData] DQAAAF3vCf//ALa1HQAAAF3vCf//ALa1+wAAABCECv//AKYxEwAACv//ANOcFwAAACAAAAhCAO97
[ShotData] AHWtAJrWAF3vAL73AP//AJ73ADznAHnOADSlABznCv//AJ73AMMYJgAAACAAABznCv//AKYxDQAA
[ShotData] AF3vCf//ALa1HQAAAF3vCf//ALa1+wAAAO97Cv//AKYxEwAACv//ALKUIgAAAKYxC///AG1rJwAA
[ShotData] ACxjCv//ANe9DgAAAF3vCf//ALa1HQAAAF3vCf//ALa1+wAAAM97Cv//AMc5EgAAAEEICv//ALKU
[ShotData] IgAAAHnOCv//AJrWJwAAACAAAPveCv//AMc5DgAAAF3vCf//ALa1HQAAAF3vCf//ALa1+wAAAK5z
[ShotData] Cv//AAhCEgAAAIIQCv//AJKUIQAAAE1rC///AOc5JwAAAOtaCv//APe9DwAAAF3vCf//ALa1HQAA
[ShotData] AF3vCf//ALa1+wAAAG1rCv//AIpSEgAAAAQhCv//ADCEIAAAAKIQAH3vCv//ABSlKAAAANveLv//
[ShotData] ALa1FQAAAF3vCf//ALa1+wAAAMtaCv//AE1rEgAAAMc5Cv//AK5zIAAAABSlCv//AJ73AKIQJwAA
[ShotData] AIYxL///ALa1FQAAAF3vCf//ALa1+wAAAAhCCv//ADCEEgAAAKpSCv//AMtaHwAAAOc5C///AG1r
[ShotData] KAAAAKYxL///ALa1FQAAAF3vCf//ALa1+wAAAEUpCv//AHWtEgAAAO97Cv//AMc5HgAAACAAALrW
[ShotData] Cv//AHnOKQAAAKYxL///ALa1FQAAAF3vCf//ALa1+wAAACAAAN//Cf//APveEgAAAHWtCv//AKIQ
[ShotData] HgAAAK5zC///AMc5FAAAACQhC6YxBwAAAKYxL///ALa1FQAAAF3vCf//ALa1/AAAANveCv//AMMY
[ShotData] EQAAAH3vCf//AH3vHgAAAOMYAJ73Cv//APOcFQAAALa1C///BwAAAKYxL///ALa1FQAAAF3vCf//
[ShotData] ALa1/AAAADSlCv//ACxjEAAAAOc5Cv//ANe9HgAAAHWtCv//AH3vAKIQFQAAALa1C///BwAAAKYx
[ShotData] L///ALa1FQAAAF3vCf//ALa1/AAAAE1rCv//ADjGEAAAABSlCv//ADCEHQAAAElKC///AE1rFgAA
[ShotData] ALa1C///BwAAAKYxL///ALa1FQAAAF3vCf//ALa1/AAAACQhC///AOc5DgAAACQhAN//Cv//AChC
[ShotData] HAAAACAAANveCv//AHnOFwAAALa1C///BwAAAKYxL///ALa1FQAAAF3vCf//ALa1/QAAALrWCv//
[ShotData] ALrWAGEIDAAAACAAABjGCv//AJ73ACAAHAAAAO97C///AMc5FwAAALa1C///BwAAAKYxL///ALa1
[ShotData] FQAAAF3vCf//ALa1/QAAABCEC///ABjGAEEICgAAACAAAFWtC///ADSlHAAAAAQhAL73Cv//APOc
[ShotData] GAAAALa1C///BwAAACQhHLa1AN//Cf//AF3vBra1AO97FQAAAF3vCf//ALa1/QAAAAQhDP//APve
[ShotData] AElKCAAAAMc5AJrWDP//AKYxHAAAALa1Cv//AH3vAKIQGAAAALa1C///JQAAAF3vCf//ALa1HQAA
[ShotData] AF3vCf//ALa1/gAAAJa1Df//ABznAJKUAAxjAElKAMc5AElKAOtaAFGMANveDf//ABjGHAAAAIpS
[ShotData] C///AE1rGQAAALa1C///JQAAAF3vCf//ALa1HQAAAF3vCf//ALa1/gAAAKYxJP//AKYxGwAAAEEI
[ShotData] ABznCv//AHnOGgAAALa1C///JQAAAF3vCf//ALa1HQAAAF3vCf//ALa1/wAAAFWtIv//APOcHAAA
[ShotData] AFGMC///AKYxGgAAALa1C///JQAAAF3vCf//ALa1HQAAAF3vCf//ALa1/wAAAKIQAF3vIP//ABzn
[ShotData] AKIQGwAAAEUpAN//Cv//ANOcGwAAALa1C///JQAAAF3vCf//ALa1HQAAAF3vCf//ALa1/wAAAAAA
[ShotData] AMc5AL73Hv//AN//AMc5HAAAAPe9Cv//AH3vAIIQGwAAALa1C///JQAAAF3vCf//ALa1HQAAAF3v
[ShotData] Cf//ALa1/wAAAQAAAElKAN//Hf//ACxjHAAAAOtaC///ACxjHAAAALa1C///JQAAAF3vCf//ALa1
[ShotData] HQAAAF3vCf//ALa1/wAAAgAAAIpSAJ73Gv//AN//AMtaHAAAAGEIAF3vCv//AFnOUAAAAF3vCf//
[ShotData] ALa1HQAAAF3vCf//ALa1/wAAAwAAAAQhAFnOGP//ADznAChCHQAAALKUC///AKYxUAAAAF3vCf//
[ShotData] ALa1HQAAAF3vCf//ALa1/wAABAAAACAAAO97AL73FP//AN//AJKUAIIQHQAAAIYxC///ANOcUQAA
[ShotData] AF3vCf//ALa1HQAAAF3vCf//ALa1/wAABgAAAKIQAFGMAH3vEP//AF3vAHGMAOMYHwAAAFnOCv//
[ShotData] AH3vAIIQUQAAAF3vCf//ALa1HQAAAF3vCf//ALa1/wAACAAAAEEIAKpSADSlABznCv//APveANOc
[ShotData] AGlKACAAIAAAACxjC///ACxjUgAAAF3vCf//ALa1HQAAAF3vCf//ALa1/wAADAAAAGEIAKYxAMta
[ShotData] ACxjAI5zAO97AK5zAG1rAKpSAMc5AGEI/wAA/wAA/wAA/wAA/wAA/wAA/wAA/wAA/wAA/wAA/wAA
[ShotData] /wAA/wAA/wAA/wAA/wAA/wAA/wAA/wAA/wAA/wAA/wAA/wAA/wAA/wAA/wAA/wAA/wAA/wAA/wAA
[ShotData] /wAA/wAA/wAA/wAA/wAA/wAA/wAA/wAA/wAA/wAA/wAA/wAA/wAA/wAA/wAA/wAA/wAA/wAA/wAA
[ShotData] /wAA/wAA/wAA/wAA/wAA/wAA/wAA/wAA/wAA/wAA/wAA/wAA/wAA/wAA/wAA/wAA/wAA/wAA/wAA
[ShotData] /wAA/wAA/wAA/wAA/wAA/wAA/wAA/wAA/wAA/wAA/wAA/wAA/wAA/wAA/wAA/wAA/wAA/wAA/wAA
[ShotData] /wAA/wAA/wAA/wAA/wAA/wAA/wAA/wAA/wAA/wAA/wAA/wAA/wAA/wAA/wAA/wAA/wAA/wAAxAAA
[ShotData] AMcxAE1jAHKMAHalADm+irvOADm+AHalAHKMAE1jAMcx/wAAOwAAAAg6AFGEAHrGlLvOAHrGAFGE
[ShotData] AAg6/wAANgAAAKtSAJetmrvOAJetAKtS/wAAMgAAAAg6AHalnrvOAHalAAg6/wAALwAAAPB7orvO
[ShotData] APB7/wAALAAAAAQhAFalpLvOAFalAAQh/wAAKQAAAKYxADm+prvOADm+AKYx/wAAJwAAAKYxAHrG
[ShotData] qLvOAHrGAKYx/wAAJQAAAAQhADm+qrvOADm+AAQh/wAAJAAAAFalrLvOAFalVgAAAMtaAdOcACAA
[ShotData] CAAAAAQhAEEIEQAAAGlKAHWtAPOcDQAAAGEIAVWtAE1rlgAAAPB7rrvOAPB7KQAAACEIAaIQACEI
[ShotData] FwAAAKpSB1nOAEUpBQAAANOcAf//AEEIBwAAAIIQABznADznACxjAQAAAKIQBopSAGlKBQAAAK5z
[ShotData] AP//AH3vDQAAAKIQAf//ABSllQAAAAg6sLvOAAg6KAAAAKpSAfveAKpSFwAAAI5zB///AMc5BQAA
[ShotData] ANOcAf//AEEIBwAAAK5zAv//ADjGAAQhAElKB///BQAAAK5zAP//AH3vDQAAAKIQAf//ABSllQAA
[ShotData] AHalsLvOAHalKAAAAPOcAf//APOcFwAAAOMYBwhCAGEIBQAAANOcAf//AEEICAAAAChCAPveAf//
[ShotData] APveAGlKAf//A773Af//AAAAACQhATSlACAAAAAAAK5zAP//AH3vDQAAAKIQAf//ABSllAAAAKtS
[ShotData] srvOAKtSJwAAABSlAf//ABSlJwAAANOcAf//AEEICQAAAEEIABSlAP//AOtaAElKAP//AJ73AgAA
[ShotData] AIpSAf//AAAAAOc5Af//AEEIAAAAAK5zAP//AH3vDQAAAKIQAf//ABSllAAAAJetELvOADWdAOxa
[ShotData] AEUpAEEIAAAAAEEIAEUpAOxaADWdmLvOAJetHwAAAE1rAJnOABSlACQhAwAAABSlAf//ABSlAwAA
[ShotData] ACQhABSlAJnOAE1rDgAAABznCb73AAhCBAAAANOcAf//AEEICwAAAElKAAAAAElKAP//AJ73AgAA
[ShotData] AIpSAf//AAAAAOc5Af//AEEIAAAAAK5zAP//AH3vAwAAAEEICNOcABSlAf//ANveCNOcAAxjiQAA
[ShotData] AAg6D7vOAJatAAg6CAAAAAg6AJatFrvOAMMYAAAAAOQYQLvOAEUhAAAAAIIQObvOAAg6HgAAAJnO
[ShotData] Af//ALa1AIYxAAAAAGEIAAQhAJa1Af//AJa1AAQhAGEIAAAAAIYxALa1Af//AJnODgAAAH3vCf//
[ShotData] AChCBAAAANOcAf//AEEIDQAAAElKAP//AJ73AgQhACxjAf//AAAAAOc5Af//AEEIAAAAAK5zAP//
[ShotData] AH3vAwAAAKIQFf//AFWtiQAAAFGEDrvOAFGEDAAAAFGEFLvOAPSUAgAAABSdP7vOAEUhAAAAAIIQ
[ShotData] ObvOAFGEHgAAABSlAv//ALa1AGlKADCEAJrWAL73Af//AL73AJrWADCEAGlKALa1Av//ABSlDgAA
[ShotData] AOMYCQQhAEEIBAAAANOcAf//AEEIDQAAAElKB///AAAAAOc5Af//AEEIAAAAAK5zAP//AH3vAwAA
[ShotData] AKIQAf//AN//Br73Af//AN//Br73Af//AFWtiQAAAHrGDbvOAFGEDgAAAFGEE7vOAElCAgAAAGlK
[ShotData] P7vOAEUhAAAAAIIQObvOAHrGHgAAACQhALa1Av//ABvfB///ABvfAv//ALa1ACQhDwAAAEEIB4IQ
[ShotData] BgAAANOcAf//AEEIBwAAANOcAE1rAEEIAgAAAElKB///AAAAAOc5Af//AEEIAAAAAK5zAP//AH3v
[ShotData] AwAAAKIQAf//AHGMBQAAAKIQAf//ABSlBQAAAKIQAf//AFWtiAAAAMcxDbvOAJatBAAAAOg5AJKM
[ShotData] ADm+ALvOADm+AJKMAOg5BAAAAJatEbvOADm+ACAAAgAAACAAAFrGPrvOAEUhAAAAAIIQOrvOAMcx
[ShotData] HgAAAIYxALa1Bf//ABvfAF3vBf//ALa1AIYxEAAAANOcB///AIYxAIIQBKIQABSlAf//AMMYBKIQ
[ShotData] AQAAAO97Af//ADznACxjAQAAAElKAP//AJ73AmEIAMtaAf//AAAAAOc5Af//AEEIAAAAAK5zAP//
[ShotData] AH3vAwAAAKIQAf//AHGMBQAAAKIQAf//ABSlBQAAAKIQAf//AFWtiAAAAE1jDbvOAAg6AwAAABB8
[ShotData] BrvOABB8AwAAAAg6EbvOAM9zAQAAAMtSAQAAAPBzCbvOAIpSAQAAALOMA7vOAK9zAQAAAI5rArvO
[ShotData] AHKEAKcxAGEIACAAAMMYAKtSANi1A7vOAEUhAAAAAAQhAJetAChCAGEIAAAAAPSUAIpSAQAAAJKM
[ShotData] A7vOAJKMAQAAAE1jBrvOAEUhAAAAAIIQBbvOABB8AIYpAGEIACAAAOMYAMtSAPi1A7vOAEUhAAAA
[ShotData] AAQhADWdAOg5AGEIACAAACQhABB8ILvOAE1jHwAAAGlKABvfAf//AJ3vADSlAOc5AKMYAMMYAOc5
[ShotData] ADSlAJ3vAf//ABvfAGlKEQAAAJKUB773AGUpANveDf//AKIQAAAAAElKADjGAv//ALa1AAAAAElK
[ShotData] AP//AJ73AgAAAIpSAf//AAAAAOc5Af//AEEIAAAAAK5zAP//AH3vAwAAAKIQAf//AHGMBQAAAKIQ
[ShotData] Af//ABSlBQAAAKIQAf//AFWtiAAAAHKMDLvOADWdAwAAABB8CLvOABB8AwAAADWdELvOACQhAAAA
[ShotData] AIIQAHrGAGEIAAAAAEUpCbvOADWdAQAAAElCA7vOAGUpAAAAACAAABm+AbvOAKtSBQAAAGEIADWl
[ShotData] ArvOAEUhAAAAAGEIAEEIAgAAAPSUADWdAQAAAClCA7vOAElCAQAAANe1BrvOAEUhAAAAAIIQBLvO
[ShotData] AChCBQAAAIIQAJatArvOAEUhAAAAACAABQAAAG5rH7vOAHKMHgAAAGEIADCEAf//AJ3vAK5zACEI
[ShotData] AwAAACEIAK5zAJ3vAf//ADCEAGEIGgAAANveDf//AKIQAgAAAKpSADznAP//AM97AAAAAElKAP//
[ShotData] AJ73AgAAAIpSAf//AAAAAOc5Af//AEEIAAAAAK5zAP//AH3vAwAAAKIQAf//AHGMBQAAAKIQAf//
[ShotData] ABSlBQAAAKIQAf//AFWtiAAAAHalDLvOAOxaAgAAAOg5CrvOAOg5AgAAAOxaD7vOAFWlAQAAAMtS
[ShotData] ALvOAKpSAQAAAHalCbvOAAQhAAAAAEEIAHrGAbvOANe1AQAAAAg6AbvOAJKMAQAAAGEIAAxbAK9z
[ShotData] AChCAQAAAMMYAJvOAbvOAEUhAgAAAMc5AE1jAOtaAHalALvOAAQhAAAAACAAAFrGAbvOAJrOAEEI
[ShotData] AAAAAIYpB7vOAEUhAAAAAIIQA7vOABB8AQAAAEEIAIpKAAxbACQhAQAAAGUpArvOAEUhAQAAACAA
[ShotData] AAxbABB8AElKAQAAAEEIAFrGHrvOAHalHgAAAAQhAJrWAf//ADSlACEIBQAAACEIADSlAf//AJrW
[ShotData] AAQhEAAAAIIQBwQhACAAALKUBJa1APveAf//BZa1AGEIAwAAAIIQADCEAQAAAElKAf//A773Af//
[ShotData] AAAAAOc5Af//AEEIAAAAAK5zAP//AH3vAwAAAKIQAf//AHGMBQAAAKIQAf//ABSlBQAAAKIQAf//
[ShotData] AFWtiAAAADm+DLvOAEUpAgAAAJKMCrvOAJKMAgAAAEUpD7vOAKpSAQAAADWlALvOABSdAQAAAMtS
[ShotData] CbvOAI5rAQAAAHKEAbvOAI5rAQAAALOMAbvOAOc5AQAAAHatArvOAAxbAQAAANOUAbvOAEUhAQAA
[ShotData] AC1jBLvOAI5rAQAAABF8AbvOALOMAQAAAPB7B7vOAEUhAAAAAIIQA7vOAKYxAQAAAFWlAbvOAJvO
[ShotData] AGYpAQAAALetAbvOAEUhAQAAAHKEArvOAClCAQAAANOUHrvOADm+GQAAACEIAKpSAPOcARSlAJa1
[ShotData] AL73Af//AOc5BwAAAOc5Af//AL73AJa1ARSlAPOcAKpSACEICwAAANOcB///AIYxBQAAANOcAf//
[ShotData] AEEIDQAAAElKB///AAAAAOc5Af//AEEIAAAAAK5zAP//AH3vAwAAAKIQAf//AHGMBQAAAKIQAf//
[ShotData] ABSlBQAAAKIQAf//AFWtiAAADbvOAEEIAgAAADm+CrvOADm+AgAAAEEIDrvOAHrGAEEIAAAAAMMY
[ShotData] ArvOAMMQAAAAAGEIAHrGCLvOABm+ACAAAAAAAChCAbvOACQhAAAAAKIQAJvOAbvOAIIQAAAAAEUh
[ShotData] A7vOAFWlAQAAAG5rAbvOAEUhAQAAAFnGBLvOABm+ACAAAAAAAKcxAbvOAGpKAAAAACAAADm+B7vO
[ShotData] AEUhAAAAAIIQA7vOAGIIAAAAACQhA7vOAPBzAQAAAHKMAbvOAEUhAQAAAJvOArvOABB8AQAAADGE
[ShotData] H7vOGQAAAKIQAPveBf//AF3vAMMYBwAAAMMYAF3vBf//APveAKIQCwAAAHGMB33vAGUpBQAAANOc
[ShotData] Af//AEEIDQAAAElKAP//AJ73AkUpAE1rAf//AAAAAOc5Af//AEEIAAAAAK5zAP//AH3vAwAAAKIQ
[ShotData] Af//ADjGBe97ADCEAf//AHnOBe97ADCEAf//AFWtiAAADbvOAwAADLvOAwAADrvOADF8AQAAAC1j
[ShotData] ArvOAAxbAQAAAFGECbvOAAg6AAAAACAAAFrGALetAQAAAAxbArvOACAACAAAAOxaAbvOAEUhAAAA
[ShotData] AGEIBrvOAAg6AQAAABi+AJvOAGEIAAAAAChCCLvOAEUhAAAAAIIQA7vOACAAAAAAAMc5A7vOAJKM
[ShotData] AQAAABF8AbvOAEUhAAAAAIIQA7vOAJKMAQAAABB8H7vOGQAAAKIQAPveBf//ABvfAKMYBwAAAMMY
[ShotData] AF3vBf//APveAKIQGwAAANOcAf//AEEICgAAAEUpAQAAAElKAP//AJ73AgAAAIpSAf//AAAAAOc5
[ShotData] Af//AEEIAAAAAK5zAP//AH3vAwAAAKIQFf//AFWtiAAAADm+DLvOAEEIAgAAADm+CrvOADm+AgAA
[ShotData] AEEIDrvOAIYpAQAAAIpKAm5rAIpKAQAAAKYxCbvOAJOMAQAAADGEAE1jAQAAALetArvOACAAAAAA
[ShotData] ACAABoIQAC1jAbvOAEUhAAAAAIIQBrvOAJKMAQAAAK9zANOUAQAAAJKMCLvOAEUhAAAAAIIQA7vO
[ShotData] ACAAAAAAAMc5A7vOAJKMAQAAABF8AbvOAEUhAAAAAIIQA7vOAJKMAQAAABB8HrvOADm+GQAAACEI
[ShotData] AKpSAPOcARSlAJa1AL73Af//AOc5BwAAAOc5Af//AL73AJa1ARSlAPOcAKpSACEICwAAABCEBzjG
[ShotData] AKIQBQAAANOcAf//AEEICQAAAGEIAJ73AHWtAMMYAElKAP//AJ73AgAAAIpSAf//AAAAAOc5Af//
[ShotData] AEEIAAAAAK5zAP//AH3vAwAAAKIQFf//AFWtiAAAAHalDLvOAEUpAgAAAJKMCrvOAJKMAgAAAEUp
[ShotData] DbvOALetCgAAANe1CLvOAJvOAKIQAAAAAOc5AAQhAAAAAIYpA7vOAKIQAAAAAEUpCbvOAEUhAAAA
[ShotData] AIIQBrvOAJvOAIIQAAAAAEUhAIpKAAAAAGEIAJrOCLvOAEUhAAAAAIIQA7vOAGIIAAAAACQhA7vO
[ShotData] APBzAQAAAJKMAbvOAEUhAAAAAIIQA7vOAJKMAQAAABB8HrvOAHalHgAAAAQhAJrWAf//ADSlACEI
[ShotData] BQAAACEIADSlAf//AJrWAAQhEAAAAFWtB///AOMYBQAAANOcAf//AEEICQAAACxjAf//AOc5AElK
[ShotData] Af//A773Af//AAAAAOc5Af//AEEIAAAAAK5zAP//AH3vAwAAAKIQAf//AJKUBWEIAOMYAf//ADSl
[ShotData] BWEIAOMYAf//AFWtiAAAAHKMDLvOAOxaAgAAAOg5CrvOAOg5AgAAAOxaDbvOAAxbCgAAAC1jCbvO
[ShotData] AAxbAwAAABF8A7vOAOg5AAAAACAAAHatArvOANOUAccxAJOMAbvOAEUhAAAAAIIQB7vOAAxbAQAA
[ShotData] AEEIAAAAAKtSCbvOAKYxAAAAACAAAJvOArvOAKYxAQAAADWlAbvOAJvOAGUpAQAAALetAbvOAEUh
[ShotData] AAAAAIIQA7vOAJKMAQAAABB8ALvOAJrGATWlAHalALvOAJrGATWlAHalALvOAJrGATWlAHalD7vO
[ShotData] AHKMHgAAAGEIADCEAf//AJ3vAK5zACEIAwAAACEIAK5zAJ3vAf//ADCEAGEIEAAAAFWtAP//ABjG
[ShotData] AopSAI5zAf//AOMYBQAAANOcAf//AEEICQAAAFnOAP//APveAAAAAElKB///AAAAAOc5Af//AEEI
[ShotData] AAAAAK5zAP//AH3vAwAAAIIQAZ73ABCEBQAAAKIQAf//ABSlBQAAAGEIAXnOADCEiAAAAE1jDLvO
[ShotData] ADWdAwAAABB8CLvOABB8AwAAADWdDLvOAJvOAIIQAQAAABm+BLvOAPi1AQAAAKIQAJvOCLvOALet
[ShotData] AgAAAEEIAHrGA7vOAJKMAQAAAEEIAKtSAG5rAMtSAEEIAQAAAHalAbvOAEUhAAAAAIIQB7vOAJet
[ShotData] AwAAADWdCbvOAIpKAQAAAChCAM9zAFWlALvOABF8AQAAAEEIAGpKAOxaACQhAQAAAGUpArvOAEUh
[ShotData] AAAAAIIQA7vOAJKMAQAAABB8ALvOALetAQAAAKMQALvOALetAQAAAKMQALvOALetAQAAAKMQD7vO
[ShotData] AE1jHwAAAGlKABvfAf//AJ3vADSlAOc5AcMYAOc5ADSlAJ3vAf//ABvfAGlKEQAAAFWtAP//ADSl
[ShotData] AgAAAKYxAf//AOMYBQAAANOcAf//AEEICAAAAGUpAf//AM97AAAAAMMYAG1rACxjA8taAFGMAKpS
[ShotData] AAAAAGEIAaYxAQAAAK5zAP//AH3vDQAAAKIQAf//ABSlkgAAAMcxDbvOAAg6AwAAABB8BrvOABB8
[ShotData] AwAAAAg6DbvOAJKMAQAAAOc5BrvOAMcxAQAAALOMCbvOAGYpAQAAAIpKBbvOAMtSBgAAAAxbArvO
[ShotData] AEUhAAAAAIIQCLvOAGUpAQAAAOMYCrvOAHalAwAAAE1jAbvOAChCBQAAAIIQAJatArvOAEUhAAAA
[ShotData] AIIQA7vOAJKMAQAAABB8ALvOALetAQAAAKMQALvOALetAQAAAKMQALvOALetAQAAAKMQD7vOAMcx
[ShotData] HgAAAIYxALa1Bf//AV3vBf//ALa1AIYxEAAAAFWtAP//ADSlAgAAAKYxAf//AOMYBQAAANOcAf//
[ShotData] AEEICAAAANOcAf//AOMYAQAAAFWtAP//ANe9AAAAACQhAJrWAN//AAhCBQAAAK5zAP//AH3vDQAA
[ShotData] AKIQAf//ABSlkwAAAHrGDLvOAJatBAAAAOg5AJKMADm+ALvOADm+AJKMAOg5BAAAAJatDbvOAOg5
[ShotData] AQAAAFGEBrvOADGEAQAAAAg6CbvOABB8AQAAABWdBrvOAJKMAMcxAGEIACAAAOMYAAhCABSdA7vO
[ShotData] AEUhAAAAAIIQCLvOAPB7AQAAAE1jC7vOAPSUAIYxAGEIAAAAAE1jArvOABB8AIYpAEEIACAAAMMY
[ShotData] AMtSAPi1A7vOAEUhAAAAAIIQA7vOAJKMAQAAABB8ALvOALetAQAAAKMQALvOALetAQAAAKMQALvO
[ShotData] ALetAQAAAKMQDrvOAHrGHgAAACQhALa1Av//ABvfB///ABvfAv//ALa1ACQhDwAAAFWtAP//ADSl
[ShotData] AgAAAKYxAf//AOMYBQAAANOcAf//AEEIBwAAAMMYAN//AP//ALa1AQAAAKYxAf//AHGMAAAAACAA
[ShotData] ADjGAP//AF3vAOMYBAAAAK5zAP//AH3vDQAAAKIQAf//ABSlkwAAAFGEDbvOAFGEDgAAAFGESbvO
[ShotData] ANOUAQAAANe1R7vOAFGEHgAAABSlAv//ALa1AGlKADCEAJrWAL73Af//AL73AJrWADCEAGlKALa1
[ShotData] Av//ABSlDwAAAFWtAP//ALa1AqYxAOtaAf//AOMYBQAAANOcAf//AEEIBwAAAHGMAf//AElKAAAA
[ShotData] AEEIAJrWAP//AH3vAIIQAQAAAOMYAH3vAP//ABjGBAAAAK5zAP//AF3vDQAAAKIQAf//ABSlkwAA
[ShotData] AAg6DrvOAFGEDAAAAFGER7vOAFnGAC1jAMtSAKIQAAAAAKYxSLvOAAg6HgAAAJnOAf//ALa1AIYx
[ShotData] AAAAAGEIAAQhAJa1Af//AJa1AAQhAGEIAAAAAIYxALa1Af//AJnODwAAAFWtB///AOMYBQAAANOc
[ShotData] Af//AEEIBgAAAIIQAJ73AP//ANveAQAAABSlAf//AAxjAwAAAOtaAf//AAxjAKYxAK5zAY5zAFnO
[ShotData] AP//ABznDQAAAKIQAf//ABSllAAAAJetDrvOAJatAAg6CAAAAAg6AJatSLvOAPi1AgAAACAAADWd
[ShotData] R7vOAJetHwAAAE1rAJnOABSlACQhAwAAABSlAf//ABSlAwAAACQhABSlAJnOAE1rDwAAAFWtAP//
[ShotData] AL73BV3vAMMYBQAAANOcAf//AEEIBgAAACQhAJrWAP//AG1rAAAAAO97Af//ADSlBQAAAPe9AK5z
[ShotData] ACAAAGUpBP//ADSlDQAAAKIQAf//ABSllAAAAKtSELvOADWdAOxaAEUpAEEIAAAAAEEIAEUpAOxa
[ShotData] ADWdSrvOAPi1AAAAAGEIAKcxAPScSLvOAKtSJwAAABSlAf//ABSlFwAAAFWtAP//ADSlDAAAANOc
[ShotData] Af//AEEICAAAACxjAGEIAAAAAEEIAJKUABjGAEEICQAAAF3vAN//AF3vAHnOAJKUAIIQDQAAAKIQ
[ShotData] Af//ABSllQAAAHalsLvOAHalKAAAAPOcAf//APOc8wAAAAg6sLvOAAg6KAAAAKpSAfveAKpS9AAA
[ShotData] APB7rrvOAPB7KQAAACEIAaIQACEI9QAAAFalrLvOAFal/wAAJAAAAAQhADm+qrvOADm+AAQh/wAA
[ShotData] JQAAAKYxAHrGqLvOAHrGAKYx/wAAJwAAAKYxADm+prvOADm+AKYx/wAAKQAAAAQhAFalpLvOAFal
[ShotData] AAQh/wAALAAAAPB7orvOAPB7/wAALwAAAAg6AHalnrvOAHalAAg6/wAAMgAAAKtSAJetmrvOAJet
[ShotData] AKtS/wAANgAAAAg6AFGEAHrGlLvOAHrGAFGEAAg6/wAAOwAAAMcxAE1jAHKMAHalADm+irvOADm+
[ShotData] AHalAHKMAE1jAMcx/wAA/wAA/wAA/wAA/wAA/wAA/wAA/wAA/wAA/wAA/wAA/wAA/wAA/wAA/wAA
[ShotData] /wAA/wAA/wAA/wAA/wAA/wAA/wAA/wAA/wAA/wAA/wAA/wAA/wAA/wAA/wAA/wAA/wAA/wAA/wAA
[ShotData] /wAA/wAA/wAA/wAA/wAA/wAA/wAA/wAA/wAA/wAA/wAA/wAA/wAA/wAA/wAA/wAA/wAA/wAA/wAA
[ShotData] /wAA/wAA/wAA/wAA/wAA/wAA/wAA/wAA/wAAJgAABYnHAwAABYnH/wAAwwAABYnHAwAABYnH/wAA
[ShotData] wwAABYnHAwAABYnH/wAAwwAABYnHAwAABYnH/wAAwwAABYnHAwAABYnH/wAAwwAABYnHAwAABYnH
[ShotData] /wAA/wAA/wAA/wAA/wAA/wAA/wAA/wAA/wAAEwAABYnHAwAABYnH/wAAwwAABYnHAwAABYnH/wAA
[ShotData] wwAABYnHAwAABYnH/wAAwwAABYnHAwAABYnH/wAAwwAABYnHAwAABYnH/wAAwwAABYnHAwAABYnH
[ShotData] /wAA/wAA/wAA/wAA/wAA/wAA/wAA/wAA/wAA/wAA/wAA/wAA/wAA/wAA/wAA/wAA/wAA/wAAKQAA
[ShotData] AFJ8APSMADF8BgAAAG5jBfSMALOEABB0AIpCAEEIAgAAAG5jBfSMALOEABB0AIpCAEEIBAAAAIYp
[ShotData] AG5jAHJ8ANSMALOEAPBzAIpCAEEI/wAAogAAAEUhAvSMAEUhBQAAAG5jCPSMAFF8AIIIAQAAAG5j
[ShotData] CPSMAFF8AIIIAgAAAE1bBvSMAHJ8AKIQ/wAAoQAAAE1bAvSMAC1bBQAAAG5jAfSMAE1bAuxSAE1b
[ShotData] ALOEAfSMAI5jAQAAAG5jAfSMAE1bAuxSAE1bALOEAfSMAI5jAQAAAElCAfSMALOEAC1bAIpKAOxS
[ShotData] AFJ8AfSMAM9r/wAAoAAAAGEIANSMAvSMANOEAEEIBAAAAG5jAfSMAOMYAwAAAKIQALOEAfSMAGEI
[ShotData] AAAAAG5jAfSMAOMYAwAAAKIQALOEAfSMAGEIAAAAADF0APSMANSMAMMQAgAAACAAAPBrAfSMAMMQ
[ShotData] /wAAnwAAACk6AfSMAOxSAfSMAAg6BAAAAG5jAfSMAOMYBAAAAE5bAfSMACQhAAAAAG5jAfSMAOMY
[ShotData] BAAAAE5bAfSMACQhAAAAAfSMADF0BAAAAIYpAU1bAAQZ/wAAnwAAABF0APSMAJJ8ACAAAJOEAPSM
[ShotData] APBzBAAAAG5jAfSMAOMYBAAAAE1bAfSMACUhAAAAAG5jAfSMAOMYBAAAAE1bAfSMACUhAAAAALOE
[ShotData] APSMANSMAAQZ/wAApgAAAAQZAfSMAMtSAAAAAAxTAfSMAOQYAwAAAG5jAfSMAOMYAwAAAIIIAJOE
[ShotData] AfSMAGIIAAAAAG5jAfSMAOMYAwAAAIIIAJOEAfSMAGIIAAAAAE1bAvSMAI9jAIpKAMcxAAQZACAA
[ShotData] /wAAoQAAAAxTAfSMAAQZAAAAAEUhAfSMAOxSAwAAAG5jAfSMAG5bAgxTAG5bALOEAfSMAI5jAQAA
[ShotData] AG5jAfSMAG5bAgxTAG5bALOEAfSMAI5jAQAAAIIQAHJ8BfSMALOEAOxSAEEI/wAAngAAACAAALOE
[ShotData] APSMAFJ8AgAAAHJ8APSMALOEACAAAgAAAG5jCPSMAFF8AIIIAQAAAG5jCPSMAFF8AIIIAgAAAEEI
[ShotData] AIpKAFF8BfSMABB0ACAA/wAAnQAAAOcxAfSMAIpKAgAAAKtKAfSMAMcxAgAAAG5jBfSMALOEAPBz
[ShotData] AGpCAEEIAgAAAG5jBfSMALOEAPBzAGpCAEEIBgAAAEEIAOQYAKcxAOxSANSMAfSMAOg5/wAAnQAA
[ShotData] AM9rAfSMAAxTAmpCAAxbAfSMAK9rAgAAAG5jAfSMAOMYCQAAAG5jAfSMAOMYEQAAAOgxAfSMAA1b
[ShotData] /wAAnAAAAMMQCvSMAKIQAQAAAG5jAfSMAOMYCQAAAG5jAfSMAOMYCAAAAGYpAXJ8ACk6BAAAAOQY
[ShotData] AfSMAC1b/wAAnAAAAKtKCvSMAIpKAQAAAG5jAfSMAOMYCQAAAG5jAfSMAOMYCAAAAIIQAfSMAHJ8
[ShotData] AIIIAwAAAMtKAfSMAGpC/wAAnAAAAJJ8AfSMAGIIBAAAAIIIAfSMAHJ8AQAAAG5jAfSMAOMYCQAA
[ShotData] AG5jAfSMAOMYCQAAAG5jAfSMANOEAG5jAMtSAAxTADF0AfSMANOEAKIQ/wAAmwAAAIYpAfSMAI5j
[ShotData] BgAAAK9jAfSMAIYpAAAAAG5jAfSMAOMYCQAAAG5jAfSMAOMYCQAAAGEIABB0BvSMANOEAKYp/wAA
[ShotData] nAAAAI5jAfSMAMcxBgAAAMcxAfSMAG5jAAAAAG5jAfSMAOMYCQAAAG5jAfSMAOMYCgAAACAAACg6
[ShotData] AM9rAJOEAPSMALOEABB0AKtKAKIQ/wAA/wAA/wAA/wAA/wAA/wAA/wAA/wAA/wAA/wAA/wAA/wAA
[ShotData] /wAA/wAA/wAA/wAA/wAA/wAA/wAA/wAA/wAA/wAA/wAA/wAA/wAA/wAA/wAA/wAA/wAA/wAA/wAA
[ShotData] /wAA/wAA/wAA/wAA/wAA/wAA/wAA/wAA/wAA/wAA/wAA/wAA/wAA/wAA/wAA/wAA/wAA/wAA/wAA
[ShotData] /wAA/wAA/wAA/wAA/wAA/wAA/wAA/wAA/wAA/wAA/wAA/wAA/wAA/wAA/wAA/wAA/wAA/wAA/wAA
[ShotData] /wAA/wAA/wAA/wAA/wAA/wAA/wAA/wAA/wAA/wAA/wAA/wAA/wAA/wAA/wAA/wAA/wAA/wAA/wAA
[ShotData] /wAA/wAA/wAA/wAA/wAA/wAACwAA
[ShotEnd] digital-mixed bytes=19800
[Shot] digital-full 468 468
[ShotData] /wAA/wAA/wAA/wAA/wAA/wAA/wAA/wAA/wAA/wAA/wAA/wAA/wAA/wAA/wAA/wAA/wAA/wAA/wAA
[ShotData] /wAA/wAA/wAA/wAA/wAA/wAA/wAA/wAA/wAA/wAA/wAA/wAA/wAA/wAA/wAA/wAA/wAA/wAA/wAA
[ShotData] /wAA/wAA/wAA/wAA/wAA/wAA/wAA/wAA/wAA/wAA/wAA/wAA/wAA/wAA/wAA/wAA/wAA/wAA/wAA
[ShotData] /wAA/wAA/wAA/wAA/wAA/wAA/wAA/wAA/wAA/wAA/wAA/wAA/wAA/wAA/wAA/wAA/wAA/wAA/wAA
[ShotData] /wAA/wAA/wAA/wAA/wAA/wAA/wAA/wAA/wAA/wAA/wAA/wAA/wAA/wAA/wAA/wAA/wAA/wAA/wAA
[ShotData] 8AAAAMAQAAaFAYnHAOi2BAAAAINCAKaVAAi/AGnHAMi2AMV8ACEhBQAAAINCAKaVAAi/AGnHAMi2
[ShotData] AMV8ACEhAwAAACAAAKRjAIeuAEi/ACemAGI6BgAAAGaNAInHAORj/wAAoAAAACNTACi/AonHAOi2
[ShotData] AwAAACVsBYnHAEi/AMIpAwAAACVsBYnHAEi/AMIpAgAAAIRbBInHAEEhBAAAAGNCAInHAKiuAEAA
[ShotData] /wAAfQAAAONKAEemEInHAEemAONKDAAAAIEpBInHAOi2AgAAAKEpAonHAOedAOaEAMi2AYnHAEem
[ShotData] AgAAAKEpAonHAOedAOaEAMi2AYnHAEemAgAAAEemAInHAEVsAIAIAGemAInHAORjAwAAAEAIAKiu
[ShotData] AInHAEI6/wAAfQAAAONKFInHAONKCwAAAIEpAInHAEi/AMRjAGnHAInHAOi2AgAAAEVsAYnHAMV8
[ShotData] AQAAAKAQAAi3AYnHAGEhAQAAAEVsAYnHAMV8AQAAAKAQAAi3AYnHAGEhAQAAAEi/AInHAEI6AAAA
[ShotData] AMV8AInHAMV8AwAAACVsAInHAEaN/wAAfgAAAEemAInHAEemAMIpDgAAAMIpAEemAInHAEemCwAA
[ShotData] AIEpAGaNAAEZAAAAAGjHAInHAOi2AgAAAIaVAYnHAOIxAgAAAKV8AYnHAKNCAQAAAIaVAYnHAOIx
[ShotData] AgAAAKV8AYnHAKNCAQAAAYnHACI6AAAAAKV8AInHAAaFAgAAAEEhAGnHAEi/AOEY/wAAfgAAAYnH
[ShotData] AMIpEAAAAMIpAYnHCwAAACAAAgAAAGjHAInHAOi2AgAAAAeeAYnHAAEZAgAAAMRjAYnHACNTAQAA
[ShotData] AAeeAYnHAAEZAgAAAMRjAYnHACNTAQAAAYnHACI6AAAAAKV8AInHAAaFAgAAAMeVAInHAIRb/wAA
[ShotData] fwAAAYnHAQAADonHAQAAAYnHAAAAAWV0DAAAAGjHAInHAOi2AgAAAAeeAYnHAMEQAgAAAIRbAYnH
[ShotData] ACNTAQAAAAeeAYnHAMEQAgAAAIRbAYnHACNTAQAAACi/AInHAEI6AAAAAMV8AInHAKV8AQAAAMNK
[ShotData] AInHAGemASAAAMRjAGeuACi/AOedAAIy/wAAeQAAAYnHAQAADonHAQAAAYnHAAAAAYnHDAAAAGjH
[ShotData] AInHAOi2AgAAAAeeAYnHAMEQAgAAAIRbAYnHACNTAQAAAAeeAYnHAMEQAgAAAIRbAYnHACNTAQAA
[ShotData] AEemAInHACVsAIAIAGemAInHAKRjAAAAAIAIAOi2AInHAOIxAAAAAMRjA4nHAGnHAAEZ/wAAeAAA
[ShotData] AYnHAQAADonHAQAAAYnHAAAAAYnHDAAAAGjHAInHAOi2AgAAAAeeAYnHAMEQAgAAAIRbAYnHACNT
[ShotData] AQAAAAeeAYnHAMEQAgAAAIRbAYnHACNTAQAAAGRbA4nHAGnHAAEZAAAAAIV0AInHAMV8AQAAAKiu
[ShotData] AInHAARsAIAQAKiuAInHAIRb/wAAeAAAAYnHAQAADonHAQAAAYnHAAAAAYnHDAAAAGjHAInHAOi2
[ShotData] AgAAAAeeAYnHAMEQAgAAAIRbAYnHACNTAQAAAAeeAYnHAMEQAgAAAIRbAYnHACNTAQAAACAAAORj
[ShotData] AKiuAGjHACemACI6AAAAAIEpAInHACi/AKAQAAAAACAAAYnHAAIyAAAAACaNAInHAGV0/wAAeAAA
[ShotData] AYnHAQAADonHAQAAAYnHAAAAAYnHDAAAAGjHAInHAOi2AgAAAOedAYnHAAEZAgAAAMRjAYnHAANT
[ShotData] AQAAAOedAYnHAAEZAgAAAMRjAYnHAANTCAAAAAeeAInHACNTAQAAAEAAAYnHAMIpAAAAAAaFAInH
[ShotData] AKV8/wAAeAAAAYnHAQAADonHAQAAAYnHAAAAAWV0DAAAAGjHAInHAOi2AgAAAGaNAYnHAOIxAgAA
[ShotData] AKV8AYnHAINCAQAAAGaNAYnHAOIxAgAAAKV8AYnHAINCBwAAACNTAInHAAeeAgAAAEAAAYnHAMIp
[ShotData] AAAAAAaFAInHAKV8/wAAeAAAAYnHAMIpEAAAAMIpAYnHDwAAAGjHAInHAOi2AgAAAAVsAYnHAMV8
[ShotData] AQAAAIAIAOi2AYnHACEZAQAAAAVsAYnHAMV8AQAAAIAIAOi2AYnHACEZBgAAAKAQAAi/AInHAIEp
[ShotData] AwAAAGnHAInHAOIxAAAAACaFAInHAEV0/wAAeAAAAEemAInHAEemAMIpDgAAAMIpAEemAInHAEem
[ShotData] DwAAAGjHAInHAOi2AgAAAGEhAonHAOedAOWEAMi2AYnHAAeeAgAAAGEhAonHAOedAOWEAMi2AYnH
[ShotData] AAeeBwAAAMV8AInHAGV0BAAAAIiuAInHAGRbAAAAAEemAInHAERT/wAAeAAAAONKFInHAONKDwAA
[ShotData] AGjHAInHAOi2AwAAAARsBYnHACi/AIEhAwAAAARsBYnHACi/AIEhBgAAAOIxAInHAOi2AIAIBAAA
[ShotData] AMRjAYnHAAi/AInHAEi/AMAQ/wAAeQAAAONKAEemEInHAEemAONKEAAAAGjHAInHAOi2BAAAAKNC
[ShotData] AMeVACi/AGnHAMi2AMV8ACEZBQAAAKNCAMeVACi/AGnHAMi2AMV8ACEZBgAAACAAAEemAInHAMNK
[ShotData] BQAAACAAAARsAKiuAEi/AOedAOIx/wAA/wAA/wAA/wAA/wAA/wAA/wAA/wAA/wAA/wAA/wAA/wAA
[ShotData] /wAA/wAA/wAA/wAA/wAA/wAA/wAA/wAA/wAA/wAA/wAA/wAA/wAA/wAA/wAA/wAA/wAA/wAA/wAA
[ShotData] /wAA/wAA/wAA/wAA/wAA/wAA7gAAAEUhAM9zAHalAFnGAJvOAFrGAJatABB8AGUpCwAAACQhArvO
[ShotData] AIYpBwAAAJetDbvOAMtSEAAAAEUhAM9zAHalAFnGAJvOAFrGAJatABB8AGUpBQAAAElCDLvOAAxb
[ShotData] AQAAAElCB7vOAJrGAPi1AJKMAElCDQAAAIIQADF8ArvOAHalBQAAAKYxAFGEANe1AHrGAJrOAPi1
[ShotData] ALOMAElK/wAAPwAAACAAAPB7CLvOABB8ACAACQAAAM9zArvOADGEBwAAAJetDbvOAMtSDgAAACAA
[ShotData] APB7CLvOABB8ACAAAwAAAElCDLvOAAxbAQAAAElCC7vOADWlAKIQCgAAAKpSADm+A7vOAHalAwAA
[ShotData] ACAAAFGEB7vOADWlAKIQ/wAAPQAAAFGECrvOAPB7CAAAACAAADm+ArvOAHrGAGEIBgAAAJetDbvO
[ShotData] AMtSDgAAAFGECrvOAPB7AwAAAElCDLvOAAxbAQAAAElCDLvOAHalACAACAAAADWdBbvOAHalAwAA
[ShotData] APB7CbvOAFal/wAAPAAAAKYxArvOABm+AOxaAGUpAOMYAGYpAAxbADm+ArvOACUhBwAAAGlKBLvO
[ShotData] AMtSBgAAAEUpA4YxAMcxArvOANOUBIYxAKIQDQAAAKYxArvOABm+AOxaAGUpAOMYAGYpAAxbADm+
[ShotData] ArvOACUhAgAAAElCArvOAC1jCIYxAKMQAQAAAElCArvOAC1jA4YxAOg5AE1jADm+ArvOAKpSCAAA
[ShotData] BrvOAHalAgAAAOQYArvOAJrOAG5rAIYpAEUpAOtaADm+ArvOAElK/wAAOwAAAM9zArvOAAQhBAAA
[ShotData] AGYpArvOAI5rBwAAABWdBLvOAHalCwAAACAAArvOADGEEwAAAM9zArvOAAQhBAAAAGYpArvOAI5r
[ShotData] AgAAAElCArvOAChCCwAAAElCArvOAChCBQAAAGUpArvOANOUCAAAAbvOABi+AElKAPi1AbvOAHal
[ShotData] AgAAAOxaArvOAOxaAwAAAKcxArvOAFGE/wAAOwAAALOUAbvOANi1BgAAAPScAbetAPB7BgAAAAQZ
[ShotData] ArvOAG5rArvOAGUpCgAAACAAArvOADGEEwAAALOUAbvOANi1BgAAAPScAbetAPB7AgAAAElCArvO
[ShotData] AChCCwAAAElCArvOAChCBgAAANe1AbvOALetCAAAAHrGAK9zAEEIAAAAAPi1AbvOAHalAgAAAM9z
[ShotData] ArvOAMMYBAAAAHrGAbvOADWd/wAAOwAAALOMAbvOAJvOAIIQEAAAAK9zAbvOABm+ACAAAPi1AbvO
[ShotData] ABB8CgAAACAAArvOADGEEwAAALOMAbvOAJvOAIIQDAAAAElCArvOAChCCwAAAElCArvOAChCBgAA
[ShotData] AHalAbvOAPi1CAAAAAQhAgAAAPi1AbvOAHalAgAAAPB7ArvOAKIQBAAAADm+AbvOAHal/wAAOwAA
[ShotData] AG5rArvOAJatAChCAEEIDQAAACAAADm+AbvOAM9zAAAAAG5rAbvOAHrGAEEICQAAACAAArvOADGE
[ShotData] EwAAAG5rArvOAJatAChCAEEICgAAAElCArvOAChCCwAAAElCArvOAChCBQAAAIIQAHrGAbvOADWd
[ShotData] DAAAAPi1AbvOAHalAgAAAG5rArvOAElKAwAAACQhArvOAPSU/wAAOwAAAOMYAJvOBLvOANe1ANSU
[ShotData] APBzAKtSAMMYCAAAAElCArvOAEUpAAAAAAQhArvOAKtSCQAAACAAArvOADGEEwAAAOMYAJvOBLvO
[ShotData] ANe1ANSUAPBzAKtSAMMYBQAAAElCArvOAC1jB4YxAwAAAElCArvOAChCAwAAAEEIAIYpADWlArvO
[ShotData] AG5rDAAAAPi1AbvOAHalAgAAAAg6ArvOADm+AGlKAIIQAGEIAOc5ALetArvOAI5r/wAAPAAAAGlK
[ShotData] AJvOCLvOAJOMAKIQBgAAAPScAbvOALetAgAAAFalAbvOAFalCQAAACAAArvOADGEFAAAAGlKAJvO
[ShotData] CLvOAJOMAKIQAwAAAElCC7vOACAAAgAAAElCDLvOAFrGAIIQDAAAAPi1AbvOAHalAgAAACAAALet
[ShotData] CrvOAGUp/wAAPQAAAEUhAJKMAJrOB7vOABi+AKMQBAAAAOMYArvOAC1jAgAAAOtaArvOAEUhCAAA
[ShotData] ACAAArvOADGEFQAAAEUhAJKMAJrOB7vOABi+AKMQAgAAAElCC7vOACAAAgAAAElCC7vOAFrGAKYx
[ShotData] DQAAAPi1AbvOAHalAwAAAEUhADm+CLvOADWd/wAAQAAAAEEIAIYxAKpSAI5rAJKMANi1A7vOAFGE
[ShotData] BAAAAI5rArvOAMMYAgAAAIIQAJvOAbvOAPB7CAAAACAAArvOADGEFwAAAEEIAIYxAKpSAI5rAJKM
[ShotData] ANi1A7vOAFGEAgAAAElCC7vOACAAAgAAAElCCbvOAFrGABB8AMMYDgAAAPi1AbvOAHalBAAAAMMQ
[ShotData] ABB8ADm+AbvOAPi1A7vOAKYx/wAARgAAAAhCAJrOAbvOAHrGACAAAgAAACAAABm+AbvOABWdBAAA
[ShotData] ALOUAbvOAFrGAEEIBwAAACAAArvOADGEHQAAAAhCAJrOAbvOAHrGACAAAQAAAElCArvOAChCCwAA
[ShotData] AElCArvOAE1jA8cxAIYpAOQYEQAAAPi1AbvOAHalBwAAAGEIAEEIAOxaArvOAJKM/wAAPAAAACAA
[ShotData] AsMYAEEIBgAAABB8ArvOAMMYAgAAAChCDLvOAIpKBwAAACAAArvOADGEEgAAACAAAsMYAEEIBgAA
[ShotData] ABB8ArvOAMMYAQAAAElCArvOAChCCwAAAElCArvOAChCFwAAAPi1AbvOAHalCAAAAGEIADm+AbvO
[ShotData] AJrOAOMY/wAAPAAAAMMYArvOAC1jBgAAAI5rArvOAKIQAgAAANOUDLvOADWdBwAAACAAArvOADGE
[ShotData] EgAAAMMYArvOAC1jBgAAAI5rArvOAKIQAQAAAElCArvOAChCCwAAAElCArvOAChCFwAAAPi1AbvO
[ShotData] AHalCAAAAI5rArvOAI5r/wAAPgAAABm+AbvOAPi1AIIQBAAAAEEIAJetAbvOAFrGAgAAAMMYDrvO
[ShotData] ACQhBgAAACAAArvOADGEEwAAABm+AbvOAPi1AIIQBAAAAEEIAJetAbvOAFrGAgAAAElCArvOAChC
[ShotData] CwAAAElCArvOAChCFwAAAPi1AbvOAHalBwAAAMMQAHrGAbvOADm+AEEI/wAAPgAAAI5rArvOAPi1
[ShotData] AC1jAMc5AEUpAKcxAMtSAJetArvOABB8AgAAAG5rArvOAElCBqIQAMc5ArvOAM9zBgAAACAAArvO
[ShotData] ADGEBgAAAFrGAbvOAElCCAAAAI5rArvOAPi1AC1jAMc5AEUpAKcxAMtSAJetArvOABB8AgAAAElC
[ShotData] ArvOAC1jCIYxAKMQAQAAAElCArvOAChCFwAAAPi1AbvOAHalBwAAADGEArvOAKtS/wAAPwAAAEEI
[ShotData] ANe1CrvOAPi1AIIQAgAAAPi1AbvOADm+ACAABwAAANe1AbvOADm+ACAABQAAACAAArvOADGEBgAA
[ShotData] AFrGAbvOAElCCAAAAEEIANe1CrvOAPi1AIIQAgAAAElCDLvOAAxbAQAAAElCArvOAChCFwAAAPi1
[ShotData] AbvOAHalBgAAACUhArvOAJat/wAAQQAAAMMYADWlCLvOADWdAMMYAgAAAAg6ArvOAM9zCAAAAG5r
[ShotData] ArvOAGlKBQAAACAAArvOADGEBgAAAFrGAbvOAElCCQAAAMMYADWlCLvOADWdAMMYAwAAAElCDLvO
[ShotData] AAxbAQAAAElCArvOAChCFwAAAPi1AbvOAHalBgAAAPSUArvOAMcx/wAAQwAAAAg6AFGEALetAHrG
[ShotData] ALvOAFrGAJatADF8AOc5BAAAALOMArvOAGUpCAAAAAQZArvOABWdBQAAACAAArvOADGEBgAAAFrG
[ShotData] AbvOAElCCwAAAAg6AFGEALetAHrGALvOAFrGAJatADF8AOc5BQAAAElCDLvOAAxbAQAAAElCArvO
[ShotData] AChCFwAAAPi1AbvOAHalBQAAAMc5ArvOALOM/wAAdwAAAFrGAbvOAElC/wAAzwAAAFrGAbvOAOc5
[ShotData] /wAAzwAAAFrGAJvOAKpS/wAA0AAAAPi1AMc5/wAA0QAAAOMY/wAA/wAA/wAA/wAA/wAA/wAA/wAA
[ShotData] /wAA/wAA/wAA/wAA/wAA/wAA/wAA/wAA/wAA/wAA/wAA/wAA/wAA/wAA/wAA/wAA/wAA/wAA/wAA
[ShotData] /wAA/wAA/wAA/wAA/wAA/wAA/wAA/wAA/wAA/wAA/wAA/wAA/wAA/wAA/wAA/wAA/wAA/wAA/wAA
[ShotData] /wAA/wAA/wAA/wAA/wAA/wAA/wAA/wAA/wAA/wAA/wAA/wAA/wAA/wAA/wAA/wAA/wAA/wAA/wAA
[ShotData] /wAA/wAA/wAA/wAA/wAA/wAA/wAA/wAA/wAA/wAA/wAA/wAA/wAA/wAA/wAA/wAA/wAA/wAA/wAA
[ShotData] /wAA/wAA/wAA/wAA/wAA/wAA/wAA/wAA/wAA/wAA/wAA/wAA/wAA/wAA/wAAZwAAAIIQAChCAE1r
[ShotData] ADCEAPOcADSlAHWtABSlALKUAFGMACxjAAhCAKIQ/wAAwwAAAKYxAFGMALrWDP//ANveAHGMAKYx
[ShotData] JgAAAEUpAAxjAJKUALa1ALrWAF3vAL73AP//AN//AH3vABznADjGADSlAM97AChCAGEI/wAAhwAA
[ShotData] AOtaAJrWEv//AFnOAIpSIQAAAIYxAJKUABznDv//AN//ANe9AAxjAEEIQAAAAKpSCv//ABjGIgAA
[ShotData] AIIQAPOcCf//ALa1/wAABAAAAChCALrWFv//AHnOAKYxHQAAAChCADjGFP//AJ73ADCEAIIQPgAA
[ShotData] AJrWCv//AAhCIQAAAMtaAF3vCv//ALa1/wAAAgAAACAAAHGMGv//ABCEGgAAAAQhANe9GP//AH3v
[ShotData] AAxjPAAAAIpSCv//ADjGIAAAAOMYALa1DP//ALa1/wAAAQAAAEEIALa1HP//AJa1AEEIFwAAAOta
[ShotData] AL73G///AJa1AGEIOgAAAHnOCv//AElKHwAAAI5zAL73Df//ALa1/wAAAQAAADSlHv//ANe9ACAA
[ShotData] FQAAAHGMHv//ALrWAAQhOAAAAGlKCv//AFnOHgAAAIYxAFnOD///ALa1/wAAAAAAAG1rIP//ANOc
[ShotData] FAAAAJKUIP//ABznAAQhNwAAAFnOCv//AGlKHAAAAEEIAFGMAN//EP//ALa1/wAAAKYxAN//If//
[ShotData] AIpSEgAAAM97Iv//APveAIIQNQAAAChCCv//AJrWHAAAAChCAPveEv//ALa1/wAAABjGIv//ADzn
[ShotData] AEEIEAAAAAhCJP//ANe9NQAAADjGCv//AKpSGgAAAIIQABSlFP//ALa1/gAAAElKJP//AO97DwAA
[ShotData] AEEIABznJf//AE1rMwAAAAhCCv//ALrWGgAAAMtaAF3vFf//ALa1/gAAAHnODP//AL73AFWtAOta
[ShotData] AGUpAKIQACAAAKIQAEUpAMtaABSlAJ73DP//AF3vAEEIDgAAABCED///ALrWAFWtALKUADCEAHGM
[ShotData] ABSlAPe9AL73Dv//AJ73AKIQMgAAAPe9Cv//AMtaGQAAANe9F///ALa1/QAAAKYxDP//AFWtAOMY
[ShotData] CAAAAKIQAPOcDP//AOtaDQAAAGEIAJ73DP//ANveAE1rAKIQBgAAACAAAAhCAJa1Df//AFGMMQAA
[ShotData] AOc5Cv//ANveGgAAGP//ALa1/QAAAJKUC///AFGMDAAAAI5zC///ANe9DQAAAI5zDP//AM97DAAA
[ShotData] AKYxAPveC///AJ73AEEIMAAAANe9Cv//AOtaGgAAGP//ALa1/AAAACAAAF3vCv//AHWtDgAAAJKU
[ShotData] C///AKIQDAAAAHnOCv//AN//AChCDgAAAGEIAFnOC///AMtaLwAAAKYxCv//APveACAAGgAAGP//
[ShotData] ALa1/AAAAAhCCv//AN//AOMYDgAAAGEIAF3vCv//AMtaCwAAAAQhC///ACxjEAAAAMMYABznCv//
[ShotData] AFWtLwAAALa1Cv//ACxjGwAADP//ALrWAL73Cf//ALa1/AAAAO97Cv//ADSlEAAAABCECv//APOc
[ShotData] CwAAAOtaCv//AFnOEgAAAMtaCv//AF3vLgAAAIYxCv//ABznACAAGwAACv//AL73AM97ACAAAF3v
[ShotData] Cf//ALa1/AAAANe9Cv//AGlKEAAAACQhCv//ANveCwAAALKUCv//AElKEwAAANveCv//AAQhLQAA
[ShotData] AHWtCv//AE1rHAAACf//ANe9AAQhAQAAAF3vCf//ALa1/AAAAJ73Cf//AN//AEEIEQAAANveCv//
[ShotData] ACAACgAAAPe9Cf//AL73ACAAEwAAAHGMCv//AChCLAAAAGUpCv//ADznACAAHAAAB///AF3vAMta
[ShotData] AwAAAF3vCf//ALa1+wAAAIIQCv//AHnOEgAAAPOcCv//AGUpCgAAAPveCf//ANe9FAAAAGlKCv//
[ShotData] AAxjLAAAAFWtCv//AI5zHQAABv//ANOcAIIQBAAAAF3vCf//ALa1+wAAAIYxCv//ABSlEgAAAI5z
[ShotData] Cv//AGlKCgAAAH3vCf//APOcFAAAAIYxCv//AI5zKwAAAEUpCv//AF3vAEEIHQAABP//AJrWAMc5
[ShotData] BgAAAF3vCf//ALa1+wAAAIpSCv//AO97EgAAAGlKCv//ACxjCgAAAN//Cf//AFGMFAAAAOMYCv//
[ShotData] AO97KwAAADSlCv//AK5zHgAAAv//AL73AK5zACAABwAAAF3vCf//ALa1+wAAAAxjCv//AAxjEgAA
[ShotData] AIYxCv//AO97CgAACv//ABCEFAAAAMMYCv//ABCEKgAAACQhCv//AH3vAGEIHgAAAf//ALa1AAQh
[ShotData] CQAAAF3vCf//ALa1+wAAAG1rCv//AGlKEgAAAOMYCv//AFGMCgAACv//ABCEFAAAAMMYCv//AO97
[ShotData] KgAAAPOcCv//AM97HwAAADznAKpSCwAAAF3vCf//ALa1+wAAAK5zCv//AAhCEgAAAGEICv//AHGM
[ShotData] CgAACv//AFGMFAAAAAQhCv//AM97KQAAAAQhAN//Cf//AH3vAGEIHwAAAGEIDAAAAF3vCf//ALa1
[ShotData] +wAAAO97Cv//AMc5EgAAACAACv//ALKUCgAAAL73Cf//APOcFAAAAKYxCv//AG1rKQAAANOcCv//
[ShotData] ABCELgAAAF3vCf//ALa1+wAAABCECv//AKYxEwAACv//ANOcCgAAAF3vCf//APe9FAAAAIpSCv//
[ShotData] AOtaKAAAAOMYAN//Cf//AJ73AIIQLgAAAF3vCf//ALa1+wAAABCECv//AKYxEwAACv//ANOcCgAA
[ShotData] AHnOCf//AL73AEEIEwAAAJKUCv//AOc5KAAAALKUCv//ADCELwAAAF3vCf//ALa1+wAAABCECv//
[ShotData] AKYxEwAACv//ANOcCgAAAHWtCv//AKpSEwAAAPveCv//AMMYJwAAAMMYAL73Cf//AL73AKIQLwAA
[ShotData] AF3vCf//ALa1+wAAABCECv//AKYxEwAACv//ANOcCgAAAM97Cv//ALrWEgAAAOtaCv//ADznCQAA
[ShotData] AIIQC+MYEQAAAHGMCv//AHGMMAAAAF3vCf//ALa1+wAAABCECv//AKYxEwAACv//ANOcCgAAAOc5
[ShotData] C///AFGMEAAAAMMYADznCv//AHWtCQAAALa1C///EAAAAKIQAL73Cf//AL73AMMYBgAAAKIQCcMY
[ShotData] AIIQHQAAAF3vCf//ALa1+wAAABCECv//AKYxEwAACv//ANOcCgAAACAAAH3vC///AK5zDgAAAIIQ
[ShotData] AHnOC///AAxjCQAAALa1C///EAAAAFGMCv//AJKUBwAAAF3vCf//ALa1HQAAAF3vCf//ALa1+wAA
[ShotData] ABCECv//AKYxEwAACv//ANOcCwAAANOcDP//ADSlAIIQCwAAAMc5ABznDP//AKIQCQAAALa1C///
[ShotData] DwAAAIIQAJ73Cf//AN//AMMYBwAAAF3vCf//ALa1HQAAAF3vCf//ALa1+wAAABCECv//AKYxEwAA
[ShotData] Cv//ANOcCwAAAEUpDf//AJ73AJKUAKYxACAABQAAAGEIAGlKANe9Df//ALa1CgAAALa1C///DwAA
[ShotData] ADCECv//ALKUCAAAAF3vCf//ALa1HQAAAF3vCf//ALa1+wAAABCECv//AKYxEwAACv//ANOcDAAA
[ShotData] AJa1D///AJ73ADjGAJa1ABSlADSlANe9ALrWEP//AIpSCgAAALa1C///DgAAAIIQAJ73Cf//AN//
[ShotData] AOMYCAAAAF3vCf//ALa1HQAAAF3vCf//ALa1+wAAABCECv//AKYxEwAACv//ANOcDAAAACQhAN//
[ShotData] Jf//ABznACAACgAAALa1C///DgAAAO97Cv//APOcCQAAAF3vCf//ALa1HQAAAF3vCf//ALa1+wAA
[ShotData] ABCECv//AKYxEwAACv//ANOcDQAAAM97Jf//AG1rCwAAALa1C///DQAAAGEIAH3vCv//AAQhCQAA
[ShotData] AF3vCf//ALa1HQAAAF3vCf//ALa1+wAAABCECv//AKYxEwAACv//ANOcDgAAANe9I///AF3vAEEI
[ShotData] CwAAALa1C///DQAAAM97Cv//ABSlCgAAAF3vCf//ALa1HQAAAF3vCf//ALa1+wAAABCECv//AKYx
[ShotData] EwAACv//ANOcDgAAAGEIAJrWIv//AI5zDAAAALa1C///DAAAAEEIAF3vCv//AEUpCgAAAF3vCf//
[ShotData] ALa1HQAAAF3vCf//ALa1+wAAABCECv//AKYxEwAACv//ANOcDwAAAMMYAJrWIP//ABznAEEIDAAA
[ShotData] ALa1C///DAAAAK5zCv//ADSlCwAAAF3vCf//ALa1HQAAAF3vCf//ALa1+wAAABCECv//AKYxEwAA
[ShotData] Cv//ANOcEAAAAIIQAPe9H///AAxjDQAAALa1C///CwAAAEEIAF3vCv//AGUpCwAAAF3vCf//ALa1
[ShotData] HQAAAF3vCf//ALa1+wAAABCECv//AKYxEwAACv//ANOcEgAAABCEAN//HP//AFnODgAAALa1C///
[ShotData] CwAAAG1rCv//AHWtDAAAAF3vCf//ALa1HQAAAF3vCf//ALa1+wAAABCECv//AKYxEwAACv//ANOc
[ShotData] EwAAAEUpANe9G///AMc5DgAAALa1C///CgAAACAAADznCv//AIYxDAAAAF3vCf//ALa1HQAAAF3v
[ShotData] Cf//ALa1+wAAABCECv//AKYxEwAACv//ANOcFQAAAIYxAPOcAH3vF///ABSlJwAAAE1rCv//AJa1
[ShotData] DQAAAF3vCf//ALa1HQAAAF3vCf//ALa1+wAAABCECv//AKYxEwAACv//ANOcFwAAACAAAAhCAO97
[ShotData] AHWtAJrWAF3vAL73AP//AJ73ADznAHnOADSlABznCv//AJ73AMMYJgAAACAAABznCv//AKYxDQAA
[ShotData] AF3vCf//ALa1HQAAAF3vCf//ALa1+wAAAO97Cv//AKYxEwAACv//ALKUIgAAAKYxC///AG1rJwAA
[ShotData] ACxjCv//ANe9DgAAAF3vCf//ALa1HQAAAF3vCf//ALa1+wAAAM97Cv//AMc5EgAAAEEICv//ALKU
[ShotData] IgAAAHnOCv//AJrWJwAAACAAAPveCv//AMc5DgAAAF3vCf//ALa1HQAAAF3vCf//ALa1+wAAAK5z
[ShotData] Cv//AAhCEgAAAIIQCv//AJKUIQAAAE1rC///AOc5JwAAAOtaCv//APe9DwAAAF3vCf//ALa1HQAA
[ShotData] AF3vCf//ALa1+wAAAG1rCv//AIpSEgAAAAQhCv//ADCEIAAAAKIQAH3vCv//ABSlKAAAANveLv//
[ShotData] ALa1FQAAAF3vCf//ALa1+wAAAMtaCv//AE1rEgAAAMc5Cv//AK5zIAAAABSlCv//AJ73AKIQJwAA
[ShotData] AIYxL///ALa1FQAAAF3vCf//ALa1+wAAAAhCCv//ADCEEgAAAKpSCv//AMtaHwAAAOc5C///AG1r
[ShotData] KAAAAKYxL///ALa1FQAAAF3vCf//ALa1+wAAAEUpCv//AHWtEgAAAO97Cv//AMc5HgAAACAAALrW
[ShotData] Cv//AHnOKQAAAKYxL///ALa1FQAAAF3vCf//ALa1+wAAACAAAN//Cf//APveEgAAAHWtCv//AKIQ
[ShotData] HgAAAK5zC///AMc5FAAAACQhC6YxBwAAAKYxL///ALa1FQAAAF3vCf//ALa1/AAAANveCv//AMMY
[ShotData] EQAAAH3vCf//AH3vHgAAAOMYAJ73Cv//APOcFQAAALa1C///BwAAAKYxL///ALa1FQAAAF3vCf//
[ShotData] ALa1/AAAADSlCv//ACxjEAAAAOc5Cv//ANe9HgAAAHWtCv//AH3vAKIQFQAAALa1C///BwAAAKYx
[ShotData] L///ALa1FQAAAF3vCf//ALa1/AAAAE1rCv//ADjGEAAAABSlCv//ADCEHQAAAElKC///AE1rFgAA
[ShotData] ALa1C///BwAAAKYxL///ALa1FQAAAF3vCf//ALa1/AAAACQhC///AOc5DgAAACQhAN//Cv//AChC
[ShotData] HAAAACAAANveCv//AHnOFwAAALa1C///BwAAAKYxL///ALa1FQAAAF3vCf//ALa1/QAAALrWCv//
[ShotData] ALrWAGEIDAAAACAAABjGCv//AJ73ACAAHAAAAO97C///AMc5FwAAALa1C///BwAAAKYxL///ALa1
[ShotData] FQAAAF3vCf//ALa1/QAAABCEC///ABjGAEEICgAAACAAAFWtC///ADSlHAAAAAQhAL73Cv//APOc
[ShotData] GAAAALa1C///BwAAACQhHLa1AN//Cf//AF3vBra1AO97FQAAAF3vCf//ALa1/QAAAAQhDP//APve
[ShotData] AElKCAAAAMc5AJrWDP//AKYxHAAAALa1Cv//AH3vAKIQGAAAALa1C///JQAAAF3vCf//ALa1HQAA
[ShotData] AF3vCf//ALa1/gAAAJa1Df//ABznAJKUAAxjAElKAMc5AElKAOtaAFGMANveDf//ABjGHAAAAIpS
[ShotData] C///AE1rGQAAALa1C///JQAAAF3vCf//ALa1HQAAAF3vCf//ALa1/gAAAKYxJP//AKYxGwAAAEEI
[ShotData] ABznCv//AHnOGgAAALa1C///JQAAAF3vCf//ALa1HQAAAF3vCf//ALa1/wAAAFWtIv//APOcHAAA
[ShotData] AFGMC///AKYxGgAAALa1C///JQAAAF3vCf//ALa1HQAAAF3vCf//ALa1/wAAAKIQAF3vIP//ABzn
[ShotData] AKIQGwAAAEUpAN//Cv//ANOcGwAAALa1C///JQAAAF3vCf//ALa1HQAAAF3vCf//ALa1/wAAAAAA
[ShotData] AMc5AL73Hv//AN//AMc5HAAAAPe9Cv//AH3vAIIQGwAAALa1C///JQAAAF3vCf//ALa1HQAAAF3v
[ShotData] Cf//ALa1/wAAAQAAAElKAN//Hf//ACxjHAAAAOtaC///ACxjHAAAALa1C///JQAAAF3vCf//ALa1
[ShotData] HQAAAF3vCf//ALa1/wAAAgAAAIpSAJ73Gv//AN//AMtaHAAAAGEIAF3vCv//AFnOUAAAAF3vCf//
[ShotData] ALa1HQAAAF3vCf//ALa1/wAAAwAAAAQhAFnOGP//ADznAChCHQAAALKUC///AKYxUAAAAF3vCf//
[ShotData] ALa1HQAAAF3vCf//ALa1/wAABAAAACAAAO97AL73FP//AN//AJKUAIIQHQAAAIYxC///ANOcUQAA
[ShotData] AF3vCf//ALa1HQAAAF3vCf//ALa1/wAABgAAAKIQAFGMAH3vEP//AF3vAHGMAOMYHwAAAFnOCv//
[ShotData] AH3vAIIQUQAAAF3vCf//ALa1HQAAAF3vCf//ALa1/wAACAAAAEEIAKpSADSlABznCv//APveANOc
[ShotData] AGlKACAAIAAAACxjC///ACxjUgAAAF3vCf//ALa1HQAAAF3vCf//ALa1/wAADAAAAGEIAKYxAMta
[ShotData] ACxjAI5zAO97AK5zAG1rAKpSAMc5AGEI/wAA/wAA/wAA/wAA/wAA/wAA/wAA/wAA/wAA/wAA/wAA
[ShotData] /wAA/wAA/wAA/wAA/wAA/wAA/wAA/wAA/wAA/wAA/wAA/wAA/wAA/wAA/wAA/wAA/wAA/wAA/wAA
[ShotData] /wAA/wAA/wAA/wAA/wAA/wAA/wAA/wAA/wAA/wAA/wAA/wAA/wAA/wAA/wAA/wAA/wAA/wAA/wAA
[ShotData] /wAA/wAA/wAA/wAA/wAA/wAA/wAA/wAA/wAA/wAA/wAA/wAA/wAA/wAA/wAA/wAA/wAA/wAA/wAA
[ShotData] /wAA/wAA/wAA/wAA/wAA/wAA/wAA/wAA/wAA/wAA/wAA/wAA/wAA/wAA/wAA/wAA/wAA/wAA/wAA
[ShotData] /wAA/wAA/wAA/wAA/wAA/wAA/wAA/wAA/wAA/wAA/wAA/wAA/wAA/wAA/wAA/wAA/wAA/wAA/wAA
[ShotData] MQAAACgJAC8SABUjALkjAD0sU580AD0sALkjABUjAC8SACgJ/wAAcgAAAEkJAPQaAF4sXZ80AF4s
[ShotData] APQaAEkJ/wAAbQAAAMwRANorY580ANorAMwR/wAAaQAAAEkJALkjZ580ALkjAEkJ/wAAZgAAALIa
[ShotData] a580ALIa/wAAYwAAAKUAAJkjbZ80AJkjAKUA/wAAYAAAAAcJAD0sb580AD0sAAcJ/wAAXgAAAAcJ
[ShotData] AF4scZ80AF4sAAcJ/wAAXAAAAKUAAD0sc580AD0sAKUA/wAAWwAAAJkjdZ80AJkj/wAAWgAAALIa
[ShotData] C580AF9dAB/HAJ/vB7/vAJ/vAB/HAF9dXZ80ALIa/wAAWAAAAEkJDJ80AF+eC///AF+eXp80AEkJ
[ShotData] /wAAVwAAALkjDJ80AN99AJ/nCf//AJ/nAN99Xp80ALkj/wAAVgAAAMwRDZ80AN9EAJ9tAt99AD/P
[ShotData] Af//AD/PAt99AJ9tAN9EAZ80AJ91AJ+uAP+FAN9EWZ80AMwR/wAAVQAAANorEp80AL+2Af//AL+2
[ShotData] BZ80AH9lAJ/vAP//AJ/vAF9lWZ80ANor/wAAVAAAAEkJD580AN9EAD9VAD+WAP/GAL/vAf//AL/v
[ShotData] AP/GAD+WAD9VAN9EAL88AL91AJ/vAf//AL/vAF9lDJ80AP9EAN++Af//AL/vBJ80AN99AD/PAN/3
[ShotData] AP//AJ/vAL+2AD9VBZ80AN99AD/PAN/3AP//AJ/vAL+2AD9VCp80AN99AD/PAN/3AP//AJ/vAL+2
[ShotData] AD9VBZ80AN99AD/PAN/3AP//AJ/vAL+2AD9VEJ80AEkJ/wAAUwAAAPQaDZ80AL88AF9dAJ+uAJ/v
[ShotData] B///AJ/vAJ+uAB+OAH/fAf//AL/vAD+WAN9EC580AB+OAN/3Av//AL/vA580AH+mBf//AN/3AF9l
[ShotData] A580AH+mBf//AN/3AF9lCJ80AH+mBf//AN/3AF9lA580AH+mBf//AN/3AF9lD580APQa/wAAUwAA
[ShotData] AF4sDJ80AL88AN99AF/XC///AN/3Af//AL/vAD+WAN9EC580AF9dBP//AL/vAp80AF9dAv//AD/X
[ShotData] AN+2AL/vAf//AH/fAp80AF9dAv//AD/XAN+2AL/vAf//AH/fB580AF9dAv//AD/XAN+2AL/vAf//
[ShotData] AH/fAp80AF9dAv//AD/XAN+2AL/vAf//AH/fD580AF4s/wAAUgAAACgJDZ80AN99AJ/nAv//AL/v
[ShotData] AN++AB+OAZ9tAB+OAN++AL/vBP//AD+WAN9EDJ80AF9dAf//AF+eAf//AL/vAp80AH+mAf//AL+2
[ShotData] AZ80AN9EAL/vAf//AD9VAZ80AH+mAf//AL+2AZ80AN9EAL/vAf//AD9VBp80AH+mAf//AL+2AZ80
[ShotData] AN9EAL/vAf//AD9VAZ80AH+mAf//AL+2AZ80AN9EAL/vAf//AD9VD580ACgJ/wAAUQAAAC8SDJ80
[ShotData] AD9dAN/3Af//AN/3AN++AB9VAL88AL80AZ80AL80AL88AB9VAN++AN/3Av//AF9dDZ80AF9dAB/H
[ShotData] AB9NAJ80Af//AL/vAp80AB/PAf//AH9lAp80AL+2Af//AN99AZ80AB/PAf//AH9lAp80AL+2Af//
[ShotData] AN99Bp80AB/PAf//AH9lAp80AL+2Af//AN99AZ80AB/PAf//AH9lAp80AL+2Af//AN99D580AC8S
[ShotData] /wAAUQAAABUjC580AN9EAD/PAf//AL/vAB+WAL88AZ80AN9EAX9lAN9EAZ80AL88AB+WAL/vAf//
[ShotData] AD/PAN9EDJ80AL80Ap80Af//AL/vAp80AF/XAf//AB9NAp80AF+eAf//AP+FAZ80AF/XAf//AB9N
[ShotData] Ap80AF+eAf//AP+FAJ80AD9VAf//AL/vAZ80AF/XAf//AB9NAp80AF+eAf//AP+FAZ80AF/XAf//
[ShotData] AB9NAp80AF+eAf//AP+FD580ABUj/wAAUQAAALkjC580AB+OAL/3AP//AN/3AF+eAN9EAp80AB+O
[ShotData] Ad/3AB+OAp80AN9EAF+eAN/3AP//AL/3AB+OEJ80Af//AL/vAp80AF/XAf//AP9MAp80AD+WAf//
[ShotData] AB+OAZ80AF/XAf//AP9MAp80AD+WAf//AB+OAJ80AD9VAf//AL/vAZ80AF/XAf//AP9MAp80AD+W
[ShotData] Af//AB+OAZ80AF/XAf//AP9MAp80AD+WAf//AB+OD580ALkj/wAAUQAAAD0sCp80AN9EAN++Af//
[ShotData] AD/PAB9VA580AL+2Af//AL+2A580AB9VAD/PAf//AN++AN9ED580Af//AL/vAp80AF/XAf//AP9M
[ShotData] Ap80AD+WAf//AB+OAZ80AF/XAf//AP9MAp80AD+WAf//AB+OAJ80AD9VAf//AL/vAZ80AF/XAf//
[ShotData] AP9MAp80AD+WAf//AB+OAZ80AF/XAf//AP9MAp80AD+WAf//AB+OD580AD0s/wAAUQAAC580AF9l
[ShotData] AF/fAP//AN/3AB+OBJ80AL+2Af//AL+2BJ80AD+WAN/3AP//AF/fAF9lD580Af//AL/vAp80AF/X
[ShotData] Af//AP9MAp80AD+WAf//AB+OAZ80AF/XAf//AP9MAp80AD+WAf//AB+OAJ80AL88AV9dAD9dAZ80
[ShotData] AF/XAf//AP9MAp80AD+WAf//AB+OAZ80AF/XAf//AP9MAp80AD+WAf//AB+OEJ80/wAAUQAAC580
[ShotData] AN99AL/vAP//AJ/nAF9dBJ80AL+2Af//AL+2BJ80AF9dAJ/nAP//AL/vAN99D580Af//AL/vAp80
[ShotData] AF/XAf//AP9MAp80AD+WAf//AB+OAZ80AF/XAf//AP9MAp80AD+WAf//AB+OBp80AF/XAf//AP9M
[ShotData] Ap80AD+WAf//AB+OAZ80AF/XAf//AP9MAp80AD+WAf//AB+OEJ80/wAAUQAAAD0sCp80AB+OAf//
[ShotData] AF/fAL88BJ80AL+2Af//AL+2BJ80AL88AF/fAf//AB+OD580Af//AL/vAp80AF/XAf//AB9NAp80
[ShotData] AF+eAf//AP+FAZ80AF/XAf//AB9NAp80AF+eAf//AP+FBp80AF/XAf//AB9NAp80AF+eAf//AP+F
[ShotData] AZ80AF/XAf//AB9NAp80AF+eAf//AP+FD580AD0s/wAAUQAAALkjCp80AB+OAf//AF/XBZ80AL+u
[ShotData] Af//AL+uBZ80AF/XAf//AB+OD580Af//AL/vAp80AB/HAf//AH9lAp80AL+2Af//AL91AZ80AB/H
[ShotData] Af//AH9lAp80AL+2Af//AL91Bp80AB/HAf//AH9lAp80AL+2Af//AL91AZ80AB/HAf//AH9lAp80
[ShotData] AL+2Af//AL91D580ALkj/wAAUQAAABUjCp80AB+OAf//AH/fAN88BJ80AL91AZ/nAL91BJ80AN88
[ShotData] AH/fAf//AB+OD580Af//AL/vAp80AH+mAf//AL+2AZ80AN9EAL/vAf//AB9VAZ80AH+mAf//AL+2
[ShotData] AZ80AN9EAL/vAf//AB9VAJ80AL88AV9dAD9dAZ80AH+mAf//AL+2AZ80AN9EAL/vAf//AB9VAZ80
[ShotData] AH+mAf//AL+2AZ80AN9EAL/vAf//AB9VD580ABUj/wAAUQAAAC8SCp80AL99AL/vAP//AJ/nAH9l
[ShotData] BJ80AL88Ad9EAL88BJ80AH9lAJ/nAP//AL/vAL99D580Af//AL/vAp80AD9dAv//AD/XAN+2AJ/v
[ShotData] Af//AF/XAp80AD9dAv//AD/XAN+2AJ/vAf//AF/XAZ80AD9VAf//AL/vAZ80AD9dAv//AD/XAN+2
[ShotData] AJ/vAf//AF/XAp80AD9dAv//AD/XAN+2AJ/vAf//AF/XEJ80AC8S/wAAUQAAACgJCp80AF9lAF/X
[ShotData] AP//AN/3AF+eDZ80AF+eAN/3AP//AF/XAF9lD580Af//AL/vA580AH+mBf//AN/3AF9dA580AH+m
[ShotData] Bf//AN/3AF9dAZ80AD9VAf//AL/vAp80AH+mBf//AN/3AF9dA580AH+mBf//AN/3AF9dEJ80ACgJ
[ShotData] /wAAUgAAAF4sCZ80AN9EAN++Af//AD/XAD9dC580AD9dAD/XAf//AN++AN9ED580Af//AL/vBJ80
[ShotData] AN99AD/PAN/3AP//AJ/vAL+2AB9NBZ80AN99AD/PAN/3AP//AJ/vAL+2AB9NAp80AD9VAf//AL/v
[ShotData] A580AN99AD/PAN/3AP//AJ/vAL+2AB9NBZ80AN99AD/PAN/3AP//AJ/vAL+2AB9NEJ80AF4s/wAA
[ShotData] UwAAAPQaCp80AP+FAL/vAP//AN/3AH+mAN9ECZ80AN9EAH+mAN/3AP//AL/vAP+FXJ80APQa/wAA
[ShotData] UwAAAEkJCp80AN88AB/PAf//AN/3AF+eAL88B580AL88AF+eAN/3Af//AB/PAN88XJ80AEkJ/wAA
[ShotData] VAAAANorCp80AP9MAJ/vAv//AD/PAF9lAP9EAL88AZ80AL88AP9EAF9lAD/PAv//AJ/vAP9MXJ80
[ShotData] ANor/wAAVQAAAMwRC580AL91AH/fAv//AN/3AP/GAF+eAd99AF+eAP/GAN/3Av//AH/fAL91XZ80
[ShotData] AMwR/wAAVgAAALkjCp80AL88AJ91AD/PAN//Cf//AN//AD/PAJ91AL88XJ80ALkj/wAAVwAAAEkJ
[ShotData] C580AL80AB9VAF+eAJ/nB///AJ/nAF+eAB9VAL80XZ80AEkJ/wAAWAAAALIaDJ80AL88AP9MAP+F
[ShotData] AL+uAH/fAb/vAH/fAL+uAP+FAP9MAL88Xp80ALIa/wAAWgAAAJkjdZ80AJkj/wAAWwAAAKUAAD0s
[ShotData] c580AD0sAKUA/wAAXAAAAAcJAF4scZ80AF4sAAcJ/wAAXgAAAAcJAD0sb580AD0sAAcJ/wAAYAAA
[ShotData] AKUAAJkjbZ80AJkjAKUA/wAAYwAAALIaa580ALIa/wAAZgAAAEkJALkjZ580ALkjAEkJ/wAAaQAA
[ShotData] AMwRANorY580ANorAMwR/wAAbQAAAEkJAPQaAF4sXZ80AF4sAPQaAEkJ/wAAcgAAACgJAC8SABUj
[ShotData] ALkjAD0sU580AD0sALkjABUjAC8SACgJ/wAA/wAA/wAA/wAA/wAA/wAA/wAA/wAA/wAA/wAA/wAA
[ShotData] /wAA/wAA/wAA/wAA/wAA/wAA/wAA/wAA/wAA/wAA/wAA/wAA/wAA/wAA/wAA/wAA/wAA/wAA/wAA
[ShotData] /wAA/wAA/wAA/wAA/wAA/wAA/wAA/wAA/wAA/wAA/wAA/wAA/wAA/wAA/wAA/wAA/wAA/wAA/wAA
[ShotData] /wAA/wAA/wAA/wAA/wAA/wAA/wAA/wAA/wAA/wAA/wAA/wAA8AAABYnHAwAABYnH/wAAwwAABYnH
[ShotData] AwAABYnH/wAAwwAABYnHAwAABYnH/wAAwwAABYnHAwAABYnH/wAAwwAABYnHAwAABYnH/wAAwwAA
[ShotData] BYnHAwAABYnH/wAA/wAA/wAA/wAA/wAA/wAA/wAA/wAA/wAAEwAABYnHAwAABYnH/wAAwwAABYnH
[ShotData] AwAABYnH/wAAwwAABYnHAwAABYnH/wAAwwAABYnHAwAABYnH/wAAwwAABYnHAwAABYnH/wAAwwAA
[ShotData] BYnHAwAABYnH/wAA/wAA/wAA/wAA/wAA/wAA/wAA/wAA/wAA/wAA/wAA/wAA/wAA/wAA/wAA/wAA
[ShotData] /wAA/wAAKQAAAFJ8APSMADF8BgAAAG5jBfSMALOEABB0AIpCAEEIAgAAAG5jBfSMALOEABB0AIpC
[ShotData] AEEIBAAAAIYpAG5jAHJ8ANSMALOEAPBzAIpCAEEI/wAAogAAAEUhAvSMAEUhBQAAAG5jCPSMAFF8
[ShotData] AIIIAQAAAG5jCPSMAFF8AIIIAgAAAE1bBvSMAHJ8AKIQ/wAAoQAAAE1bAvSMAC1bBQAAAG5jAfSM
[ShotData] AE1bAuxSAE1bALOEAfSMAI5jAQAAAG5jAfSMAE1bAuxSAE1bALOEAfSMAI5jAQAAAElCAfSMALOE
[ShotData] AC1bAIpKAOxSAFJ8AfSMAM9r/wAAoAAAAGEIANSMAvSMANOEAEEIBAAAAG5jAfSMAOMYAwAAAKIQ
[ShotData] ALOEAfSMAGEIAAAAAG5jAfSMAOMYAwAAAKIQALOEAfSMAGEIAAAAADF0APSMANSMAMMQAgAAACAA
[ShotData] APBrAfSMAMMQ/wAAnwAAACk6AfSMAOxSAfSMAAg6BAAAAG5jAfSMAOMYBAAAAE5bAfSMACQhAAAA
[ShotData] AG5jAfSMAOMYBAAAAE5bAfSMACQhAAAAAfSMADF0BAAAAIYpAU1bAAQZ/wAAnwAAABF0APSMAJJ8
[ShotData] ACAAAJOEAPSMAPBzBAAAAG5jAfSMAOMYBAAAAE1bAfSMACUhAAAAAG5jAfSMAOMYBAAAAE1bAfSM
[ShotData] ACUhAAAAALOEAPSMANSMAAQZ/wAApgAAAAQZAfSMAMtSAAAAAAxTAfSMAOQYAwAAAG5jAfSMAOMY
[ShotData] AwAAAIIIAJOEAfSMAGIIAAAAAG5jAfSMAOMYAwAAAIIIAJOEAfSMAGIIAAAAAE1bAvSMAI9jAIpK
[ShotData] AMcxAAQZACAA/wAAoQAAAAxTAfSMAAQZAAAAAEUhAfSMAOxSAwAAAG5jAfSMAG5bAgxTAG5bALOE
[ShotData] AfSMAI5jAQAAAG5jAfSMAG5bAgxTAG5bALOEAfSMAI5jAQAAAIIQAHJ8BfSMALOEAOxSAEEI/wAA
[ShotData] ngAAACAAALOEAPSMAFJ8AgAAAHJ8APSMALOEACAAAgAAAG5jCPSMAFF8AIIIAQAAAG5jCPSMAFF8
[ShotData] AIIIAgAAAEEIAIpKAFF8BfSMABB0ACAA/wAAnQAAAOcxAfSMAIpKAgAAAKtKAfSMAMcxAgAAAG5j
[ShotData] BfSMALOEAPBzAGpCAEEIAgAAAG5jBfSMALOEAPBzAGpCAEEIBgAAAEEIAOQYAKcxAOxSANSMAfSM
[ShotData] AOg5/wAAnQAAAM9rAfSMAAxTAmpCAAxbAfSMAK9rAgAAAG5jAfSMAOMYCQAAAG5jAfSMAOMYEQAA
[ShotData] AOgxAfSMAA1b/wAAnAAAAMMQCvSMAKIQAQAAAG5jAfSMAOMYCQAAAG5jAfSMAOMYCAAAAGYpAXJ8
[ShotData] ACk6BAAAAOQYAfSMAC1b/wAAnAAAAKtKCvSMAIpKAQAAAG5jAfSMAOMYCQAAAG5jAfSMAOMYCAAA
[ShotData] AIIQAfSMAHJ8AIIIAwAAAMtKAfSMAGpC/wAAnAAAAJJ8AfSMAGIIBAAAAIIIAfSMAHJ8AQAAAG5j
[ShotData] AfSMAOMYCQAAAG5jAfSMAOMYCQAAAG5jAfSMANOEAG5jAMtSAAxTADF0AfSMANOEAKIQ/wAAmwAA
[ShotData] AIYpAfSMAI5jBgAAAK9jAfSMAIYpAAAAAG5jAfSMAOMYCQAAAG5jAfSMAOMYCQAAAGEIABB0BvSM
[ShotData] ANOEAKYp/wAAnAAAAI5jAfSMAMcxBgAAAMcxAfSMAG5jAAAAAG5jAfSMAOMYCQAAAG5jAfSMAOMY
[ShotData] CgAAACAAACg6AM9rAJOEAPSMALOEABB0AKtKAKIQ/wAA/wAA/wAA/wAA/wAA/wAA/wAA/wAA/wAA
[ShotData] /wAA/wAA/wAA/wAA/wAA/wAA/wAA/wAA/wAA/wAA/wAA/wAA/wAA/wAA/wAA/wAA/wAA/wAA/wAA
[ShotData] /wAA/wAA/wAA/wAA/wAA/wAA/wAA/wAA/wAA/wAA/wAA/wAA/wAA/wAA/wAA/wAA/wAA/wAA/wAA
[ShotData] /wAA/wAA/wAA/wAA/wAA/wAA/wAA/wAA/wAA/wAA/wAA/wAA/wAA/wAA/wAA/wAA/wAA/wAA/wAA
[ShotData] /wAA/wAA/wAA/wAA/wAA/wAA/wAA/wAA/wAA/wAA/wAA/wAA/wAA/wAA/wAA/wAA/wAA/wAA/wAA
[ShotData] /wAA/wAA/wAA/wAA/wAA/wAA/wAA/wAA/wAACwAA
[ShotEnd] digital-full bytes=17244
[Shot] digital-transition 468 468
[ShotData] dAAAABCECv//AKYxEwAACv//ANOcFwAAACAAAAhCAO97AHWtAJrWAF3vAL73AP//AJ73ADznAHnO
[ShotData] ADSlABznCv//AJ73AMMYJgAAACAAABznCv//AKYxDQAAAF3vCf//ALa1HQAAAF3vCf//ALa1+wAA
[ShotData] AO97Cv//AKYxEwAACv//ALKUIgAAAKYxC///AG1rJwAAACxjCv//ANe9DgAAAF3vCf//ALa1HQAA
[ShotData] AF3vCf//ALa1+wAAAM97Cv//AMc5EgAAAEEICv//ALKUIgAAAHnOCv//AJrWJwAAACAAAPveCv//
[ShotData] AMc5DgAAAF3vCf//ALa1HQAAAF3vCf//ALa1+wAAAK5zCv//AAhCEgAAAIIQCv//AJKUIQAAAE1r
[ShotData] C///AOc5JwAAAOtaCv//APe9DwAAAF3vCf//ALa1HQAAAF3vCf//ALa1+wAAAG1rCv//AIpSEgAA
[ShotData] AAQhCv//ADCEIAAAAKIQAH3vCv//ABSlKAAAANveLv//ALa1FQAAAF3vCf//ALa1+wAAAMtaCv//
[ShotData] AE1rEgAAAMc5Cv//AK5zIAAAABSlCv//AJ73AKIQJwAAAIYxL///ALa1FQAAAF3vCf//ALa1+wAA
[ShotData] AAhCCv//ADCEEgAAAKpSCv//AMtaHwAAAOc5C///AG1rKAAAAKYxL///ALa1FQAAAF3vCf//ALa1
[ShotData] +wAAAEUpCv//AHWtEgAAAO97Cv//AMc5HgAAACAAALrWCv//AHnOKQAAAKYxL///ALa1FQAAAF3v
[ShotData] Cf//ALa1+wAAACAAAN//Cf//APveEgAAAHWtCv//AKIQHgAAAK5zC///AMc5FAAAACQhC6YxBwAA
[ShotData] AKYxL///ALa1FQAAAF3vCf//ALa1/AAAANveCv//AMMYEQAAAH3vCf//AH3vHgAAAOMYAJ73Cv//
[ShotData] APOcFQAAALa1C///BwAAAKYxL///ALa1FQAAAF3vCf//ALa1/AAAADSlCv//ACxjEAAAAOc5Cv//
[ShotData] ANe9HgAAAHWtCv//AH3vAKIQFQAAALa1C///BwAAAKYxL///ALa1FQAAAF3vCf//ALa1/AAAAE1r
[ShotData] Cv//ADjGEAAAABSlCv//ADCEHQAAAElKC///AE1rFgAAALa1C///BwAAAKYxL///ALa1FQAAAF3v
[ShotData] Cf//ALa1/AAAACQhC///AOc5DgAAACQhAN//Cv//AChCHAAAACAAANveCv//AHnOFwAAALa1C///
[ShotData] BwAAAKYxL///ALa1FQAAAF3vCf//ALa1/QAAALrWCv//ALrWAGEIDAAAACAAABjGCv//AJ73ACAA
[ShotData] HAAAAO97C///AMc5FwAAALa1C///BwAAAKYxL///ALa1FQAAAF3vCf//ALa1/QAAABCEC///ABjG
[ShotData] AEEICgAAACAAAFWtC///ADSlHAAAAAQhAL73Cv//APOcGAAAALa1C///BwAAACQhHLa1AN//Cf//
[ShotData] AF3vBra1AO97FQAAAF3vCf//ALa1/QAAAAQhDP//APveAElKCAAAAMc5AJrWDP//AKYxHAAAALa1
[ShotData] Cv//AH3vAKIQGAAAALa1C///JQAAAF3vCf//ALa1HQAAAF3vCf//ALa1/gAAAJa1Df//ABznAJKU
[ShotData] AAxjAElKAMc5AElKAOtaAFGMANveDf//ABjGHAAAAIpSC///AE1rGQAAALa1C///JQAAAF3vCf//
[ShotData] ALa1HQAAAF3vCf//ALa1/gAAAKYxJP//AKYxGwAAAEEIABznCv//AHnOGgAAALa1C///JQAAAF3v
[ShotData] Cf//ALa1HQAAAF3vCf//ALa1/wAAAFWtIv//APOcHAAAAFGMC///AKYxGgAAALa1C///JQAAAF3v
[ShotData] Cf//ALa1HQAAAF3vCf//ALa1/wAAAKIQAF3vIP//ABznAKIQGwAAAEUpAN//Cv//ANOcGwAAALa1
[ShotData] C///JQAAAF3vCf//ALa1HQAAAF3vCf//ALa1/wAAAAAAAMc5AL73Hv//AN//AMc5HAAAAPe9Cv//
[ShotData] AH3vAIIQGwAAALa1C///JQAAAF3vCf//ALa1HQAAAF3vCf//ALa1/wAAAQAAAElKAN//Hf//ACxj
[ShotData] HAAAAOtaC///ACxjHAAAALa1C///JQAAAF3vCf//ALa1HQAAAF3vCf//ALa1/wAAAgAAAIpSAJ73
[ShotData] Gv//AN//AMtaHAAAAGEIAF3vCv//AFnOUAAAAF3vCf//ALa1HQAAAF3vCf//ALa1/wAAAwAAAAQh
[ShotData] AFnOGP//ADznAChCHQAAALKUC///AKYxUAAAAF3vCf//ALa1HQAAAF3vCf//ALa1/wAABAAAACAA
[ShotData] AO97AL73FP//AN//AJKUAIIQHQAAAIYxC///ANOcUQAAAF3vCf//ALa1HQAAAF3vCf//ALa1/wAA
[ShotData] BgAAAKIQAFGMAH3vEP//AF3vAHGMAOMYHwAAAFnOCv//AH3vAIIQUQAAAF3vCf//ALa1HQAAAF3v
[ShotData] Cf//ALa1/wAACAAAAEEIAKpSADSlABznCv//APveANOcAGlKACAAIAAAACxjC///ACxjUgAAAF3v
[ShotData] Cf//ALa1HQAAAF3vCf//ALa1/wAADAAAAGEIAKYxAMtaACxjAI5zAO97AK5zAG1rAKpSAMc5AGEI
[ShotData] /wAA/wAA/wAA/wAA/wAA/wAA/wAA/wAA/wAA/wAA/wAA/wAA/wAA/wAA/wAA/wAA/wAA/wAA/wAA
[ShotData] /wAA/wAA/wAA/wAA/wAA/wAA/wAA/wAA/wAA/wAA/wAA/wAA/wAA/wAA/wAA/wAA/wAA/wAA/wAA
[ShotData] /wAA/wAA/wAA/wAA/wAA/wAA/wAA/wAA/wAA/wAA/wAA/wAA/wAA/wAA/wAA/wAA/wAA/wAA/wAA
[ShotData] /wAA/wAA/wAA/wAA/wAA/wAA/wAA/wAA/wAA/wAA/wAA/wAA/wAA/wAA/wAA/wAA/wAA/wAA/wAA
[ShotData] /wAA/wAA/wAA/wAA/wAA/wAA/wAA/wAA/wAA/wAA/wAA/wAA/wAA/wAA/wAA/wAA/wAA/wAA/wAA
[ShotData] /wAA/wAA/wAA/wAA/wAA/wAA/wAA/wAA/wAA/wAA8gAAAEBBAGF6AGKrAALMAKLsSQP9AKLsAALM
[ShotData] AGKrAGF6AEBBMwAAACgJAC8SABUjALkjAD0sSZ80AD0sALkjABUjAC8SACgJ9AAAAIBJAEGjAML0
[ShotData] UwP9AML0AEGjAIBJLQAAAEkJAPQaAF4sU580AF4sAPQaAEkJ7wAAAAFiACLUWQP9ACLUAAFiKQAA
[ShotData] AMwRANorWZ80ANorAMwR6wAAAIBJAALMXQP9AALMAIBJJQAAAEkJALkjXZ80ALkjAEkJ6AAAAOGS
[ShotData] YQP9AOGSIwAAALIaYZ80ALIa5QAAAMAoAALMYwP9AALMAMAoHwAAAKUAAJkjY580AJkjAKUA4gAA
[ShotData] ACA5AKLsZQP9AKLsACA5HQAAAAcJAD0sZZ80AD0sAAcJ4AAAACA5AML0ZwP9AML0ACA5GwAAAAcJ
[ShotData] AF4sZ580AF4sAAcJ3gAAAMAoAKLsaQP9AKLsAMAoGQAAAKUAAD0saZ80AD0sAKUA3QAAAALMawP9
[ShotData] AALMGQAAAJkja580AJkj3AAAAOGSCwP9AOLDAGFBCYAYAGFBAOLDUwP9AOGSFwAAALIaC580AF9d
[ShotData] AB/HAJ/vB7/vAJ/vAB/HAF9dU580ALIa2gAAAIBJDAP9AIF6ACAACQAAACAAAIF6VAP9AIBJFQAA
[ShotData] AEkJDJ80AF+eC///AF+eVJ80AEkJ2QAAAALMDAP9ACKbAIAYCQAAAIAYACKbVAP9AALMFQAAALkj
[ShotData] DJ80AN99AJ/nCf//AJ/nAN99VJ80ALkj2AAAAAFiDQP9AKPsAKKzAEKjASKjACE5AQAAACE5ASKj
[ShotData] AEKjAKKzAKPsAQP9AIKzAAFqAAKbAKPsTwP9AAFiEwAAAMwRDZ80AN9EAJ9tAt99AD/PAf//AD/P
[ShotData] At99AJ9tAN9EAZ80AJ91AJ+uAP+FAN9ET580AMwR1wAAACLUEgP9AOFZAQAAAOFZBQP9AMK7AIAY
[ShotData] AAAAAIAYAOLDTwP9ACLUEwAAANorEp80AL+2Af//AL+2BZ80AH9lAJ/vAP//AJ/vAF9lT580ANor
[ShotData] 1gAAAIBJDwP9AKPsACLUAIKCAIFJAGAQAQAAAGAQAIFJAIKCACLUAKPsAOP0AGKrAIAYAQAAAIAY
[ShotData] AOLDDQP9AEGrAEBBAEAQAAAAAIAYAMFZAELUBAP9AML0AGF6AMAoACAIAEAIAOAoAIGCAML0CwP9
[ShotData] AIF6AQAAAMGKBgP9AEGrAEBBAEAQAAAAAIAYAMFZAELUEAP9AIBJEQAAAEkJD580AN9EAD9VAD+W
[ShotData] AP/GAL/vAf//AL/vAP/GAD+WAD9VAN9EAL88AL91AJ/vAf//AL/vAF9lDZ80AN99AD/PAN/3AP//
[ShotData] AJ/vAL+2AD9VBJ80AN88AF+eAH/fAd/3AF/fAF+WAL88C580AF+eAf//AB+OBp80AN99AD/PAN/3
[ShotData] AP//AJ/vAL+2AD9VEJ80AEkJ1QAAAEGjDQP9AOP0AALMACFqAIAYBwAAAIAYACFqAMKKAMAgAQAA
[ShotData] AGAYAKKCAKPsDAP9AEFyBQAAACAIAOLDAgP9AKLsAMAoBQAAAMAgAKLsCQP9AOL8AGAQAAAAAEAI
[ShotData] AML0BQP9AEFyBQAAACAIAOLDDwP9AEGjEQAAAPQaDZ80AL88AF9dAJ+uAJ/vB///AJ/vAJ+uAB+O
[ShotData] AH/fAf//AL/vAD+WAN9EDJ80AH+mBf//AN/3AF9lAp80AN9EAH/fBf//AH/fAN9ECZ80AL80AL/v
[ShotData] AP//AN/3AN88BZ80AH+mBf//AN/3AF9lD580APQa1QAAAML0DAP9AMP0AEKjAAExACAACQAAACAA
[ShotData] ACAIAQAAAGAQAKKCAKPsDAP9AOLLAgAAACA5AMFZAIAYAQAAAMAoAgP9AEFyAQAAAGAQAAFqAAFi
[ShotData] AGAQAQAAAOFhCQP9AAGbAQAAACFyBQP9AOLLAgAAACA5AMFZAIAYAQAAAMAoDwP9AML0EQAAAF4s
[ShotData] DJ80AL88AN99AF/XC///AN/3Af//AL/vAD+WAN9EDJ80AF9dAv//AD/XAN+2AL/vAf//AH/fAp80
[ShotData] AH+mAf//AL/vAZ+uAL/3Af//AL+uCZ80AP+FAf//AH+mBZ80AF9dAv//AD/XAN+2AL/vAf//AH/f
[ShotData] D580AF4s1AAAAEBBDQP9ACKbAIAYAgAAAGAQAKFRAOKSAYKzAOKSAKFRAGAQBAAAAKKKAKPsDQP9
[ShotData] ACFyAQAAAOFZAQP9AKLsAGAQAQAAACLUAQP9AMAoAQAAAGLcAQP9AELcAQAAAEAICQP9AOAoAQAA
[ShotData] AGLcBQP9ACFyAQAAAOFZAQP9AKLsAGAQAQAAACLUDwP9AEBBDwAAACgJDZ80AN99AJ/nAv//AL/v
[ShotData] AN++AB+OAZ9tAB+OAN++AL/vBP//AD+WAN9EDZ80AH+mAf//AL+2AZ80AN9EAL/vAf//AD9VAZ80
[ShotData] AH/fAf//AB9NAZ80AB9NAf//AN/3CZ80AH/fAf//AB9NBZ80AH+mAf//AL+2AZ80AN9EAL/vAf//
[ShotData] AD9VD580ACgJ0wAAAGF6DAP9AALMAEAIAQAAACAIAKFRAEPUAMPsAOP0AQP9AOP0AMPsAEPUAKFR
[ShotData] ACAIAgAAAOLDDgP9AEBBAQAAAMK7AgP9AOFhAQAAAEGjAQP9AIBJACA5AKFRAwP9AKAgAQAAAML0
[ShotData] BwP9AKK7AQAAAKBRBgP9AEBBAQAAAMK7AgP9AOFhAQAAAEGjDwP9AGF6DwAAAC8SDJ80AD9dAN/3
[ShotData] Af//AN/3AN++AB9VAL88AL80AZ80AL80AL88AB9VAN++AN/3Av//AF9dDp80AB/PAf//AH9lAp80
[ShotData] AL+2Af//AN99AZ80AP/GAD/PAN++A580AJ/nAf//AL88B580AJ9tAf//AN++Bp80AB/PAf//AH9l
[ShotData] Ap80AL+2Af//AN99D580AC8S0wAAAGKrCwP9AKPkACE5AQAAAGAYAKKKAOP0AQP9AKPsAcK7AKPs
[ShotData] AQP9AOP0AKKKAGAYAQAAACE5AKPkDQP9AAAxAQAAAELcAgP9AIF6AQAAAOGSBwP9AOL8AEAIAAAA
[ShotData] ACAAAAL9AELUAQAAAIAYAwP9AGBJAQAAAOLDBgP9AAAxAQAAAELcAgP9AIF6AQAAAOGSDwP9AGKr
[ShotData] DwAAABUjC580AN9EAD/PAf//AL/vAB+WAL88AZ80AN9EAX9lAN9EAZ80AL88AB+WAL/vAf//AD/P
[ShotData] AN9EDZ80AF/XAf//AB9NAp80AF+eAf//AP+FB580AL80AN/3Af//AJ80AD9VAf//AL/vA580AB/H
[ShotData] Af//AF9dBp80AF/XAf//AB9NAp80AF+eAf//AP+FD580ABUj0wAAAALMCwP9AOKSAEAQAAAAAEAI
[ShotData] AGFyAKPsAgP9AMKKAUAQAMKKAgP9AKPsAGFyAEAIAAAAAEAQAOKSDQP9AAAxAQAAAILkAgP9AKGC
[ShotData] AQAAAOGSBwP9AMGKAQAAAEBBAAP9AELUAQAAAIAYAgP9AELUAQAAAAAxBwP9AAAxAQAAAILkAgP9
[ShotData] AKGCAQAAAOGSDwP9AALMDwAAALkjC580AB+OAL/3AP//AN/3AF+eAN9EAp80AB+OAd/3AB+OAp80
[ShotData] AN9EAF+eAN/3AP//AL/3AB+ODZ80AF/XAf//AP9MAp80AD+WAf//AB+OB580AD+OAf//AB/PAJ80
[ShotData] AD9VAf//AL/vAp80AD9VAf//AF/XB580AF/XAf//AP9MAp80AD+WAf//AB+OD580ALkj0wAAAKLs
[ShotData] CgP9AIPkAKFRAQAAACE5AEPUAwP9AOFZAQAAAOFZAwP9AEPUACE5AQAAAKFRAIPkDAP9AAAxAQAA
[ShotData] AILkAgP9AKGCAQAAAOGSBgP9AGKrAgAAAMK7AAP9AELUAQAAAIAYAgP9AAFiAQAAAEGrAAP9AALM
[ShotData] AQAxAIGCAgP9AAAxAQAAAILkAgP9AKGCAQAAAOGSDwP9AKLsDwAAAD0sCp80AN9EAN++Af//AD/P
[ShotData] AB9VA580AL+2Af//AL+2A580AB9VAD/PAf//AN++AN9EDJ80AF/XAf//AP9MAp80AD+WAf//AB+O
[ShotData] Bp80AL91Av//AH9lAJ80AD9VAf//AL/vAp80AJ+uAf//AL91AJ80AF9dAV/XAF+WAp80AF/XAf//
[ShotData] AP9MAp80AD+WAf//AB+OD580AD0s0wAACwP9AOLDAOEoAAAAAEAQAMKKBAP9AOFZAQAAAOFZBAP9
[ShotData] AKKCAEAIAAAAAOEoAOLDDAP9AAAxAQAAAILkAgP9AKGCAQAAAOGSBQP9AMLDACAIAQAAAGF6AQP9
[ShotData] AOL0AeLDAALMAQP9AKLsACAIAAAAAKAYAAL9AAP9AMK7AQAAAOFZAgP9AAAxAQAAAILkAgP9AKGC
[ShotData] AQAAAOGSEAP9DwAAC580AF9lAF/fAP//AN/3AB+OBJ80AL+2Af//AL+2BJ80AD+WAN/3AP//AF/f
[ShotData] AF9lDJ80AF/XAf//AP9MAp80AD+WAf//AB+OBZ80AH9lAv//AF+eAZ80AL88AV9dAD9dAZ80AN9E
[ShotData] AN/3AP//AJ/nAL80AJ80AH9lAf//AL+2Ap80AF/XAf//AP9MAp80AD+WAf//AB+OEJ800wAACwP9
[ShotData] AEKjAGAQAAAAAKAgAALEBAP9AOFZAQAAAOFZBAP9AALEAKAgAAAAAGAQAEKjDAP9AAAxAQAAAILk
[ShotData] AgP9AKGCAQAAAOGSBAP9ACLUAEAQAQAAAMFZAAL9BwP9AKGCAQAAAMGKAQP9AMK7AQAAAOFZAgP9
[ShotData] AAAxAQAAAILkAgP9AKGCAQAAAOGSEAP9DwAAC580AN99AL/vAP//AJ/nAF9dBJ80AL+2Af//AL+2
[ShotData] BJ80AF9dAJ/nAP//AL/vAN99DJ80AF/XAf//AP9MAp80AD+WAf//AB+OBJ80AD9VAN/3Af//AN+2
[ShotData] CJ80AD+WAf//AB+OAZ80AH9lAf//AL+2Ap80AF/XAf//AP9MAp80AD+WAf//AB+OEJ800wAAAKLs
[ShotData] CgP9AMKKAQAAAOEoAMPsBAP9AOFZAQAAAOFZBAP9AMPsAOEoAQAAAMKKDAP9AAAxAQAAAELcAgP9
[ShotData] AIF6AQAAAAGTAwP9AILkAIAYAQAAAGBJAOL8BwP9AOL8AIAYAAAAAEAIAML0AQP9AMK7AQAAAOFZ
[ShotData] AgP9AAAxAQAAAELcAgP9AIF6AQAAAAGTDwP9AKLsDwAAAD0sCp80AB+OAf//AF/fAL88BJ80AL+2
[ShotData] Af//AL+2BJ80AL88AF/fAf//AB+ODJ80AF/XAf//AB9NAp80AF+eAf//AP+FA580AP9MAJ/vAf//
[ShotData] AB/HAL80B580AL80AL/vAP//AN/3AN88AZ80AH9lAf//AL+2Ap80AF/XAf//AB9NAp80AF+eAf//
[ShotData] AP+FD580AD0s0wAAAALMCgP9AMKKAQAAAOEwBQP9AOFhAQAAAOFhBQP9AOEwAQAAAMKKDAP9AGBB
[ShotData] AQAAAMK7AgP9AOFhAQAAAEGrAgP9AKLsAMAoAQAAACA5AOL0CAP9AELcCgAAAOL8AAP9AGBBAQAA
[ShotData] AMK7AgP9AOFhAQAAAEGrDwP9AALMDwAAALkjCp80AB+OAf//AF/XBZ80AL+uAf//AL+uBZ80AF/X
[ShotData] Af//AB+ODJ80AB/HAf//AH9lAp80AL+2Af//AL91Ap80AN88AH/fAf//AD/XAL88CJ80AB9NCv//
[ShotData] AL80AJ80AB/HAf//AH9lAp80AL+2Af//AL91D580ALkj0wAAAGKrCgP9AMKKAQAAAOAoAMPsBAP9
[ShotData] AGKrAaAgAGKrBAP9AMPsAOAoAQAAAMKKDAP9AEFyAQAAAOFZAQP9AKLsAGAQAQAAAELcAQP9AOL0
[ShotData] ACA5AQAAAOAoAKLsBAP9AOL0AeLDAALMAAP9AELcCgAAAOL8AAP9AEFyAQAAAOFZAQP9AKLsAGAQ
[ShotData] AQAAAELcDwP9AGKrDwAAABUjCp80AB+OAf//AH/fAN88BJ80AL91AZ/nAL91BJ80AN88AH/fAf//
[ShotData] AB+ODJ80AH+mAf//AL+2AZ80AN9EAL/vAf//AB9VAZ80AL88AD/PAf//AH/fAN88BJ80AL88AV9d
[ShotData] AD9dAJ80AB9NCv//AL80AJ80AH+mAf//AL+2AZ80AN9EAL/vAf//AB9VD580ABUj0wAAAGF6CgP9
[ShotData] AEKjAIAYAAAAAKAgAMK7BAP9AOP0AaPsAOP0BAP9AMK7AKAgAAAAAIAYAEKjDAP9AALMAgAAACA5
[ShotData] AMFZAIAYAQAAAAAxAgP9AOFZAgAAAGBJBOFhAML0AELUAQAAAIAYAAP9AKLsBeFhAGBJAQAAAMAg
[ShotData] AOFhAAL9AAP9AALMAgAAACA5AMFZAIAYAQAAAAAxEAP9AGF6DwAAAC8SCp80AL99AL/vAP//AJ/n
[ShotData] AH9lBJ80AL88Ad9EAL88BJ80AH9lAJ/nAP//AL/vAL99DJ80AD9dAv//AD/XAN+2AJ/vAf//AF/X
[ShotData] Ap80AL+2Av//AB/HBL+uAN88AD9VAf//AL/vAJ80AN9EBb+uAB/HAf//AH/nAL+uAZ80AD9dAv//
[ShotData] AD/XAN+2AJ/vAf//AF/XEJ80AC8S0wAAAEBBCgP9AOLDAOEwAAAAAEAIAIF6AOP8CwP9AOP8AIF6
[ShotData] AEAIAAAAAOEwAOLDDQP9AEFyBQAAAEAIAALMAgP9AOAoCAAAAILkAELUAQAAAIAYBwP9AMK7AQAA
[ShotData] AOFZAwP9AEFyBQAAAEAIAALMEAP9AEBBDwAAACgJCp80AF9lAF/XAP//AN/3AF+eDZ80AF+eAN/3
[ShotData] AP//AF/XAF9lDZ80AH+mBf//AN/3AF9dAp80AF/fCP//AP9EAD9VAf//AL/vB580AH9lAf//AL+2
[ShotData] A580AH+mBf//AN/3AF9dEJ80ACgJ1AAAAML0CQP9AKPsAKFRAQAAACE5ACLMCwP9ACLMACE5AQAA
[ShotData] AKFRAKPsDgP9AEGjACA5AEAIAAAAAIAYAOFZAELcAwP9AOAoCAAAAILkAELUAQAAAIAYBwP9AMK7
[ShotData] AQAAAOFZBAP9AEGjACA5AEAIAAAAAIAYAOFZAELcEAP9AML0EQAAAF4sCZ80AN9EAN++Af//AD/X
[ShotData] AD9dC580AD9dAD/XAf//AN++AN9EDp80AN99AD/PAN/3AP//AJ/vAL+2AB9NA580AF/fCP//AP9E
[ShotData] AD9VAf//AL/vB580AH9lAf//AL+2BJ80AN99AD/PAN/3AP//AJ/vAL+2AB9NEJ80AF4s1QAAAEGj
[ShotData] CgP9AAKTAGAQAAAAACAIACFqAKPsCQP9AKPsACFqACAIAAAAAGAQAAKTUgP9AEGjEQAAAPQaCp80
[ShotData] AP+FAL/vAP//AN/3AH+mAN9ECZ80AN9EAH+mAN/3AP//AL/vAP+FUp80APQa1QAAAIBJCgP9AMPs
[ShotData] AEFBAQAAAEAQAIF6AOP0BwP9AOP0AIF6AEAQAQAAAEFBAMPsUgP9AIBJEQAAAEkJCp80AN88AB/P
[ShotData] Af//AN/3AF+eAL88B580AL88AF+eAN/3Af//AB/PAN88Up80AEkJ1gAAACLUCgP9AGPcAIAYAgAA
[ShotData] ACE5AMLDAIPkAMP0AQP9AMP0AIPkAMLDACE5AgAAAIAYAGPcUgP9ACLUEwAAANorCp80AP9MAJ/v
[ShotData] Av//AD/PAF9lAP9EAL88AZ80AL88AP9EAF9lAD/PAv//AJ/vAP9MUp80ANor1wAAAAFiCwP9AGKr
[ShotData] AMAgAgAAAEAQAIFJAIF6ASKbAIF6AIFJAEAQAgAAAMAgAGKrUwP9AAFiEwAAAMwRC580AL91AH/f
[ShotData] Av//AN/3AP/GAF+eAd99AF+eAP/GAN/3Av//AH/fAL91U580AMwR2AAAAALMCgP9AOP0AIKrAEE5
[ShotData] ACAICQAAACAIAEE5AIKrAOP0UgP9AALMFQAAALkjCp80AL88AJ91AD/PAN//Cf//AN//AD/PAJ91
[ShotData] AL88Up80ALkj2QAAAIBJCwP9AOP0AEPUAGF6AIAYBwAAAIAYAGF6AEPUAOP0UwP9AIBJFQAAAEkJ
[ShotData] C580AL80AB9VAF+eAJ/nB///AJ/nAF+eAB9VAL80U580AEkJ2gAAAOGSDAP9AOP0AIPkAAKTAOFh
[ShotData] AOAoAYAYAOAoAOFhAAKTAIPkAOP0VAP9AOGSFwAAALIaDJ80AL88AP9MAP+FAL+uAH/fAb/vAH/f
[ShotData] AL+uAP+FAP9MAL88VJ80ALIa3AAAAALMawP9AALMGQAAAJkja580AJkj3QAAAMAoAKLsaQP9AKLs
[ShotData] AMAoGQAAAKUAAD0saZ80AD0sAKUA3gAAACA5AML0ZwP9AML0ACA5GwAAAAcJAF4sZ580AF4sAAcJ
[ShotData] 4AAAACA5AKLsZQP9AKLsACA5HQAAAAcJAD0sZZ80AD0sAAcJ4gAAAMAoAALMYwP9AALMAMAoHwAA
[ShotData] AKUAAJkjY580AJkjAKUA5QAAAOGSYQP9AOGSIwAAALIaYZ80ALIa6AAAAIBJAALMXQP9AALMAIBJ
[ShotData] JQAAAEkJALkjXZ80ALkjAEkJ6wAAAAFiACLUWQP9ACLUAAFiKQAAAMwRANorWZ80ANorAMwR7wAA
[ShotData] AIBJAEGjAML0UwP9AML0AEGjAIBJLQAAAEkJAPQaAF4sU580AF4sAPQaAEkJ9AAAAEBBAGF6AGKr
[ShotData] AALMAKLsSQP9AKLsAALMAGKrAGF6AEBBMwAAACgJAC8SABUjALkjAD0sSZ80AD0sALkjABUjAC8S
[ShotData] ACgJ/wAA/wAA/wAA/wAA/wAA/wAA/wAA/wAA/wAA/wAA/wAA/wAA/wAA/wAA/wAA/wAA/wAA/wAA
[ShotData] /wAA/wAA/wAA/wAA/wAA/wAA/wAA/wAA/wAA/wAA/wAA/wAA/wAA/wAA/wAA/wAA/wAA/wAA/wAA
[ShotData] /wAA/wAA/wAA/wAA/wAA/wAA/wAA/wAA/wAA/wAA/wAA/wAA/wAA/wAA/wAA/wAA/wAA/wAA/wAA
[ShotData] /wAA/wAA/wAA/wAA/wAAsQAABYnHAwAABYnH/wAAwwAABYnHAwAABYnH/wAAwwAABYnHAwAABYnH
[ShotData] /wAAwwAABYnHAwAABYnH/wAAwwAABYnHAwAABYnH/wAAwwAABYnHAwAABYnH/wAA/wAA/wAA/wAA
[ShotData] /wAA/wAA/wAA/wAA/wAAEwAABYnHAwAABYnH/wAAwwAABYnHAwAABYnH/wAAwwAABYnHAwAABYnH
[ShotData] /wAAwwAABYnHAwAABYnH/wAAwwAABYnHAwAABYnH/wAAwwAABYnHAwAABYnH/wAA/wAA/wAA/wAA
[ShotData] /wAA/wAA/wAA/wAA/wAA/wAA/wAA/wAA/wAA/wAA/wAA/wAA/wAA/wAAKQAAAFJ8APSMADF8BgAA
[ShotData] AG5jBfSMALOEABB0AIpCAEEIAgAAAG5jBfSMALOEABB0AIpCAEEIBAAAAIYpAG5jAHJ8ANSMALOE
[ShotData] APBzAIpCAEEI/wAAogAAAEUhAvSMAEUhBQAAAG5jCPSMAFF8AIIIAQAAAG5jCPSMAFF8AIIIAgAA
[ShotData] AE1bBvSMAHJ8AKIQ/wAAoQAAAE1bAvSMAC1bBQAAAG5jAfSMAE1bAuxSAE1bALOEAfSMAI5jAQAA
[ShotData] AG5jAfSMAE1bAuxSAE1bALOEAfSMAI5jAQAAAElCAfSMALOEAC1bAIpKAOxSAFJ8AfSMAM9r/wAA
[ShotData] oAAAAGEIANSMAvSMANOEAEEIBAAAAG5jAfSMAOMYAwAAAKIQALOEAfSMAGEIAAAAAG5jAfSMAOMY
[ShotData] AwAAAKIQALOEAfSMAGEIAAAAADF0APSMANSMAMMQAgAAACAAAPBrAfSMAMMQ/wAAnwAAACk6AfSM
[ShotData] AOxSAfSMAAg6BAAAAG5jAfSMAOMYBAAAAE5bAfSMACQhAAAAAG5jAfSMAOMYBAAAAE5bAfSMACQh
[ShotData] AAAAAfSMADF0BAAAAIYpAU1bAAQZ/wAAnwAAABF0APSMAJJ8ACAAAJOEAPSMAPBzBAAAAG5jAfSM
[ShotData] AOMYBAAAAE1bAfSMACUhAAAAAG5jAfSMAOMYBAAAAE1bAfSMACUhAAAAALOEAPSMANSMAAQZ/wAA
[ShotData] pgAAAAQZAfSMAMtSAAAAAAxTAfSMAOQYAwAAAG5jAfSMAOMYAwAAAIIIAJOEAfSMAGIIAAAAAG5j
[ShotData] AfSMAOMYAwAAAIIIAJOEAfSMAGIIAAAAAE1bAvSMAI9jAIpKAMcxAAQZACAA/wAAoQAAAAxTAfSM
[ShotData] AAQZAAAAAEUhAfSMAOxSAwAAAG5jAfSMAG5bAgxTAG5bALOEAfSMAI5jAQAAAG5jAfSMAG5bAgxT
[ShotData] AG5bALOEAfSMAI5jAQAAAIIQAHJ8BfSMALOEAOxSAEEI/wAAngAAACAAALOEAPSMAFJ8AgAAAHJ8
[ShotData] APSMALOEACAAAgAAAG5jCPSMAFF8AIIIAQAAAG5jCPSMAFF8AIIIAgAAAEEIAIpKAFF8BfSMABB0
[ShotData] ACAA/wAAnQAAAOcxAfSMAIpKAgAAAKtKAfSMAMcxAgAAAG5jBfSMALOEAPBzAGpCAEEIAgAAAG5j
[ShotData] BfSMALOEAPBzAGpCAEEIBgAAAEEIAOQYAKcxAOxSANSMAfSMAOg5/wAAnQAAAM9rAfSMAAxTAmpC
[ShotData] AAxbAfSMAK9rAgAAAG5jAfSMAOMYCQAAAG5jAfSMAOMYEQAAAOgxAfSMAA1b/wAAnAAAAMMQCvSM
[ShotData] AKIQAQAAAG5jAfSMAOMYCQAAAG5jAfSMAOMYCAAAAGYpAXJ8ACk6BAAAAOQYAfSMAC1b/wAAnAAA
[ShotData] AKtKCvSMAIpKAQAAAG5jAfSMAOMYCQAAAG5jAfSMAOMYCAAAAIIQAfSMAHJ8AIIIAwAAAMtKAfSM
[ShotData] AGpC/wAAnAAAAJJ8AfSMAGIIBAAAAIIIAfSMAHJ8AQAAAG5jAfSMAOMYCQAAAG5jAfSMAOMYCQAA
[ShotData] AG5jAfSMANOEAG5jAMtSAAxTADF0AfSMANOEAKIQ/wAAmwAAAIYpAfSMAI5jBgAAAK9jAfSMAIYp
[ShotData] AAAAAG5jAfSMAOMYCQAAAG5jAfSMAOMYCQAAAGEIABB0BvSMANOEAKYp/wAAnAAAAI5jAfSMAMcx
[ShotData] BgAAAMcxAfSMAG5jAAAAAG5jAfSMAOMYCQAAAG5jAfSMAOMYCgAAACAAACg6AM9rAJOEAPSMALOE
[ShotData] ABB0AKtKAKIQ/wAA/wAA/wAA/wAA/wAA/wAA/wAA/wAA/wAA/wAA/wAA/wAA/wAA/wAA/wAA/wAA
[ShotData] /wAA/wAA/wAA/wAA/wAA/wAA/wAA/wAA/wAA/wAA/wAA/wAA/wAA/wAA/wAA/wAA/wAA/wAA/wAA
[ShotData] /wAA/wAA/wAA/wAA/wAA/wAA/wAA/wAA/wAA/wAA/wAA/wAA/wAA/wAA/wAA/wAA/wAA/wAA/wAA
[ShotData] /wAA/wAA/wAA/wAA/wAA/wAA/wAA/wAA/wAA/wAA/wAA/wAA/wAA/wAA/wAA/wAA/wAA/wAA/wAA
[ShotData] /wAA/wAA/wAA/wAA/wAA/wAA/wAA/wAA/wAA/wAA/wAA/wAA/wAA/wAA/wAA/wAA/wAA/wAA/wAA
[ShotData] /wAA/wAA/wAA/wAA/wAA/wAA/wAA/wAA/wAA/wAA/wAA/wAA/wAA/wAA/wAA/wAA/wAA/wAA/wAA
[ShotData] /wAA/wAA/wAA/wAA/wAA/wAA/wAA/wAA/wAA/wAA/wAA/wAA/wAA/wAA/wAA/wAA/wAA/wAA/wAA
[ShotData] /wAA/wAA/wAA/wAA/wAA/wAA/wAA/wAA/wAA/wAA/wAA/wAA/wAA/wAA/wAA/wAA/wAA/wAA/wAA
[ShotData] /wAA/wAA/wAA/wAA/wAA/wAA/wAA/wAA/wAA/wAA/wAA/wAA/wAA/wAA/wAA/wAA/wAA/wAA/wAA
[ShotData] /wAA/wAA/wAA/wAA/wAA/wAA/wAA/wAA/wAA/wAA/wAA/wAA/wAA/wAA/wAA/wAA/wAA/wAA/wAA
[ShotData] /wAA/wAA/wAA/wAA/wAA/wAA/wAA/wAA/wAA/wAA/wAA/wAA/wAA/wAA/wAA/wAA/wAA/wAA/wAA
[ShotData] /wAA/wAA/wAA/wAA/wAA/wAA/wAA/wAA/wAA/wAA/wAA/wAA/wAA/wAA/wAA/wAA/wAA/wAA/wAA
[ShotData] /wAA/wAA/wAA/wAA/wAA/wAA/wAA/wAA/wAA/wAA/wAA/wAA/wAA/wAA/wAA/wAA/wAA/wAA/wAA
[ShotData] /wAA/wAA/wAA/wAA/wAA/wAA/wAA/wAA/wAA/wAA/wAA/wAA/wAA/wAA/wAA/wAA/wAA/wAA/wAA
[ShotData] /wAA/wAA/wAA/wAA/wAA/wAA/wAA/wAA/wAA/wAA/wAA/wAA/wAA/wAA/wAA/wAA/wAA/wAA/wAA
[ShotData] /wAA/wAA/wAA/wAA/wAA/wAA/wAA/wAA/wAA/wAA/wAA/wAA/wAA/wAA/wAA/wAA/wAA/wAA/wAA
[ShotData] /wAA/wAA/wAA/wAA/wAA/wAA/wAA/wAA/wAA/wAA/wAA/wAA/wAA/wAA/wAA/wAA/wAA/wAA/wAA
[ShotData] /wAA/wAA/wAA/wAA/wAA/wAA/wAA/wAA/wAA/wAA/wAA/wAA/wAA/wAA/wAA/wAA/wAA/wAA/wAA
[ShotData] /wAA/wAA/wAA/wAA/wAA/wAA/wAA/wAA/wAA/wAA/wAA/wAA/wAA/wAA/wAA/wAA/wAA/wAA/wAA
[ShotData] /wAA/wAA/wAA/wAA/wAA/wAA/wAA/wAA/wAA/wAA/wAA/wAA/wAA/wAA/wAA/wAA/wAA/wAA/wAA
[ShotData] /wAA/wAA/wAA/wAA/wAA/wAA/wAA/wAA/wAA/wAA/wAA/wAA/wAA/wAA/wAA/wAA/wAA/wAA/wAA
[ShotData] /wAA/wAA/wAA/wAA/wAA/wAA/wAA/wAA/wAA/wAA/wAA/wAA/wAA/wAA/wAA/wAA/wAA/wAA/wAA
[ShotData] /wAA/wAA/wAA/wAA/wAA/wAA/wAA/wAA/wAA/wAA/wAA/wAA/wAA/wAA/wAA/wAA/wAA/wAA/wAA
[ShotData] /wAA/wAA/wAA/wAA/wAA/wAA/wAA/wAA/wAA/wAA/wAA/wAA/wAA/wAA/wAA/wAA/wAA/wAA/wAA
[ShotData] /wAA/wAA/wAA/wAA/wAA/wAA/wAA/wAA/wAAWQAAAAcJAA4SANMaAHcjAPsrAF0sAZ80AF0sAPsr
[ShotData] AHcjANMaAA4SAAcJ/wAAwQAAAGMAAO0RAFYjD580AFYjAO0RAGMA/wAAuwAAAGkJADUjFZ80ADUj
[ShotData] AGkJ/wAAtwAAAIsRALkjGZ80ALkjAIsR/wAAswAAAAcJAHcjHZ80AHcjAAcJ/wAAsAAAAJEaIZ80
[ShotData] AJEa/wAArQAAAOYIALkjI580ALkjAOYI/wAAqgAAAIsRJ580AIsR/wAAqAAAAA4SKZ80AA4S3AAA
[ShotEnd] digital-transition bytes=12027
[RenderDiag] synthetic JST time / battery / slots; no RTC or flash read
[Nvs] init=ESP_OK namespace=launcher
[Settings] brightness=90 screen_off=30s stored=ok
[Memory] ui-internal total=329787 free=186531 largest=143360 bytes
[Memory] ui-psram total=8388608 free=7742764 largest=6815744 bytes
[Power] screen=off
[RenderDiag] transition-draw n=0 avg=0 max=0 p95_upper=1000 us over33333=0
[RenderDiag] scroll-draw n=0 avg=0 max=0 p95_upper=1000 us over33333=0
[RenderDiag] settings-scroll-draw n=0 avg=0 max=0 p95_upper=1000 us over33333=0
[RenderDiag] stopwatch-draw n=0 avg=0 max=0 p95_upper=1000 us over33333=0
[RenderDiag] settings-single-draw n=0 avg=0 max=0 p95_upper=1000 us over33333=0
[RenderDiag] single-draw n=2 avg=14383 max=25007 p95_upper=26000 us over33333=0
[RenderDiag] transition-interval n=0 avg=0 max=0 p95_upper=1000 us over33333=0
[RenderDiag] transition-interval-cont n=0 avg=0 max=0 p95_upper=1000 us over33333=0
[RenderDiag] transition-interval fps=0.00 cont_fps=0.00 pauses=0 longest_pause=0 us
[RenderDiag] scroll-interval n=0 avg=0 max=0 p95_upper=1000 us over33333=0
[RenderDiag] scroll-interval-cont n=0 avg=0 max=0 p95_upper=1000 us over33333=0
[RenderDiag] scroll-interval fps=0.00 cont_fps=0.00 pauses=0 longest_pause=0 us
[RenderDiag] settings-scroll-interval n=0 avg=0 max=0 p95_upper=1000 us over33333=0
[RenderDiag] settings-scroll-interval-cont n=0 avg=0 max=0 p95_upper=1000 us over33333=0
[RenderDiag] settings-scroll-interval fps=0.00 cont_fps=0.00 pauses=0 longest_pause=0 us
[RenderDiag] stopwatch-interval n=0 avg=0 max=0 p95_upper=1000 us over33333=0
[RenderDiag] stopwatch-interval-cont n=0 avg=0 max=0 p95_upper=1000 us over33333=0
[RenderDiag] stopwatch-interval fps=0.00 cont_fps=0.00 pauses=0 longest_pause=0 us
[RenderDiag] sampled-input-to-end n=0 avg=0 max=0 p95_upper=1000 us over33333=0
[RenderDiag] wake-request-to-end n=0 avg=0 max=0 p95_upper=1000 us over33333=0
[RenderDiag] window_us=60032447 loops=64 layouts=1 paints=1 stack_free=1628 internal_free=186463 internal_largest=143360 psram_free=7742368 psram_largest=6815744
[RenderDiag] list_cache bytes=72496 allocations=28 failures=4 fits=33 renders=233
[RenderDiag] settings_list_cache bytes=45632 allocations=7 failures=0 fits=8 renders=22
