I (346) esp_image: segment 4: paddr=00139754 vaddr=4037e748 size=0a9d8h ( 43480) load
I (355) esp_image: segment 5: paddr=00144134 vaddr=600fe000 size=00050h (    80) load
I (364) boot: Loaded app from partition at offset 0x20000
I (364) boot: Disabling RNG early entropy source...
I (374) octal_psram: vendor id    : 0x0d (AP)
I (375) octal_psram: dev id       : 0x02 (generation 3)
I (375) octal_psram: density      : 0x03 (64 Mbit)
I (377) octal_psram: good-die     : 0x01 (Pass)
I (381) octal_psram: Latency      : 0x01 (Fixed)
I (385) octal_psram: VCC          : 0x01 (3V)
I (389) octal_psram: SRF          : 0x01 (Fast Refresh)
I (394) octal_psram: BurstType    : 0x01 (Hybrid Wrap)
I (399) octal_psram: BurstLen     : 0x01 (32 Byte)
I (404) octal_psram: Readlatency  : 0x02 (10 cycles@Fixed)
I (409) octal_psram: DriveStrength: 0x00 (1/1)
I (414) MSPI Timing: PSRAM timing tuning index: 4
I (418) esp_psram: Found 8MB PSRAM device
I (421) esp_psram: Speed: 80MHz
I (424) cpu_start: Multicore app
I (709) esp_psram: SPI SRAM memory test OK
I (718) cpu_start: Pro cpu start user code
I (718) cpu_start: cpu freq: 240000000 Hz
I (718) app_init: Application information:
I (718) app_init: Project name:     wararyoLauncher
I (718) app_init: App version:      0.1.0-dev
I (718) app_init: Compile time:     Sep 26 2026 20:58:22
I (719) app_init: ELF file SHA256:  09dd39aa7...
I (719) app_init: ESP-IDF:          5.5.0
I (719) efuse_init: Min chip rev:     v0.0
I (719) efuse_init: Max chip rev:     v0.99 
I (719) efuse_init: Chip rev:         v0.2
I (719) heap_init: Initializing. RAM available for dynamic allocation:
I (720) heap_init: At 3FCA8A88 len 00040C88 (259 KiB): RAM
I (720) heap_init: At 3FCE9710 len 00005724 (21 KiB): RAM
I (720) heap_init: At 600FE050 len 00001F98 (7 KiB): RTCRAM
I (720) esp_psram: Adding pool of 8192K of PSRAM memory to heap allocator
I (721) spi_flash: detected chip: generic
I (721) spi_flash: flash io: dio
I (722) sleep_gpio: Configure to isolate all GPIO pins in sleep state
I (722) sleep_gpio: Enable automatic switching of GPIO sleep configuration
I (0) main_task: Started on CPU1
I (1) esp_psram: Reserving pool of 32K of internal memory for DMA/internal allocations
I (1) main_task: Calling app_main()
I (22) M5GFX: [Autodetect] board_M5StopWatch
[Display] framebuffer readback=yes
I (273) pm: Frequency switching config: CPU_MAX: 240, APB_MAX: 80, APB_MIN: 80, Light sleep: ENABLED
I (273) sleep: Code start at 0x42000020, total 431916, data start at 0x3c000000, total 33554432 Bytes
[Power] dfs max=240MHz min=80MHz light_sleep=1 lock=ESP_OK result=ESP_OK
[Launcher] firmware=wararyoLauncher version=0.1.0-dev idf=5.5.0
[Board] recognized=30 display=468x468 cpu=240MHz core=1 tick=1000Hz
[Memory] flash_query=ESP_OK flash=16777216 psram=8388608 bytes
[Config] flash=DIO/80MHz psram=Octal/80MHz cache_instruction=16KiB cache_data=64KiB cache_line=64B
[Memory] internal total=328515 free=249011 largest=204800 bytes
[Memory] psram total=8388608 free=7942712 largest=7864320 bytes
[MultiFirm] layout=valid running=ota_0 address=0x20000 size=0x400000 host=valid
[Launcher] startup complete; starting single-task runtime
[Font] GenShinGothicMedium28 glyphs=347 bytes=175599
[Font] DDinProExpSemiBold100 glyphs ascent=71 descent=1 bytes=31970
[Font] DDinProExpBold28 glyphs=95 bytes=25562
[Font] DDinProExpBold22 glyphs=95 bytes=17205
[WatchFace] digital fonts time=vlw text=vlw small=vlw wide=vlw hour=114 minute=115 colon=22
[WatchFace] digital cache time=3/3 internal_bytes=59584 items=2/2 psram_bytes=76032
[Icons] AppIcons count=5 size=44x44 bytes=9692
[ListView] text image allocation failed: 64x46, drawing directly
[ListView] text image allocation failed: 120x46, drawing directly
[ListView] text image allocation failed: 164x46, drawing directly
[ListView] text image allocation failed: 164x46, drawing directly
[Verify] variants internal_free_before=188207 after=188207
[WatchFace] digital fonts time=vlw text=vlw small=vlw wide=vlw hour=114 minute=115 colon=22
[WatchFace] digital cache time=0/3 internal_bytes=0 items=0/2 psram_bytes=0
[WatchFace] digital fonts time=vlw text=vlw small=vlw wide=vlw hour=114 minute=115 colon=22
[WatchFace] digital cache time=3/3 internal_bytes=59584 items=2/2 psram_bytes=76032
[WatchFace] digital fonts time=vlw text=vlw small=vlw wide=vlw hour=114 minute=115 colon=22
[WatchFace] digital cache time=0/3 internal_bytes=0 items=0/2 psram_bytes=0
[WatchFace] digital fonts time=vlw text=vlw small=vlw wide=vlw hour=114 minute=115 colon=22
[WatchFace] digital cache time=3/3 internal_bytes=59584 items=2/2 psram_bytes=76032
[WatchFace] digital fonts time=vlw text=vlw small=vlw wide=vlw hour=114 minute=115 colon=22
[WatchFace] digital cache time=0/3 internal_bytes=0 items=0/2 psram_bytes=0
[WatchFace] digital fonts time=vlw text=vlw small=vlw wide=vlw hour=114 minute=115 colon=22
[WatchFace] digital cache time=3/3 internal_bytes=59584 items=2/2 psram_bytes=76032
[WatchFace] digital fonts time=vlw text=vlw small=vlw wide=vlw hour=114 minute=115 colon=22
[WatchFace] digital cache time=0/3 internal_bytes=0 items=0/2 psram_bytes=0
[Renderer] element capacity exceeded: full repaint
[WatchFace] digital fonts time=vlw text=vlw small=vlw wide=vlw hour=114 minute=115 colon=22
[WatchFace] digital cache time=3/3 internal_bytes=59584 items=2/2 psram_bytes=76032
E (55075) task_wdt: Task watchdog got triggered. The following tasks/users did not reset the watchdog in time:
E (55075) task_wdt:  - IDLE1 (CPU 1)
E (55075) task_wdt: Tasks currently running:
E (55076) task_wdt: CPU 0: IDLE0
E (55076) task_wdt: CPU 1: main
E (55076) task_wdt: Print CPU 1 (current core) backtrace


Backtrace: 0x420423D7:0x3FC9B330 0x40379FDE:0x3FC9B360 0x40056F5F:0x3FCACDB0 0x42022137:0x3FCACDC0 0x42004EAA:0x3FCACE10 0x420090A2:0x3FCACEA0 0x4200A9BB:0x3FCACF40 0x4200D342:0x3FCACF70 0x42004413:0x3FCAD670 0x420688C7:0x3FCAD720

[ListView] text image allocation failed: 232x46, drawing directly
[ListView] text image allocation failed: 64x46, drawing directly
[ListView] text image allocation failed: 164x46, drawing directly
[ListView] text image allocation failed: 164x46, drawing directly
[ListView] text image allocation failed: 164x46, drawing directly
[Renderer] element capacity exceeded: full repaint
[WatchFace] digital fonts time=vlw text=vlw small=vlw wide=vlw hour=114 minute=115 colon=22
[WatchFace] digital cache time=3/3 internal_bytes=59584 items=2/2 psram_bytes=76032
[WatchFace] digital fonts time=vlw text=vlw small=vlw wide=vlw hour=114 minute=115 colon=22
[WatchFace] digital cache time=3/3 internal_bytes=59584 items=2/2 psram_bytes=76032
[WatchFace] digital fonts time=vlw text=vlw small=vlw wide=vlw hour=114 minute=115 colon=22
[WatchFace] digital cache time=3/3 internal_bytes=59584 items=2/2 psram_bytes=76032
[WatchFace] digital fonts time=vlw text=vlw small=vlw wide=vlw hour=114 minute=115 colon=22
[WatchFace] digital cache time=3/3 internal_bytes=59584 items=2/2 psram_bytes=76032
[WatchFace] digital fonts time=vlw text=vlw small=vlw wide=vlw hour=114 minute=115 colon=22
[WatchFace] digital cache time=3/3 internal_bytes=59584 items=2/2 psram_bytes=76032
[WatchFace] digital fonts time=vlw text=vlw small=vlw wide=vlw hour=114 minute=115 colon=22
[WatchFace] digital cache time=3/3 internal_bytes=59584 items=2/2 psram_bytes=76032
[WatchFace] digital fonts time=vlw text=vlw small=vlw wide=vlw hour=114 minute=115 colon=22
[WatchFace] digital cache time=3/3 internal_bytes=59584 items=2/2 psram_bytes=76032
[WatchFace] digital fonts time=vlw text=vlw small=vlw wide=vlw hour=114 minute=115 colon=22
[WatchFace] digital cache time=3/3 internal_bytes=59584 items=2/2 psram_bytes=76032
[WatchFace] digital fonts time=vlw text=vlw small=vlw wide=vlw hour=114 minute=115 colon=22
[WatchFace] digital cache time=3/3 internal_bytes=59584 items=2/2 psram_bytes=76032
[WatchFace] digital fonts time=vlw text=vlw small=vlw wide=vlw hour=114 minute=115 colon=22
[WatchFace] digital cache time=3/3 internal_bytes=59584 items=2/2 psram_bytes=76032
[WatchFace] digital fonts time=vlw text=vlw small=vlw wide=vlw hour=114 minute=115 colon=22
[WatchFace] digital cache time=3/3 internal_bytes=59584 items=2/2 psram_bytes=76032
[WatchFace] digital fonts time=vlw text=vlw small=vlw wide=vlw hour=114 minute=115 colon=22
[WatchFace] digital cache time=3/3 internal_bytes=59584 items=2/2 psram_bytes=76032
[WatchFace] digital fonts time=vlw text=vlw small=vlw wide=vlw hour=114 minute=115 colon=22
[WatchFace] digital cache time=3/3 internal_bytes=59584 items=2/2 psram_bytes=76032
[WatchFace] digital fonts time=vlw text=vlw small=vlw wide=vlw hour=114 minute=115 colon=22
[WatchFace] digital cache time=3/3 internal_bytes=59584 items=2/2 psram_bytes=76032
[WatchFace] digital fonts time=vlw text=vlw small=vlw wide=vlw hour=114 minute=115 colon=22
[WatchFace] digital cache time=3/3 internal_bytes=59584 items=2/2 psram_bytes=76032
[WatchFace] digital fonts time=vlw text=vlw small=vlw wide=vlw hour=114 minute=115 colon=22
[WatchFace] digital cache time=3/3 internal_bytes=59584 items=2/2 psram_bytes=76032
[WatchFace] digital fonts time=vlw text=vlw small=vlw wide=vlw hour=114 minute=115 colon=22
[WatchFace] digital cache time=3/3 internal_bytes=59584 items=2/2 psram_bytes=76032
[Verify] lifecycle internal_free_before=188207 after=188207
[Verify] list cache bytes=72496 allocations=33 failures=9 fits=43 renders=271
[Verify] checks=483 mismatches=0 result=PASS
[Perf] digital-static frames=30 painted=0 avg_us=191 max_us=702 avg_dirty_px=0
[Perf] digital-minute frames=30 painted=30 avg_us=2780 max_us=3438 avg_dirty_px=8892
[Perf] digital-item-second frames=60 painted=60 avg_us=3291 max_us=3729 avg_dirty_px=5766
[Perf] digital-second frames=60 painted=59 avg_us=2755 max_us=2996 avg_dirty_px=8892
[Perf] digital-second-item frames=60 painted=60 avg_us=9795 max_us=9996 avg_dirty_px=42699
[Perf] digital-transition frames=40 painted=38 avg_us=17649 max_us=26384 avg_dirty_px=144825
[Perf] list-scroll frames=60 painted=59 avg_us=22061 max_us=26497 avg_dirty_px=155699
[Perf] backdrop-list-scroll frames=60 painted=60 avg_us=28863 max_us=34877 avg_dirty_px=155669
[Perf] backdrop-minute frames=30 painted=30 avg_us=5886 max_us=6846 avg_dirty_px=11893
[Perf] backdrop-transition frames=40 painted=38 avg_us=16306 max_us=33529 avg_dirty_px=96555
[Perf] backdrop-transition-black frames=40 painted=38 avg_us=13070 max_us=28618 avg_dirty_px=96555
[WatchFace] digital fonts time=vlw text=vlw small=vlw wide=vlw hour=114 minute=115 colon=22
[WatchFace] digital cache time=3/3 internal_bytes=59584 items=2/2 psram_bytes=76032
[Perf] base-fill px=219024 us=9054 (no transfer)
[Perf] digital caches=5/5 internal_free=188207 largest=147456
[ShotProbe] red=00f8
[Shot] digital 468 468
[ShotData] /wAA/wAA/wAA/wAA/wAA/wAA/wAA/wAA/wAA/wAA/wAA/wAA/wAA/wAA/wAA/wAA/wAA/wAA/wAA
[ShotData] /wAA/wAA/wAA/wAA/wAA/wAA/wAA/wAA/wAA/wAA/wAA/wAA/wAA/wAA/wAA/wAA/wAA/wAA/wAA
[ShotData] /wAA/wAA/wAA/wAA/wAA/wAA/wAA/wAA/wAA/wAA/wAA/wAA/wAA/wAA/wAA/wAA/wAA/wAA/wAA
[ShotData] /wAA/wAA/wAA/wAA/wAA/wAA/wAA/wAA/wAA/wAA/wAA/wAA/wAA/wAA/wAA/wAA/wAA/wAA/wAA
[ShotData] /wAA/wAA/wAA/wAA/wAA/wAA/wAA/wAA/wAA/wAA/wAA/wAA/wAA/wAA/wAA/wAA/wAA/wAA/wAA
[ShotData] /wAA/wAA/wAA/wAA/wAA/wAA/wAA/wAA/wAA/wAA/wAA/wAA/wAA/wAA/wAA/wAA/wAA/wAA/wAA
[ShotData] /wAA/wAA/wAA/wAA/wAA/wAA/wAA/wAA/wAA/wAA/wAA/wAA/wAA/wAA3gAAAMIpACaFAOi2AGnH
[ShotData] AMi2AAaFAKIpBAAAAGAIAORjAEemAEi/ACi/ACemAKRjAEAIAgAAACAAAKRjAIeuAEi/ACemAGI6
[ShotData] BgAAAGaNAInHAORj/wAAqwAAAONKBonHAMNKAgAAAIAIAGemBYnHAGemAIAIAQAAAIRbBInHAEEh
[ShotData] BAAAAGNCAInHAKiuAEAA/wAAhwAAAONKAEemEInHAEemAONKDQAAAIAIAEi/AYnHAIaVACVsAKaV
[ShotData] AYnHAEi/AGAIAQAAACVsAYnHAOi2AGV0AIV0AAi/AYnHAKV8AQAAAEemAInHAEVsAIAIAGemAInH
[ShotData] AORjAwAAAEAIAKiuAInHAEI6/wAAhwAAAONKFInHAONKDAAAAKNCAYnHAKV8AgAAAOWEAYnHAINC
[ShotData] AQAAAEemAInHAGnHAOEYAQAAACEZAYnHACi/AQAAAEi/AInHAEI6AAAAAMV8AInHAMV8AwAAACVs
[ShotData] AInHAEaN/wAAiAAAAEemAInHAEemAMIpDgAAAMIpAEemAInHAEemDAAAAERTAYnHAONKAgAAACNT
[ShotData] AYnHACNTAQAAAEaNAMedAAaFAwAAAIiuAYnHAEAIAAAAAYnHACI6AAAAAKV8AInHAAaFAgAAAEEh
[ShotData] AGnHAEi/AOEY/wAAiAAAAYnHAMIpEAAAAMIpAYnHDAAAAGI6AYnHAIV0AgAAAMV8AYnHAEI6BwAA
[ShotData] ACAAACi/AInHAGnHAQAAAYnHACI6AAAAAKV8AInHAAaFAgAAAMeVAInHAIRb/wAAiQAAAYnHAQAA
[ShotData] C4nHBAAAAYnHAAAAAWV0CQAAAEAAAKiuAYnHAAaFAKRjACaFAYnHAGeuACAABwAAAGRbAYnHAIaV
[ShotData] AQAAACi/AInHAEI6AAAAAMV8AInHAKV8AQAAAMNKAInHAGemASAAAMRjAGeuACi/AOedAAIy/wAA
[ShotData] gwAAAYnHAQAAC4nHBAAAAYnHAAAAAYnHCgAAACEZAAi3BInHAMi2AAEZBwAAAGI6AonHAOIxAQAA
[ShotData] AEemAInHACVsAIAIAGemAInHAKRjAAAAAIAIAOi2AInHAOIxAAAAAMRjA4nHAGnHAAEZ/wAAggAA
[ShotData] AYnHAQAAC4nHBAAAAYnHAAAAAYnHCgAAAAaFBonHAIV0BgAAAMIpAEi/AYnHAORjAgAAAGRbA4nH
[ShotData] AGnHAAEZAAAAAIV0AInHAMV8AQAAAKiuAInHAARsAIAQAKiuAInHAIRb/wAAggAAAYnHAQAAC4nH
[ShotData] BAAAAYnHAAAAAYnHCQAAAANTAYnHAMeVAEEhAEAAAGEhAOedAYnHAGJCBAAAAEEhAAi/AYnHAMV8
[ShotData] AwAAACAAAORjAKiuAGjHACemACI6AAAAAIEpAInHACi/AKAQAAAAACAAAYnHAAIyAAAAACaNAInH
[ShotData] AGV0/wAAggAAAYnHAQAAC4nHBAAAAYnHAAAAAYnHCQAAAGaNAYnHACEZAgAAAIEpAYnHAMV8AwAA
[ShotData] AMEQAMi2AYnHAGaNACAACgAAAAeeAInHACNTAQAAAEAAAYnHAMIpAAAAAAaFAInHAKV8/wAAggAA
[ShotData] AYnHAQAAC4nHBAAAAYnHAAAAAWV0CQAAAOedAYnHAIAQAgAAAAEZAYnHAEaNAgAAAIAIAEemAYnH
[ShotData] AMedAEAACgAAACNTAInHAAeeAgAAAEAAAYnHAMIpAAAAAAaFAInHAKV8/wAAggAAAYnHAMIpEAAA
[ShotData] AMIpAYnHDAAAACaFAYnHAANLAgAAAGRbAYnHAGV0AQAAAEAAAMeVAYnHAEemAIAICgAAAKAQAAi/
[ShotData] AInHAIEpAwAAAGnHAInHAOIxAAAAACaFAInHAEV0/wAAggAAAEemAInHAEemAMIpDgAAAMIpAEem
[ShotData] AInHAEemDAAAAINCAonHAEaNACVsAEaNAonHAMIxAQAAAMV8AonHAGaNBKV8AGAIBQAAAMV8AInH
[ShotData] AGV0BAAAAIiuAInHAGRbAAAAAEemAInHAERT/wAAggAAAONKFInHAONKDQAAAKV8BonHAARsAgAA
[ShotData] ACemCInHAKAQBAAAAOIxAInHAOi2AIAIBAAAAMRjAYnHAAi/AInHAEi/AMAQ/wAAgwAAAONKAEem
[ShotData] EInHAEemAONKDwAAAINCAIaVAAi/AGnHAAi3AGaNACI6AwAAACemCInHAKAQAwAAACAAAEemAInH
[ShotData] AMNKBQAAACAAAARsAKiuAEi/AOedAOIx/wAA/wAA/wAA/wAA/wAA/wAA/wAA/wAA/wAA/wAA/wAA
[ShotData] /wAA/wAA/wAA/wAA/wAA/wAA/wAA/wAA/wAA/wAA/wAA/wAA/wAA/wAA/wAA/wAA/wAA/wAA/wAA
[ShotData] /wAA/wAA/wAA/wAA/wAA/wAA/wAA8wAAAEUhAM9zAHalAFnGAJvOAFrGAJatABB8AGUpCwAAACQh
[ShotData] ArvOAIYpBwAAAJetDbvOAMtSEAAAAEUhAM9zAHalAFnGAJvOAFrGAJatABB8AGUpBQAAAElCDLvO
[ShotData] AAxbAQAAAElCB7vOAJrGAPi1AJKMAElCDQAAAIIQADF8ArvOAHalBQAAAKYxAFGEANe1AHrGAJrO
[ShotData] APi1ALOMAElK/wAAPwAAACAAAPB7CLvOABB8ACAACQAAAM9zArvOADGEBwAAAJetDbvOAMtSDgAA
[ShotData] ACAAAPB7CLvOABB8ACAAAwAAAElCDLvOAAxbAQAAAElCC7vOADWlAKIQCgAAAKpSADm+A7vOAHal
[ShotData] AwAAACAAAFGEB7vOADWlAKIQ/wAAPQAAAFGECrvOAPB7CAAAACAAADm+ArvOAHrGAGEIBgAAAJet
[ShotData] DbvOAMtSDgAAAFGECrvOAPB7AwAAAElCDLvOAAxbAQAAAElCDLvOAHalACAACAAAADWdBbvOAHal
[ShotData] AwAAAPB7CbvOAFal/wAAPAAAAKYxArvOABm+AOxaAGUpAOMYAGYpAAxbADm+ArvOACUhBwAAAGlK
[ShotData] BLvOAMtSBgAAAEUpA4YxAMcxArvOANOUBIYxAKIQDQAAAKYxArvOABm+AOxaAGUpAOMYAGYpAAxb
[ShotData] ADm+ArvOACUhAgAAAElCArvOAC1jCIYxAKMQAQAAAElCArvOAC1jA4YxAOg5AE1jADm+ArvOAKpS
[ShotData] CAAABrvOAHalAgAAAOQYArvOAJrOAG5rAIYpAEUpAOtaADm+ArvOAElK/wAAOwAAAM9zArvOAAQh
[ShotData] BAAAAGYpArvOAI5rBwAAABWdBLvOAHalCwAAACAAArvOADGEEwAAAM9zArvOAAQhBAAAAGYpArvO
[ShotData] AI5rAgAAAElCArvOAChCCwAAAElCArvOAChCBQAAAGUpArvOANOUCAAAAbvOABi+AElKAPi1AbvO
[ShotData] AHalAgAAAOxaArvOAOxaAwAAAKcxArvOAFGE/wAAOwAAALOUAbvOANi1BgAAAPScAbetAPB7BgAA
[ShotData] AAQZArvOAG5rArvOAGUpCgAAACAAArvOADGEEwAAALOUAbvOANi1BgAAAPScAbetAPB7AgAAAElC
[ShotData] ArvOAChCCwAAAElCArvOAChCBgAAANe1AbvOALetCAAAAHrGAK9zAEEIAAAAAPi1AbvOAHalAgAA
[ShotData] AM9zArvOAMMYBAAAAHrGAbvOADWd/wAAOwAAALOMAbvOAJvOAIIQEAAAAK9zAbvOABm+ACAAAPi1
[ShotData] AbvOABB8CgAAACAAArvOADGEEwAAALOMAbvOAJvOAIIQDAAAAElCArvOAChCCwAAAElCArvOAChC
[ShotData] BgAAAHalAbvOAPi1CAAAAAQhAgAAAPi1AbvOAHalAgAAAPB7ArvOAKIQBAAAADm+AbvOAHal/wAA
[ShotData] OwAAAG5rArvOAJatAChCAEEIDQAAACAAADm+AbvOAM9zAAAAAG5rAbvOAHrGAEEICQAAACAAArvO
[ShotData] ADGEEwAAAG5rArvOAJatAChCAEEICgAAAElCArvOAChCCwAAAElCArvOAChCBQAAAIIQAHrGAbvO
[ShotData] ADWdDAAAAPi1AbvOAHalAgAAAG5rArvOAElKAwAAACQhArvOAPSU/wAAOwAAAOMYAJvOBLvOANe1
[ShotData] ANSUAPBzAKtSAMMYCAAAAElCArvOAEUpAAAAAAQhArvOAKtSCQAAACAAArvOADGEEwAAAOMYAJvO
[ShotData] BLvOANe1ANSUAPBzAKtSAMMYBQAAAElCArvOAC1jB4YxAwAAAElCArvOAChCAwAAAEEIAIYpADWl
[ShotData] ArvOAG5rDAAAAPi1AbvOAHalAgAAAAg6ArvOADm+AGlKAIIQAGEIAOc5ALetArvOAI5r/wAAPAAA
[ShotData] AGlKAJvOCLvOAJOMAKIQBgAAAPScAbvOALetAgAAAFalAbvOAFalCQAAACAAArvOADGEFAAAAGlK
[ShotData] AJvOCLvOAJOMAKIQAwAAAElCC7vOACAAAgAAAElCDLvOAFrGAIIQDAAAAPi1AbvOAHalAgAAACAA
[ShotData] ALetCrvOAGUp/wAAPQAAAEUhAJKMAJrOB7vOABi+AKMQBAAAAOMYArvOAC1jAgAAAOtaArvOAEUh
[ShotData] CAAAACAAArvOADGEFQAAAEUhAJKMAJrOB7vOABi+AKMQAgAAAElCC7vOACAAAgAAAElCC7vOAFrG
[ShotData] AKYxDQAAAPi1AbvOAHalAwAAAEUhADm+CLvOADWd/wAAQAAAAEEIAIYxAKpSAI5rAJKMANi1A7vO
[ShotData] AFGEBAAAAI5rArvOAMMYAgAAAIIQAJvOAbvOAPB7CAAAACAAArvOADGEFwAAAEEIAIYxAKpSAI5r
[ShotData] AJKMANi1A7vOAFGEAgAAAElCC7vOACAAAgAAAElCCbvOAFrGABB8AMMYDgAAAPi1AbvOAHalBAAA
[ShotData] AMMQABB8ADm+AbvOAPi1A7vOAKYx/wAARgAAAAhCAJrOAbvOAHrGACAAAgAAACAAABm+AbvOABWd
[ShotData] BAAAALOUAbvOAFrGAEEIBwAAACAAArvOADGEHQAAAAhCAJrOAbvOAHrGACAAAQAAAElCArvOAChC
[ShotData] CwAAAElCArvOAE1jA8cxAIYpAOQYEQAAAPi1AbvOAHalBwAAAGEIAEEIAOxaArvOAJKM/wAAPAAA
[ShotData] ACAAAsMYAEEIBgAAABB8ArvOAMMYAgAAAChCDLvOAIpKBwAAACAAArvOADGEEgAAACAAAsMYAEEI
[ShotData] BgAAABB8ArvOAMMYAQAAAElCArvOAChCCwAAAElCArvOAChCFwAAAPi1AbvOAHalCAAAAGEIADm+
[ShotData] AbvOAJrOAOMY/wAAPAAAAMMYArvOAC1jBgAAAI5rArvOAKIQAgAAANOUDLvOADWdBwAAACAAArvO
[ShotData] ADGEEgAAAMMYArvOAC1jBgAAAI5rArvOAKIQAQAAAElCArvOAChCCwAAAElCArvOAChCFwAAAPi1
[ShotData] AbvOAHalCAAAAI5rArvOAI5r/wAAPgAAABm+AbvOAPi1AIIQBAAAAEEIAJetAbvOAFrGAgAAAMMY
[ShotData] DrvOACQhBgAAACAAArvOADGEEwAAABm+AbvOAPi1AIIQBAAAAEEIAJetAbvOAFrGAgAAAElCArvO
[ShotData] AChCCwAAAElCArvOAChCFwAAAPi1AbvOAHalBwAAAMMQAHrGAbvOADm+AEEI/wAAPgAAAI5rArvO
[ShotData] APi1AC1jAMc5AEUpAKcxAMtSAJetArvOABB8AgAAAG5rArvOAElCBqIQAMc5ArvOAM9zBgAAACAA
[ShotData] ArvOADGEBgAAAFrGAbvOAElCCAAAAI5rArvOAPi1AC1jAMc5AEUpAKcxAMtSAJetArvOABB8AgAA
[ShotData] AElCArvOAC1jCIYxAKMQAQAAAElCArvOAChCFwAAAPi1AbvOAHalBwAAADGEArvOAKtS/wAAPwAA
[ShotData] AEEIANe1CrvOAPi1AIIQAgAAAPi1AbvOADm+ACAABwAAANe1AbvOADm+ACAABQAAACAAArvOADGE
[ShotData] BgAAAFrGAbvOAElCCAAAAEEIANe1CrvOAPi1AIIQAgAAAElCDLvOAAxbAQAAAElCArvOAChCFwAA
[ShotData] APi1AbvOAHalBgAAACUhArvOAJat/wAAQQAAAMMYADWlCLvOADWdAMMYAgAAAAg6ArvOAM9zCAAA
[ShotData] AG5rArvOAGlKBQAAACAAArvOADGEBgAAAFrGAbvOAElCCQAAAMMYADWlCLvOADWdAMMYAwAAAElC
[ShotData] DLvOAAxbAQAAAElCArvOAChCFwAAAPi1AbvOAHalBgAAAPSUArvOAMcx/wAAQwAAAAg6AFGEALet
[ShotData] AHrGALvOAFrGAJatADF8AOc5BAAAALOMArvOAGUpCAAAAAQZArvOABWdBQAAACAAArvOADGEBgAA
[ShotData] AFrGAbvOAElCCwAAAAg6AFGEALetAHrGALvOAFrGAJatADF8AOc5BQAAAElCDLvOAAxbAQAAAElC
[ShotData] ArvOAChCFwAAAPi1AbvOAHalBQAAAMc5ArvOALOM/wAAdwAAAFrGAbvOAElC/wAAzwAAAFrGAbvO
[ShotData] AOc5/wAAzwAAAFrGAJvOAKpS/wAA0AAAAPi1AMc5/wAA0QAAAOMY/wAA/wAA/wAA/wAA/wAA/wAA
[ShotData] /wAA/wAA/wAA/wAA/wAA/wAA/wAA/wAA/wAA/wAA/wAA/wAA/wAA/wAA/wAA/wAA/wAA/wAA/wAA
[ShotData] /wAA/wAA/wAA/wAA/wAA/wAA/wAA/wAA/wAA/wAA/wAA/wAA/wAA/wAA/wAA/wAA/wAA/wAA/wAA
[ShotData] /wAA/wAA/wAA/wAA/wAA/wAA/wAA/wAA/wAA/wAA/wAA/wAA/wAA/wAA/wAA/wAA/wAA/wAA/wAA
[ShotData] /wAA/wAA/wAA/wAA/wAA/wAA/wAA/wAA/wAA/wAA/wAA/wAA/wAA/wAA/wAA/wAA/wAA/wAA/wAA
[ShotData] /wAA/wAA/wAA/wAA/wAA/wAA/wAA/wAA/wAA/wAA/wAA/wAA/wAA/wAA/wAA/wAA/wAA/wAA/wAA
[ShotData] /wAA/wAA/wAA/wAA/wAA/wAA/wAA/wAA/wAA/wAA/wAA/wAA/wAA/wAA/wAA/wAA/wAA/wAA/wAA
[ShotData] /wAA/wAA/wAA/wAA/wAA/wAA/wAApwAAAIIQAChCAE1rADCEAPOcADSlAHWtABSlALKUAFGMACxj
[ShotData] AAhCAKIQ/wAAwwAAAKYxAFGMALrWDP//ANveAHGMAKYxJgAAAEUpAAxjAJKUALa1ALrWAF3vAL73
[ShotData] AP//AN//AH3vABznADjGADSlAM97AChCAGEI/wAAhwAAAOtaAJrWEv//AFnOAIpSIQAAAIYxAJKU
[ShotData] ABznDv//AN//ANe9AAxjAEEIQAAAAKpSCv//ABjGIgAAAIIQAPOcCf//ALa1/wAABAAAAChCALrW
[ShotData] Fv//AHnOAKYxHQAAAChCADjGFP//AJ73ADCEAIIQPgAAAJrWCv//AAhCIQAAAMtaAF3vCv//ALa1
[ShotData] /wAAAgAAACAAAHGMGv//ABCEGgAAAAQhANe9GP//AH3vAAxjPAAAAIpSCv//ADjGIAAAAOMYALa1
[ShotData] DP//ALa1/wAAAQAAAEEIALa1HP//AJa1AEEIFwAAAOtaAL73G///AJa1AGEIOgAAAHnOCv//AElK
[ShotData] HwAAAI5zAL73Df//ALa1/wAAAQAAADSlHv//ANe9ACAAFQAAAHGMHv//ALrWAAQhOAAAAGlKCv//
[ShotData] AFnOHgAAAIYxAFnOD///ALa1/wAAAAAAAG1rIP//ANOcFAAAAJKUIP//ABznAAQhNwAAAFnOCv//
[ShotData] AGlKHAAAAEEIAFGMAN//EP//ALa1/wAAAKYxAN//If//AIpSEgAAAM97Iv//APveAIIQNQAAAChC
[ShotData] Cv//AJrWHAAAAChCAPveEv//ALa1/wAAABjGIv//ADznAEEIEAAAAAhCJP//ANe9NQAAADjGCv//
[ShotData] AKpSGgAAAIIQABSlFP//ALa1/gAAAElKJP//AO97DwAAAEEIABznJf//AE1rMwAAAAhCCv//ALrW
[ShotData] GgAAAMtaAF3vFf//ALa1/gAAAHnODP//AL73AFWtAOtaAGUpAKIQACAAAKIQAEUpAMtaABSlAJ73
[ShotData] DP//AF3vAEEIDgAAABCED///ALrWAFWtALKUADCEAHGMABSlAPe9AL73Dv//AJ73AKIQMgAAAPe9
[ShotData] Cv//AMtaGQAAANe9F///ALa1/QAAAKYxDP//AFWtAOMYCAAAAKIQAPOcDP//AOtaDQAAAGEIAJ73
[ShotData] DP//ANveAE1rAKIQBgAAACAAAAhCAJa1Df//AFGMMQAAAOc5Cv//ANveGgAAGP//ALa1/QAAAJKU
[ShotData] C///AFGMDAAAAI5zC///ANe9DQAAAI5zDP//AM97DAAAAKYxAPveC///AJ73AEEIMAAAANe9Cv//
[ShotData] AOtaGgAAGP//ALa1/AAAACAAAF3vCv//AHWtDgAAAJKUC///AKIQDAAAAHnOCv//AN//AChCDgAA
[ShotData] AGEIAFnOC///AMtaLwAAAKYxCv//APveACAAGgAAGP//ALa1/AAAAAhCCv//AN//AOMYDgAAAGEI
[ShotData] AF3vCv//AMtaCwAAAAQhC///ACxjEAAAAMMYABznCv//AFWtLwAAALa1Cv//ACxjGwAADP//ALrW
[ShotData] AL73Cf//ALa1/AAAAO97Cv//ADSlEAAAABCECv//APOcCwAAAOtaCv//AFnOEgAAAMtaCv//AF3v
[ShotData] LgAAAIYxCv//ABznACAAGwAACv//AL73AM97ACAAAF3vCf//ALa1/AAAANe9Cv//AGlKEAAAACQh
[ShotData] Cv//ANveCwAAALKUCv//AElKEwAAANveCv//AAQhLQAAAHWtCv//AE1rHAAACf//ANe9AAQhAQAA
[ShotData] AF3vCf//ALa1/AAAAJ73Cf//AN//AEEIEQAAANveCv//ACAACgAAAPe9Cf//AL73ACAAEwAAAHGM
[ShotData] Cv//AChCLAAAAGUpCv//ADznACAAHAAAB///AF3vAMtaAwAAAF3vCf//ALa1+wAAAIIQCv//AHnO
[ShotData] EgAAAPOcCv//AGUpCgAAAPveCf//ANe9FAAAAGlKCv//AAxjLAAAAFWtCv//AI5zHQAABv//ANOc
[ShotData] AIIQBAAAAF3vCf//ALa1+wAAAIYxCv//ABSlEgAAAI5zCv//AGlKCgAAAH3vCf//APOcFAAAAIYx
[ShotData] Cv//AI5zKwAAAEUpCv//AF3vAEEIHQAABP//AJrWAMc5BgAAAF3vCf//ALa1+wAAAIpSCv//AO97
[ShotData] EgAAAGlKCv//ACxjCgAAAN//Cf//AFGMFAAAAOMYCv//AO97CAAAAIIQC+MYFQAAADSlCv//AK5z
[ShotData] HgAAAv//AL73AK5zACAABwAAAF3vCf//ALa1+wAAAAxjCv//AAxjEgAAAIYxCv//AO97CgAACv//
[ShotData] ABCEFAAAAMMYCv//ABCECAAAALa1C///FAAAACQhCv//AH3vAGEIHgAAAf//ALa1AAQhCQAAAF3v
[ShotData] Cf//ALa1+wAAAG1rCv//AGlKEgAAAOMYCv//AFGMCgAACv//ABCEFAAAAMMYCv//AO97CAAAALa1
[ShotData] C///FAAAAPOcCv//AM97HwAAADznAKpSCwAAAF3vCf//ALa1+wAAAK5zCv//AAhCEgAAAGEICv//
[ShotData] AHGMCgAACv//AFGMFAAAAAQhCv//AM97CAAAALa1C///EwAAAAQhAN//Cf//AH3vAGEIHwAAAGEI
[ShotData] DAAAAF3vCf//ALa1+wAAAO97Cv//AMc5EgAAACAACv//ALKUCgAAAL73Cf//APOcFAAAAKYxCv//
[ShotData] AG1rCAAAALa1C///EwAAANOcCv//ABCELgAAAF3vCf//ALa1+wAAABCECv//AKYxEwAACv//ANOc
[ShotData] CgAAAF3vCf//APe9FAAAAIpSCv//AOtaCAAAALa1C///EgAAAOMYAN//Cf//AJ73AIIQLgAAAF3v
[ShotData] Cf//ALa1+wAAABCECv//AKYxEwAACv//ANOcCgAAAHnOCf//AL73AEEIEwAAAJKUCv//AOc5CAAA
[ShotData] ALa1C///EgAAALKUCv//ADCELwAAAF3vCf//ALa1+wAAABCECv//AKYxEwAACv//ANOcCgAAAHWt
[ShotData] Cv//AKpSEwAAAPveCv//AMMYCAAAALa1C///EQAAAMMYAL73Cf//AL73AKIQLwAAAF3vCf//ALa1
[ShotData] +wAAABCECv//AKYxEwAACv//ANOcCgAAAM97Cv//ALrWEgAAAOtaCv//ADznCQAAALa1C///EQAA
[ShotData] AHGMCv//AHGMMAAAAF3vCf//ALa1+wAAABCECv//AKYxEwAACv//ANOcCgAAAOc5C///AFGMEAAA
[ShotData] AMMYADznCv//AHWtCQAAALa1C///EAAAAKIQAL73Cf//AL73AMMYBgAAAKIQCcMYAIIQHQAAAF3v
[ShotData] Cf//ALa1+wAAABCECv//AKYxEwAACv//ANOcCgAAACAAAH3vC///AK5zDgAAAIIQAHnOC///AAxj
[ShotData] CQAAALa1C///EAAAAFGMCv//AJKUBwAAAF3vCf//ALa1HQAAAF3vCf//ALa1+wAAABCECv//AKYx
[ShotData] EwAACv//ANOcCwAAANOcDP//ADSlAIIQCwAAAMc5ABznDP//AKIQCQAAALa1C///DwAAAIIQAJ73
[ShotData] Cf//AN//AMMYBwAAAF3vCf//ALa1HQAAAF3vCf//ALa1+wAAABCECv//AKYxEwAACv//ANOcCwAA
[ShotData] AEUpDf//AJ73AJKUAKYxACAABQAAAGEIAGlKANe9Df//ALa1CgAAALa1C///DwAAADCECv//ALKU
[ShotData] CAAAAF3vCf//ALa1HQAAAF3vCf//ALa1+wAAABCECv//AKYxEwAACv//ANOcDAAAAJa1D///AJ73
[ShotData] ADjGAJa1ABSlADSlANe9ALrWEP//AIpSCgAAALa1C///DgAAAIIQAJ73Cf//AN//AOMYCAAAAF3v
[ShotData] Cf//ALa1HQAAAF3vCf//ALa1+wAAABCECv//AKYxEwAACv//ANOcDAAAACQhAN//Jf//ABznACAA
[ShotData] JgAAAO97Cv//APOcCQAAAF3vCf//ALa1HQAAAF3vCf//ALa1+wAAABCECv//AKYxEwAACv//ANOc
[ShotData] DQAAAM97Jf//AG1rJgAAAGEIAH3vCv//AAQhCQAAAF3vCf//ALa1HQAAAF3vCf//ALa1+wAAABCE
[ShotData] Cv//AKYxEwAACv//ANOcDgAAANe9I///AF3vAEEIJgAAAM97Cv//ABSlCgAAAF3vCf//ALa1HQAA
[ShotData] AF3vCf//ALa1+wAAABCECv//AKYxEwAACv//ANOcDgAAAGEIAJrWIv//AI5zJgAAAEEIAF3vCv//
[ShotData] AEUpCgAAAF3vCf//ALa1HQAAAF3vCf//ALa1+wAAABCECv//AKYxEwAACv//ANOcDwAAAMMYAJrW
[ShotData] IP//ABznAEEIJgAAAK5zCv//ADSlCwAAAF3vCf//ALa1HQAAAF3vCf//ALa1+wAAABCECv//AKYx
[ShotData] EwAACv//ANOcEAAAAIIQAPe9H///AAxjJgAAAEEIAF3vCv//AGUpCwAAAF3vCf//ALa1HQAAAF3v
[ShotData] Cf//ALa1+wAAABCECv//AKYxEwAACv//ANOcEgAAABCEAN//HP//AFnOJwAAAG1rCv//AHWtDAAA
[ShotData] AF3vCf//ALa1HQAAAF3vCf//ALa1+wAAABCECv//AKYxEwAACv//ANOcEwAAAEUpANe9G///AMc5
[ShotData] JgAAACAAADznCv//AIYxDAAAAF3vCf//ALa1HQAAAF3vCf//ALa1+wAAABCECv//AKYxEwAACv//
[ShotData] ANOcFQAAAIYxAPOcAH3vF///ABSlJwAAAE1rCv//AJa1DQAAAF3vCf//ALa1HQAAAF3vCf//ALa1
[ShotData] +wAAABCECv//AKYxEwAACv//ANOcFwAAACAAAAhCAO97AHWtAJrWAF3vAL73AP//AJ73ADznAHnO
[ShotData] ADSlABznCv//AJ73AMMYDwAAACQhC6YxCQAAACAAABznCv//AKYxDQAAAF3vCf//ALa1HQAAAF3v
[ShotData] Cf//ALa1+wAAAO97Cv//AKYxEwAACv//ALKUIgAAAKYxC///AG1rEAAAALa1C///CQAAACxjCv//
[ShotData] ANe9DgAAAF3vCf//ALa1HQAAAF3vCf//ALa1+wAAAM97Cv//AMc5EgAAAEEICv//ALKUIgAAAHnO
[ShotData] Cv//AJrWEQAAALa1C///CAAAACAAAPveCv//AMc5DgAAAF3vCf//ALa1HQAAAF3vCf//ALa1+wAA
[ShotData] AK5zCv//AAhCEgAAAIIQCv//AJKUIQAAAE1rC///AOc5EQAAALa1C///CAAAAOtaCv//APe9DwAA
[ShotData] AF3vCf//ALa1HQAAAF3vCf//ALa1+wAAAG1rCv//AIpSEgAAAAQhCv//ADCEIAAAAKIQAH3vCv//
[ShotData] ABSlEgAAALa1C///CAAAANveLv//ALa1FQAAAF3vCf//ALa1+wAAAMtaCv//AE1rEgAAAMc5Cv//
[ShotData] AK5zIAAAABSlCv//AJ73AKIQEgAAALa1C///BwAAAIYxL///ALa1FQAAAF3vCf//ALa1+wAAAAhC
[ShotData] Cv//ADCEEgAAAKpSCv//AMtaHwAAAOc5C///AG1rEwAAALa1C///BwAAAKYxL///ALa1FQAAAF3v
[ShotData] Cf//ALa1+wAAAEUpCv//AHWtEgAAAO97Cv//AMc5HgAAACAAALrWCv//AHnOFAAAALa1C///BwAA
[ShotData] AKYxL///ALa1FQAAAF3vCf//ALa1+wAAACAAAN//Cf//APveEgAAAHWtCv//AKIQHgAAAK5zC///
[ShotData] AMc5FAAAALa1C///BwAAAKYxL///ALa1FQAAAF3vCf//ALa1/AAAANveCv//AMMYEQAAAH3vCf//
[ShotData] AH3vHgAAAOMYAJ73Cv//APOcFQAAALa1C///BwAAAKYxL///ALa1FQAAAF3vCf//ALa1/AAAADSl
[ShotData] Cv//ACxjEAAAAOc5Cv//ANe9HgAAAHWtCv//AH3vAKIQFQAAALa1C///BwAAAKYxL///ALa1FQAA
[ShotData] AF3vCf//ALa1/AAAAE1rCv//ADjGEAAAABSlCv//ADCEHQAAAElKC///AE1rFgAAALa1C///BwAA
[ShotData] AKYxL///ALa1FQAAAF3vCf//ALa1/AAAACQhC///AOc5DgAAACQhAN//Cv//AChCHAAAACAAANve
[ShotData] Cv//AHnOFwAAALa1C///BwAAAKYxL///ALa1FQAAAF3vCf//ALa1/QAAALrWCv//ALrWAGEIDAAA
[ShotData] ACAAABjGCv//AJ73ACAAHAAAAO97C///AMc5FwAAALa1C///BwAAAKYxL///ALa1FQAAAF3vCf//
[ShotData] ALa1/QAAABCEC///ABjGAEEICgAAACAAAFWtC///ADSlHAAAAAQhAL73Cv//APOcLQAAACQhHLa1
[ShotData] AN//Cf//AF3vBra1AO97FQAAAF3vCf//ALa1/QAAAAQhDP//APveAElKCAAAAMc5AJrWDP//AKYx
[ShotData] HAAAALa1Cv//AH3vAKIQSwAAAF3vCf//ALa1HQAAAF3vCf//ALa1/gAAAJa1Df//ABznAJKUAAxj
[ShotData] AElKAMc5AElKAOtaAFGMANveDf//ABjGHAAAAIpSC///AE1rTAAAAF3vCf//ALa1HQAAAF3vCf//
[ShotData] ALa1/gAAAKYxJP//AKYxGwAAAEEIABznCv//AHnOTQAAAF3vCf//ALa1HQAAAF3vCf//ALa1/wAA
[ShotData] AFWtIv//APOcHAAAAFGMC///AKYxTQAAAF3vCf//ALa1HQAAAF3vCf//ALa1/wAAAKIQAF3vIP//
[ShotData] ABznAKIQGwAAAEUpAN//Cv//ANOcTgAAAF3vCf//ALa1HQAAAF3vCf//ALa1/wAAAAAAAMc5AL73
[ShotData] Hv//AN//AMc5HAAAAPe9Cv//AH3vAIIQTgAAAF3vCf//ALa1HQAAAF3vCf//ALa1/wAAAQAAAElK
[ShotData] AN//Hf//ACxjHAAAAOtaC///ACxjTwAAAF3vCf//ALa1HQAAAF3vCf//ALa1/wAAAgAAAIpSAJ73
[ShotData] Gv//AN//AMtaHAAAAGEIAF3vCv//AFnOUAAAAF3vCf//ALa1HQAAAF3vCf//ALa1/wAAAwAAAAQh
[ShotData] AFnOGP//ADznAChCHQAAALKUC///AKYxUAAAAF3vCf//ALa1HQAAAF3vCf//ALa1/wAABAAAACAA
[ShotData] AO97AL73FP//AN//AJKUAIIQHQAAAIYxC///ANOcUQAAAF3vCf//ALa1HQAAAF3vCf//ALa1/wAA
[ShotData] BgAAAKIQAFGMAH3vEP//AF3vAHGMAOMYHwAAAFnOCv//AH3vAIIQUQAAAF3vCf//ALa1HQAAAF3v
[ShotData] Cf//ALa1/wAACAAAAEEIAKpSADSlABznCv//APveANOcAGlKACAAIAAAACxjC///ACxjUgAAAF3v
[ShotData] Cf//ALa1HQAAAF3vCf//ALa1/wAADAAAAGEIAKYxAMtaACxjAI5zAO97AK5zAG1rAKpSAMc5AGEI
[ShotData] /wAA/wAA/wAA/wAA/wAA/wAA/wAA/wAA/wAA/wAA/wAA/wAA/wAA/wAA/wAA/wAA/wAA/wAA/wAA
[ShotData] /wAA/wAA/wAA/wAA/wAA/wAA/wAA/wAA/wAA/wAA/wAA/wAA/wAA/wAA/wAA/wAA/wAA/wAA/wAA
[ShotData] /wAA/wAA/wAA/wAA/wAA/wAA/wAA/wAA/wAA/wAA/wAA/wAA/wAA/wAA/wAA/wAA/wAA/wAA/wAA
[ShotData] /wAA/wAA/wAA/wAA/wAA/wAA/wAA/wAA/wAA/wAA/wAA/wAA/wAA/wAA/wAA/wAA/wAA/wAA/wAA
[ShotData] /wAA/wAA/wAA/wAA/wAA/wAA/wAA/wAA/wAA/wAA/wAA/wAA/wAA/wAA/wAA/wAA/wAA/wAA/wAA
[ShotData] /wAA/wAA/wAA/wAA/wAA/wAA/wAA/wAA/wAA/wAA/wAA/wAA/wAA/wAA/wAA/wAA/wAA/wAA/wAA
[ShotData] /wAA/wAA/wAA/wAA/wAA/wAA/wAA/wAA/wAA/wAA/wAA/wAA/wAA/wAA/wAA/wAA/wAA/wAA/wAA
[ShotData] /wAA/wAA/wAA/wAA/wAA/wAA/wAA/wAA/wAA/wAA/wAA/wAA/wAA/wAA/wAA/wAA/wAA/wAA/wAA
[ShotData] /wAA/wAA/wAA/wAA/wAA/wAA/wAA/wAA/wAA/wAA/wAA/wAA2AAABYnHAwAABYnH/wAAwwAABYnH
[ShotData] AwAABYnH/wAAwwAABYnHAwAABYnH/wAAwwAABYnHAwAABYnH/wAAwwAABYnHAwAABYnH/wAAwwAA
[ShotData] BYnHAwAABYnH/wAA/wAA/wAA/wAA/wAA/wAA/wAA/wAA/wAAEwAABYnHAwAABYnH/wAAwwAABYnH
[ShotData] AwAABYnH/wAAwwAABYnHAwAABYnH/wAAwwAABYnHAwAABYnH/wAAwwAABYnHAwAABYnH/wAAwwAA
[ShotData] BYnHAwAABYnH/wAA/wAA/wAA/wAA/wAA/wAA/wAA/wAA/wAA/wAA/wAA/wAA/wAA/wAA/wAA/wAA
[ShotData] /wAA/wAAKQAAAFJ8APSMADF8BgAAAG5jBfSMALOEABB0AIpCAEEIAgAAAG5jBfSMALOEABB0AIpC
[ShotData] AEEIBAAAAIYpAG5jAHJ8ANSMALOEAPBzAIpCAEEI/wAAogAAAEUhAvSMAEUhBQAAAG5jCPSMAFF8
[ShotData] AIIIAQAAAG5jCPSMAFF8AIIIAgAAAE1bBvSMAHJ8AKIQ/wAAoQAAAE1bAvSMAC1bBQAAAG5jAfSM
[ShotData] AE1bAuxSAE1bALOEAfSMAI5jAQAAAG5jAfSMAE1bAuxSAE1bALOEAfSMAI5jAQAAAElCAfSMALOE
[ShotData] AC1bAIpKAOxSAFJ8AfSMAM9r/wAAoAAAAGEIANSMAvSMANOEAEEIBAAAAG5jAfSMAOMYAwAAAKIQ
[ShotData] ALOEAfSMAGEIAAAAAG5jAfSMAOMYAwAAAKIQALOEAfSMAGEIAAAAADF0APSMANSMAMMQAgAAACAA
[ShotData] APBrAfSMAMMQ/wAAnwAAACk6AfSMAOxSAfSMAAg6BAAAAG5jAfSMAOMYBAAAAE5bAfSMACQhAAAA
[ShotData] AG5jAfSMAOMYBAAAAE5bAfSMACQhAAAAAfSMADF0BAAAAIYpAU1bAAQZ/wAAnwAAABF0APSMAJJ8
[ShotData] ACAAAJOEAPSMAPBzBAAAAG5jAfSMAOMYBAAAAE1bAfSMACUhAAAAAG5jAfSMAOMYBAAAAE1bAfSM
[ShotData] ACUhAAAAALOEAPSMANSMAAQZ/wAApgAAAAQZAfSMAMtSAAAAAAxTAfSMAOQYAwAAAG5jAfSMAOMY
[ShotData] AwAAAIIIAJOEAfSMAGIIAAAAAG5jAfSMAOMYAwAAAIIIAJOEAfSMAGIIAAAAAE1bAvSMAI9jAIpK
[ShotData] AMcxAAQZACAA/wAAoQAAAAxTAfSMAAQZAAAAAEUhAfSMAOxSAwAAAG5jAfSMAG5bAgxTAG5bALOE
[ShotData] AfSMAI5jAQAAAG5jAfSMAG5bAgxTAG5bALOEAfSMAI5jAQAAAIIQAHJ8BfSMALOEAOxSAEEI/wAA
[ShotData] ngAAACAAALOEAPSMAFJ8AgAAAHJ8APSMALOEACAAAgAAAG5jCPSMAFF8AIIIAQAAAG5jCPSMAFF8
[ShotData] AIIIAgAAAEEIAIpKAFF8BfSMABB0ACAA/wAAnQAAAOcxAfSMAIpKAgAAAKtKAfSMAMcxAgAAAG5j
[ShotData] BfSMALOEAPBzAGpCAEEIAgAAAG5jBfSMALOEAPBzAGpCAEEIBgAAAEEIAOQYAKcxAOxSANSMAfSM
[ShotData] AOg5/wAAnQAAAM9rAfSMAAxTAmpCAAxbAfSMAK9rAgAAAG5jAfSMAOMYCQAAAG5jAfSMAOMYEQAA
[ShotData] AOgxAfSMAA1b/wAAnAAAAMMQCvSMAKIQAQAAAG5jAfSMAOMYCQAAAG5jAfSMAOMYCAAAAGYpAXJ8
[ShotData] ACk6BAAAAOQYAfSMAC1b/wAAnAAAAKtKCvSMAIpKAQAAAG5jAfSMAOMYCQAAAG5jAfSMAOMYCAAA
[ShotData] AIIQAfSMAHJ8AIIIAwAAAMtKAfSMAGpC/wAAnAAAAJJ8AfSMAGIIBAAAAIIIAfSMAHJ8AQAAAG5j
[ShotData] AfSMAOMYCQAAAG5jAfSMAOMYCQAAAG5jAfSMANOEAG5jAMtSAAxTADF0AfSMANOEAKIQ/wAAmwAA
[ShotData] AIYpAfSMAI5jBgAAAK9jAfSMAIYpAAAAAG5jAfSMAOMYCQAAAG5jAfSMAOMYCQAAAGEIABB0BvSM
[ShotData] ANOEAKYp/wAAnAAAAI5jAfSMAMcxBgAAAMcxAfSMAG5jAAAAAG5jAfSMAOMYCQAAAG5jAfSMAOMY
[ShotData] CgAAACAAACg6AM9rAJOEAPSMALOEABB0AKtKAKIQ/wAA/wAA/wAA/wAA/wAA/wAA/wAA/wAA/wAA
[ShotData] /wAA/wAA/wAA/wAA/wAA/wAA/wAA/wAA/wAA/wAA/wAA/wAA/wAA/wAA/wAA/wAA/wAA/wAA/wAA
[ShotData] /wAA/wAA/wAA/wAA/wAA/wAA/wAA/wAA/wAA/wAA/wAA/wAA/wAA/wAA/wAA/wAA/wAA/wAA/wAA
[ShotData] /wAA/wAA/wAA/wAA/wAA/wAA/wAA/wAA/wAA/wAA/wAA/wAA/wAA/wAA/wAA/wAA/wAA/wAA/wAA
[ShotData] /wAA/wAA/wAA/wAA/wAA/wAA/wAA/wAA/wAA/wAA/wAA/wAA/wAA/wAA/wAA/wAA/wAA/wAA/wAA
[ShotData] /wAA/wAA/wAA/wAA/wAA/wAA/wAA/wAA/wAA/wAA/wAA/wAA/wAA/wAA/wAA/wAA/wAA/wAA/wAA
[ShotData] /wAA/wAA/wAA/wAA/wAA/wAA/wAA/wAA/wAA/wAA/wAA/wAA/wAA/wAA/wAA/wAA/wAAdwAA
[ShotEnd] digital bytes=13449
[Shot] digital-items 468 468
[ShotData] /wAA/wAA/wAA/wAA/wAA/wAA/wAA/wAA/wAA/wAA/wAA/wAA/wAA/wAA/wAA/wAA/wAA/wAA/wAA
[ShotData] /wAA/wAA/wAA/wAA/wAA/wAA/wAA/wAA/wAA/wAA/wAA/wAA/wAA/wAA/wAA/wAA/wAA/wAA/wAA
[ShotData] /wAA/wAA/wAA/wAA/wAA/wAA/wAA/wAA/wAA/wAA/wAA/wAA/wAA/wAA/wAA/wAA/wAA/wAA/wAA
[ShotData] /wAA/wAA/wAA/wAA/wAA/wAA/wAA/wAA/wAA/wAA/wAA/wAA/wAA/wAA/wAA/wAA/wAA/wAA/wAA
[ShotData] /wAA/wAA/wAA/wAA/wAA/wAA/wAA/wAA/wAA/wAA/wAA/wAA/wAA/wAA/wAA/wAA/wAA/wAA/wAA
[ShotData] 9gAAAMIpACaFAOi2AGnHAMi2AAaFAKIpBAAAAGAIAORjAEemAEi/ACi/ACemAKRjAEAIAgAAACAA
[ShotData] AKRjAIeuAEi/ACemAGI6BgAAAGaNAInHAORj/wAAqwAAAONKBonHAMNKAgAAAIAIAGemBYnHAGem
[ShotData] AIAIAQAAAIRbBInHAEEhBAAAAGNCAInHAKiuAEAA/wAAhwAAAONKAEemEInHAEemAONKDQAAAIAI
[ShotData] AEi/AYnHAIaVACVsAKaVAYnHAEi/AGAIAQAAACVsAYnHAOi2AGV0AIV0AAi/AYnHAKV8AQAAAEem
[ShotData] AInHAEVsAIAIAGemAInHAORjAwAAAEAIAKiuAInHAEI6/wAAhwAAAONKFInHAONKDAAAAKNCAYnH
[ShotData] AKV8AgAAAOWEAYnHAINCAQAAAEemAInHAGnHAOEYAQAAACEZAYnHACi/AQAAAEi/AInHAEI6AAAA
[ShotData] AMV8AInHAMV8AwAAACVsAInHAEaN/wAAiAAAAEemAInHAEemAMIpDgAAAMIpAEemAInHAEemDAAA
[ShotData] AERTAYnHAONKAgAAACNTAYnHACNTAQAAAEaNAMedAAaFAwAAAIiuAYnHAEAIAAAAAYnHACI6AAAA
[ShotData] AKV8AInHAAaFAgAAAEEhAGnHAEi/AOEY/wAAiAAAAYnHAMIpEAAAAMIpAYnHDAAAAGI6AYnHAIV0
[ShotData] AgAAAMV8AYnHAEI6BwAAACAAACi/AInHAGnHAQAAAYnHACI6AAAAAKV8AInHAAaFAgAAAMeVAInH
[ShotData] AIRb/wAAiQAAAYnHAQAAC4nHBAAAAYnHAAAAAWV0CQAAAEAAAKiuAYnHAAaFAKRjACaFAYnHAGeu
[ShotData] ACAABwAAAGRbAYnHAIaVAQAAACi/AInHAEI6AAAAAMV8AInHAKV8AQAAAMNKAInHAGemASAAAMRj
[ShotData] AGeuACi/AOedAAIy/wAAgwAAAYnHAQAAC4nHBAAAAYnHAAAAAYnHCgAAACEZAAi3BInHAMi2AAEZ
[ShotData] BwAAAGI6AonHAOIxAQAAAEemAInHACVsAIAIAGemAInHAKRjAAAAAIAIAOi2AInHAOIxAAAAAMRj
[ShotData] A4nHAGnHAAEZ/wAAggAAAYnHAQAAC4nHBAAAAYnHAAAAAYnHCgAAAAaFBonHAIV0BgAAAMIpAEi/
[ShotData] AYnHAORjAgAAAGRbA4nHAGnHAAEZAAAAAIV0AInHAMV8AQAAAKiuAInHAARsAIAQAKiuAInHAIRb
[ShotData] /wAAggAAAYnHAQAAC4nHBAAAAYnHAAAAAYnHCQAAAANTAYnHAMeVAEEhAEAAAGEhAOedAYnHAGJC
[ShotData] BAAAAEEhAAi/AYnHAMV8AwAAACAAAORjAKiuAGjHACemACI6AAAAAIEpAInHACi/AKAQAAAAACAA
[ShotData] AYnHAAIyAAAAACaNAInHAGV0/wAAggAAAYnHAQAAC4nHBAAAAYnHAAAAAYnHCQAAAGaNAYnHACEZ
[ShotData] AgAAAIEpAYnHAMV8AwAAAMEQAMi2AYnHAGaNACAACgAAAAeeAInHACNTAQAAAEAAAYnHAMIpAAAA
[ShotData] AAaFAInHAKV8/wAAggAAAYnHAQAAC4nHBAAAAYnHAAAAAWV0CQAAAOedAYnHAIAQAgAAAAEZAYnH
[ShotData] AEaNAgAAAIAIAEemAYnHAMedAEAACgAAACNTAInHAAeeAgAAAEAAAYnHAMIpAAAAAAaFAInHAKV8
[ShotData] /wAAggAAAYnHAMIpEAAAAMIpAYnHDAAAACaFAYnHAANLAgAAAGRbAYnHAGV0AQAAAEAAAMeVAYnH
[ShotData] AEemAIAICgAAAKAQAAi/AInHAIEpAwAAAGnHAInHAOIxAAAAACaFAInHAEV0/wAAggAAAEemAInH
[ShotData] AEemAMIpDgAAAMIpAEemAInHAEemDAAAAINCAonHAEaNACVsAEaNAonHAMIxAQAAAMV8AonHAGaN
[ShotData] BKV8AGAIBQAAAMV8AInHAGV0BAAAAIiuAInHAGRbAAAAAEemAInHAERT/wAAggAAAONKFInHAONK
[ShotData] DQAAAKV8BonHAARsAgAAACemCInHAKAQBAAAAOIxAInHAOi2AIAIBAAAAMRjAYnHAAi/AInHAEi/
[ShotData] AMAQ/wAAgwAAAONKAEemEInHAEemAONKDwAAAINCAIaVAAi/AGnHAAi3AGaNACI6AwAAACemCInH
[ShotData] AKAQAwAAACAAAEemAInHAMNKBQAAACAAAARsAKiuAEi/AOedAOIx/wAA/wAA/wAA/wAA/wAA/wAA
[ShotData] /wAA/wAA/wAA/wAA/wAA/wAA/wAA/wAA/wAA/wAA/wAA/wAA/wAA/wAA/wAA/wAA/wAA/wAA/wAA
[ShotData] /wAA/wAA/wAA/wAA/wAA/wAA/wAA/wAA/wAA/wAA/wAA/wAA8wAAAEUhAM9zAHalAFnGAJvOAFrG
[ShotData] AJatABB8AGUpCwAAACQhArvOAIYpBwAAAJetDbvOAMtSEAAAAEUhAM9zAHalAFnGAJvOAFrGAJat
[ShotData] ABB8AGUpBQAAAElCDLvOAAxbAQAAAElCB7vOAJrGAPi1AJKMAElCDQAAAIIQADF8ArvOAHalBQAA
[ShotData] AKYxAFGEANe1AHrGAJrOAPi1ALOMAElK/wAAPwAAACAAAPB7CLvOABB8ACAACQAAAM9zArvOADGE
[ShotData] BwAAAJetDbvOAMtSDgAAACAAAPB7CLvOABB8ACAAAwAAAElCDLvOAAxbAQAAAElCC7vOADWlAKIQ
[ShotData] CgAAAKpSADm+A7vOAHalAwAAACAAAFGEB7vOADWlAKIQ/wAAPQAAAFGECrvOAPB7CAAAACAAADm+
[ShotData] ArvOAHrGAGEIBgAAAJetDbvOAMtSDgAAAFGECrvOAPB7AwAAAElCDLvOAAxbAQAAAElCDLvOAHal
[ShotData] ACAACAAAADWdBbvOAHalAwAAAPB7CbvOAFal/wAAPAAAAKYxArvOABm+AOxaAGUpAOMYAGYpAAxb
[ShotData] ADm+ArvOACUhBwAAAGlKBLvOAMtSBgAAAEUpA4YxAMcxArvOANOUBIYxAKIQDQAAAKYxArvOABm+
[ShotData] AOxaAGUpAOMYAGYpAAxbADm+ArvOACUhAgAAAElCArvOAC1jCIYxAKMQAQAAAElCArvOAC1jA4Yx
[ShotData] AOg5AE1jADm+ArvOAKpSCAAABrvOAHalAgAAAOQYArvOAJrOAG5rAIYpAEUpAOtaADm+ArvOAElK
[ShotData] /wAAOwAAAM9zArvOAAQhBAAAAGYpArvOAI5rBwAAABWdBLvOAHalCwAAACAAArvOADGEEwAAAM9z
[ShotData] ArvOAAQhBAAAAGYpArvOAI5rAgAAAElCArvOAChCCwAAAElCArvOAChCBQAAAGUpArvOANOUCAAA
[ShotData] AbvOABi+AElKAPi1AbvOAHalAgAAAOxaArvOAOxaAwAAAKcxArvOAFGE/wAAOwAAALOUAbvOANi1
[ShotData] BgAAAPScAbetAPB7BgAAAAQZArvOAG5rArvOAGUpCgAAACAAArvOADGEEwAAALOUAbvOANi1BgAA
[ShotData] APScAbetAPB7AgAAAElCArvOAChCCwAAAElCArvOAChCBgAAANe1AbvOALetCAAAAHrGAK9zAEEI
[ShotData] AAAAAPi1AbvOAHalAgAAAM9zArvOAMMYBAAAAHrGAbvOADWd/wAAOwAAALOMAbvOAJvOAIIQEAAA
[ShotData] AK9zAbvOABm+ACAAAPi1AbvOABB8CgAAACAAArvOADGEEwAAALOMAbvOAJvOAIIQDAAAAElCArvO
[ShotData] AChCCwAAAElCArvOAChCBgAAAHalAbvOAPi1CAAAAAQhAgAAAPi1AbvOAHalAgAAAPB7ArvOAKIQ
[ShotData] BAAAADm+AbvOAHal/wAAOwAAAG5rArvOAJatAChCAEEIDQAAACAAADm+AbvOAM9zAAAAAG5rAbvO
[ShotData] AHrGAEEICQAAACAAArvOADGEEwAAAG5rArvOAJatAChCAEEICgAAAElCArvOAChCCwAAAElCArvO
[ShotData] AChCBQAAAIIQAHrGAbvOADWdDAAAAPi1AbvOAHalAgAAAG5rArvOAElKAwAAACQhArvOAPSU/wAA
[ShotData] OwAAAOMYAJvOBLvOANe1ANSUAPBzAKtSAMMYCAAAAElCArvOAEUpAAAAAAQhArvOAKtSCQAAACAA
[ShotData] ArvOADGEEwAAAOMYAJvOBLvOANe1ANSUAPBzAKtSAMMYBQAAAElCArvOAC1jB4YxAwAAAElCArvO
[ShotData] AChCAwAAAEEIAIYpADWlArvOAG5rDAAAAPi1AbvOAHalAgAAAAg6ArvOADm+AGlKAIIQAGEIAOc5
[ShotData] ALetArvOAI5r/wAAPAAAAGlKAJvOCLvOAJOMAKIQBgAAAPScAbvOALetAgAAAFalAbvOAFalCQAA
[ShotData] ACAAArvOADGEFAAAAGlKAJvOCLvOAJOMAKIQAwAAAElCC7vOACAAAgAAAElCDLvOAFrGAIIQDAAA
[ShotData] APi1AbvOAHalAgAAACAAALetCrvOAGUp/wAAPQAAAEUhAJKMAJrOB7vOABi+AKMQBAAAAOMYArvO
[ShotData] AC1jAgAAAOtaArvOAEUhCAAAACAAArvOADGEFQAAAEUhAJKMAJrOB7vOABi+AKMQAgAAAElCC7vO
[ShotData] ACAAAgAAAElCC7vOAFrGAKYxDQAAAPi1AbvOAHalAwAAAEUhADm+CLvOADWd/wAAQAAAAEEIAIYx
[ShotData] AKpSAI5rAJKMANi1A7vOAFGEBAAAAI5rArvOAMMYAgAAAIIQAJvOAbvOAPB7CAAAACAAArvOADGE
[ShotData] FwAAAEEIAIYxAKpSAI5rAJKMANi1A7vOAFGEAgAAAElCC7vOACAAAgAAAElCCbvOAFrGABB8AMMY
[ShotData] DgAAAPi1AbvOAHalBAAAAMMQABB8ADm+AbvOAPi1A7vOAKYx/wAARgAAAAhCAJrOAbvOAHrGACAA
[ShotData] AgAAACAAABm+AbvOABWdBAAAALOUAbvOAFrGAEEIBwAAACAAArvOADGEHQAAAAhCAJrOAbvOAHrG
[ShotData] ACAAAQAAAElCArvOAChCCwAAAElCArvOAE1jA8cxAIYpAOQYEQAAAPi1AbvOAHalBwAAAGEIAEEI
[ShotData] AOxaArvOAJKM/wAAPAAAACAAAsMYAEEIBgAAABB8ArvOAMMYAgAAAChCDLvOAIpKBwAAACAAArvO
[ShotData] ADGEEgAAACAAAsMYAEEIBgAAABB8ArvOAMMYAQAAAElCArvOAChCCwAAAElCArvOAChCFwAAAPi1
[ShotData] AbvOAHalCAAAAGEIADm+AbvOAJrOAOMY/wAAPAAAAMMYArvOAC1jBgAAAI5rArvOAKIQAgAAANOU
[ShotData] DLvOADWdBwAAACAAArvOADGEEgAAAMMYArvOAC1jBgAAAI5rArvOAKIQAQAAAElCArvOAChCCwAA
[ShotData] AElCArvOAChCFwAAAPi1AbvOAHalCAAAAI5rArvOAI5r/wAAPgAAABm+AbvOAPi1AIIQBAAAAEEI
[ShotData] AJetAbvOAFrGAgAAAMMYDrvOACQhBgAAACAAArvOADGEEwAAABm+AbvOAPi1AIIQBAAAAEEIAJet
[ShotData] AbvOAFrGAgAAAElCArvOAChCCwAAAElCArvOAChCFwAAAPi1AbvOAHalBwAAAMMQAHrGAbvOADm+
[ShotData] AEEI/wAAPgAAAI5rArvOAPi1AC1jAMc5AEUpAKcxAMtSAJetArvOABB8AgAAAG5rArvOAElCBqIQ
[ShotData] AMc5ArvOAM9zBgAAACAAArvOADGEBgAAAFrGAbvOAElCCAAAAI5rArvOAPi1AC1jAMc5AEUpAKcx
[ShotData] AMtSAJetArvOABB8AgAAAElCArvOAC1jCIYxAKMQAQAAAElCArvOAChCFwAAAPi1AbvOAHalBwAA
[ShotData] ADGEArvOAKtS/wAAPwAAAEEIANe1CrvOAPi1AIIQAgAAAPi1AbvOADm+ACAABwAAANe1AbvOADm+
[ShotData] ACAABQAAACAAArvOADGEBgAAAFrGAbvOAElCCAAAAEEIANe1CrvOAPi1AIIQAgAAAElCDLvOAAxb
[ShotData] AQAAAElCArvOAChCFwAAAPi1AbvOAHalBgAAACUhArvOAJat/wAAQQAAAMMYADWlCLvOADWdAMMY
[ShotData] AgAAAAg6ArvOAM9zCAAAAG5rArvOAGlKBQAAACAAArvOADGEBgAAAFrGAbvOAElCCQAAAMMYADWl
[ShotData] CLvOADWdAMMYAwAAAElCDLvOAAxbAQAAAElCArvOAChCFwAAAPi1AbvOAHalBgAAAPSUArvOAMcx
[ShotData] /wAAQwAAAAg6AFGEALetAHrGALvOAFrGAJatADF8AOc5BAAAALOMArvOAGUpCAAAAAQZArvOABWd
[ShotData] BQAAACAAArvOADGEBgAAAFrGAbvOAElCCwAAAAg6AFGEALetAHrGALvOAFrGAJatADF8AOc5BQAA
[ShotData] AElCDLvOAAxbAQAAAElCArvOAChCFwAAAPi1AbvOAHalBQAAAMc5ArvOALOM/wAAdwAAAFrGAbvO
[ShotData] AElC/wAAzwAAAFrGAbvOAOc5/wAAzwAAAFrGAJvOAKpS/wAA0AAAAPi1AMc5/wAA0QAAAOMY/wAA
[ShotData] /wAA/wAA/wAA/wAA/wAA/wAA/wAA/wAA/wAA/wAA/wAA/wAA/wAA/wAA/wAA/wAA/wAA/wAA/wAA
[ShotData] /wAA/wAA/wAA/wAA/wAA/wAA/wAA/wAA/wAA/wAA/wAA/wAA/wAA/wAA/wAA/wAA/wAA/wAA/wAA
[ShotData] /wAA/wAA/wAA/wAA/wAA/wAA/wAA/wAA/wAA/wAA/wAA/wAA/wAA/wAA/wAA/wAA/wAA/wAA/wAA
[ShotData] /wAA/wAA/wAA/wAA/wAA/wAA/wAA/wAA/wAA/wAA/wAA/wAA/wAA/wAA/wAA/wAA/wAA/wAA/wAA
[ShotData] /wAA/wAA/wAA/wAA/wAA/wAA/wAA/wAA/wAA/wAA/wAA/wAA/wAA/wAA/wAA/wAA/wAA/wAA/wAA
[ShotData] /wAA/wAA/wAA/wAA/wAA/wAA/wAA/wAA/wAA/wAA/wAA/wAA/wAAXwAAAIIQAChCAE1rADCEAPOc
[ShotData] ADSlAHWtABSlALKUAFGMACxjAAhCAKIQ/wAAwwAAAKYxAFGMALrWDP//ANveAHGMAKYxJgAAAEUp
[ShotData] AAxjAJKUALa1ALrWAF3vAL73AP//AN//AH3vABznADjGADSlAM97AChCAGEI/wAAhwAAAOtaAJrW
[ShotData] Ev//AFnOAIpSIQAAAIYxAJKUABznDv//AN//ANe9AAxjAEEIQAAAAKpSCv//ABjGIgAAAIIQAPOc
[ShotData] Cf//ALa1/wAABAAAAChCALrWFv//AHnOAKYxHQAAAChCADjGFP//AJ73ADCEAIIQPgAAAJrWCv//
[ShotData] AAhCIQAAAMtaAF3vCv//ALa1/wAAAgAAACAAAHGMGv//ABCEGgAAAAQhANe9GP//AH3vAAxjPAAA
[ShotData] AIpSCv//ADjGIAAAAOMYALa1DP//ALa1/wAAAQAAAEEIALa1HP//AJa1AEEIFwAAAOtaAL73G///
[ShotData] AJa1AGEIOgAAAHnOCv//AElKHwAAAI5zAL73Df//ALa1/wAAAQAAADSlHv//ANe9ACAAFQAAAHGM
[ShotData] Hv//ALrWAAQhOAAAAGlKCv//AFnOHgAAAIYxAFnOD///ALa1/wAAAAAAAG1rIP//ANOcFAAAAJKU
[ShotData] IP//ABznAAQhNwAAAFnOCv//AGlKHAAAAEEIAFGMAN//EP//ALa1/wAAAKYxAN//If//AIpSEgAA
[ShotData] AM97Iv//APveAIIQNQAAAChCCv//AJrWHAAAAChCAPveEv//ALa1/wAAABjGIv//ADznAEEIEAAA
[ShotData] AAhCJP//ANe9NQAAADjGCv//AKpSGgAAAIIQABSlFP//ALa1/gAAAElKJP//AO97DwAAAEEIABzn
[ShotData] Jf//AE1rMwAAAAhCCv//ALrWGgAAAMtaAF3vFf//ALa1/gAAAHnODP//AL73AFWtAOtaAGUpAKIQ
[ShotData] ACAAAKIQAEUpAMtaABSlAJ73DP//AF3vAEEIDgAAABCED///ALrWAFWtALKUADCEAHGMABSlAPe9
[ShotData] AL73Dv//AJ73AKIQMgAAAPe9Cv//AMtaGQAAANe9F///ALa1/QAAAKYxDP//AFWtAOMYCAAAAKIQ
[ShotData] APOcDP//AOtaDQAAAGEIAJ73DP//ANveAE1rAKIQBgAAACAAAAhCAJa1Df//AFGMMQAAAOc5Cv//
[ShotData] ANveGgAAGP//ALa1/QAAAJKUC///AFGMDAAAAI5zC///ANe9DQAAAI5zDP//AM97DAAAAKYxAPve
[ShotData] C///AJ73AEEIMAAAANe9Cv//AOtaGgAAGP//ALa1/AAAACAAAF3vCv//AHWtDgAAAJKUC///AKIQ
[ShotData] DAAAAHnOCv//AN//AChCDgAAAGEIAFnOC///AMtaLwAAAKYxCv//APveACAAGgAAGP//ALa1/AAA
[ShotData] AAhCCv//AN//AOMYDgAAAGEIAF3vCv//AMtaCwAAAAQhC///ACxjEAAAAMMYABznCv//AFWtLwAA
[ShotData] ALa1Cv//ACxjGwAADP//ALrWAL73Cf//ALa1/AAAAO97Cv//ADSlEAAAABCECv//APOcCwAAAOta
[ShotData] Cv//AFnOEgAAAMtaCv//AF3vLgAAAIYxCv//ABznACAAGwAACv//AL73AM97ACAAAF3vCf//ALa1
[ShotData] /AAAANe9Cv//AGlKEAAAACQhCv//ANveCwAAALKUCv//AElKEwAAANveCv//AAQhLQAAAHWtCv//
[ShotData] AE1rHAAACf//ANe9AAQhAQAAAF3vCf//ALa1/AAAAJ73Cf//AN//AEEIEQAAANveCv//ACAACgAA
[ShotData] APe9Cf//AL73ACAAEwAAAHGMCv//AChCLAAAAGUpCv//ADznACAAHAAAB///AF3vAMtaAwAAAF3v
[ShotData] Cf//ALa1+wAAAIIQCv//AHnOEgAAAPOcCv//AGUpCgAAAPveCf//ANe9FAAAAGlKCv//AAxjLAAA
[ShotData] AFWtCv//AI5zHQAABv//ANOcAIIQBAAAAF3vCf//ALa1+wAAAIYxCv//ABSlEgAAAI5zCv//AGlK
[ShotData] CgAAAH3vCf//APOcFAAAAIYxCv//AI5zKwAAAEUpCv//AF3vAEEIHQAABP//AJrWAMc5BgAAAF3v
[ShotData] Cf//ALa1+wAAAIpSCv//AO97EgAAAGlKCv//ACxjCgAAAN//Cf//AFGMFAAAAOMYCv//AO97CAAA
[ShotData] AIIQC+MYFQAAADSlCv//AK5zHgAAAv//AL73AK5zACAABwAAAF3vCf//ALa1+wAAAAxjCv//AAxj
[ShotData] EgAAAIYxCv//AO97CgAACv//ABCEFAAAAMMYCv//ABCECAAAALa1C///FAAAACQhCv//AH3vAGEI
[ShotData] HgAAAf//ALa1AAQhCQAAAF3vCf//ALa1+wAAAG1rCv//AGlKEgAAAOMYCv//AFGMCgAACv//ABCE
[ShotData] FAAAAMMYCv//AO97CAAAALa1C///FAAAAPOcCv//AM97HwAAADznAKpSCwAAAF3vCf//ALa1+wAA
[ShotData] AK5zCv//AAhCEgAAAGEICv//AHGMCgAACv//AFGMFAAAAAQhCv//AM97CAAAALa1C///EwAAAAQh
[ShotData] AN//Cf//AH3vAGEIHwAAAGEIDAAAAF3vCf//ALa1+wAAAO97Cv//AMc5EgAAACAACv//ALKUCgAA
[ShotData] AL73Cf//APOcFAAAAKYxCv//AG1rCAAAALa1C///EwAAANOcCv//ABCELgAAAF3vCf//ALa1+wAA
[ShotData] ABCECv//AKYxEwAACv//ANOcCgAAAF3vCf//APe9FAAAAIpSCv//AOtaCAAAALa1C///EgAAAOMY
[ShotData] AN//Cf//AJ73AIIQLgAAAF3vCf//ALa1+wAAABCECv//AKYxEwAACv//ANOcCgAAAHnOCf//AL73
[ShotData] AEEIEwAAAJKUCv//AOc5CAAAALa1C///EgAAALKUCv//ADCELwAAAF3vCf//ALa1+wAAABCECv//
[ShotData] AKYxEwAACv//ANOcCgAAAHWtCv//AKpSEwAAAPveCv//AMMYCAAAALa1C///EQAAAMMYAL73Cf//
[ShotData] AL73AKIQLwAAAF3vCf//ALa1+wAAABCECv//AKYxEwAACv//ANOcCgAAAM97Cv//ALrWEgAAAOta
[ShotData] Cv//ADznCQAAALa1C///EQAAAHGMCv//AHGMMAAAAF3vCf//ALa1+wAAABCECv//AKYxEwAACv//
[ShotData] ANOcCgAAAOc5C///AFGMEAAAAMMYADznCv//AHWtCQAAALa1C///EAAAAKIQAL73Cf//AL73AMMY
[ShotData] BgAAAKIQCcMYAIIQHQAAAF3vCf//ALa1+wAAABCECv//AKYxEwAACv//ANOcCgAAACAAAH3vC///
[ShotData] AK5zDgAAAIIQAHnOC///AAxjCQAAALa1C///EAAAAFGMCv//AJKUBwAAAF3vCf//ALa1HQAAAF3v
[ShotData] Cf//ALa1+wAAABCECv//AKYxEwAACv//ANOcCwAAANOcDP//ADSlAIIQCwAAAMc5ABznDP//AKIQ
[ShotData] CQAAALa1C///DwAAAIIQAJ73Cf//AN//AMMYBwAAAF3vCf//ALa1HQAAAF3vCf//ALa1+wAAABCE
[ShotData] Cv//AKYxEwAACv//ANOcCwAAAEUpDf//AJ73AJKUAKYxACAABQAAAGEIAGlKANe9Df//ALa1CgAA
[ShotData] ALa1C///DwAAADCECv//ALKUCAAAAF3vCf//ALa1HQAAAF3vCf//ALa1+wAAABCECv//AKYxEwAA
[ShotData] Cv//ANOcDAAAAJa1D///AJ73ADjGAJa1ABSlADSlANe9ALrWEP//AIpSCgAAALa1C///DgAAAIIQ
[ShotData] AJ73Cf//AN//AOMYCAAAAF3vCf//ALa1HQAAAF3vCf//ALa1+wAAABCECv//AKYxEwAACv//ANOc
[ShotData] DAAAACQhAN//Jf//ABznACAAJgAAAO97Cv//APOcCQAAAF3vCf//ALa1HQAAAF3vCf//ALa1+wAA
[ShotData] ABCECv//AKYxEwAACv//ANOcDQAAAM97Jf//AG1rJgAAAGEIAH3vCv//AAQhCQAAAF3vCf//ALa1
[ShotData] HQAAAF3vCf//ALa1+wAAABCECv//AKYxEwAACv//ANOcDgAAANe9I///AF3vAEEIJgAAAM97Cv//
[ShotData] ABSlCgAAAF3vCf//ALa1HQAAAF3vCf//ALa1+wAAABCECv//AKYxEwAACv//ANOcDgAAAGEIAJrW
[ShotData] Iv//AI5zJgAAAEEIAF3vCv//AEUpCgAAAF3vCf//ALa1HQAAAF3vCf//ALa1+wAAABCECv//AKYx
[ShotData] EwAACv//ANOcDwAAAMMYAJrWIP//ABznAEEIJgAAAK5zCv//ADSlCwAAAF3vCf//ALa1HQAAAF3v
[ShotData] Cf//ALa1+wAAABCECv//AKYxEwAACv//ANOcEAAAAIIQAPe9H///AAxjJgAAAEEIAF3vCv//AGUp
[ShotData] CwAAAF3vCf//ALa1HQAAAF3vCf//ALa1+wAAABCECv//AKYxEwAACv//ANOcEgAAABCEAN//HP//
[ShotData] AFnOJwAAAG1rCv//AHWtDAAAAF3vCf//ALa1HQAAAF3vCf//ALa1+wAAABCECv//AKYxEwAACv//
[ShotData] ANOcEwAAAEUpANe9G///AMc5JgAAACAAADznCv//AIYxDAAAAF3vCf//ALa1HQAAAF3vCf//ALa1
[ShotData] +wAAABCECv//AKYxEwAACv//ANOcFQAAAIYxAPOcAH3vF///ABSlJwAAAE1rCv//AJa1DQAAAF3v
[ShotData] Cf//ALa1HQAAAF3vCf//ALa1+wAAABCECv//AKYxEwAACv//ANOcFwAAACAAAAhCAO97AHWtAJrW
[ShotData] AF3vAL73AP//AJ73ADznAHnOADSlABznCv//AJ73AMMYDwAAACQhC6YxCQAAACAAABznCv//AKYx
[ShotData] DQAAAF3vCf//ALa1HQAAAF3vCf//ALa1+wAAAO97Cv//AKYxEwAACv//ALKUIgAAAKYxC///AG1r
[ShotData] EAAAALa1C///CQAAACxjCv//ANe9DgAAAF3vCf//ALa1HQAAAF3vCf//ALa1+wAAAM97Cv//AMc5
[ShotData] EgAAAEEICv//ALKUIgAAAHnOCv//AJrWEQAAALa1C///CAAAACAAAPveCv//AMc5DgAAAF3vCf//
[ShotData] ALa1HQAAAF3vCf//ALa1+wAAAK5zCv//AAhCEgAAAIIQCv//AJKUIQAAAE1rC///AOc5EQAAALa1
[ShotData] C///CAAAAOtaCv//APe9DwAAAF3vCf//ALa1HQAAAF3vCf//ALa1+wAAAG1rCv//AIpSEgAAAAQh
[ShotData] Cv//ADCEIAAAAKIQAH3vCv//ABSlEgAAALa1C///CAAAANveLv//ALa1FQAAAF3vCf//ALa1+wAA
[ShotData] AMtaCv//AE1rEgAAAMc5Cv//AK5zIAAAABSlCv//AJ73AKIQEgAAALa1C///BwAAAIYxL///ALa1
[ShotData] FQAAAF3vCf//ALa1+wAAAAhCCv//ADCEEgAAAKpSCv//AMtaHwAAAOc5C///AG1rEwAAALa1C///
[ShotData] BwAAAKYxL///ALa1FQAAAF3vCf//ALa1+wAAAEUpCv//AHWtEgAAAO97Cv//AMc5HgAAACAAALrW
[ShotData] Cv//AHnOFAAAALa1C///BwAAAKYxL///ALa1FQAAAF3vCf//ALa1+wAAACAAAN//Cf//APveEgAA
[ShotData] AHWtCv//AKIQHgAAAK5zC///AMc5FAAAALa1C///BwAAAKYxL///ALa1FQAAAF3vCf//ALa1/AAA
[ShotData] ANveCv//AMMYEQAAAH3vCf//AH3vHgAAAOMYAJ73Cv//APOcFQAAALa1C///BwAAAKYxL///ALa1
[ShotData] FQAAAF3vCf//ALa1/AAAADSlCv//ACxjEAAAAOc5Cv//ANe9HgAAAHWtCv//AH3vAKIQFQAAALa1
[ShotData] C///BwAAAKYxL///ALa1FQAAAF3vCf//ALa1/AAAAE1rCv//ADjGEAAAABSlCv//ADCEHQAAAElK
[ShotData] C///AE1rFgAAALa1C///BwAAAKYxL///ALa1FQAAAF3vCf//ALa1/AAAACQhC///AOc5DgAAACQh
[ShotData] AN//Cv//AChCHAAAACAAANveCv//AHnOFwAAALa1C///BwAAAKYxL///ALa1FQAAAF3vCf//ALa1
[ShotData] /QAAALrWCv//ALrWAGEIDAAAACAAABjGCv//AJ73ACAAHAAAAO97C///AMc5FwAAALa1C///BwAA
[ShotData] AKYxL///ALa1FQAAAF3vCf//ALa1/QAAABCEC///ABjGAEEICgAAACAAAFWtC///ADSlHAAAAAQh
[ShotData] AL73Cv//APOcLQAAACQhHLa1AN//Cf//AF3vBra1AO97FQAAAF3vCf//ALa1/QAAAAQhDP//APve
[ShotData] AElKCAAAAMc5AJrWDP//AKYxHAAAALa1Cv//AH3vAKIQSwAAAF3vCf//ALa1HQAAAF3vCf//ALa1
[ShotData] /gAAAJa1Df//ABznAJKUAAxjAElKAMc5AElKAOtaAFGMANveDf//ABjGHAAAAIpSC///AE1rTAAA
[ShotData] AF3vCf//ALa1HQAAAF3vCf//ALa1/gAAAKYxJP//AKYxGwAAAEEIABznCv//AHnOTQAAAF3vCf//
[ShotData] ALa1HQAAAF3vCf//ALa1/wAAAFWtIv//APOcHAAAAFGMC///AKYxTQAAAF3vCf//ALa1HQAAAF3v
[ShotData] Cf//ALa1/wAAAKIQAF3vIP//ABznAKIQGwAAAEUpAN//Cv//ANOcTgAAAF3vCf//ALa1HQAAAF3v
[ShotData] Cf//ALa1/wAAAAAAAMc5AL73Hv//AN//AMc5HAAAAPe9Cv//AH3vAIIQTgAAAF3vCf//ALa1HQAA
[ShotData] AF3vCf//ALa1/wAAAQAAAElKAN//Hf//ACxjHAAAAOtaC///ACxjTwAAAF3vCf//ALa1HQAAAF3v
[ShotData] Cf//ALa1/wAAAgAAAIpSAJ73Gv//AN//AMtaHAAAAGEIAF3vCv//AFnOUAAAAF3vCf//ALa1HQAA
[ShotData] AF3vCf//ALa1/wAAAwAAAAQhAFnOGP//ADznAChCHQAAALKUC///AKYxUAAAAF3vCf//ALa1HQAA
[ShotData] AF3vCf//ALa1/wAABAAAACAAAO97AL73FP//AN//AJKUAIIQHQAAAIYxC///ANOcUQAAAF3vCf//
[ShotData] ALa1HQAAAF3vCf//ALa1/wAABgAAAKIQAFGMAH3vEP//AF3vAHGMAOMYHwAAAFnOCv//AH3vAIIQ
[ShotData] UQAAAF3vCf//ALa1HQAAAF3vCf//ALa1/wAACAAAAEEIAKpSADSlABznCv//APveANOcAGlKACAA
[ShotData] IAAAACxjC///ACxjUgAAAF3vCf//ALa1HQAAAF3vCf//ALa1/wAADAAAAGEIAKYxAMtaACxjAI5z
[ShotData] AO97AK5zAG1rAKpSAMc5AGEI/wAA/wAA/wAA/wAA/wAA/wAA/wAA/wAA/wAA/wAA/wAA/wAA/wAA
[ShotData] /wAA/wAA/wAA/wAA/wAA/wAA/wAA/wAA/wAA/wAA/wAA/wAA/wAA/wAA/wAA/wAA/wAA/wAA/wAA
[ShotData] /wAA/wAA/wAA/wAA/wAA/wAA/wAA/wAA/wAA/wAA/wAA/wAA/wAA/wAA/wAA/wAA/wAA/wAA/wAA
[ShotData] /wAA/wAA/wAA/wAA/wAA/wAA/wAA/wAA/wAA/wAA/wAA/wAA/wAA/wAA/wAA/wAA/wAA/wAA/wAA
[ShotData] /wAA/wAA/wAA/wAA/wAA/wAA/wAA/wAA/wAA/wAA/wAA/wAA/wAA/wAAAgAAAEBBAGF6AGKrAALM
[ShotData] AKLsSQP9AKLsAALMAGKrAGF6AEBBMwAAACgJAC8SABUjALkjAD0sSZ80AD0sALkjABUjAC8SACgJ
[ShotData] 9AAAAIBJAEGjAML0UwP9AML0AEGjAIBJLQAAAEkJAPQaAF4sU580AF4sAPQaAEkJ7wAAAAFiACLU
[ShotData] WQP9ACLUAAFiKQAAAMwRANorWZ80ANorAMwR6wAAAIBJAALMXQP9AALMAIBJJQAAAEkJALkjXZ80
[ShotData] ALkjAEkJ6AAAAOGSYQP9AOGSIwAAALIaYZ80ALIa5QAAAMAoAALMYwP9AALMAMAoHwAAAKUAAJkj
[ShotData] Y580AJkjAKUA4gAAACA5AKLsZQP9AKLsACA5HQAAAAcJAD0sZZ80AD0sAAcJ4AAAACA5AML0ZwP9
[ShotData] AML0ACA5GwAAAAcJAF4sZ580AF4sAAcJ3gAAAMAoAKLsaQP9AKLsAMAoGQAAAKUAAD0saZ80AD0s
[ShotData] AKUA3QAAAALMawP9AALMGQAAAJkja580AJkj3AAAAOGSCwP9AOLDAGFBCYAYAGFBAOLDUwP9AOGS
[ShotData] FwAAALIaC580AF9dAB/HAJ/vB7/vAJ/vAB/HAF9dU580ALIa2gAAAIBJDAP9AIF6ACAACQAAACAA
[ShotData] AIF6VAP9AIBJFQAAAEkJDJ80AF+eC///AF+eVJ80AEkJ2QAAAALMDAP9ACKbAIAYCQAAAIAYACKb
[ShotData] VAP9AALMFQAAALkjDJ80AN99AJ/nCf//AJ/nAN99VJ80ALkj2AAAAAFiDQP9AKPsAKKzAEKjASKj
[ShotData] ACE5AQAAACE5ASKjAEKjAKKzAKPsAQP9AIKzAAFqAAKbAKPsTwP9AAFiEwAAAMwRDZ80AN9EAJ9t
[ShotData] At99AD/PAf//AD/PAt99AJ9tAN9EAZ80AJ91AJ+uAP+FAN9ET580AMwR1wAAACLUEgP9AOFZAQAA
[ShotData] AOFZBQP9AMK7AIAYAAAAAIAYAOLDTwP9ACLUEwAAANorEp80AL+2Af//AL+2BZ80AH9lAJ/vAP//
[ShotData] AJ/vAF9lT580ANor1gAAAIBJDwP9AKPsACLUAIKCAIFJAGAQAQAAAGAQAIFJAIKCACLUAKPsAOP0
[ShotData] AGKrAIAYAQAAAIAYAOLDUAP9AIBJEQAAAEkJD580AN9EAD9VAD+WAP/GAL/vAf//AL/vAP/GAD+W
[ShotData] AD9VAN9EAL88AL91AJ/vAf//AL/vAF9lUJ80AEkJ1QAAAEGjDQP9AOP0AALMACFqAIAYBwAAAIAY
[ShotData] ACFqAMKKAMAgAQAAAGAYAKKCAKPsDQP9AEGrAEBBAEAQAAAAAIAYAMFZAELUBAP9AML0AGF6AMAo
[ShotData] ACAIAEAIAOAoAIGCAML0CwP9AIF6AQAAAMGKBgP9AEGrAEBBAEAQAAAAAIAYAMFZAELUEAP9AEGj
[ShotData] EQAAAPQaDZ80AL88AF9dAJ+uAJ/vB///AJ/vAJ+uAB+OAH/fAf//AL/vAD+WAN9EDZ80AN99AD/P
[ShotData] AN/3AP//AJ/vAL+2AD9VBJ80AN88AF+eAH/fAd/3AF/fAF+WAL88C580AF+eAf//AB+OBp80AN99
[ShotData] AD/PAN/3AP//AJ/vAL+2AD9VEJ80APQa1QAAAML0DAP9AMP0AEKjAAExACAACQAAACAAACAIAQAA
[ShotData] AGAQAKKCAKPsDQP9AEFyBQAAACAIAOLDAgP9AKLsAMAoBQAAAMAgAKLsCQP9AOL8AGAQAAAAAEAI
[ShotData] AML0BQP9AEFyBQAAACAIAOLDDwP9AML0EQAAAF4sDJ80AL88AN99AF/XC///AN/3Af//AL/vAD+W
[ShotData] AN9EDZ80AH+mBf//AN/3AF9lAp80AN9EAH/fBf//AH/fAN9ECZ80AL80AL/vAP//AN/3AN88BZ80
[ShotData] AH+mBf//AN/3AF9lD580AF4s1AAAAEBBDQP9ACKbAIAYAgAAAGAQAKFRAOKSAYKzAOKSAKFRAGAQ
[ShotData] BAAAAKKKAKPsDQP9AOLLAgAAACA5AMFZAIAYAQAAAMAoAgP9AEFyAQAAAGAQAAFqAAFiAGAQAQAA
[ShotData] AOFhCQP9AAGbAQAAACFyBQP9AOLLAgAAACA5AMFZAIAYAQAAAMAoEAP9AEBBDwAAACgJDZ80AN99
[ShotData] AJ/nAv//AL/vAN++AB+OAZ9tAB+OAN++AL/vBP//AD+WAN9EDZ80AF9dAv//AD/XAN+2AL/vAf//
[ShotData] AH/fAp80AH+mAf//AL/vAZ+uAL/3Af//AL+uCZ80AP+FAf//AH+mBZ80AF9dAv//AD/XAN+2AL/v
[ShotData] Af//AH/fEJ80ACgJ0wAAAGF6DAP9AALMAEAIAQAAACAIAKFRAEPUAMPsAOP0AQP9AOP0AMPsAEPU
[ShotData] AKFRACAIAgAAAOLDDgP9ACFyAQAAAOFZAQP9AKLsAGAQAQAAACLUAQP9AMAoAQAAAGLcAQP9AELc
[ShotData] AQAAAEAICQP9AOAoAQAAAGLcBQP9ACFyAQAAAOFZAQP9AKLsAGAQAQAAACLUDwP9AGF6DwAAAC8S
[ShotData] DJ80AD9dAN/3Af//AN/3AN++AB9VAL88AL80AZ80AL80AL88AB9VAN++AN/3Av//AF9dDp80AH+m
[ShotData] Af//AL+2AZ80AN9EAL/vAf//AD9VAZ80AH/fAf//AB9NAZ80AB9NAf//AN/3CZ80AH/fAf//AB9N
[ShotData] BZ80AH+mAf//AL+2AZ80AN9EAL/vAf//AD9VD580AC8S0wAAAGKrCwP9AKPkACE5AQAAAGAYAKKK
[ShotData] AOP0AQP9AKPsAcK7AKPsAQP9AOP0AKKKAGAYAQAAACE5AKPkDQP9AEBBAQAAAMK7AgP9AOFhAQAA
[ShotData] AEGjAQP9AIBJACA5AKFRAwP9AKAgAQAAAML0BwP9AKK7AQAAAKBRBgP9AEBBAQAAAMK7AgP9AOFh
[ShotData] AQAAAEGjDwP9AGKrDwAAABUjC580AN9EAD/PAf//AL/vAB+WAL88AZ80AN9EAX9lAN9EAZ80AL88
[ShotData] AB+WAL/vAf//AD/PAN9EDZ80AB/PAf//AH9lAp80AL+2Af//AN99AZ80AP/GAD/PAN++A580AJ/n
[ShotData] Af//AL88B580AJ9tAf//AN++Bp80AB/PAf//AH9lAp80AL+2Af//AN99D580ABUj0wAAAALMCwP9
[ShotData] AOKSAEAQAAAAAEAIAGFyAKPsAgP9AMKKAUAQAMKKAgP9AKPsAGFyAEAIAAAAAEAQAOKSDQP9AAAx
[ShotData] AQAAAELcAgP9AIF6AQAAAOGSBwP9AOL8AEAIAAAAACAAAAL9AELUAQAAAIAYAwP9AGBJAQAAAOLD
[ShotData] BgP9AAAxAQAAAELcAgP9AIF6AQAAAOGSDwP9AALMDwAAALkjC580AB+OAL/3AP//AN/3AF+eAN9E
[ShotData] Ap80AB+OAd/3AB+OAp80AN9EAF+eAN/3AP//AL/3AB+ODZ80AF/XAf//AB9NAp80AF+eAf//AP+F
[ShotData] B580AL80AN/3Af//AJ80AD9VAf//AL/vA580AB/HAf//AF9dBp80AF/XAf//AB9NAp80AF+eAf//
[ShotData] AP+FD580ALkj0wAAAKLsCgP9AIPkAKFRAQAAACE5AEPUAwP9AOFZAQAAAOFZAwP9AEPUACE5AQAA
[ShotData] AKFRAIPkDAP9AAAxAQAAAILkAgP9AKGCAQAAAOGSBwP9AMGKAQAAAEBBAAP9AELUAQAAAIAYAgP9
[ShotData] AELUAQAAAAAxBwP9AAAxAQAAAILkAgP9AKGCAQAAAOGSDwP9AKLsDwAAAD0sCp80AN9EAN++Af//
[ShotData] AD/PAB9VA580AL+2Af//AL+2A580AB9VAD/PAf//AN++AN9EDJ80AF/XAf//AP9MAp80AD+WAf//
[ShotData] AB+OB580AD+OAf//AB/PAJ80AD9VAf//AL/vAp80AD9VAf//AF/XB580AF/XAf//AP9MAp80AD+W
[ShotData] Af//AB+OD580AD0s0wAACwP9AOLDAOEoAAAAAEAQAMKKBAP9AOFZAQAAAOFZBAP9AKKCAEAIAAAA
[ShotData] AOEoAOLDDAP9AAAxAQAAAILkAgP9AKGCAQAAAOGSBgP9AGKrAgAAAMK7AAP9AELUAQAAAIAYAgP9
[ShotData] AAFiAQAAAEGrAAP9AALMAQAxAIGCAgP9AAAxAQAAAILkAgP9AKGCAQAAAOGSEAP9DwAAC580AF9l
[ShotData] AF/fAP//AN/3AB+OBJ80AL+2Af//AL+2BJ80AD+WAN/3AP//AF/fAF9lDJ80AF/XAf//AP9MAp80
[ShotData] AD+WAf//AB+OBp80AL91Av//AH9lAJ80AD9VAf//AL/vAp80AJ+uAf//AL91AJ80AF9dAV/XAF+W
[ShotData] Ap80AF/XAf//AP9MAp80AD+WAf//AB+OEJ800wAACwP9AEKjAGAQAAAAAKAgAALEBAP9AOFZAQAA
[ShotData] AOFZBAP9AALEAKAgAAAAAGAQAEKjDAP9AAAxAQAAAILkAgP9AKGCAQAAAOGSBQP9AMLDACAIAQAA
[ShotData] AGF6AQP9AOL0AeLDAALMAQP9AKLsACAIAAAAAKAYAAL9AAP9AMK7AQAAAOFZAgP9AAAxAQAAAILk
[ShotData] AgP9AKGCAQAAAOGSEAP9DwAAC580AN99AL/vAP//AJ/nAF9dBJ80AL+2Af//AL+2BJ80AF9dAJ/n
[ShotData] AP//AL/vAN99DJ80AF/XAf//AP9MAp80AD+WAf//AB+OBZ80AH9lAv//AF+eAZ80AL88AV9dAD9d
[ShotData] AZ80AN9EAN/3AP//AJ/nAL80AJ80AH9lAf//AL+2Ap80AF/XAf//AP9MAp80AD+WAf//AB+OEJ80
[ShotData] 0wAAAKLsCgP9AMKKAQAAAOEoAMPsBAP9AOFZAQAAAOFZBAP9AMPsAOEoAQAAAMKKDAP9AAAxAQAA
[ShotData] AILkAgP9AKGCAQAAAOGSBAP9ACLUAEAQAQAAAMFZAAL9BwP9AKGCAQAAAMGKAQP9AMK7AQAAAOFZ
[ShotData] AgP9AAAxAQAAAILkAgP9AKGCAQAAAOGSDwP9AKLsDwAAAD0sCp80AB+OAf//AF/fAL88BJ80AL+2
[ShotData] Af//AL+2BJ80AL88AF/fAf//AB+ODJ80AF/XAf//AP9MAp80AD+WAf//AB+OBJ80AD9VAN/3Af//
[ShotData] AN+2CJ80AD+WAf//AB+OAZ80AH9lAf//AL+2Ap80AF/XAf//AP9MAp80AD+WAf//AB+OD580AD0s
[ShotData] 0wAAAALMCgP9AMKKAQAAAOEwBQP9AOFhAQAAAOFhBQP9AOEwAQAAAMKKDAP9AAAxAQAAAELcAgP9
[ShotData] AIF6AQAAAAGTAwP9AILkAIAYAQAAAGBJAOL8BwP9AOL8AIAYAAAAAEAIAML0AQP9AMK7AQAAAOFZ
[ShotData] AgP9AAAxAQAAAELcAgP9AIF6AQAAAAGTDwP9AALMDwAAALkjCp80AB+OAf//AF/XBZ80AL+uAf//
[ShotData] AL+uBZ80AF/XAf//AB+ODJ80AF/XAf//AB9NAp80AF+eAf//AP+FA580AP9MAJ/vAf//AB/HAL80
[ShotData] B580AL80AL/vAP//AN/3AN88AZ80AH9lAf//AL+2Ap80AF/XAf//AB9NAp80AF+eAf//AP+FD580
[ShotData] ALkj0wAAAGKrCgP9AMKKAQAAAOAoAMPsBAP9AGKrAaAgAGKrBAP9AMPsAOAoAQAAAMKKDAP9AGBB
[ShotData] AQAAAMK7AgP9AOFhAQAAAEGrAgP9AKLsAMAoAQAAACA5AOL0CAP9AELcCgAAAOL8AAP9AGBBAQAA
[ShotData] AMK7AgP9AOFhAQAAAEGrDwP9AGKrDwAAABUjCp80AB+OAf//AH/fAN88BJ80AL91AZ/nAL91BJ80
[ShotData] AN88AH/fAf//AB+ODJ80AB/HAf//AH9lAp80AL+2Af//AL91Ap80AN88AH/fAf//AD/XAL88CJ80
[ShotData] AB9NCv//AL80AJ80AB/HAf//AH9lAp80AL+2Af//AL91D580ABUj0wAAAGF6CgP9AEKjAIAYAAAA
[ShotData] AKAgAMK7BAP9AOP0AaPsAOP0BAP9AMK7AKAgAAAAAIAYAEKjDAP9AEFyAQAAAOFZAQP9AKLsAGAQ
[ShotData] AQAAAELcAQP9AOL0ACA5AQAAAOAoAKLsBAP9AOL0AeLDAALMAAP9AELcCgAAAOL8AAP9AEFyAQAA
[ShotData] AOFZAQP9AKLsAGAQAQAAAELcDwP9AGF6DwAAAC8SCp80AL99AL/vAP//AJ/nAH9lBJ80AL88Ad9E
[ShotData] AL88BJ80AH9lAJ/nAP//AL/vAL99DJ80AH+mAf//AL+2AZ80AN9EAL/vAf//AB9VAZ80AL88AD/P
[ShotData] Af//AH/fAN88BJ80AL88AV9dAD9dAJ80AB9NCv//AL80AJ80AH+mAf//AL+2AZ80AN9EAL/vAf//
[ShotData] AB9VD580AC8S0wAAAEBBCgP9AOLDAOEwAAAAAEAIAIF6AOP8CwP9AOP8AIF6AEAIAAAAAOEwAOLD
[ShotData] DAP9AALMAgAAACA5AMFZAIAYAQAAAAAxAgP9AOFZAgAAAGBJBOFhAML0AELUAQAAAIAYAAP9AKLs
[ShotData] BeFhAGBJAQAAAMAgAOFhAAL9AAP9AALMAgAAACA5AMFZAIAYAQAAAAAxEAP9AEBBDwAAACgJCp80
[ShotData] AF9lAF/XAP//AN/3AF+eDZ80AF+eAN/3AP//AF/XAF9lDJ80AD9dAv//AD/XAN+2AJ/vAf//AF/X
[ShotData] Ap80AL+2Av//AB/HBL+uAN88AD9VAf//AL/vAJ80AN9EBb+uAB/HAf//AH/nAL+uAZ80AD9dAv//
[ShotData] AD/XAN+2AJ/vAf//AF/XEJ80ACgJ1AAAAML0CQP9AKPsAKFRAQAAACE5ACLMCwP9ACLMACE5AQAA
[ShotData] AKFRAKPsDQP9AEFyBQAAAEAIAALMAgP9AOAoCAAAAILkAELUAQAAAIAYBwP9AMK7AQAAAOFZAwP9
[ShotData] AEFyBQAAAEAIAALMDwP9AML0EQAAAF4sCZ80AN9EAN++Af//AD/XAD9dC580AD9dAD/XAf//AN++
[ShotData] AN9EDZ80AH+mBf//AN/3AF9dAp80AF/fCP//AP9EAD9VAf//AL/vB580AH9lAf//AL+2A580AH+m
[ShotData] Bf//AN/3AF9dD580AF4s1QAAAEGjCgP9AAKTAGAQAAAAACAIACFqAKPsCQP9AKPsACFqACAIAAAA
[ShotData] AGAQAAKTDwP9AEGjACA5AEAIAAAAAIAYAOFZAELcAwP9AOAoCAAAAILkAELUAQAAAIAYBwP9AMK7
[ShotData] AQAAAOFZBAP9AEGjACA5AEAIAAAAAIAYAOFZAELcEAP9AEGjEQAAAPQaCp80AP+FAL/vAP//AN/3
[ShotData] AH+mAN9ECZ80AN9EAH+mAN/3AP//AL/vAP+FD580AN99AD/PAN/3AP//AJ/vAL+2AB9NA580AF/f
[ShotData] CP//AP9EAD9VAf//AL/vB580AH9lAf//AL+2BJ80AN99AD/PAN/3AP//AJ/vAL+2AB9NEJ80APQa
[ShotData] 1QAAAIBJCgP9AMPsAEFBAQAAAEAQAIF6AOP0BwP9AOP0AIF6AEAQAQAAAEFBAMPsUgP9AIBJEQAA
[ShotData] AEkJCp80AN88AB/PAf//AN/3AF+eAL88B580AL88AF+eAN/3Af//AB/PAN88Up80AEkJ1gAAACLU
[ShotData] CgP9AGPcAIAYAgAAACE5AMLDAIPkAMP0AQP9AMP0AIPkAMLDACE5AgAAAIAYAGPcUgP9ACLUEwAA
[ShotData] ANorCp80AP9MAJ/vAv//AD/PAF9lAP9EAL88AZ80AL88AP9EAF9lAD/PAv//AJ/vAP9MUp80ANor
[ShotData] 1wAAAAFiCwP9AGKrAMAgAgAAAEAQAIFJAIF6ASKbAIF6AIFJAEAQAgAAAMAgAGKrUwP9AAFiEwAA
[ShotData] AMwRC580AL91AH/fAv//AN/3AP/GAF+eAd99AF+eAP/GAN/3Av//AH/fAL91U580AMwR2AAAAALM
[ShotData] CgP9AOP0AIKrAEE5ACAICQAAACAIAEE5AIKrAOP0UgP9AALMFQAAALkjCp80AL88AJ91AD/PAN//
[ShotData] Cf//AN//AD/PAJ91AL88Up80ALkj2QAAAIBJCwP9AOP0AEPUAGF6AIAYBwAAAIAYAGF6AEPUAOP0
[ShotData] UwP9AIBJFQAAAEkJC580AL80AB9VAF+eAJ/nB///AJ/nAF+eAB9VAL80U580AEkJ2gAAAOGSDAP9
[ShotData] AOP0AIPkAAKTAOFhAOAoAYAYAOAoAOFhAAKTAIPkAOP0VAP9AOGSFwAAALIaDJ80AL88AP9MAP+F
[ShotData] AL+uAH/fAb/vAH/fAL+uAP+FAP9MAL88VJ80ALIa3AAAAALMawP9AALMGQAAAJkja580AJkj3QAA
[ShotData] AMAoAKLsaQP9AKLsAMAoGQAAAKUAAD0saZ80AD0sAKUA3gAAACA5AML0ZwP9AML0ACA5GwAAAAcJ
[ShotData] AF4sZ580AF4sAAcJ4AAAACA5AKLsZQP9AKLsACA5HQAAAAcJAD0sZZ80AD0sAAcJ4gAAAMAoAALM
[ShotData] YwP9AALMAMAoHwAAAKUAAJkjY580AJkjAKUA5QAAAOGSYQP9AOGSIwAAALIaYZ80ALIa6AAAAIBJ
[ShotData] AALMXQP9AALMAIBJJQAAAEkJALkjXZ80ALkjAEkJ6wAAAAFiACLUWQP9ACLUAAFiKQAAAMwRANor
[ShotData] WZ80ANorAMwR7wAAAIBJAEGjAML0UwP9AML0AEGjAIBJLQAAAEkJAPQaAF4sU580AF4sAPQaAEkJ
[ShotData] 9AAAAEBBAGF6AGKrAALMAKLsSQP9AKLsAALMAGKrAGF6AEBBMwAAACgJAC8SABUjALkjAD0sSZ80
[ShotData] AD0sALkjABUjAC8SACgJ/wAA/wAA/wAA/wAA/wAA/wAA/wAA/wAA/wAA/wAA/wAA/wAA/wAA/wAA
[ShotData] /wAA/wAA/wAA/wAA/wAA/wAA/wAA/wAA/wAA/wAA/wAA/wAA/wAA/wAA/wAA/wAA/wAA/wAA/wAA
[ShotData] /wAA/wAA/wAA/wAA/wAA/wAA/wAA/wAA/wAA/wAA/wAA/wAA/wAA/wAA/wAA/wAA/wAA/wAA/wAA
[ShotData] /wAA/wAA/wAA/wAA/wAA/wAA/wAA/wAA/wAA/wAA/wAA/wAA/wAA/wAA/wAA/wAA/wAA/wAA/wAA
[ShotData] /wAAqQAABYnHAwAABYnH/wAAwwAABYnHAwAABYnH/wAAwwAABYnHAwAABYnH/wAAwwAABYnHAwAA
[ShotData] BYnH/wAAwwAABYnHAwAABYnH/wAAwwAABYnHAwAABYnH/wAA/wAA/wAA/wAA/wAA/wAA/wAA/wAA
[ShotData] /wAAEwAABYnHAwAABYnH/wAAwwAABYnHAwAABYnH/wAAwwAABYnHAwAABYnH/wAAwwAABYnHAwAA
[ShotData] BYnH/wAAwwAABYnHAwAABYnH/wAAwwAABYnHAwAABYnH/wAA/wAA/wAA/wAA/wAA/wAA/wAA/wAA
[ShotData] /wAA/wAA/wAA/wAA/wAA/wAA/wAA/wAA/wAA/wAAKQAAAFJ8APSMADF8BgAAAG5jBfSMALOEABB0
[ShotData] AIpCAEEIAgAAAG5jBfSMALOEABB0AIpCAEEIBAAAAIYpAG5jAHJ8ANSMALOEAPBzAIpCAEEI/wAA
[ShotData] ogAAAEUhAvSMAEUhBQAAAG5jCPSMAFF8AIIIAQAAAG5jCPSMAFF8AIIIAgAAAE1bBvSMAHJ8AKIQ
[ShotData] /wAAoQAAAE1bAvSMAC1bBQAAAG5jAfSMAE1bAuxSAE1bALOEAfSMAI5jAQAAAG5jAfSMAE1bAuxS
[ShotData] AE1bALOEAfSMAI5jAQAAAElCAfSMALOEAC1bAIpKAOxSAFJ8AfSMAM9r/wAAoAAAAGEIANSMAvSM
[ShotData] ANOEAEEIBAAAAG5jAfSMAOMYAwAAAKIQALOEAfSMAGEIAAAAAG5jAfSMAOMYAwAAAKIQALOEAfSM
[ShotData] AGEIAAAAADF0APSMANSMAMMQAgAAACAAAPBrAfSMAMMQ/wAAnwAAACk6AfSMAOxSAfSMAAg6BAAA
[ShotData] AG5jAfSMAOMYBAAAAE5bAfSMACQhAAAAAG5jAfSMAOMYBAAAAE5bAfSMACQhAAAAAfSMADF0BAAA
[ShotData] AIYpAU1bAAQZ/wAAnwAAABF0APSMAJJ8ACAAAJOEAPSMAPBzBAAAAG5jAfSMAOMYBAAAAE1bAfSM
[ShotData] ACUhAAAAAG5jAfSMAOMYBAAAAE1bAfSMACUhAAAAALOEAPSMANSMAAQZ/wAApgAAAAQZAfSMAMtS
[ShotData] AAAAAAxTAfSMAOQYAwAAAG5jAfSMAOMYAwAAAIIIAJOEAfSMAGIIAAAAAG5jAfSMAOMYAwAAAIII
[ShotData] AJOEAfSMAGIIAAAAAE1bAvSMAI9jAIpKAMcxAAQZACAA/wAAoQAAAAxTAfSMAAQZAAAAAEUhAfSM
[ShotData] AOxSAwAAAG5jAfSMAG5bAgxTAG5bALOEAfSMAI5jAQAAAG5jAfSMAG5bAgxTAG5bALOEAfSMAI5j
[ShotData] AQAAAIIQAHJ8BfSMALOEAOxSAEEI/wAAngAAACAAALOEAPSMAFJ8AgAAAHJ8APSMALOEACAAAgAA
[ShotData] AG5jCPSMAFF8AIIIAQAAAG5jCPSMAFF8AIIIAgAAAEEIAIpKAFF8BfSMABB0ACAA/wAAnQAAAOcx
[ShotData] AfSMAIpKAgAAAKtKAfSMAMcxAgAAAG5jBfSMALOEAPBzAGpCAEEIAgAAAG5jBfSMALOEAPBzAGpC
[ShotData] AEEIBgAAAEEIAOQYAKcxAOxSANSMAfSMAOg5/wAAnQAAAM9rAfSMAAxTAmpCAAxbAfSMAK9rAgAA
[ShotData] AG5jAfSMAOMYCQAAAG5jAfSMAOMYEQAAAOgxAfSMAA1b/wAAnAAAAMMQCvSMAKIQAQAAAG5jAfSM
[ShotData] AOMYCQAAAG5jAfSMAOMYCAAAAGYpAXJ8ACk6BAAAAOQYAfSMAC1b/wAAnAAAAKtKCvSMAIpKAQAA
[ShotData] AG5jAfSMAOMYCQAAAG5jAfSMAOMYCAAAAIIQAfSMAHJ8AIIIAwAAAMtKAfSMAGpC/wAAnAAAAJJ8
[ShotData] AfSMAGIIBAAAAIIIAfSMAHJ8AQAAAG5jAfSMAOMYCQAAAG5jAfSMAOMYCQAAAG5jAfSMANOEAG5j
[ShotData] AMtSAAxTADF0AfSMANOEAKIQ/wAAmwAAAIYpAfSMAI5jBgAAAK9jAfSMAIYpAAAAAG5jAfSMAOMY
[ShotData] CQAAAG5jAfSMAOMYCQAAAGEIABB0BvSMANOEAKYp/wAAnAAAAI5jAfSMAMcxBgAAAMcxAfSMAG5j
[ShotData] AAAAAG5jAfSMAOMYCQAAAG5jAfSMAOMYCgAAACAAACg6AM9rAJOEAPSMALOEABB0AKtKAKIQ/wAA
[ShotData] /wAA/wAA/wAA/wAA/wAA/wAA/wAA/wAA/wAA/wAA/wAA/wAA/wAA/wAA/wAA/wAA/wAA/wAA/wAA
[ShotData] /wAA/wAA/wAA/wAA/wAA/wAA/wAA/wAA/wAA/wAA/wAA/wAA/wAA/wAA/wAA/wAA/wAA/wAA/wAA
[ShotData] /wAA/wAA/wAA/wAA/wAA/wAA/wAA/wAA/wAA/wAA/wAA/wAA/wAA/wAA/wAA/wAA/wAA/wAA/wAA
[ShotData] /wAA/wAA/wAA/wAA/wAA/wAA/wAA/wAA/wAA/wAA/wAA/wAA/wAA/wAA/wAA/wAA/wAA/wAA/wAA
[ShotData] /wAA/wAA/wAA/wAA/wAA/wAA/wAA/wAA/wAA/wAA/wAA/wAA/wAA/wAA/wAA/wAA/wAACwAA
[ShotEnd] digital-items bytes=19605
[Shot] digital-seconds 468 468
[ShotData] /wAA/wAA/wAA/wAA/wAA/wAA/wAA/wAA/wAA/wAA/wAA/wAA/wAA/wAA/wAA/wAA/wAA/wAA/wAA
[ShotData] /wAA/wAA/wAA/wAA/wAA/wAA/wAA/wAA/wAA/wAA/wAA/wAA/wAA/wAA/wAA/wAA/wAA/wAA/wAA
[ShotData] /wAA/wAA/wAA/wAA/wAA/wAA/wAA/wAA/wAA/wAA/wAA/wAA/wAA/wAA/wAA/wAA/wAA/wAA/wAA
[ShotData] /wAA/wAA/wAA/wAA/wAA/wAA/wAA/wAA/wAA/wAA/wAA/wAA/wAA/wAA/wAA/wAA/wAA/wAA/wAA
[ShotData] /wAA/wAA/wAA/wAA/wAA/wAA/wAA/wAA/wAA/wAA/wAA/wAA/wAA/wAA/wAA/wAA/wAA/wAA/wAA
[ShotData] /wAA/wAA/wAA/wAA/wAA/wAA/wAA/wAA/wAA/wAA/wAA/wAA/wAA/wAA/wAA/wAA/wAA/wAA/wAA
[ShotData] /wAA/wAA/wAA/wAA/wAA/wAA/wAA/wAA/wAA/wAA/wAA/wAA/wAA/wAA3gAAAMIpACaFAOi2AGnH
[ShotData] AMi2AAaFAKIpBAAAAGAIAORjAEemAEi/ACi/ACemAKRjAEAIAgAAACAAAKRjAIeuAEi/ACemAGI6
[ShotData] BgAAAGaNAInHAORj/wAAqwAAAONKBonHAMNKAgAAAIAIAGemBYnHAGemAIAIAQAAAIRbBInHAEEh
[ShotData] BAAAAGNCAInHAKiuAEAA/wAAhwAAAONKAEemEInHAEemAONKDQAAAIAIAEi/AYnHAIaVACVsAKaV
[ShotData] AYnHAEi/AGAIAQAAACVsAYnHAOi2AGV0AIV0AAi/AYnHAKV8AQAAAEemAInHAEVsAIAIAGemAInH
[ShotData] AORjAwAAAEAIAKiuAInHAEI6/wAAhwAAAONKFInHAONKDAAAAKNCAYnHAKV8AgAAAOWEAYnHAINC
[ShotData] AQAAAEemAInHAGnHAOEYAQAAACEZAYnHACi/AQAAAEi/AInHAEI6AAAAAMV8AInHAMV8AwAAACVs
[ShotData] AInHAEaN/wAAiAAAAEemAInHAEemAMIpDgAAAMIpAEemAInHAEemDAAAAERTAYnHAONKAgAAACNT
[ShotData] AYnHACNTAQAAAEaNAMedAAaFAwAAAIiuAYnHAEAIAAAAAYnHACI6AAAAAKV8AInHAAaFAgAAAEEh
[ShotData] AGnHAEi/AOEY/wAAiAAAAYnHAMIpEAAAAMIpAYnHDAAAAGI6AYnHAIV0AgAAAMV8AYnHAEI6BwAA
[ShotData] ACAAACi/AInHAGnHAQAAAYnHACI6AAAAAKV8AInHAAaFAgAAAMeVAInHAIRb/wAAiQAAAYnHAQAA
[ShotData] C4nHBAAAAYnHAAAAAWV0CQAAAEAAAKiuAYnHAAaFAKRjACaFAYnHAGeuACAABwAAAGRbAYnHAIaV
[ShotData] AQAAACi/AInHAEI6AAAAAMV8AInHAKV8AQAAAMNKAInHAGemASAAAMRjAGeuACi/AOedAAIy/wAA
[ShotData] gwAAAYnHAQAAC4nHBAAAAYnHAAAAAYnHCgAAACEZAAi3BInHAMi2AAEZBwAAAGI6AonHAOIxAQAA
[ShotData] AEemAInHACVsAIAIAGemAInHAKRjAAAAAIAIAOi2AInHAOIxAAAAAMRjA4nHAGnHAAEZ/wAAggAA
[ShotData] AYnHAQAAC4nHBAAAAYnHAAAAAYnHCgAAAAaFBonHAIV0BgAAAMIpAEi/AYnHAORjAgAAAGRbA4nH
[ShotData] AGnHAAEZAAAAAIV0AInHAMV8AQAAAKiuAInHAARsAIAQAKiuAInHAIRb/wAAggAAAYnHAQAAC4nH
[ShotData] BAAAAYnHAAAAAYnHCQAAAANTAYnHAMeVAEEhAEAAAGEhAOedAYnHAGJCBAAAAEEhAAi/AYnHAMV8
[ShotData] AwAAACAAAORjAKiuAGjHACemACI6AAAAAIEpAInHACi/AKAQAAAAACAAAYnHAAIyAAAAACaNAInH
[ShotData] AGV0/wAAggAAAYnHAQAAC4nHBAAAAYnHAAAAAYnHCQAAAGaNAYnHACEZAgAAAIEpAYnHAMV8AwAA
[ShotData] AMEQAMi2AYnHAGaNACAACgAAAAeeAInHACNTAQAAAEAAAYnHAMIpAAAAAAaFAInHAKV8/wAAggAA
[ShotData] AYnHAQAAC4nHBAAAAYnHAAAAAWV0CQAAAOedAYnHAIAQAgAAAAEZAYnHAEaNAgAAAIAIAEemAYnH
[ShotData] AMedAEAACgAAACNTAInHAAeeAgAAAEAAAYnHAMIpAAAAAAaFAInHAKV8/wAAggAAAYnHAMIpEAAA
[ShotData] AMIpAYnHDAAAACaFAYnHAANLAgAAAGRbAYnHAGV0AQAAAEAAAMeVAYnHAEemAIAICgAAAKAQAAi/
[ShotData] AInHAIEpAwAAAGnHAInHAOIxAAAAACaFAInHAEV0/wAAggAAAEemAInHAEemAMIpDgAAAMIpAEem
[ShotData] AInHAEemDAAAAINCAonHAEaNACVsAEaNAonHAMIxAQAAAMV8AonHAGaNBKV8AGAIBQAAAMV8AInH
[ShotData] AGV0BAAAAIiuAInHAGRbAAAAAEemAInHAERT/wAAggAAAONKFInHAONKDQAAAKV8BonHAARsAgAA
[ShotData] ACemCInHAKAQBAAAAOIxAInHAOi2AIAIBAAAAMRjAYnHAAi/AInHAEi/AMAQ/wAAgwAAAONKAEem
[ShotData] EInHAEemAONKDwAAAINCAIaVAAi/AGnHAAi3AGaNACI6AwAAACemCInHAKAQAwAAACAAAEemAInH
[ShotData] AMNKBQAAACAAAARsAKiuAEi/AOedAOIx/wAA/wAA/wAA/wAA/wAA/wAA/wAA/wAA/wAA/wAA/wAA
[ShotData] /wAA/wAA/wAA/wAA/wAA/wAA/wAA/wAA/wAA/wAA/wAA/wAA/wAA/wAA/wAA/wAA/wAA/wAA/wAA
[ShotData] /wAA/wAA/wAA/wAA/wAA/wAA/wAA8wAAAEUhAM9zAHalAFnGAJvOAFrGAJatABB8AGUpCwAAACQh
[ShotData] ArvOAIYpBwAAAJetDbvOAMtSEAAAAEUhAM9zAHalAFnGAJvOAFrGAJatABB8AGUpBQAAAElCDLvO
[ShotData] AAxbAQAAAElCB7vOAJrGAPi1AJKMAElCDQAAAIIQADF8ArvOAHalBQAAAKYxAFGEANe1AHrGAJrO
[ShotData] APi1ALOMAElK/wAAPwAAACAAAPB7CLvOABB8ACAACQAAAM9zArvOADGEBwAAAJetDbvOAMtSDgAA
[ShotData] ACAAAPB7CLvOABB8ACAAAwAAAElCDLvOAAxbAQAAAElCC7vOADWlAKIQCgAAAKpSADm+A7vOAHal
[ShotData] AwAAACAAAFGEB7vOADWlAKIQ/wAAPQAAAFGECrvOAPB7CAAAACAAADm+ArvOAHrGAGEIBgAAAJet
[ShotData] DbvOAMtSDgAAAFGECrvOAPB7AwAAAElCDLvOAAxbAQAAAElCDLvOAHalACAACAAAADWdBbvOAHal
[ShotData] AwAAAPB7CbvOAFal/wAAPAAAAKYxArvOABm+AOxaAGUpAOMYAGYpAAxbADm+ArvOACUhBwAAAGlK
[ShotData] BLvOAMtSBgAAAEUpA4YxAMcxArvOANOUBIYxAKIQDQAAAKYxArvOABm+AOxaAGUpAOMYAGYpAAxb
[ShotData] ADm+ArvOACUhAgAAAElCArvOAC1jCIYxAKMQAQAAAElCArvOAC1jA4YxAOg5AE1jADm+ArvOAKpS
[ShotData] CAAABrvOAHalAgAAAOQYArvOAJrOAG5rAIYpAEUpAOtaADm+ArvOAElK/wAAOwAAAM9zArvOAAQh
[ShotData] BAAAAGYpArvOAI5rBwAAABWdBLvOAHalCwAAACAAArvOADGEEwAAAM9zArvOAAQhBAAAAGYpArvO
[ShotData] AI5rAgAAAElCArvOAChCCwAAAElCArvOAChCBQAAAGUpArvOANOUCAAAAbvOABi+AElKAPi1AbvO
[ShotData] AHalAgAAAOxaArvOAOxaAwAAAKcxArvOAFGE/wAAOwAAALOUAbvOANi1BgAAAPScAbetAPB7BgAA
[ShotData] AAQZArvOAG5rArvOAGUpCgAAACAAArvOADGEEwAAALOUAbvOANi1BgAAAPScAbetAPB7AgAAAElC
[ShotData] ArvOAChCCwAAAElCArvOAChCBgAAANe1AbvOALetCAAAAHrGAK9zAEEIAAAAAPi1AbvOAHalAgAA
[ShotData] AM9zArvOAMMYBAAAAHrGAbvOADWd/wAAOwAAALOMAbvOAJvOAIIQEAAAAK9zAbvOABm+ACAAAPi1
[ShotData] AbvOABB8CgAAACAAArvOADGEEwAAALOMAbvOAJvOAIIQDAAAAElCArvOAChCCwAAAElCArvOAChC
[ShotData] BgAAAHalAbvOAPi1CAAAAAQhAgAAAPi1AbvOAHalAgAAAPB7ArvOAKIQBAAAADm+AbvOAHal/wAA
[ShotData] OwAAAG5rArvOAJatAChCAEEIDQAAACAAADm+AbvOAM9zAAAAAG5rAbvOAHrGAEEICQAAACAAArvO
[ShotData] ADGEEwAAAG5rArvOAJatAChCAEEICgAAAElCArvOAChCCwAAAElCArvOAChCBQAAAIIQAHrGAbvO
[ShotData] ADWdDAAAAPi1AbvOAHalAgAAAG5rArvOAElKAwAAACQhArvOAPSU/wAAOwAAAOMYAJvOBLvOANe1
[ShotData] ANSUAPBzAKtSAMMYCAAAAElCArvOAEUpAAAAAAQhArvOAKtSCQAAACAAArvOADGEEwAAAOMYAJvO
[ShotData] BLvOANe1ANSUAPBzAKtSAMMYBQAAAElCArvOAC1jB4YxAwAAAElCArvOAChCAwAAAEEIAIYpADWl
[ShotData] ArvOAG5rDAAAAPi1AbvOAHalAgAAAAg6ArvOADm+AGlKAIIQAGEIAOc5ALetArvOAI5r/wAAPAAA
[ShotData] AGlKAJvOCLvOAJOMAKIQBgAAAPScAbvOALetAgAAAFalAbvOAFalCQAAACAAArvOADGEFAAAAGlK
[ShotData] AJvOCLvOAJOMAKIQAwAAAElCC7vOACAAAgAAAElCDLvOAFrGAIIQDAAAAPi1AbvOAHalAgAAACAA
[ShotData] ALetCrvOAGUp/wAAPQAAAEUhAJKMAJrOB7vOABi+AKMQBAAAAOMYArvOAC1jAgAAAOtaArvOAEUh
[ShotData] CAAAACAAArvOADGEFQAAAEUhAJKMAJrOB7vOABi+AKMQAgAAAElCC7vOACAAAgAAAElCC7vOAFrG
[ShotData] AKYxDQAAAPi1AbvOAHalAwAAAEUhADm+CLvOADWd/wAAQAAAAEEIAIYxAKpSAI5rAJKMANi1A7vO
[ShotData] AFGEBAAAAI5rArvOAMMYAgAAAIIQAJvOAbvOAPB7CAAAACAAArvOADGEFwAAAEEIAIYxAKpSAI5r
[ShotData] AJKMANi1A7vOAFGEAgAAAElCC7vOACAAAgAAAElCCbvOAFrGABB8AMMYDgAAAPi1AbvOAHalBAAA
[ShotData] AMMQABB8ADm+AbvOAPi1A7vOAKYx/wAARgAAAAhCAJrOAbvOAHrGACAAAgAAACAAABm+AbvOABWd
[ShotData] BAAAALOUAbvOAFrGAEEIBwAAACAAArvOADGEHQAAAAhCAJrOAbvOAHrGACAAAQAAAElCArvOAChC
[ShotData] CwAAAElCArvOAE1jA8cxAIYpAOQYEQAAAPi1AbvOAHalBwAAAGEIAEEIAOxaArvOAJKM/wAAPAAA
[ShotData] ACAAAsMYAEEIBgAAABB8ArvOAMMYAgAAAChCDLvOAIpKBwAAACAAArvOADGEEgAAACAAAsMYAEEI
[ShotData] BgAAABB8ArvOAMMYAQAAAElCArvOAChCCwAAAElCArvOAChCFwAAAPi1AbvOAHalCAAAAGEIADm+
[ShotData] AbvOAJrOAOMY/wAAPAAAAMMYArvOAC1jBgAAAI5rArvOAKIQAgAAANOUDLvOADWdBwAAACAAArvO
[ShotData] ADGEEgAAAMMYArvOAC1jBgAAAI5rArvOAKIQAQAAAElCArvOAChCCwAAAElCArvOAChCFwAAAPi1
[ShotData] AbvOAHalCAAAAI5rArvOAI5r/wAAPgAAABm+AbvOAPi1AIIQBAAAAEEIAJetAbvOAFrGAgAAAMMY
[ShotData] DrvOACQhBgAAACAAArvOADGEEwAAABm+AbvOAPi1AIIQBAAAAEEIAJetAbvOAFrGAgAAAElCArvO
[ShotData] AChCCwAAAElCArvOAChCFwAAAPi1AbvOAHalBwAAAMMQAHrGAbvOADm+AEEI/wAAPgAAAI5rArvO
[ShotData] APi1AC1jAMc5AEUpAKcxAMtSAJetArvOABB8AgAAAG5rArvOAElCBqIQAMc5ArvOAM9zBgAAACAA
[ShotData] ArvOADGEBgAAAFrGAbvOAElCCAAAAI5rArvOAPi1AC1jAMc5AEUpAKcxAMtSAJetArvOABB8AgAA
[ShotData] AElCArvOAC1jCIYxAKMQAQAAAElCArvOAChCFwAAAPi1AbvOAHalBwAAADGEArvOAKtS/wAAPwAA
[ShotData] AEEIANe1CrvOAPi1AIIQAgAAAPi1AbvOADm+ACAABwAAANe1AbvOADm+ACAABQAAACAAArvOADGE
[ShotData] BgAAAFrGAbvOAElCCAAAAEEIANe1CrvOAPi1AIIQAgAAAElCDLvOAAxbAQAAAElCArvOAChCFwAA
[ShotData] APi1AbvOAHalBgAAACUhArvOAJat/wAAQQAAAMMYADWlCLvOADWdAMMYAgAAAAg6ArvOAM9zCAAA
[ShotData] AG5rArvOAGlKBQAAACAAArvOADGEBgAAAFrGAbvOAElCCQAAAMMYADWlCLvOADWdAMMYAwAAAElC
[ShotData] DLvOAAxbAQAAAElCArvOAChCFwAAAPi1AbvOAHalBgAAAPSUArvOAMcx/wAAQwAAAAg6AFGEALet
[ShotData] AHrGALvOAFrGAJatADF8AOc5BAAAALOMArvOAGUpCAAAAAQZArvOABWdBQAAACAAArvOADGEBgAA
[ShotData] AFrGAbvOAElCCwAAAAg6AFGEALetAHrGALvOAFrGAJatADF8AOc5BQAAAElCDLvOAAxbAQAAAElC
[ShotData] ArvOAChCFwAAAPi1AbvOAHalBQAAAMc5ArvOALOM/wAAdwAAAFrGAbvOAElC/wAAzwAAAFrGAbvO
[ShotData] AOc5/wAAzwAAAFrGAJvOAKpS/wAA0AAAAPi1AMc5/wAA0QAAAOMY/wAA/wAA/wAA/wAA/wAA/wAA
[ShotData] /wAA/wAA/wAA/wAA/wAA/wAA/wAA/wAA/wAA/wAA/wAA/wAA/wAA/wAA/wAA/wAA/wAA/wAA/wAA
[ShotData] /wAA/wAA/wAA/wAA/wAA/wAA/wAA/wAA/wAA/wAA/wAA/wAA/wAA/wAA/wAA/wAA/wAA/wAA/wAA
[ShotData] /wAA/wAA/wAA/wAA/wAA/wAA/wAA/wAA/wAA/wAA/wAA/wAA/wAA/wAA/wAA/wAA/wAA/wAA/wAA
[ShotData] /wAA/wAA/wAA/wAA/wAA/wAA/wAA/wAA/wAA/wAA/wAA/wAA/wAA/wAA/wAA/wAA/wAA/wAA/wAA
[ShotData] /wAA/wAA/wAA/wAA/wAA/wAA/wAA/wAA/wAA/wAA/wAA/wAA/wAA/wAA/wAA/wAA/wAA/wAA/wAA
[ShotData] /wAA/wAA/wAA/wAA/wAA/wAA/wAA/wAA/wAA/wAA/wAA/wAA/wAA/wAA/wAA/wAA/wAA/wAA/wAA
[ShotData] /wAA/wAA/wAA/wAA/wAA/wAA/wAAYgAAAIIQAChCAE1rADCEAPOcADSlAHWtABSlALKUAFGMACxj
[ShotData] AAhCAKIQ/wAAAQAAAIIQAChCAE1rADCEAPOcADSlAHWtABSlALKUAFGMACxjAAhCAKIQKgAAAIIQ
[ShotData] AChCAE1rADCEAPOcADSlAHWtABSlALKUAFGMACxjAAhCAKIQfAAAAKYxAFGMALrWDP//ANveAHGM
[ShotData] AKYxJgAAAEUpAAxjAJKUALa1ALrWAF3vAL73AP//AN//AH3vABznADjGADSlAM97AChCAGEIxAAA
[ShotData] AKYxAFGMALrWDP//ANveAHGMAKYxJAAAAKYxAFGMALrWDP//ANveAHGMAKYxdwAAAOtaAJrWEv//
[ShotData] AFnOAIpSIQAAAIYxAJKUABznDv//AN//ANe9AAxjAEEISgAAAKpSCv//ABjGIgAAAIIQAPOcCf//
[ShotData] ALa1NwAAAOtaAJrWEv//AFnOAIpSIAAAAOtaAJrWEv//AFnOAIpScwAAAChCALrWFv//AHnOAKYx
[ShotData] HQAAAChCADjGFP//AJ73ADCEAIIQSAAAAJrWCv//AAhCIQAAAMtaAF3vCv//ALa1NQAAAChCALrW
[ShotData] Fv//AHnOAKYxHAAAAChCALrWFv//AHnOAKYxbwAAACAAAHGMGv//ABCEGgAAAAQhANe9GP//AH3v
[ShotData] AAxjRgAAAIpSCv//ADjGIAAAAOMYALa1DP//ALa1MwAAACAAAHGMGv//ABCEGQAAACAAAHGMGv//
[ShotData] ABCEbQAAAEEIALa1HP//AJa1AEEIFwAAAOtaAL73G///AJa1AGEIRAAAAHnOCv//AElKHwAAAI5z
[ShotData] AL73Df//ALa1MgAAAEEIALa1HP//AJa1AEEIFgAAAEEIALa1HP//AJa1AEEIawAAADSlHv//ANe9
[ShotData] ACAAFQAAAHGMHv//ALrWAAQhQgAAAGlKCv//AFnOHgAAAIYxAFnOD///ALa1MgAAADSlHv//ANe9
[ShotData] ACAAFQAAADSlHv//ANe9ACAAaQAAAG1rIP//ANOcFAAAAJKUIP//ABznAAQhQQAAAFnOCv//AGlK
[ShotData] HAAAAEEIAFGMAN//EP//ALa1MQAAAG1rIP//ANOcFAAAAG1rIP//ANOcaAAAAKYxAN//If//AIpS
[ShotData] EgAAAM97Iv//APveAIIQPwAAAChCCv//AJrWHAAAAChCAPveEv//ALa1MAAAAKYxAN//If//AIpS
[ShotData] EgAAAKYxAN//If//AIpSZwAAABjGIv//ADznAEEIEAAAAAhCJP//ANe9PwAAADjGCv//AKpSGgAA
[ShotData] AIIQABSlFP//ALa1MAAAABjGIv//ADznAEEIEQAAABjGIv//ADznAEEIZQAAAElKJP//AO97DwAA
[ShotData] AEEIABznJf//AE1rPQAAAAhCCv//ALrWGgAAAMtaAF3vFf//ALa1LwAAAElKJP//AO97EAAAAElK
[ShotData] JP//AO97ZQAAAHnODP//AL73AFWtAOtaAGUpAKIQACAAAKIQAEUpAMtaABSlAJ73DP//AF3vAEEI
[ShotData] DgAAABCED///ALrWAFWtALKUADCEAHGMABSlAPe9AL73Dv//AJ73AKIQPAAAAPe9Cv//AMtaGQAA
[ShotData] ANe9F///ALa1LwAAAHnODP//AL73AFWtAOtaAGUpAKIQACAAAKIQAEUpAMtaABSlAJ73DP//AF3v
[ShotData] AEEIDwAAAHnODP//AL73AFWtAOtaAGUpAKIQACAAAKIQAEUpAMtaABSlAJ73DP//AF3vAEEIYwAA
[ShotData] AKYxDP//AFWtAOMYCAAAAKIQAPOcDP//AOtaDQAAAGEIAJ73DP//ANveAE1rAKIQBgAAACAAAAhC
[ShotData] AJa1Df//AFGMOwAAAOc5Cv//ANveGgAAGP//ALa1LgAAAKYxDP//AFWtAOMYCAAAAKIQAPOcDP//
[ShotData] AOtaDgAAAKYxDP//AFWtAOMYCAAAAKIQAPOcDP//AOtaYwAAAJKUC///AFGMDAAAAI5zC///ANe9
[ShotData] DQAAAI5zDP//AM97DAAAAKYxAPveC///AJ73AEEIOgAAANe9Cv//AOtaGgAAGP//ALa1LgAAAJKU
[ShotData] C///AFGMDAAAAI5zC///ANe9DgAAAJKUC///AFGMDAAAAI5zC///ANe9YgAAACAAAF3vCv//AHWt
[ShotData] DgAAAJKUC///AKIQDAAAAHnOCv//AN//AChCDgAAAGEIAFnOC///AMtaOQAAAKYxCv//APveACAA
[ShotData] GgAAGP//ALa1LQAAACAAAF3vCv//AHWtDgAAAJKUC///AKIQDAAAACAAAF3vCv//AHWtDgAAAJKU
[ShotData] C///AKIQYQAAAAhCCv//AN//AOMYDgAAAGEIAF3vCv//AMtaCwAAAAQhC///ACxjEAAAAMMYABzn
[ShotData] Cv//AFWtOQAAALa1Cv//ACxjGwAADP//ALrWAL73Cf//ALa1LQAAAAhCCv//AN//AOMYDgAAAGEI
[ShotData] AF3vCv//AMtaDAAAAAhCCv//AN//AOMYDgAAAGEIAF3vCv//AMtaYQAAAO97Cv//ADSlEAAAABCE
[ShotData] Cv//APOcCwAAAOtaCv//AFnOEgAAAMtaCv//AF3vOAAAAIYxCv//ABznACAAGwAACv//AL73AM97
[ShotData] ACAAAF3vCf//ALa1LQAAAO97Cv//ADSlEAAAABCECv//APOcDAAAAO97Cv//ADSlEAAAABCECv//
[ShotData] APOcYQAAANe9Cv//AGlKEAAAACQhCv//ANveCwAAALKUCv//AElKEwAAANveCv//AAQhNwAAAHWt
[ShotData] Cv//AE1rHAAACf//ANe9AAQhAQAAAF3vCf//ALa1LQAAANe9Cv//AGlKEAAAACQhCv//ANveDAAA
[ShotData] ANe9Cv//AGlKEAAAACQhCv//ANveYQAAAJ73Cf//AN//AEEIEQAAANveCv//ACAACgAAAPe9Cf//
[ShotData] AL73ACAAEwAAAHGMCv//AChCNgAAAGUpCv//ADznACAAHAAAB///AF3vAMtaAwAAAF3vCf//ALa1
[ShotData] LQAAAJ73Cf//AN//AEEIEQAAANveCv//ACAACwAAAJ73Cf//AN//AEEIEQAAANveCv//ACAAXwAA
[ShotData] AIIQCv//AHnOEgAAAPOcCv//AGUpCgAAAPveCf//ANe9FAAAAGlKCv//AAxjNgAAAFWtCv//AI5z
[ShotData] HQAABv//ANOcAIIQBAAAAF3vCf//ALa1LAAAAIIQCv//AHnOEgAAAPOcCv//AGUpCgAAAIIQCv//
[ShotData] AHnOEgAAAPOcCv//AGUpXwAAAIYxCv//ABSlEgAAAI5zCv//AGlKCgAAAH3vCf//APOcFAAAAIYx
[ShotData] Cv//AI5zNQAAAEUpCv//AF3vAEEIHQAABP//AJrWAMc5BgAAAF3vCf//ALa1LAAAAIYxCv//ABSl
[ShotData] EgAAAI5zCv//AGlKCgAAAIYxCv//ABSlEgAAAI5zCv//AGlKXwAAAIpSCv//AO97EgAAAGlKCv//
[ShotData] ACxjCgAAAN//Cf//AFGMFAAAAOMYCv//AO97CAAAAIIQC+MYHwAAADSlCv//AK5zHgAAAv//AL73
[ShotData] AK5zACAABwAAAF3vCf//ALa1FQAAAIIQC+MYCQAAAIpSCv//AO97EgAAAGlKCv//ACxjCgAAAIpS
[ShotData] Cv//AO97EgAAAGlKCv//ACxjXwAAAAxjCv//AAxjEgAAAIYxCv//AO97CgAACv//ABCEFAAAAMMY
[ShotData] Cv//ABCECAAAALa1C///HgAAACQhCv//AH3vAGEIHgAAAf//ALa1AAQhCQAAAF3vCf//ALa1FQAA
[ShotData] ALa1C///CQAAAAxjCv//AAxjEgAAAIYxCv//AO97CgAAAAxjCv//AAxjEgAAAIYxCv//AO97XwAA
[ShotData] AG1rCv//AGlKEgAAAOMYCv//AFGMCgAACv//ABCEFAAAAMMYCv//AO97CAAAALa1C///HgAAAPOc
[ShotData] Cv//AM97HwAAADznAKpSCwAAAF3vCf//ALa1FQAAALa1C///CQAAAG1rCv//AGlKEgAAAOMYCv//
[ShotData] AFGMCgAAAG1rCv//AGlKEgAAAOMYCv//AFGMXwAAAK5zCv//AAhCEgAAAGEICv//AHGMCgAACv//
[ShotData] AFGMFAAAAAQhCv//AM97CAAAALa1C///HQAAAAQhAN//Cf//AH3vAGEIHwAAAGEIDAAAAF3vCf//
[ShotData] ALa1FQAAALa1C///CQAAAK5zCv//AAhCEgAAAGEICv//AHGMCgAAAK5zCv//AAhCEgAAAGEICv//
[ShotData] AHGMXwAAAO97Cv//AMc5EgAAACAACv//ALKUCgAAAL73Cf//APOcFAAAAKYxCv//AG1rCAAAALa1
[ShotData] C///HQAAANOcCv//ABCELgAAAF3vCf//ALa1FQAAALa1C///CQAAAO97Cv//AMc5EgAAACAACv//
[ShotData] ALKUCgAAAO97Cv//AMc5EgAAACAACv//ALKUXwAAABCECv//AKYxEwAACv//ANOcCgAAAF3vCf//
[ShotData] APe9FAAAAIpSCv//AOtaCAAAALa1C///HAAAAOMYAN//Cf//AJ73AIIQLgAAAF3vCf//ALa1FQAA
[ShotData] ALa1C///CQAAABCECv//AKYxEwAACv//ANOcCgAAABCECv//AKYxEwAACv//ANOcXwAAABCECv//
[ShotData] AKYxEwAACv//ANOcCgAAAHnOCf//AL73AEEIEwAAAJKUCv//AOc5CAAAALa1C///HAAAALKUCv//
[ShotData] ADCELwAAAF3vCf//ALa1FQAAALa1C///CQAAABCECv//AKYxEwAACv//ANOcCgAAABCECv//AKYx
[ShotData] EwAACv//ANOcXwAAABCECv//AKYxEwAACv//ANOcCgAAAHWtCv//AKpSEwAAAPveCv//AMMYCAAA
[ShotData] ALa1C///GwAAAMMYAL73Cf//AL73AKIQLwAAAF3vCf//ALa1FQAAALa1C///CQAAABCECv//AKYx
[ShotData] EwAACv//ANOcCgAAABCECv//AKYxEwAACv//ANOcXwAAABCECv//AKYxEwAACv//ANOcCgAAAM97
[ShotData] Cv//ALrWEgAAAOtaCv//ADznCQAAALa1C///GwAAAHGMCv//AHGMMAAAAF3vCf//ALa1FQAAALa1
[ShotData] C///CQAAABCECv//AKYxEwAACv//ANOcCgAAABCECv//AKYxEwAACv//ANOcXwAAABCECv//AKYx
[ShotData] EwAACv//ANOcCgAAAOc5C///AFGMEAAAAMMYADznCv//AHWtCQAAALa1C///GgAAAKIQAL73Cf//
[ShotData] AL73AMMYBgAAAKIQCcMYAIIQHQAAAF3vCf//ALa1FQAAALa1C///CQAAABCECv//AKYxEwAACv//
[ShotData] ANOcCgAAABCECv//AKYxEwAACv//ANOcXwAAABCECv//AKYxEwAACv//ANOcCgAAACAAAH3vC///
[ShotData] AK5zDgAAAIIQAHnOC///AAxjCQAAALa1C///GgAAAFGMCv//AJKUBwAAAF3vCf//ALa1HQAAAF3v
[ShotData] Cf//ALa1FQAAALa1C///CQAAABCECv//AKYxEwAACv//ANOcCgAAABCECv//AKYxEwAACv//ANOc
[ShotData] XwAAABCECv//AKYxEwAACv//ANOcCwAAANOcDP//ADSlAIIQCwAAAMc5ABznDP//AKIQCQAAALa1
[ShotData] C///GQAAAIIQAJ73Cf//AN//AMMYBwAAAF3vCf//ALa1HQAAAF3vCf//ALa1FQAAALa1C///CQAA
[ShotData] ABCECv//AKYxEwAACv//ANOcCgAAABCECv//AKYxEwAACv//ANOcXwAAABCECv//AKYxEwAACv//
[ShotData] ANOcCwAAAEUpDf//AJ73AJKUAKYxACAABQAAAGEIAGlKANe9Df//ALa1CgAAALa1C///GQAAADCE
[ShotData] Cv//ALKUCAAAAF3vCf//ALa1HQAAAF3vCf//ALa1FQAAALa1C///CQAAABCECv//AKYxEwAACv//
[ShotData] ANOcCgAAABCECv//AKYxEwAACv//ANOcXwAAABCECv//AKYxEwAACv//ANOcDAAAAJa1D///AJ73
[ShotData] ADjGAJa1ABSlADSlANe9ALrWEP//AIpSCgAAALa1C///GAAAAIIQAJ73Cf//AN//AOMYCAAAAF3v
[ShotData] Cf//ALa1HQAAAF3vCf//ALa1FQAAALa1C///CQAAABCECv//AKYxEwAACv//ANOcCgAAABCECv//
[ShotData] AKYxEwAACv//ANOcXwAAABCECv//AKYxEwAACv//ANOcDAAAACQhAN//Jf//ABznACAAMAAAAO97
[ShotData] Cv//APOcCQAAAF3vCf//ALa1HQAAAF3vCf//ALa1LAAAABCECv//AKYxEwAACv//ANOcCgAAABCE
[ShotData] Cv//AKYxEwAACv//ANOcXwAAABCECv//AKYxEwAACv//ANOcDQAAAM97Jf//AG1rMAAAAGEIAH3v
[ShotData] Cv//AAQhCQAAAF3vCf//ALa1HQAAAF3vCf//ALa1LAAAABCECv//AKYxEwAACv//ANOcCgAAABCE
[ShotData] Cv//AKYxEwAACv//ANOcXwAAABCECv//AKYxEwAACv//ANOcDgAAANe9I///AF3vAEEIMAAAAM97
[ShotData] Cv//ABSlCgAAAF3vCf//ALa1HQAAAF3vCf//ALa1LAAAABCECv//AKYxEwAACv//ANOcCgAAABCE
[ShotData] Cv//AKYxEwAACv//ANOcXwAAABCECv//AKYxEwAACv//ANOcDgAAAGEIAJrWIv//AI5zMAAAAEEI
[ShotData] AF3vCv//AEUpCgAAAF3vCf//ALa1HQAAAF3vCf//ALa1LAAAABCECv//AKYxEwAACv//ANOcCgAA
[ShotData] ABCECv//AKYxEwAACv//ANOcXwAAABCECv//AKYxEwAACv//ANOcDwAAAMMYAJrWIP//ABznAEEI
[ShotData] MAAAAK5zCv//ADSlCwAAAF3vCf//ALa1HQAAAF3vCf//ALa1LAAAABCECv//AKYxEwAACv//ANOc
[ShotData] CgAAABCECv//AKYxEwAACv//ANOcXwAAABCECv//AKYxEwAACv//ANOcEAAAAIIQAPe9H///AAxj
[ShotData] MAAAAEEIAF3vCv//AGUpCwAAAF3vCf//ALa1HQAAAF3vCf//ALa1LAAAABCECv//AKYxEwAACv//
[ShotData] ANOcCgAAABCECv//AKYxEwAACv//ANOcXwAAABCECv//AKYxEwAACv//ANOcEgAAABCEAN//HP//
[ShotData] AFnOMQAAAG1rCv//AHWtDAAAAF3vCf//ALa1HQAAAF3vCf//ALa1LAAAABCECv//AKYxEwAACv//
[ShotData] ANOcCgAAABCECv//AKYxEwAACv//ANOcXwAAABCECv//AKYxEwAACv//ANOcEwAAAEUpANe9G///
[ShotData] AMc5MAAAACAAADznCv//AIYxDAAAAF3vCf//ALa1HQAAAF3vCf//ALa1LAAAABCECv//AKYxEwAA
[ShotData] Cv//ANOcCgAAABCECv//AKYxEwAACv//ANOcXwAAABCECv//AKYxEwAACv//ANOcFQAAAIYxAPOc
[ShotData] AH3vF///ABSlMQAAAE1rCv//AJa1DQAAAF3vCf//ALa1HQAAAF3vCf//ALa1LAAAABCECv//AKYx
[ShotData] EwAACv//ANOcCgAAABCECv//AKYxEwAACv//ANOcXwAAABCECv//AKYxEwAACv//ANOcFwAAACAA
[ShotData] AAhCAO97AHWtAJrWAF3vAL73AP//AJ73ADznAHnOADSlABznCv//AJ73AMMYDwAAACQhC6YxEwAA
[ShotData] ACAAABznCv//AKYxDQAAAF3vCf//ALa1HQAAAF3vCf//ALa1FQAAACQhC6YxCQAAABCECv//AKYx
[ShotData] EwAACv//ANOcCgAAABCECv//AKYxEwAACv//ANOcXwAAAO97Cv//AKYxEwAACv//ALKUIgAAAKYx
[ShotData] C///AG1rEAAAALa1C///EwAAACxjCv//ANe9DgAAAF3vCf//ALa1HQAAAF3vCf//ALa1FQAAALa1
[ShotData] C///CQAAAO97Cv//AKYxEwAACv//ALKUCgAAAO97Cv//AKYxEwAACv//ALKUXwAAAM97Cv//AMc5
[ShotData] EgAAAEEICv//ALKUIgAAAHnOCv//AJrWEQAAALa1C///EgAAACAAAPveCv//AMc5DgAAAF3vCf//
[ShotData] ALa1HQAAAF3vCf//ALa1FQAAALa1C///CQAAAM97Cv//AMc5EgAAAEEICv//ALKUCgAAAM97Cv//
[ShotData] AMc5EgAAAEEICv//ALKUXwAAAK5zCv//AAhCEgAAAIIQCv//AJKUIQAAAE1rC///AOc5EQAAALa1
[ShotData] C///EgAAAOtaCv//APe9DwAAAF3vCf//ALa1HQAAAF3vCf//ALa1FQAAALa1C///CQAAAK5zCv//
[ShotData] AAhCEgAAAIIQCv//AJKUCgAAAK5zCv//AAhCEgAAAIIQCv//AJKUXwAAAG1rCv//AIpSEgAAAAQh
[ShotData] Cv//ADCEIAAAAKIQAH3vCv//ABSlEgAAALa1C///EgAAANveLv//ALa1FQAAAF3vCf//ALa1FQAA
[ShotData] ALa1C///CQAAAG1rCv//AIpSEgAAAAQhCv//ADCECgAAAG1rCv//AIpSEgAAAAQhCv//ADCEXwAA
[ShotData] AMtaCv//AE1rEgAAAMc5Cv//AK5zIAAAABSlCv//AJ73AKIQEgAAALa1C///EQAAAIYxL///ALa1
[ShotData] FQAAAF3vCf//ALa1FQAAALa1C///CQAAAMtaCv//AE1rEgAAAMc5Cv//AK5zCgAAAMtaCv//AE1r
[ShotData] EgAAAMc5Cv//AK5zXwAAAAhCCv//ADCEEgAAAKpSCv//AMtaHwAAAOc5C///AG1rEwAAALa1C///
[ShotData] EQAAAKYxL///ALa1FQAAAF3vCf//ALa1FQAAALa1C///CQAAAAhCCv//ADCEEgAAAKpSCv//AMta
[ShotData] CgAAAAhCCv//ADCEEgAAAKpSCv//AMtaXwAAAEUpCv//AHWtEgAAAO97Cv//AMc5HgAAACAAALrW
[ShotData] Cv//AHnOFAAAALa1C///EQAAAKYxL///ALa1FQAAAF3vCf//ALa1FQAAALa1C///CQAAAEUpCv//
[ShotData] AHWtEgAAAO97Cv//AMc5CgAAAEUpCv//AHWtEgAAAO97Cv//AMc5XwAAACAAAN//Cf//APveEgAA
[ShotData] AHWtCv//AKIQHgAAAK5zC///AMc5FAAAALa1C///EQAAAKYxL///ALa1FQAAAF3vCf//ALa1FQAA
[ShotData] ALa1C///CQAAACAAAN//Cf//APveEgAAAHWtCv//AKIQCgAAACAAAN//Cf//APveEgAAAHWtCv//
[ShotData] AKIQYAAAANveCv//AMMYEQAAAH3vCf//AH3vHgAAAOMYAJ73Cv//APOcFQAAALa1C///EQAAAKYx
[ShotData] L///ALa1FQAAAF3vCf//ALa1FQAAALa1C///CgAAANveCv//AMMYEQAAAH3vCf//AH3vDAAAANve
[ShotData] Cv//AMMYEQAAAH3vCf//AH3vYQAAADSlCv//ACxjEAAAAOc5Cv//ANe9HgAAAHWtCv//AH3vAKIQ
[ShotData] FQAAALa1C///EQAAAKYxL///ALa1FQAAAF3vCf//ALa1FQAAALa1C///CgAAADSlCv//ACxjEAAA
[ShotData] AOc5Cv//ANe9DAAAADSlCv//ACxjEAAAAOc5Cv//ANe9YQAAAE1rCv//ADjGEAAAABSlCv//ADCE
[ShotData] HQAAAElKC///AE1rFgAAALa1C///EQAAAKYxL///ALa1FQAAAF3vCf//ALa1FQAAALa1C///CgAA
[ShotData] AE1rCv//ADjGEAAAABSlCv//ADCEDAAAAE1rCv//ADjGEAAAABSlCv//ADCEYQAAACQhC///AOc5
[ShotData] DgAAACQhAN//Cv//AChCHAAAACAAANveCv//AHnOFwAAALa1C///EQAAAKYxL///ALa1FQAAAF3v
[ShotData] Cf//ALa1FQAAALa1C///CgAAACQhC///AOc5DgAAACQhAN//Cv//AChCDAAAACQhC///AOc5DgAA
[ShotData] ACQhAN//Cv//AChCYgAAALrWCv//ALrWAGEIDAAAACAAABjGCv//AJ73ACAAHAAAAO97C///AMc5
[ShotData] FwAAALa1C///EQAAAKYxL///ALa1FQAAAF3vCf//ALa1FQAAALa1C///CwAAALrWCv//ALrWAGEI
[ShotData] DAAAACAAABjGCv//AJ73ACAADQAAALrWCv//ALrWAGEIDAAAACAAABjGCv//AJ73ACAAYgAAABCE
[ShotData] C///ABjGAEEICgAAACAAAFWtC///ADSlHAAAAAQhAL73Cv//APOcNwAAACQhHLa1AN//Cf//AF3v
[ShotData] Bra1AO97FQAAAF3vCf//ALa1LgAAABCEC///ABjGAEEICgAAACAAAFWtC///ADSlDgAAABCEC///
[ShotData] ABjGAEEICgAAACAAAFWtC///ADSlYwAAAAQhDP//APveAElKCAAAAMc5AJrWDP//AKYxHAAAALa1
[ShotData] Cv//AH3vAKIQVQAAAF3vCf//ALa1HQAAAF3vCf//ALa1LgAAAAQhDP//APveAElKCAAAAMc5AJrW
[ShotData] DP//AKYxDgAAAAQhDP//APveAElKCAAAAMc5AJrWDP//AKYxZAAAAJa1Df//ABznAJKUAAxjAElK
[ShotData] AMc5AElKAOtaAFGMANveDf//ABjGHAAAAIpSC///AE1rVgAAAF3vCf//ALa1HQAAAF3vCf//ALa1
[ShotData] LwAAAJa1Df//ABznAJKUAAxjAElKAMc5AElKAOtaAFGMANveDf//ABjGEAAAAJa1Df//ABznAJKU
[ShotData] AAxjAElKAMc5AElKAOtaAFGMANveDf//ABjGZQAAAKYxJP//AKYxGwAAAEEIABznCv//AHnOVwAA
[ShotData] AF3vCf//ALa1HQAAAF3vCf//ALa1LwAAAKYxJP//AKYxEAAAAKYxJP//AKYxZgAAAFWtIv//APOc
[ShotData] HAAAAFGMC///AKYxVwAAAF3vCf//ALa1HQAAAF3vCf//ALa1MAAAAFWtIv//APOcEgAAAFWtIv//
[ShotData] APOcZwAAAKIQAF3vIP//ABznAKIQGwAAAEUpAN//Cv//ANOcWAAAAF3vCf//ALa1HQAAAF3vCf//
[ShotData] ALa1MAAAAKIQAF3vIP//ABznAKIQEgAAAKIQAF3vIP//ABznAKIQaAAAAMc5AL73Hv//AN//AMc5
[ShotData] HAAAAPe9Cv//AH3vAIIQWAAAAF3vCf//ALa1HQAAAF3vCf//ALa1MQAAAMc5AL73Hv//AN//AMc5
[ShotData] FAAAAMc5AL73Hv//AN//AMc5agAAAElKAN//Hf//ACxjHAAAAOtaC///ACxjWQAAAF3vCf//ALa1
[ShotData] HQAAAF3vCf//ALa1MgAAAElKAN//Hf//ACxjFgAAAElKAN//Hf//ACxjbAAAAIpSAJ73Gv//AN//
[ShotData] AMtaHAAAAGEIAF3vCv//AFnOWgAAAF3vCf//ALa1HQAAAF3vCf//ALa1MwAAAIpSAJ73Gv//AN//
[ShotData] AMtaGAAAAIpSAJ73Gv//AN//AMtabgAAAAQhAFnOGP//ADznAChCHQAAALKUC///AKYxWgAAAF3v
[ShotData] Cf//ALa1HQAAAF3vCf//ALa1NAAAAAQhAFnOGP//ADznAChCGgAAAAQhAFnOGP//ADznAChCcAAA
[ShotData] ACAAAO97AL73FP//AN//AJKUAIIQHQAAAIYxC///ANOcWwAAAF3vCf//ALa1HQAAAF3vCf//ALa1
[ShotData] NQAAACAAAO97AL73FP//AN//AJKUAIIQHAAAACAAAO97AL73FP//AN//AJKUAIIQcwAAAKIQAFGM
[ShotData] AH3vEP//AF3vAHGMAOMYHwAAAFnOCv//AH3vAIIQWwAAAF3vCf//ALa1HQAAAF3vCf//ALa1NwAA
[ShotData] AKIQAFGMAH3vEP//AF3vAHGMAOMYIAAAAKIQAFGMAH3vEP//AF3vAHGMAOMYdwAAAEEIAKpSADSl
[ShotData] ABznCv//APveANOcAGlKACAAIAAAACxjC///ACxjXAAAAF3vCf//ALa1HQAAAF3vCf//ALa1OQAA
[ShotData] AEEIAKpSADSlABznCv//APveANOcAGlKACAAJAAAAEEIAKpSADSlABznCv//APveANOcAGlKACAA
[ShotData] fQAAAGEIAKYxAMtaACxjAI5zAO97AK5zAG1rAKpSAMc5AGEI/wAAAwAAAGEIAKYxAMtaACxjAI5z
[ShotData] AO97AK5zAG1rAKpSAMc5AGEILAAAAGEIAKYxAMtaACxjAI5zAO97AK5zAG1rAKpSAMc5AGEI/wAA
[ShotData] /wAA/wAA/wAA/wAA/wAA/wAA/wAA/wAA/wAA/wAA/wAA/wAA/wAA/wAA/wAA/wAA/wAA/wAA/wAA
[ShotData] /wAA/wAA/wAA/wAA/wAA/wAA/wAA/wAA/wAA/wAA/wAA/wAA/wAA/wAA/wAA/wAA/wAA/wAA/wAA
[ShotData] /wAA/wAA/wAA/wAA/wAA/wAA/wAA/wAA/wAA/wAA/wAA/wAA/wAA/wAA/wAA/wAA/wAA/wAA/wAA
[ShotData] /wAA/wAA/wAA/wAA/wAA/wAA/wAA/wAA/wAA/wAA/wAA/wAA/wAA/wAA/wAA/wAA/wAA/wAA/wAA
[ShotData] /wAA/wAA/wAA/wAA/wAA/wAA/wAA/wAA/wAA/wAA/wAA/wAA/wAA/wAA/wAA/wAA/wAA/wAA/wAA
[ShotData] /wAA/wAA/wAA/wAA/wAA/wAA/wAA/wAA/wAA/wAA/wAA/wAA/wAA/wAA/wAA/wAA/wAA/wAA/wAA
[ShotData] /wAA/wAA/wAA/wAA/wAA/wAA/wAA/wAA/wAA/wAA/wAA/wAA/wAA/wAA/wAA/wAA/wAA/wAA/wAA
[ShotData] /wAA/wAA/wAA/wAA/wAA/wAA/wAA/wAA/wAA/wAA/wAA/wAA/wAA/wAA/wAA/wAA/wAA/wAA/wAA
[ShotData] /wAA/wAA/wAA/wAA/wAA/wAA/wAA/wAA/wAA/wAA1gAABYnHAwAABYnH/wAAwwAABYnHAwAABYnH
[ShotData] /wAAwwAABYnHAwAABYnH/wAAwwAABYnHAwAABYnH/wAAwwAABYnHAwAABYnH/wAAwwAABYnHAwAA
[ShotData] BYnH/wAA/wAA/wAA/wAA/wAA/wAA/wAA/wAA/wAAEwAABYnHAwAABYnH/wAAwwAABYnHAwAABYnH
[ShotData] /wAAwwAABYnHAwAABYnH/wAAwwAABYnHAwAABYnH/wAAwwAABYnHAwAABYnH/wAAwwAABYnHAwAA
[ShotData] BYnH/wAA/wAA/wAA/wAA/wAA/wAA/wAA/wAA/wAA/wAA/wAA/wAA/wAA/wAA/wAA/wAA/wAA/wAA
[ShotData] KQAAAFJ8APSMADF8BgAAAG5jBfSMALOEABB0AIpCAEEIAgAAAG5jBfSMALOEABB0AIpCAEEIBAAA
[ShotData] AIYpAG5jAHJ8ANSMALOEAPBzAIpCAEEI/wAAogAAAEUhAvSMAEUhBQAAAG5jCPSMAFF8AIIIAQAA
[ShotData] AG5jCPSMAFF8AIIIAgAAAE1bBvSMAHJ8AKIQ/wAAoQAAAE1bAvSMAC1bBQAAAG5jAfSMAE1bAuxS
[ShotData] AE1bALOEAfSMAI5jAQAAAG5jAfSMAE1bAuxSAE1bALOEAfSMAI5jAQAAAElCAfSMALOEAC1bAIpK
[ShotData] AOxSAFJ8AfSMAM9r/wAAoAAAAGEIANSMAvSMANOEAEEIBAAAAG5jAfSMAOMYAwAAAKIQALOEAfSM
[ShotData] AGEIAAAAAG5jAfSMAOMYAwAAAKIQALOEAfSMAGEIAAAAADF0APSMANSMAMMQAgAAACAAAPBrAfSM
[ShotData] AMMQ/wAAnwAAACk6AfSMAOxSAfSMAAg6BAAAAG5jAfSMAOMYBAAAAE5bAfSMACQhAAAAAG5jAfSM
[ShotData] AOMYBAAAAE5bAfSMACQhAAAAAfSMADF0BAAAAIYpAU1bAAQZ/wAAnwAAABF0APSMAJJ8ACAAAJOE
[ShotData] APSMAPBzBAAAAG5jAfSMAOMYBAAAAE1bAfSMACUhAAAAAG5jAfSMAOMYBAAAAE1bAfSMACUhAAAA
[ShotData] ALOEAPSMANSMAAQZ/wAApgAAAAQZAfSMAMtSAAAAAAxTAfSMAOQYAwAAAG5jAfSMAOMYAwAAAIII
[ShotData] AJOEAfSMAGIIAAAAAG5jAfSMAOMYAwAAAIIIAJOEAfSMAGIIAAAAAE1bAvSMAI9jAIpKAMcxAAQZ
[ShotData] ACAA/wAAoQAAAAxTAfSMAAQZAAAAAEUhAfSMAOxSAwAAAG5jAfSMAG5bAgxTAG5bALOEAfSMAI5j
[ShotData] AQAAAG5jAfSMAG5bAgxTAG5bALOEAfSMAI5jAQAAAIIQAHJ8BfSMALOEAOxSAEEI/wAAngAAACAA
[ShotData] ALOEAPSMAFJ8AgAAAHJ8APSMALOEACAAAgAAAG5jCPSMAFF8AIIIAQAAAG5jCPSMAFF8AIIIAgAA
[ShotData] AEEIAIpKAFF8BfSMABB0ACAA/wAAnQAAAOcxAfSMAIpKAgAAAKtKAfSMAMcxAgAAAG5jBfSMALOE
[ShotData] APBzAGpCAEEIAgAAAG5jBfSMALOEAPBzAGpCAEEIBgAAAEEIAOQYAKcxAOxSANSMAfSMAOg5/wAA
[ShotData] nQAAAM9rAfSMAAxTAmpCAAxbAfSMAK9rAgAAAG5jAfSMAOMYCQAAAG5jAfSMAOMYEQAAAOgxAfSM
[ShotData] AA1b/wAAnAAAAMMQCvSMAKIQAQAAAG5jAfSMAOMYCQAAAG5jAfSMAOMYCAAAAGYpAXJ8ACk6BAAA
[ShotData] AOQYAfSMAC1b/wAAnAAAAKtKCvSMAIpKAQAAAG5jAfSMAOMYCQAAAG5jAfSMAOMYCAAAAIIQAfSM
[ShotData] AHJ8AIIIAwAAAMtKAfSMAGpC/wAAnAAAAJJ8AfSMAGIIBAAAAIIIAfSMAHJ8AQAAAG5jAfSMAOMY
[ShotData] CQAAAG5jAfSMAOMYCQAAAG5jAfSMANOEAG5jAMtSAAxTADF0AfSMANOEAKIQ/wAAmwAAAIYpAfSM
[ShotData] AI5jBgAAAK9jAfSMAIYpAAAAAG5jAfSMAOMYCQAAAG5jAfSMAOMYCQAAAGEIABB0BvSMANOEAKYp
[ShotData] /wAAnAAAAI5jAfSMAMcxBgAAAMcxAfSMAG5jAAAAAG5jAfSMAOMYCQAAAG5jAfSMAOMYCgAAACAA
[ShotData] ACg6AM9rAJOEAPSMALOEABB0AKtKAKIQ/wAA/wAA/wAA/wAA/wAA/wAA/wAA/wAA/wAA/wAA/wAA
[ShotData] /wAA/wAA/wAA/wAA/wAA/wAA/wAA/wAA/wAA/wAA/wAA/wAA/wAA/wAA/wAA/wAA/wAA/wAA/wAA
[ShotData] /wAA/wAA/wAA/wAA/wAA/wAA/wAA/wAA/wAA/wAA/wAA/wAA/wAA/wAA/wAA/wAA/wAA/wAA/wAA
[ShotData] /wAA/wAA/wAA/wAA/wAA/wAA/wAA/wAA/wAA/wAA/wAA/wAA/wAA/wAA/wAA/wAA/wAA/wAA/wAA
[ShotData] /wAA/wAA/wAA/wAA/wAA/wAA/wAA/wAA/wAA/wAA/wAA/wAA/wAA/wAA/wAA/wAA/wAA/wAA/wAA
[ShotData] /wAA/wAA/wAA/wAA/wAA/wAA/wAA/wAA/wAA/wAA/wAA/wAA/wAA/wAA/wAA/wAA/wAA/wAA/wAA
[ShotData] /wAA/wAA/wAA/wAA/wAA/wAA/wAA/wAA/wAA/wAA/wAA/wAA/wAA/wAA/wAAdwAA
[ShotEnd] digital-seconds bytes=16977
[Shot] digital-seconds-item 468 468
[ShotData] /wAA/wAA/wAA/wAA/wAA/wAA/wAA/wAA/wAA/wAA/wAA/wAA/wAA/wAA/wAA/wAA/wAA/wAA/wAA
[ShotData] /wAA/wAA/wAA/wAA/wAA/wAA/wAA/wAA/wAA/wAA/wAA/wAA/wAA/wAA/wAA/wAA/wAA/wAA/wAA
[ShotData] /wAA/wAA/wAA/wAA/wAA/wAA/wAA/wAA/wAA/wAA/wAA/wAA/wAA/wAA/wAA/wAA/wAA/wAA/wAA
[ShotData] /wAA/wAA/wAA/wAA/wAA/wAA/wAA/wAA/wAA/wAA/wAA/wAA/wAA/wAA/wAA/wAA/wAA/wAA/wAA
[ShotData] /wAA/wAA/wAA/wAA/wAA/wAA/wAA/wAA/wAA/wAA/wAA/wAA/wAA/wAA/wAA/wAA/wAA/wAA/wAA
[ShotData] 9gAAAMIpACaFAOi2AGnHAMi2AAaFAKIpBAAAAGAIAORjAEemAEi/ACi/ACemAKRjAEAIAgAAACAA
[ShotData] AKRjAIeuAEi/ACemAGI6BgAAAGaNAInHAORj/wAAqwAAAONKBonHAMNKAgAAAIAIAGemBYnHAGem
[ShotData] AIAIAQAAAIRbBInHAEEhBAAAAGNCAInHAKiuAEAA/wAAhwAAAONKAEemEInHAEemAONKDQAAAIAI
[ShotData] AEi/AYnHAIaVACVsAKaVAYnHAEi/AGAIAQAAACVsAYnHAOi2AGV0AIV0AAi/AYnHAKV8AQAAAEem
[ShotData] AInHAEVsAIAIAGemAInHAORjAwAAAEAIAKiuAInHAEI6/wAAhwAAAONKFInHAONKDAAAAKNCAYnH
[ShotData] AKV8AgAAAOWEAYnHAINCAQAAAEemAInHAGnHAOEYAQAAACEZAYnHACi/AQAAAEi/AInHAEI6AAAA
[ShotData] AMV8AInHAMV8AwAAACVsAInHAEaN/wAAiAAAAEemAInHAEemAMIpDgAAAMIpAEemAInHAEemDAAA
[ShotData] AERTAYnHAONKAgAAACNTAYnHACNTAQAAAEaNAMedAAaFAwAAAIiuAYnHAEAIAAAAAYnHACI6AAAA
[ShotData] AKV8AInHAAaFAgAAAEEhAGnHAEi/AOEY/wAAiAAAAYnHAMIpEAAAAMIpAYnHDAAAAGI6AYnHAIV0
[ShotData] AgAAAMV8AYnHAEI6BwAAACAAACi/AInHAGnHAQAAAYnHACI6AAAAAKV8AInHAAaFAgAAAMeVAInH
[ShotData] AIRb/wAAiQAAAYnHAQAAC4nHBAAAAYnHAAAAAWV0CQAAAEAAAKiuAYnHAAaFAKRjACaFAYnHAGeu
[ShotData] ACAABwAAAGRbAYnHAIaVAQAAACi/AInHAEI6AAAAAMV8AInHAKV8AQAAAMNKAInHAGemASAAAMRj
[ShotData] AGeuACi/AOedAAIy/wAAgwAAAYnHAQAAC4nHBAAAAYnHAAAAAYnHCgAAACEZAAi3BInHAMi2AAEZ
[ShotData] BwAAAGI6AonHAOIxAQAAAEemAInHACVsAIAIAGemAInHAKRjAAAAAIAIAOi2AInHAOIxAAAAAMRj
[ShotData] A4nHAGnHAAEZ/wAAggAAAYnHAQAAC4nHBAAAAYnHAAAAAYnHCgAAAAaFBonHAIV0BgAAAMIpAEi/
[ShotData] AYnHAORjAgAAAGRbA4nHAGnHAAEZAAAAAIV0AInHAMV8AQAAAKiuAInHAARsAIAQAKiuAInHAIRb
[ShotData] /wAAggAAAYnHAQAAC4nHBAAAAYnHAAAAAYnHCQAAAANTAYnHAMeVAEEhAEAAAGEhAOedAYnHAGJC
[ShotData] BAAAAEEhAAi/AYnHAMV8AwAAACAAAORjAKiuAGjHACemACI6AAAAAIEpAInHACi/AKAQAAAAACAA
[ShotData] AYnHAAIyAAAAACaNAInHAGV0/wAAggAAAYnHAQAAC4nHBAAAAYnHAAAAAYnHCQAAAGaNAYnHACEZ
[ShotData] AgAAAIEpAYnHAMV8AwAAAMEQAMi2AYnHAGaNACAACgAAAAeeAInHACNTAQAAAEAAAYnHAMIpAAAA
[ShotData] AAaFAInHAKV8/wAAggAAAYnHAQAAC4nHBAAAAYnHAAAAAWV0CQAAAOedAYnHAIAQAgAAAAEZAYnH
[ShotData] AEaNAgAAAIAIAEemAYnHAMedAEAACgAAACNTAInHAAeeAgAAAEAAAYnHAMIpAAAAAAaFAInHAKV8
[ShotData] /wAAggAAAYnHAMIpEAAAAMIpAYnHDAAAACaFAYnHAANLAgAAAGRbAYnHAGV0AQAAAEAAAMeVAYnH
[ShotData] AEemAIAICgAAAKAQAAi/AInHAIEpAwAAAGnHAInHAOIxAAAAACaFAInHAEV0/wAAggAAAEemAInH
[ShotData] AEemAMIpDgAAAMIpAEemAInHAEemDAAAAINCAonHAEaNACVsAEaNAonHAMIxAQAAAMV8AonHAGaN
[ShotData] BKV8AGAIBQAAAMV8AInHAGV0BAAAAIiuAInHAGRbAAAAAEemAInHAERT/wAAggAAAONKFInHAONK
[ShotData] DQAAAKV8BonHAARsAgAAACemCInHAKAQBAAAAOIxAInHAOi2AIAIBAAAAMRjAYnHAAi/AInHAEi/
[ShotData] AMAQ/wAAgwAAAONKAEemEInHAEemAONKDwAAAINCAIaVAAi/AGnHAAi3AGaNACI6AwAAACemCInH
[ShotData] AKAQAwAAACAAAEemAInHAMNKBQAAACAAAARsAKiuAEi/AOedAOIx/wAA/wAA/wAA/wAA/wAA/wAA
[ShotData] /wAA/wAA/wAA/wAA/wAA/wAA/wAA/wAA/wAA/wAA/wAA/wAA/wAA/wAA/wAA/wAA/wAA/wAA/wAA
[ShotData] /wAA/wAA/wAA/wAA/wAA/wAA/wAA/wAA/wAA/wAA/wAA/wAA8wAAAEUhAM9zAHalAFnGAJvOAFrG
[ShotData] AJatABB8AGUpCwAAACQhArvOAIYpBwAAAJetDbvOAMtSEAAAAEUhAM9zAHalAFnGAJvOAFrGAJat
[ShotData] ABB8AGUpBQAAAElCDLvOAAxbAQAAAElCB7vOAJrGAPi1AJKMAElCDQAAAIIQADF8ArvOAHalBQAA
[ShotData] AKYxAFGEANe1AHrGAJrOAPi1ALOMAElK/wAAPwAAACAAAPB7CLvOABB8ACAACQAAAM9zArvOADGE
[ShotData] BwAAAJetDbvOAMtSDgAAACAAAPB7CLvOABB8ACAAAwAAAElCDLvOAAxbAQAAAElCC7vOADWlAKIQ
[ShotData] CgAAAKpSADm+A7vOAHalAwAAACAAAFGEB7vOADWlAKIQ/wAAPQAAAFGECrvOAPB7CAAAACAAADm+
[ShotData] ArvOAHrGAGEIBgAAAJetDbvOAMtSDgAAAFGECrvOAPB7AwAAAElCDLvOAAxbAQAAAElCDLvOAHal
[ShotData] ACAACAAAADWdBbvOAHalAwAAAPB7CbvOAFal/wAAPAAAAKYxArvOABm+AOxaAGUpAOMYAGYpAAxb
[ShotData] ADm+ArvOACUhBwAAAGlKBLvOAMtSBgAAAEUpA4YxAMcxArvOANOUBIYxAKIQDQAAAKYxArvOABm+
[ShotData] AOxaAGUpAOMYAGYpAAxbADm+ArvOACUhAgAAAElCArvOAC1jCIYxAKMQAQAAAElCArvOAC1jA4Yx
[ShotData] AOg5AE1jADm+ArvOAKpSCAAABrvOAHalAgAAAOQYArvOAJrOAG5rAIYpAEUpAOtaADm+ArvOAElK
[ShotData] /wAAOwAAAM9zArvOAAQhBAAAAGYpArvOAI5rBwAAABWdBLvOAHalCwAAACAAArvOADGEEwAAAM9z
[ShotData] ArvOAAQhBAAAAGYpArvOAI5rAgAAAElCArvOAChCCwAAAElCArvOAChCBQAAAGUpArvOANOUCAAA
[ShotData] AbvOABi+AElKAPi1AbvOAHalAgAAAOxaArvOAOxaAwAAAKcxArvOAFGE/wAAOwAAALOUAbvOANi1
[ShotData] BgAAAPScAbetAPB7BgAAAAQZArvOAG5rArvOAGUpCgAAACAAArvOADGEEwAAALOUAbvOANi1BgAA
[ShotData] APScAbetAPB7AgAAAElCArvOAChCCwAAAElCArvOAChCBgAAANe1AbvOALetCAAAAHrGAK9zAEEI
[ShotData] AAAAAPi1AbvOAHalAgAAAM9zArvOAMMYBAAAAHrGAbvOADWd/wAAOwAAALOMAbvOAJvOAIIQEAAA
[ShotData] AK9zAbvOABm+ACAAAPi1AbvOABB8CgAAACAAArvOADGEEwAAALOMAbvOAJvOAIIQDAAAAElCArvO
[ShotData] AChCCwAAAElCArvOAChCBgAAAHalAbvOAPi1CAAAAAQhAgAAAPi1AbvOAHalAgAAAPB7ArvOAKIQ
[ShotData] BAAAADm+AbvOAHal/wAAOwAAAG5rArvOAJatAChCAEEIDQAAACAAADm+AbvOAM9zAAAAAG5rAbvO
[ShotData] AHrGAEEICQAAACAAArvOADGEEwAAAG5rArvOAJatAChCAEEICgAAAElCArvOAChCCwAAAElCArvO
[ShotData] AChCBQAAAIIQAHrGAbvOADWdDAAAAPi1AbvOAHalAgAAAG5rArvOAElKAwAAACQhArvOAPSU/wAA
[ShotData] OwAAAOMYAJvOBLvOANe1ANSUAPBzAKtSAMMYCAAAAElCArvOAEUpAAAAAAQhArvOAKtSCQAAACAA
[ShotData] ArvOADGEEwAAAOMYAJvOBLvOANe1ANSUAPBzAKtSAMMYBQAAAElCArvOAC1jB4YxAwAAAElCArvO
[ShotData] AChCAwAAAEEIAIYpADWlArvOAG5rDAAAAPi1AbvOAHalAgAAAAg6ArvOADm+AGlKAIIQAGEIAOc5
[ShotData] ALetArvOAI5r/wAAPAAAAGlKAJvOCLvOAJOMAKIQBgAAAPScAbvOALetAgAAAFalAbvOAFalCQAA
[ShotData] ACAAArvOADGEFAAAAGlKAJvOCLvOAJOMAKIQAwAAAElCC7vOACAAAgAAAElCDLvOAFrGAIIQDAAA
[ShotData] APi1AbvOAHalAgAAACAAALetCrvOAGUp/wAAPQAAAEUhAJKMAJrOB7vOABi+AKMQBAAAAOMYArvO
[ShotData] AC1jAgAAAOtaArvOAEUhCAAAACAAArvOADGEFQAAAEUhAJKMAJrOB7vOABi+AKMQAgAAAElCC7vO
[ShotData] ACAAAgAAAElCC7vOAFrGAKYxDQAAAPi1AbvOAHalAwAAAEUhADm+CLvOADWd/wAAQAAAAEEIAIYx
[ShotData] AKpSAI5rAJKMANi1A7vOAFGEBAAAAI5rArvOAMMYAgAAAIIQAJvOAbvOAPB7CAAAACAAArvOADGE
[ShotData] FwAAAEEIAIYxAKpSAI5rAJKMANi1A7vOAFGEAgAAAElCC7vOACAAAgAAAElCCbvOAFrGABB8AMMY
[ShotData] DgAAAPi1AbvOAHalBAAAAMMQABB8ADm+AbvOAPi1A7vOAKYx/wAARgAAAAhCAJrOAbvOAHrGACAA
[ShotData] AgAAACAAABm+AbvOABWdBAAAALOUAbvOAFrGAEEIBwAAACAAArvOADGEHQAAAAhCAJrOAbvOAHrG
[ShotData] ACAAAQAAAElCArvOAChCCwAAAElCArvOAE1jA8cxAIYpAOQYEQAAAPi1AbvOAHalBwAAAGEIAEEI
[ShotData] AOxaArvOAJKM/wAAPAAAACAAAsMYAEEIBgAAABB8ArvOAMMYAgAAAChCDLvOAIpKBwAAACAAArvO
[ShotData] ADGEEgAAACAAAsMYAEEIBgAAABB8ArvOAMMYAQAAAElCArvOAChCCwAAAElCArvOAChCFwAAAPi1
[ShotData] AbvOAHalCAAAAGEIADm+AbvOAJrOAOMY/wAAPAAAAMMYArvOAC1jBgAAAI5rArvOAKIQAgAAANOU
[ShotData] DLvOADWdBwAAACAAArvOADGEEgAAAMMYArvOAC1jBgAAAI5rArvOAKIQAQAAAElCArvOAChCCwAA
[ShotData] AElCArvOAChCFwAAAPi1AbvOAHalCAAAAI5rArvOAI5r/wAAPgAAABm+AbvOAPi1AIIQBAAAAEEI
[ShotData] AJetAbvOAFrGAgAAAMMYDrvOACQhBgAAACAAArvOADGEEwAAABm+AbvOAPi1AIIQBAAAAEEIAJet
[ShotData] AbvOAFrGAgAAAElCArvOAChCCwAAAElCArvOAChCFwAAAPi1AbvOAHalBwAAAMMQAHrGAbvOADm+
[ShotData] AEEI/wAAPgAAAI5rArvOAPi1AC1jAMc5AEUpAKcxAMtSAJetArvOABB8AgAAAG5rArvOAElCBqIQ
[ShotData] AMc5ArvOAM9zBgAAACAAArvOADGEBgAAAFrGAbvOAElCCAAAAI5rArvOAPi1AC1jAMc5AEUpAKcx
[ShotData] AMtSAJetArvOABB8AgAAAElCArvOAC1jCIYxAKMQAQAAAElCArvOAChCFwAAAPi1AbvOAHalBwAA
[ShotData] ADGEArvOAKtS/wAAPwAAAEEIANe1CrvOAPi1AIIQAgAAAPi1AbvOADm+ACAABwAAANe1AbvOADm+
[ShotData] ACAABQAAACAAArvOADGEBgAAAFrGAbvOAElCCAAAAEEIANe1CrvOAPi1AIIQAgAAAElCDLvOAAxb
[ShotData] AQAAAElCArvOAChCFwAAAPi1AbvOAHalBgAAACUhArvOAJat/wAAQQAAAMMYADWlCLvOADWdAMMY
[ShotData] AgAAAAg6ArvOAM9zCAAAAG5rArvOAGlKBQAAACAAArvOADGEBgAAAFrGAbvOAElCCQAAAMMYADWl
[ShotData] CLvOADWdAMMYAwAAAElCDLvOAAxbAQAAAElCArvOAChCFwAAAPi1AbvOAHalBgAAAPSUArvOAMcx
[ShotData] /wAAQwAAAAg6AFGEALetAHrGALvOAFrGAJatADF8AOc5BAAAALOMArvOAGUpCAAAAAQZArvOABWd
[ShotData] BQAAACAAArvOADGEBgAAAFrGAbvOAElCCwAAAAg6AFGEALetAHrGALvOAFrGAJatADF8AOc5BQAA
[ShotData] AElCDLvOAAxbAQAAAElCArvOAChCFwAAAPi1AbvOAHalBQAAAMc5ArvOALOM/wAAdwAAAFrGAbvO
[ShotData] AElC/wAAzwAAAFrGAbvOAOc5/wAAzwAAAFrGAJvOAKpS/wAA0AAAAPi1AMc5/wAA0QAAAOMY/wAA
[ShotData] /wAA/wAA/wAA/wAA/wAA/wAA/wAA/wAA/wAA/wAA/wAA/wAA/wAA/wAA/wAA/wAA/wAA/wAA/wAA
[ShotData] /wAA/wAA/wAA/wAA/wAA/wAA/wAA/wAA/wAA/wAA/wAA/wAA/wAA/wAA/wAA/wAA/wAA/wAA/wAA
[ShotData] /wAA/wAA/wAA/wAA/wAA/wAA/wAA/wAA/wAA/wAA/wAA/wAA/wAA/wAA/wAA/wAA/wAA/wAA/wAA
[ShotData] /wAA/wAA/wAA/wAA/wAA/wAA/wAA/wAA/wAA/wAA/wAA/wAA/wAA/wAA/wAA/wAA/wAA/wAA/wAA
[ShotData] /wAA/wAA/wAA/wAA/wAA/wAA/wAA/wAA/wAA/wAA/wAA/wAA/wAA/wAA/wAA/wAA/wAA/wAA/wAA
[ShotData] /wAA/wAA/wAA/wAA/wAA/wAA/wAA/wAA/wAA/wAA/wAA/wAA/wAAGgAAAIIQAChCAE1rADCEAPOc
[ShotData] ADSlAHWtABSlALKUAFGMACxjAAhCAKIQ/wAAAQAAAIIQAChCAE1rADCEAPOcADSlAHWtABSlALKU
[ShotData] AFGMACxjAAhCAKIQKgAAAIIQAChCAE1rADCEAPOcADSlAHWtABSlALKUAFGMACxjAAhCAKIQfAAA
[ShotData] AKYxAFGMALrWDP//ANveAHGMAKYxJgAAAEUpAAxjAJKUALa1ALrWAF3vAL73AP//AN//AH3vABzn
[ShotData] ADjGADSlAM97AChCAGEIxAAAAKYxAFGMALrWDP//ANveAHGMAKYxJAAAAKYxAFGMALrWDP//ANve
[ShotData] AHGMAKYxdwAAAOtaAJrWEv//AFnOAIpSIQAAAIYxAJKUABznDv//AN//ANe9AAxjAEEISgAAAKpS
[ShotData] Cv//ABjGIgAAAIIQAPOcCf//ALa1NwAAAOtaAJrWEv//AFnOAIpSIAAAAOtaAJrWEv//AFnOAIpS
[ShotData] cwAAAChCALrWFv//AHnOAKYxHQAAAChCADjGFP//AJ73ADCEAIIQSAAAAJrWCv//AAhCIQAAAMta
[ShotData] AF3vCv//ALa1NQAAAChCALrWFv//AHnOAKYxHAAAAChCALrWFv//AHnOAKYxbwAAACAAAHGMGv//
[ShotData] ABCEGgAAAAQhANe9GP//AH3vAAxjRgAAAIpSCv//ADjGIAAAAOMYALa1DP//ALa1MwAAACAAAHGM
[ShotData] Gv//ABCEGQAAACAAAHGMGv//ABCEbQAAAEEIALa1HP//AJa1AEEIFwAAAOtaAL73G///AJa1AGEI
[ShotData] RAAAAHnOCv//AElKHwAAAI5zAL73Df//ALa1MgAAAEEIALa1HP//AJa1AEEIFgAAAEEIALa1HP//
[ShotData] AJa1AEEIawAAADSlHv//ANe9ACAAFQAAAHGMHv//ALrWAAQhQgAAAGlKCv//AFnOHgAAAIYxAFnO
[ShotData] D///ALa1MgAAADSlHv//ANe9ACAAFQAAADSlHv//ANe9ACAAaQAAAG1rIP//ANOcFAAAAJKUIP//
[ShotData] ABznAAQhQQAAAFnOCv//AGlKHAAAAEEIAFGMAN//EP//ALa1MQAAAG1rIP//ANOcFAAAAG1rIP//
[ShotData] ANOcaAAAAKYxAN//If//AIpSEgAAAM97Iv//APveAIIQPwAAAChCCv//AJrWHAAAAChCAPveEv//
[ShotData] ALa1MAAAAKYxAN//If//AIpSEgAAAKYxAN//If//AIpSZwAAABjGIv//ADznAEEIEAAAAAhCJP//
[ShotData] ANe9PwAAADjGCv//AKpSGgAAAIIQABSlFP//ALa1MAAAABjGIv//ADznAEEIEQAAABjGIv//ADzn
[ShotData] AEEIZQAAAElKJP//AO97DwAAAEEIABznJf//AE1rPQAAAAhCCv//ALrWGgAAAMtaAF3vFf//ALa1
[ShotData] LwAAAElKJP//AO97EAAAAElKJP//AO97ZQAAAHnODP//AL73AFWtAOtaAGUpAKIQACAAAKIQAEUp
[ShotData] AMtaABSlAJ73DP//AF3vAEEIDgAAABCED///ALrWAFWtALKUADCEAHGMABSlAPe9AL73Dv//AJ73
[ShotData] AKIQPAAAAPe9Cv//AMtaGQAAANe9F///ALa1LwAAAHnODP//AL73AFWtAOtaAGUpAKIQACAAAKIQ
[ShotData] AEUpAMtaABSlAJ73DP//AF3vAEEIDwAAAHnODP//AL73AFWtAOtaAGUpAKIQACAAAKIQAEUpAMta
[ShotData] ABSlAJ73DP//AF3vAEEIYwAAAKYxDP//AFWtAOMYCAAAAKIQAPOcDP//AOtaDQAAAGEIAJ73DP//
[ShotData] ANveAE1rAKIQBgAAACAAAAhCAJa1Df//AFGMOwAAAOc5Cv//ANveGgAAGP//ALa1LgAAAKYxDP//
[ShotData] AFWtAOMYCAAAAKIQAPOcDP//AOtaDgAAAKYxDP//AFWtAOMYCAAAAKIQAPOcDP//AOtaYwAAAJKU
[ShotData] C///AFGMDAAAAI5zC///ANe9DQAAAI5zDP//AM97DAAAAKYxAPveC///AJ73AEEIOgAAANe9Cv//
[ShotData] AOtaGgAAGP//ALa1LgAAAJKUC///AFGMDAAAAI5zC///ANe9DgAAAJKUC///AFGMDAAAAI5zC///
[ShotData] ANe9YgAAACAAAF3vCv//AHWtDgAAAJKUC///AKIQDAAAAHnOCv//AN//AChCDgAAAGEIAFnOC///
[ShotData] AMtaOQAAAKYxCv//APveACAAGgAAGP//ALa1LQAAACAAAF3vCv//AHWtDgAAAJKUC///AKIQDAAA
[ShotData] ACAAAF3vCv//AHWtDgAAAJKUC///AKIQYQAAAAhCCv//AN//AOMYDgAAAGEIAF3vCv//AMtaCwAA
[ShotData] AAQhC///ACxjEAAAAMMYABznCv//AFWtOQAAALa1Cv//ACxjGwAADP//ALrWAL73Cf//ALa1LQAA
[ShotData] AAhCCv//AN//AOMYDgAAAGEIAF3vCv//AMtaDAAAAAhCCv//AN//AOMYDgAAAGEIAF3vCv//AMta
[ShotData] YQAAAO97Cv//ADSlEAAAABCECv//APOcCwAAAOtaCv//AFnOEgAAAMtaCv//AF3vOAAAAIYxCv//
[ShotData] ABznACAAGwAACv//AL73AM97ACAAAF3vCf//ALa1LQAAAO97Cv//ADSlEAAAABCECv//APOcDAAA
[ShotData] AO97Cv//ADSlEAAAABCECv//APOcYQAAANe9Cv//AGlKEAAAACQhCv//ANveCwAAALKUCv//AElK
[ShotData] EwAAANveCv//AAQhNwAAAHWtCv//AE1rHAAACf//ANe9AAQhAQAAAF3vCf//ALa1LQAAANe9Cv//
[ShotData] AGlKEAAAACQhCv//ANveDAAAANe9Cv//AGlKEAAAACQhCv//ANveYQAAAJ73Cf//AN//AEEIEQAA
[ShotData] ANveCv//ACAACgAAAPe9Cf//AL73ACAAEwAAAHGMCv//AChCNgAAAGUpCv//ADznACAAHAAAB///
[ShotData] AF3vAMtaAwAAAF3vCf//ALa1LQAAAJ73Cf//AN//AEEIEQAAANveCv//ACAACwAAAJ73Cf//AN//
[ShotData] AEEIEQAAANveCv//ACAAXwAAAIIQCv//AHnOEgAAAPOcCv//AGUpCgAAAPveCf//ANe9FAAAAGlK
[ShotData] Cv//AAxjNgAAAFWtCv//AI5zHQAABv//ANOcAIIQBAAAAF3vCf//ALa1LAAAAIIQCv//AHnOEgAA
[ShotData] APOcCv//AGUpCgAAAIIQCv//AHnOEgAAAPOcCv//AGUpXwAAAIYxCv//ABSlEgAAAI5zCv//AGlK
[ShotData] CgAAAH3vCf//APOcFAAAAIYxCv//AI5zNQAAAEUpCv//AF3vAEEIHQAABP//AJrWAMc5BgAAAF3v
[ShotData] Cf//ALa1LAAAAIYxCv//ABSlEgAAAI5zCv//AGlKCgAAAIYxCv//ABSlEgAAAI5zCv//AGlKXwAA
[ShotData] AIpSCv//AO97EgAAAGlKCv//ACxjCgAAAN//Cf//AFGMFAAAAOMYCv//AO97CAAAAIIQC+MYHwAA
[ShotData] ADSlCv//AK5zHgAAAv//AL73AK5zACAABwAAAF3vCf//ALa1FQAAAIIQC+MYCQAAAIpSCv//AO97
[ShotData] EgAAAGlKCv//ACxjCgAAAIpSCv//AO97EgAAAGlKCv//ACxjXwAAAAxjCv//AAxjEgAAAIYxCv//
[ShotData] AO97CgAACv//ABCEFAAAAMMYCv//ABCECAAAALa1C///HgAAACQhCv//AH3vAGEIHgAAAf//ALa1
[ShotData] AAQhCQAAAF3vCf//ALa1FQAAALa1C///CQAAAAxjCv//AAxjEgAAAIYxCv//AO97CgAAAAxjCv//
[ShotData] AAxjEgAAAIYxCv//AO97XwAAAG1rCv//AGlKEgAAAOMYCv//AFGMCgAACv//ABCEFAAAAMMYCv//
[ShotData] AO97CAAAALa1C///HgAAAPOcCv//AM97HwAAADznAKpSCwAAAF3vCf//ALa1FQAAALa1C///CQAA
[ShotData] AG1rCv//AGlKEgAAAOMYCv//AFGMCgAAAG1rCv//AGlKEgAAAOMYCv//AFGMXwAAAK5zCv//AAhC
[ShotData] EgAAAGEICv//AHGMCgAACv//AFGMFAAAAAQhCv//AM97CAAAALa1C///HQAAAAQhAN//Cf//AH3v
[ShotData] AGEIHwAAAGEIDAAAAF3vCf//ALa1FQAAALa1C///CQAAAK5zCv//AAhCEgAAAGEICv//AHGMCgAA
[ShotData] AK5zCv//AAhCEgAAAGEICv//AHGMXwAAAO97Cv//AMc5EgAAACAACv//ALKUCgAAAL73Cf//APOc
[ShotData] FAAAAKYxCv//AG1rCAAAALa1C///HQAAANOcCv//ABCELgAAAF3vCf//ALa1FQAAALa1C///CQAA
[ShotData] AO97Cv//AMc5EgAAACAACv//ALKUCgAAAO97Cv//AMc5EgAAACAACv//ALKUXwAAABCECv//AKYx
[ShotData] EwAACv//ANOcCgAAAF3vCf//APe9FAAAAIpSCv//AOtaCAAAALa1C///HAAAAOMYAN//Cf//AJ73
[ShotData] AIIQLgAAAF3vCf//ALa1FQAAALa1C///CQAAABCECv//AKYxEwAACv//ANOcCgAAABCECv//AKYx
[ShotData] EwAACv//ANOcXwAAABCECv//AKYxEwAACv//ANOcCgAAAHnOCf//AL73AEEIEwAAAJKUCv//AOc5
[ShotData] CAAAALa1C///HAAAALKUCv//ADCELwAAAF3vCf//ALa1FQAAALa1C///CQAAABCECv//AKYxEwAA
[ShotData] Cv//ANOcCgAAABCECv//AKYxEwAACv//ANOcXwAAABCECv//AKYxEwAACv//ANOcCgAAAHWtCv//
[ShotData] AKpSEwAAAPveCv//AMMYCAAAALa1C///GwAAAMMYAL73Cf//AL73AKIQLwAAAF3vCf//ALa1FQAA
[ShotData] ALa1C///CQAAABCECv//AKYxEwAACv//ANOcCgAAABCECv//AKYxEwAACv//ANOcXwAAABCECv//
[ShotData] AKYxEwAACv//ANOcCgAAAM97Cv//ALrWEgAAAOtaCv//ADznCQAAALa1C///GwAAAHGMCv//AHGM
[ShotData] MAAAAF3vCf//ALa1FQAAALa1C///CQAAABCECv//AKYxEwAACv//ANOcCgAAABCECv//AKYxEwAA
[ShotData] Cv//ANOcXwAAABCECv//AKYxEwAACv//ANOcCgAAAOc5C///AFGMEAAAAMMYADznCv//AHWtCQAA
[ShotData] ALa1C///GgAAAKIQAL73Cf//AL73AMMYBgAAAKIQCcMYAIIQHQAAAF3vCf//ALa1FQAAALa1C///
[ShotData] CQAAABCECv//AKYxEwAACv//ANOcCgAAABCECv//AKYxEwAACv//ANOcXwAAABCECv//AKYxEwAA
[ShotData] Cv//ANOcCgAAACAAAH3vC///AK5zDgAAAIIQAHnOC///AAxjCQAAALa1C///GgAAAFGMCv//AJKU
[ShotData] BwAAAF3vCf//ALa1HQAAAF3vCf//ALa1FQAAALa1C///CQAAABCECv//AKYxEwAACv//ANOcCgAA
[ShotData] ABCECv//AKYxEwAACv//ANOcXwAAABCECv//AKYxEwAACv//ANOcCwAAANOcDP//ADSlAIIQCwAA
[ShotData] AMc5ABznDP//AKIQCQAAALa1C///GQAAAIIQAJ73Cf//AN//AMMYBwAAAF3vCf//ALa1HQAAAF3v
[ShotData] Cf//ALa1FQAAALa1C///CQAAABCECv//AKYxEwAACv//ANOcCgAAABCECv//AKYxEwAACv//ANOc
[ShotData] XwAAABCECv//AKYxEwAACv//ANOcCwAAAEUpDf//AJ73AJKUAKYxACAABQAAAGEIAGlKANe9Df//
[ShotData] ALa1CgAAALa1C///GQAAADCECv//ALKUCAAAAF3vCf//ALa1HQAAAF3vCf//ALa1FQAAALa1C///
[ShotData] CQAAABCECv//AKYxEwAACv//ANOcCgAAABCECv//AKYxEwAACv//ANOcXwAAABCECv//AKYxEwAA
[ShotData] Cv//ANOcDAAAAJa1D///AJ73ADjGAJa1ABSlADSlANe9ALrWEP//AIpSCgAAALa1C///GAAAAIIQ
[ShotData] AJ73Cf//AN//AOMYCAAAAF3vCf//ALa1HQAAAF3vCf//ALa1FQAAALa1C///CQAAABCECv//AKYx
[ShotData] EwAACv//ANOcCgAAABCECv//AKYxEwAACv//ANOcXwAAABCECv//AKYxEwAACv//ANOcDAAAACQh
[ShotData] AN//Jf//ABznACAAMAAAAO97Cv//APOcCQAAAF3vCf//ALa1HQAAAF3vCf//ALa1LAAAABCECv//
[ShotData] AKYxEwAACv//ANOcCgAAABCECv//AKYxEwAACv//ANOcXwAAABCECv//AKYxEwAACv//ANOcDQAA
[ShotData] AM97Jf//AG1rMAAAAGEIAH3vCv//AAQhCQAAAF3vCf//ALa1HQAAAF3vCf//ALa1LAAAABCECv//
[ShotData] AKYxEwAACv//ANOcCgAAABCECv//AKYxEwAACv//ANOcXwAAABCECv//AKYxEwAACv//ANOcDgAA
[ShotData] ANe9I///AF3vAEEIMAAAAM97Cv//ABSlCgAAAF3vCf//ALa1HQAAAF3vCf//ALa1LAAAABCECv//
[ShotData] AKYxEwAACv//ANOcCgAAABCECv//AKYxEwAACv//ANOcXwAAABCECv//AKYxEwAACv//ANOcDgAA
[ShotData] AGEIAJrWIv//AI5zMAAAAEEIAF3vCv//AEUpCgAAAF3vCf//ALa1HQAAAF3vCf//ALa1LAAAABCE
[ShotData] Cv//AKYxEwAACv//ANOcCgAAABCECv//AKYxEwAACv//ANOcXwAAABCECv//AKYxEwAACv//ANOc
[ShotData] DwAAAMMYAJrWIP//ABznAEEIMAAAAK5zCv//ADSlCwAAAF3vCf//ALa1HQAAAF3vCf//ALa1LAAA
[ShotData] ABCECv//AKYxEwAACv//ANOcCgAAABCECv//AKYxEwAACv//ANOcXwAAABCECv//AKYxEwAACv//
[ShotData] ANOcEAAAAIIQAPe9H///AAxjMAAAAEEIAF3vCv//AGUpCwAAAF3vCf//ALa1HQAAAF3vCf//ALa1
[ShotData] LAAAABCECv//AKYxEwAACv//ANOcCgAAABCECv//AKYxEwAACv//ANOcXwAAABCECv//AKYxEwAA
[ShotData] Cv//ANOcEgAAABCEAN//HP//AFnOMQAAAG1rCv//AHWtDAAAAF3vCf//ALa1HQAAAF3vCf//ALa1
[ShotData] LAAAABCECv//AKYxEwAACv//ANOcCgAAABCECv//AKYxEwAACv//ANOcXwAAABCECv//AKYxEwAA
[ShotData] Cv//ANOcEwAAAEUpANe9G///AMc5MAAAACAAADznCv//AIYxDAAAAF3vCf//ALa1HQAAAF3vCf//
[ShotData] ALa1LAAAABCECv//AKYxEwAACv//ANOcCgAAABCECv//AKYxEwAACv//ANOcXwAAABCECv//AKYx
[ShotData] EwAACv//ANOcFQAAAIYxAPOcAH3vF///ABSlMQAAAE1rCv//AJa1DQAAAF3vCf//ALa1HQAAAF3v
[ShotData] Cf//ALa1LAAAABCECv//AKYxEwAACv//ANOcCgAAABCECv//AKYxEwAACv//ANOcXwAAABCECv//
[ShotData] AKYxEwAACv//ANOcFwAAACAAAAhCAO97AHWtAJrWAF3vAL73AP//AJ73ADznAHnOADSlABznCv//
[ShotData] AJ73AMMYDwAAACQhC6YxEwAAACAAABznCv//AKYxDQAAAF3vCf//ALa1HQAAAF3vCf//ALa1FQAA
[ShotData] ACQhC6YxCQAAABCECv//AKYxEwAACv//ANOcCgAAABCECv//AKYxEwAACv//ANOcXwAAAO97Cv//
[ShotData] AKYxEwAACv//ALKUIgAAAKYxC///AG1rEAAAALa1C///EwAAACxjCv//ANe9DgAAAF3vCf//ALa1
[ShotData] HQAAAF3vCf//ALa1FQAAALa1C///CQAAAO97Cv//AKYxEwAACv//ALKUCgAAAO97Cv//AKYxEwAA
[ShotData] Cv//ALKUXwAAAM97Cv//AMc5EgAAAEEICv//ALKUIgAAAHnOCv//AJrWEQAAALa1C///EgAAACAA
[ShotData] APveCv//AMc5DgAAAF3vCf//ALa1HQAAAF3vCf//ALa1FQAAALa1C///CQAAAM97Cv//AMc5EgAA
[ShotData] AEEICv//ALKUCgAAAM97Cv//AMc5EgAAAEEICv//ALKUXwAAAK5zCv//AAhCEgAAAIIQCv//AJKU
[ShotData] IQAAAE1rC///AOc5EQAAALa1C///EgAAAOtaCv//APe9DwAAAF3vCf//ALa1HQAAAF3vCf//ALa1
[ShotData] FQAAALa1C///CQAAAK5zCv//AAhCEgAAAIIQCv//AJKUCgAAAK5zCv//AAhCEgAAAIIQCv//AJKU
[ShotData] XwAAAG1rCv//AIpSEgAAAAQhCv//ADCEIAAAAKIQAH3vCv//ABSlEgAAALa1C///EgAAANveLv//
[ShotData] ALa1FQAAAF3vCf//ALa1FQAAALa1C///CQAAAG1rCv//AIpSEgAAAAQhCv//ADCECgAAAG1rCv//
[ShotData] AIpSEgAAAAQhCv//ADCEXwAAAMtaCv//AE1rEgAAAMc5Cv//AK5zIAAAABSlCv//AJ73AKIQEgAA
[ShotData] ALa1C///EQAAAIYxL///ALa1FQAAAF3vCf//ALa1FQAAALa1C///CQAAAMtaCv//AE1rEgAAAMc5
[ShotData] Cv//AK5zCgAAAMtaCv//AE1rEgAAAMc5Cv//AK5zXwAAAAhCCv//ADCEEgAAAKpSCv//AMtaHwAA
[ShotData] AOc5C///AG1rEwAAALa1C///EQAAAKYxL///ALa1FQAAAF3vCf//ALa1FQAAALa1C///CQAAAAhC
[ShotData] Cv//ADCEEgAAAKpSCv//AMtaCgAAAAhCCv//ADCEEgAAAKpSCv//AMtaXwAAAEUpCv//AHWtEgAA
[ShotData] AO97Cv//AMc5HgAAACAAALrWCv//AHnOFAAAALa1C///EQAAAKYxL///ALa1FQAAAF3vCf//ALa1
[ShotData] FQAAALa1C///CQAAAEUpCv//AHWtEgAAAO97Cv//AMc5CgAAAEUpCv//AHWtEgAAAO97Cv//AMc5
[ShotData] XwAAACAAAN//Cf//APveEgAAAHWtCv//AKIQHgAAAK5zC///AMc5FAAAALa1C///EQAAAKYxL///
[ShotData] ALa1FQAAAF3vCf//ALa1FQAAALa1C///CQAAACAAAN//Cf//APveEgAAAHWtCv//AKIQCgAAACAA
[ShotData] AN//Cf//APveEgAAAHWtCv//AKIQYAAAANveCv//AMMYEQAAAH3vCf//AH3vHgAAAOMYAJ73Cv//
[ShotData] APOcFQAAALa1C///EQAAAKYxL///ALa1FQAAAF3vCf//ALa1FQAAALa1C///CgAAANveCv//AMMY
[ShotData] EQAAAH3vCf//AH3vDAAAANveCv//AMMYEQAAAH3vCf//AH3vYQAAADSlCv//ACxjEAAAAOc5Cv//
[ShotData] ANe9HgAAAHWtCv//AH3vAKIQFQAAALa1C///EQAAAKYxL///ALa1FQAAAF3vCf//ALa1FQAAALa1
[ShotData] C///CgAAADSlCv//ACxjEAAAAOc5Cv//ANe9DAAAADSlCv//ACxjEAAAAOc5Cv//ANe9YQAAAE1r
[ShotData] Cv//ADjGEAAAABSlCv//ADCEHQAAAElKC///AE1rFgAAALa1C///EQAAAKYxL///ALa1FQAAAF3v
[ShotData] Cf//ALa1FQAAALa1C///CgAAAE1rCv//ADjGEAAAABSlCv//ADCEDAAAAE1rCv//ADjGEAAAABSl
[ShotData] Cv//ADCEYQAAACQhC///AOc5DgAAACQhAN//Cv//AChCHAAAACAAANveCv//AHnOFwAAALa1C///
[ShotData] EQAAAKYxL///ALa1FQAAAF3vCf//ALa1FQAAALa1C///CgAAACQhC///AOc5DgAAACQhAN//Cv//
[ShotData] AChCDAAAACQhC///AOc5DgAAACQhAN//Cv//AChCYgAAALrWCv//ALrWAGEIDAAAACAAABjGCv//
[ShotData] AJ73ACAAHAAAAO97C///AMc5FwAAALa1C///EQAAAKYxL///ALa1FQAAAF3vCf//ALa1FQAAALa1
[ShotData] C///CwAAALrWCv//ALrWAGEIDAAAACAAABjGCv//AJ73ACAADQAAALrWCv//ALrWAGEIDAAAACAA
[ShotData] ABjGCv//AJ73ACAAYgAAABCEC///ABjGAEEICgAAACAAAFWtC///ADSlHAAAAAQhAL73Cv//APOc
[ShotData] NwAAACQhHLa1AN//Cf//AF3vBra1AO97FQAAAF3vCf//ALa1LgAAABCEC///ABjGAEEICgAAACAA
[ShotData] AFWtC///ADSlDgAAABCEC///ABjGAEEICgAAACAAAFWtC///ADSlYwAAAAQhDP//APveAElKCAAA
[ShotData] AMc5AJrWDP//AKYxHAAAALa1Cv//AH3vAKIQVQAAAF3vCf//ALa1HQAAAF3vCf//ALa1LgAAAAQh
[ShotData] DP//APveAElKCAAAAMc5AJrWDP//AKYxDgAAAAQhDP//APveAElKCAAAAMc5AJrWDP//AKYxZAAA
[ShotData] AJa1Df//ABznAJKUAAxjAElKAMc5AElKAOtaAFGMANveDf//ABjGHAAAAIpSC///AE1rVgAAAF3v
[ShotData] Cf//ALa1HQAAAF3vCf//ALa1LwAAAJa1Df//ABznAJKUAAxjAElKAMc5AElKAOtaAFGMANveDf//
[ShotData] ABjGEAAAAJa1Df//ABznAJKUAAxjAElKAMc5AElKAOtaAFGMANveDf//ABjGZQAAAKYxJP//AKYx
[ShotData] GwAAAEEIABznCv//AHnOVwAAAF3vCf//ALa1HQAAAF3vCf//ALa1LwAAAKYxJP//AKYxEAAAAKYx
[ShotData] JP//AKYxZgAAAFWtIv//APOcHAAAAFGMC///AKYxVwAAAF3vCf//ALa1HQAAAF3vCf//ALa1MAAA
[ShotData] AFWtIv//APOcEgAAAFWtIv//APOcZwAAAKIQAF3vIP//ABznAKIQGwAAAEUpAN//Cv//ANOcWAAA
[ShotData] AF3vCf//ALa1HQAAAF3vCf//ALa1MAAAAKIQAF3vIP//ABznAKIQEgAAAKIQAF3vIP//ABznAKIQ
[ShotData] aAAAAMc5AL73Hv//AN//AMc5HAAAAPe9Cv//AH3vAIIQWAAAAF3vCf//ALa1HQAAAF3vCf//ALa1
[ShotData] MQAAAMc5AL73Hv//AN//AMc5FAAAAMc5AL73Hv//AN//AMc5agAAAElKAN//Hf//ACxjHAAAAOta
[ShotData] C///ACxjWQAAAF3vCf//ALa1HQAAAF3vCf//ALa1MgAAAElKAN//Hf//ACxjFgAAAElKAN//Hf//
[ShotData] ACxjbAAAAIpSAJ73Gv//AN//AMtaHAAAAGEIAF3vCv//AFnOWgAAAF3vCf//ALa1HQAAAF3vCf//
[ShotData] ALa1MwAAAIpSAJ73Gv//AN//AMtaGAAAAIpSAJ73Gv//AN//AMtabgAAAAQhAFnOGP//ADznAChC
[ShotData] HQAAALKUC///AKYxWgAAAF3vCf//ALa1HQAAAF3vCf//ALa1NAAAAAQhAFnOGP//ADznAChCGgAA
[ShotData] AAQhAFnOGP//ADznAChCcAAAACAAAO97AL73FP//AN//AJKUAIIQHQAAAIYxC///ANOcWwAAAF3v
[ShotData] Cf//ALa1HQAAAF3vCf//ALa1NQAAACAAAO97AL73FP//AN//AJKUAIIQHAAAACAAAO97AL73FP//
[ShotData] AN//AJKUAIIQcwAAAKIQAFGMAH3vEP//AF3vAHGMAOMYHwAAAFnOCv//AH3vAIIQWwAAAF3vCf//
[ShotData] ALa1HQAAAF3vCf//ALa1NwAAAKIQAFGMAH3vEP//AF3vAHGMAOMYIAAAAKIQAFGMAH3vEP//AF3v
[ShotData] AHGMAOMYdwAAAEEIAKpSADSlABznCv//APveANOcAGlKACAAIAAAACxjC///ACxjXAAAAF3vCf//
[ShotData] ALa1HQAAAF3vCf//ALa1OQAAAEEIAKpSADSlABznCv//APveANOcAGlKACAAJAAAAEEIAKpSADSl
[ShotData] ABznCv//APveANOcAGlKACAAfQAAAGEIAKYxAMtaACxjAI5zAO97AK5zAG1rAKpSAMc5AGEI/wAA
[ShotData] AwAAAGEIAKYxAMtaACxjAI5zAO97AK5zAG1rAKpSAMc5AGEILAAAAGEIAKYxAMtaACxjAI5zAO97
[ShotData] AK5zAG1rAKpSAMc5AGEI/wAA/wAA/wAA/wAA/wAA/wAA/wAA/wAA/wAA/wAA/wAA/wAA/wAA/wAA
[ShotData] /wAA/wAA/wAA/wAA/wAA/wAA/wAA/wAA/wAA/wAA/wAA/wAA/wAA/wAA/wAA/wAA/wAA/wAA/wAA
[ShotData] /wAA/wAA/wAA/wAA/wAA/wAA/wAA/wAA/wAA/wAA/wAA/wAA/wAA/wAA/wAA/wAA/wAA/wAA/wAA
[ShotData] /wAA/wAA/wAA/wAA/wAA/wAA/wAA/wAA/wAA/wAA/wAA/wAA/wAA/wAA/wAA/wAA/wAA/wAA/wAA
[ShotData] /wAA/wAA/wAA/wAA/wAA/wAA/wAA/wAA/wAA/wAA/wAA/wAARgAAACgJAC8SABUjALkjAD0sRZ80
[ShotData] AD0sALkjABUjAC8SACgJ/wAAgAAAAEkJAPQaAF4sT580AF4sAPQaAEkJ/wAAewAAAMwRANorVZ80
[ShotData] ANorAMwR/wAAdwAAAEkJALkjWZ80ALkjAEkJ/wAAdAAAALIaXZ80ALIa/wAAcQAAAKUAAJkjX580
[ShotData] AJkjAKUA/wAAbgAAAAcJAD0sYZ80AD0sAAcJ/wAAbAAAAAcJAF4sY580AF4sAAcJ/wAAagAAAKUA
[ShotData] AD0sZZ80AD0sAKUA/wAAaQAAAJkjZ580AJkj/wAAaAAAALIaC580AF9dAB/HAJ/vB7/vAJ/vAB/H
[ShotData] AF9dT580ALIa/wAAZgAAAEkJDJ80AF+eC///AF+eUJ80AEkJ/wAAZQAAALkjDJ80AN99AJ/nCf//
[ShotData] AJ/nAN99UJ80ALkj/wAAZAAAAMwRDZ80AN9EAJ9tAt99AD/PAf//AD/PAt99AJ9tAN9EAZ80AJ91
[ShotData] AJ+uAP+FAN9ES580AMwR/wAAYwAAANorEp80AL+2Af//AL+2BZ80AH9lAJ/vAP//AJ/vAF9lS580
[ShotData] ANor/wAAYgAAAEkJD580AN9EAD9VAD+WAP/GAL/vAf//AL/vAP/GAD+WAD9VAN9EAL88AL91AJ/v
[ShotData] Af//AL/vAF9lTJ80AEkJ/wAAYQAAAPQaDZ80AL88AF9dAJ+uAJ/vB///AJ/vAJ+uAB+OAH/fAf//
[ShotData] AL/vAD+WAN9EDJ80AP9EAN++Af//AL/vA580AN88AF+eAH/fAd/3AF/fAF+WAL88CJ80AL88AF+e
[ShotData] AH/fAN/3AP//AJ/nAJ+mAP9EB580AF+eAf//AB+OEZ80APQa/wAAYQAAAF4sDJ80AL88AN99AF/X
[ShotData] C///AN/3Af//AL/vAD+WAN9EDJ80AB+OAN/3Av//AL/vAp80AN9EAH/fBf//AH/fAN9EBp80AL88
[ShotData] AF/XBf//AL/vAB9NBZ80AL80AL/vAP//AN/3AN88EZ80AF4s/wAAYAAAACgJDZ80AN99AJ/nAv//
[ShotData] AL/vAN++AB+OAZ9tAB+OAN++AL/vBP//AD+WAN9EDJ80AF9dBP//AL/vAp80AH+mAf//AL/vAZ+u
[ShotData] AL/3Af//AL+uBp80AB+OAf//AL/vAZ+uAL/vAf//AN++BZ80AP+FAf//AH+mE580ACgJ/wAAXwAA
[ShotData] AC8SDJ80AD9dAN/3Af//AN/3AN++AB9VAL88AL80AZ80AL80AL88AB9VAN++AN/3Av//AF9dDZ80
[ShotData] AF9dAf//AF+eAf//AL/vAp80AH/fAf//AB9NAZ80AB9NAf//AN/3Bp80AP/GAf//AP9MAZ80AB9N
[ShotData] Af//AL/vBZ80AH/fAf//AB9NE580AC8S/wAAXwAAABUjC580AN9EAD/PAf//AL/vAB+WAL88AZ80
[ShotData] AN9EAX9lAN9EAZ80AL88AB+WAL/vAf//AD/PAN9EDJ80AF9dAB/HAB9NAJ80Af//AL/vAp80AP/G
[ShotData] AD/PAN++A580AJ/nAf//AL88BZ80AP+FAF+eAB+OA580AL/vAP//AL/vBJ80AJ9tAf//AN++FJ80
[ShotData] ABUj/wAAXwAAALkjC580AB+OAL/3AP//AN/3AF+eAN9EAp80AB+OAd/3AB+OAp80AN9EAF+eAN/3
[ShotData] AP//AL/3AB+ODJ80AL80Ap80Af//AL/vCJ80AL80AN/3Af//AJ80AD9VAf//AL/vB580AB9VAf//
[ShotData] AB/HBJ80AB/HAf//AF9dFJ80ALkj/wAAXwAAAD0sCp80AN9EAN++Af//AD/PAB9VA580AL+2Af//
[ShotData] AL+2A580AB9VAD/PAf//AN++AN9ED580Af//AL/vCJ80AD+OAf//AB/PAJ80AD9VAf//AL/vBZ80
[ShotData] AH+eAL+2AN/3AP//AN/3AD9VA580AD9VAf//AF/XFZ80AD0s/wAAXwAAC580AF9lAF/fAP//AN/3
[ShotData] AB+OBJ80AL+2Af//AL+2BJ80AD+WAN/3AP//AF/fAF9lD580Af//AL/vB580AL91Av//AH9lAJ80
[ShotData] AD9VAf//AL/vBZ80A///AL91BJ80AJ+uAf//AL91AJ80AF9dAV/XAF+WEZ80/wAAXwAAC580AN99
[ShotData] AL/vAP//AJ/nAF9dBJ80AL+2Af//AL+2BJ80AF9dAJ/nAP//AL/vAN99D580Af//AL/vBp80AH9l
[ShotData] Av//AF+eAZ80AL88AV9dAD9dBZ80BP//AL91Ap80AN9EAN/3AP//AJ/nAL80AJ80AH9lAf//AL+2
[ShotData] EZ80/wAAXwAAAD0sCp80AB+OAf//AF/fAL88BJ80AL+2Af//AL+2BJ80AL88AF/fAf//AB+OD580
[ShotData] Af//AL/vBZ80AD9VAN/3Af//AN+2DZ80AN9EAP+FAf//AL/vAL80AZ80AD+WAf//AB+OAZ80AH9l
[ShotData] Af//AL+2EJ80AD0s/wAAXwAAALkjCp80AB+OAf//AF/XBZ80AL+uAf//AL+uBZ80AF/XAf//AB+O
[ShotData] D580Af//AL/vBJ80AP9MAJ/vAf//AB/HAL80D580AB/HAf//AB9VAJ80AL80AL/vAP//AN/3AN88
[ShotData] AZ80AH9lAf//AL+2EJ80ALkj/wAAXwAAABUjCp80AB+OAf//AH/fAN88BJ80AL91AZ/nAL91BJ80
[ShotData] AN88AH/fAf//AB+OD580Af//AL/vA580AN88AH/fAf//AD/XAL88CZ80AB+OAF+eAP+FA580AN++
[ShotData] Af//AF9dAJ80AB9NCv//AL80Dp80ABUj/wAAXwAAAC8SCp80AL99AL/vAP//AJ/nAH9lBJ80AL88
[ShotData] Ad9EAL88BJ80AH9lAJ/nAP//AL/vAL99D580Af//AL/vAp80AL88AD/PAf//AH/fAN88BJ80AL88
[ShotData] AV9dAD9dAZ80AH/fAP//AN/3AN9EAZ80AN88AL/vAf//AP9EAJ80AB9NCv//AL80Dp80AC8S/wAA
[ShotData] XwAAACgJCp80AF9lAF/XAP//AN/3AF+eDZ80AF+eAN/3AP//AF/XAF9lD580Af//AL/vAp80AL+2
[ShotData] Av//AB/HBL+uAN88AD9VAf//AL/vAZ80AJ+uAf//AL/vAJ+uAJ+mAJ/nAf//AD/PAZ80AN9EBb+u
[ShotData] AB/HAf//AH/nAL+uD580ACgJ/wAAYAAAAF4sCZ80AN9EAN++Af//AD/XAD9dC580AD9dAD/XAf//
[ShotData] AN++AN9ED580Af//AL/vAp80AF/fCP//AP9EAD9VAf//AL/vAZ80AP9EAJ/nBf//AL/vAD9VCJ80
[ShotData] AH9lAf//AL+2D580AF4s/wAAYQAAAPQaCp80AP+FAL/vAP//AN/3AH+mAN9ECZ80AN9EAH+mAN/3
[ShotData] AP//AL/vAP+FEJ80Af//AL/vAp80AF/fCP//AP9EAD9VAf//AL/vAp80AN9EAH+eAH/fAf//AJ/n
[ShotData] AJ+mAP9ECZ80AH9lAf//AL+2D580APQa/wAAYQAAAEkJCp80AN88AB/PAf//AN/3AF+eAL88B580
[ShotData] AL88AF+eAN/3Af//AB/PAN88Tp80AEkJ/wAAYgAAANorCp80AP9MAJ/vAv//AD/PAF9lAP9EAL88
[ShotData] AZ80AL88AP9EAF9lAD/PAv//AJ/vAP9MTp80ANor/wAAYwAAAMwRC580AL91AH/fAv//AN/3AP/G
[ShotData] AF+eAd99AF+eAP/GAN/3Av//AH/fAL91T580AMwR/wAAZAAAALkjCp80AL88AJ91AD/PAN//Cf//
[ShotData] AN//AD/PAJ91AL88Tp80ALkj/wAAZQAAAEkJC580AL80AB9VAF+eAJ/nB///AJ/nAF+eAB9VAL80
[ShotData] T580AEkJ/wAAZgAAALIaDJ80AL88AP9MAP+FAL+uAH/fAb/vAH/fAL+uAP+FAP9MAL88UJ80ALIa
[ShotData] /wAAaAAAAJkjZ580AJkj/wAAaQAAAKUAAD0sZZ80AD0sAKUA/wAAagAAAAcJAF4sY580AF4sAAcJ
[ShotData] /wAAbAAAAAcJAD0sYZ80AD0sAAcJ/wAAbgAAAKUAAJkjX580AJkjAKUA/wAAcQAAALIaXZ80ALIa
[ShotData] /wAAdAAAAEkJALkjWZ80ALkjAEkJ/wAAdwAAAMwRANorVZ80ANorAMwR/wAAewAAAEkJAPQaAF4s
[ShotData] T580AF4sAPQaAEkJ/wAAgAAAACgJAC8SABUjALkjAD0sRZ80AD0sALkjABUjAC8SACgJ/wAA/wAA
[ShotData] /wAA/wAA/wAA/wAA/wAA/wAA/wAA/wAA/wAA/wAA/wAA/wAA/wAA/wAA/wAA/wAA/wAA/wAA/wAA
[ShotData] /wAA/wAA/wAA/wAA/wAA/wAA/wAA/wAA/wAA/wAA/wAA/wAA/wAA/wAA/wAA/wAA/wAA/wAA/wAA
[ShotData] /wAA/wAA/wAA/wAA/wAA/wAA/wAA/wAA/wAA/wAA/wAA/wAA/wAA/wAA/wAA/wAA/wAA/wAA/wAA
[ShotData] /wAA/wAA/wAA/wAA/wAA/wAA/wAA/wAA/wAA/wAA/wAA/wAA/wAA7wAABYnHAwAABYnH/wAAwwAA
[ShotData] BYnHAwAABYnH/wAAwwAABYnHAwAABYnH/wAAwwAABYnHAwAABYnH/wAAwwAABYnHAwAABYnH/wAA
[ShotData] wwAABYnHAwAABYnH/wAA/wAA/wAA/wAA/wAA/wAA/wAA/wAA/wAAEwAABYnHAwAABYnH/wAAwwAA
[ShotData] BYnHAwAABYnH/wAAwwAABYnHAwAABYnH/wAAwwAABYnHAwAABYnH/wAAwwAABYnHAwAABYnH/wAA
[ShotData] wwAABYnHAwAABYnH/wAA/wAA/wAA/wAA/wAA/wAA/wAA/wAA/wAA/wAA/wAA/wAA/wAA/wAA/wAA
[ShotData] /wAA/wAA/wAAKQAAAFJ8APSMADF8BgAAAG5jBfSMALOEABB0AIpCAEEIAgAAAG5jBfSMALOEABB0
[ShotData] AIpCAEEIBAAAAIYpAG5jAHJ8ANSMALOEAPBzAIpCAEEI/wAAogAAAEUhAvSMAEUhBQAAAG5jCPSM
[ShotData] AFF8AIIIAQAAAG5jCPSMAFF8AIIIAgAAAE1bBvSMAHJ8AKIQ/wAAoQAAAE1bAvSMAC1bBQAAAG5j
[ShotData] AfSMAE1bAuxSAE1bALOEAfSMAI5jAQAAAG5jAfSMAE1bAuxSAE1bALOEAfSMAI5jAQAAAElCAfSM
[ShotData] ALOEAC1bAIpKAOxSAFJ8AfSMAM9r/wAAoAAAAGEIANSMAvSMANOEAEEIBAAAAG5jAfSMAOMYAwAA
[ShotData] AKIQALOEAfSMAGEIAAAAAG5jAfSMAOMYAwAAAKIQALOEAfSMAGEIAAAAADF0APSMANSMAMMQAgAA
[ShotData] ACAAAPBrAfSMAMMQ/wAAnwAAACk6AfSMAOxSAfSMAAg6BAAAAG5jAfSMAOMYBAAAAE5bAfSMACQh
[ShotData] AAAAAG5jAfSMAOMYBAAAAE5bAfSMACQhAAAAAfSMADF0BAAAAIYpAU1bAAQZ/wAAnwAAABF0APSM
[ShotData] AJJ8ACAAAJOEAPSMAPBzBAAAAG5jAfSMAOMYBAAAAE1bAfSMACUhAAAAAG5jAfSMAOMYBAAAAE1b
[ShotData] AfSMACUhAAAAALOEAPSMANSMAAQZ/wAApgAAAAQZAfSMAMtSAAAAAAxTAfSMAOQYAwAAAG5jAfSM
[ShotData] AOMYAwAAAIIIAJOEAfSMAGIIAAAAAG5jAfSMAOMYAwAAAIIIAJOEAfSMAGIIAAAAAE1bAvSMAI9j
[ShotData] AIpKAMcxAAQZACAA/wAAoQAAAAxTAfSMAAQZAAAAAEUhAfSMAOxSAwAAAG5jAfSMAG5bAgxTAG5b
[ShotData] ALOEAfSMAI5jAQAAAG5jAfSMAG5bAgxTAG5bALOEAfSMAI5jAQAAAIIQAHJ8BfSMALOEAOxSAEEI
[ShotData] /wAAngAAACAAALOEAPSMAFJ8AgAAAHJ8APSMALOEACAAAgAAAG5jCPSMAFF8AIIIAQAAAG5jCPSM
[ShotData] AFF8AIIIAgAAAEEIAIpKAFF8BfSMABB0ACAA/wAAnQAAAOcxAfSMAIpKAgAAAKtKAfSMAMcxAgAA
[ShotData] AG5jBfSMALOEAPBzAGpCAEEIAgAAAG5jBfSMALOEAPBzAGpCAEEIBgAAAEEIAOQYAKcxAOxSANSM
[ShotData] AfSMAOg5/wAAnQAAAM9rAfSMAAxTAmpCAAxbAfSMAK9rAgAAAG5jAfSMAOMYCQAAAG5jAfSMAOMY
[ShotData] EQAAAOgxAfSMAA1b/wAAnAAAAMMQCvSMAKIQAQAAAG5jAfSMAOMYCQAAAG5jAfSMAOMYCAAAAGYp
[ShotData] AXJ8ACk6BAAAAOQYAfSMAC1b/wAAnAAAAKtKCvSMAIpKAQAAAG5jAfSMAOMYCQAAAG5jAfSMAOMY
[ShotData] CAAAAIIQAfSMAHJ8AIIIAwAAAMtKAfSMAGpC/wAAnAAAAJJ8AfSMAGIIBAAAAIIIAfSMAHJ8AQAA
[ShotData] AG5jAfSMAOMYCQAAAG5jAfSMAOMYCQAAAG5jAfSMANOEAG5jAMtSAAxTADF0AfSMANOEAKIQ/wAA
[ShotData] mwAAAIYpAfSMAI5jBgAAAK9jAfSMAIYpAAAAAG5jAfSMAOMYCQAAAG5jAfSMAOMYCQAAAGEIABB0
[ShotData] BvSMANOEAKYp/wAAnAAAAI5jAfSMAMcxBgAAAMcxAfSMAG5jAAAAAG5jAfSMAOMYCQAAAG5jAfSM
[ShotData] AOMYCgAAACAAACg6AM9rAJOEAPSMALOEABB0AKtKAKIQ/wAA/wAA/wAA/wAA/wAA/wAA/wAA/wAA
[ShotData] /wAA/wAA/wAA/wAA/wAA/wAA/wAA/wAA/wAA/wAA/wAA/wAA/wAA/wAA/wAA/wAA/wAA/wAA/wAA
[ShotData] /wAA/wAA/wAA/wAA/wAA/wAA/wAA/wAA/wAA/wAA/wAA/wAA/wAA/wAA/wAA/wAA/wAA/wAA/wAA
[ShotData] /wAA/wAA/wAA/wAA/wAA/wAA/wAA/wAA/wAA/wAA/wAA/wAA/wAA/wAA/wAA/wAA/wAA/wAA/wAA
[ShotData] /wAA/wAA/wAA/wAA/wAA/wAA/wAA/wAA/wAA/wAA/wAA/wAA/wAA/wAA/wAA/wAA/wAA/wAA/wAA
[ShotData] /wAA/wAA/wAA/wAA/wAA/wAA/wAA/wAA/wAA/wAACwAA
[ShotEnd] digital-seconds-item bytes=19812
[Shot] digital-unknown 468 468
[ShotData] /wAA/wAA/wAA/wAA/wAA/wAA/wAA/wAA/wAA/wAA/wAA/wAA/wAA/wAA/wAA/wAA/wAA/wAA/wAA
[ShotData] /wAA/wAA/wAA/wAA/wAA/wAA/wAA/wAA/wAA/wAA/wAA/wAA/wAA/wAA/wAA/wAA/wAA/wAA/wAA
[ShotData] /wAA/wAA/wAA/wAA/wAA/wAA/wAA/wAA/wAA/wAA/wAA/wAA/wAA/wAA/wAA/wAA/wAA/wAA/wAA
[ShotData] /wAA/wAA/wAA/wAA/wAA/wAA/wAA/wAA/wAA/wAA/wAA/wAA/wAA/wAA/wAA/wAA/wAA/wAA/wAA
[ShotData] /wAA/wAA/wAA/wAA/wAA/wAA/wAA/wAA/wAA/wAA/wAA/wAA/wAA/wAA/wAA/wAA/wAA/wAA/wAA
[ShotData] /wAA/wAA/wAA/wAA/wAA/wAA/wAA/wAA/wAA/wAA/wAA/wAA/wAA/wAA/wAA/wAA/wAA/wAA/wAA
[ShotData] /wAA/wAA/wAA/wAA/wAA/wAA/wAA/wAA/wAA/wAA/wAA/wAA/wAA/wAA8gAAACAAAKRjAIeuAEi/
[ShotData] ACemAGI6BgAAAGaNAInHAORj/wAAwwAAAIRbBInHAEEhBAAAAGNCAInHAKiuAEAA/wAAjgAAAONK
[ShotData] AEemEInHAEemAONKHwAAAEemAInHAEVsAIAIAGemAInHAORjAwAAAEAIAKiuAInHAEI6/wAAjgAA
[ShotData] AONKFInHAONKHgAAAEi/AInHAEI6AAAAAMV8AInHAMV8AwAAACVsAInHAEaN/wAAjwAAAEemAInH
[ShotData] AEemAMIpDgAAAMIpAEemAInHAEemHgAAAYnHACI6AAAAAKV8AInHAAaFAgAAAEEhAGnHAEi/AOEY
[ShotData] /wAAjwAAAYnHAMIpEAAAAMIpAYnHHgAAAYnHACI6AAAAAKV8AInHAAaFAgAAAMeVAInHAIRb/wAA
[ShotData] kAAAAYnHEgAAAYnHAAAAAWV0CQAAAIV0BKV8AMRjAQAAAIV0BKV8AMRjAQAAACi/AInHAEI6AAAA
[ShotData] AMV8AInHAKV8AQAAAMNKAInHAGemASAAAMRjAGeuACi/AOedAAIy/wAAigAAAYnHEgAAAYnHAAAA
[ShotData] AYnHCQAABYnHACemAQAABYnHACemAQAAAEemAInHACVsAIAIAGemAInHAKRjAAAAAIAIAOi2AInH
[ShotData] AOIxAAAAAMRjA4nHAGnHAAEZ/wAAiQAAAYnHEgAAAYnHAAAAAYnHCQAABYnHACemAQAABYnHACem
[ShotData] AQAAAGRbA4nHAGnHAAEZAAAAAIV0AInHAMV8AQAAAKiuAInHAARsAIAQAKiuAInHAIRb/wAAiQAA
[ShotData] AYnHEgAAAYnHAAAAAYnHGwAAACAAAORjAKiuAGjHACemACI6AAAAAIEpAInHACi/AKAQAAAAACAA
[ShotData] AYnHAAIyAAAAACaNAInHAGV0/wAAiQAAAYnHEgAAAYnHAAAAAYnHIgAAAAeeAInHACNTAQAAAEAA
[ShotData] AYnHAMIpAAAAAAaFAInHAKV8/wAAiQAAAYnHEgAAAYnHAAAAAWV0IQAAACNTAInHAAeeAgAAAEAA
[ShotData] AYnHAMIpAAAAAAaFAInHAKV8/wAAiQAAAYnHAMIpEAAAAMIpAYnHIwAAAKAQAAi/AInHAIEpAwAA
[ShotData] AGnHAInHAOIxAAAAACaFAInHAEV0/wAAiQAAAEemAInHAEemAMIpDgAAAMIpAEemAInHAEemIwAA
[ShotData] AMV8AInHAGV0BAAAAIiuAInHAGRbAAAAAEemAInHAERT/wAAiQAAAONKFInHAONKIgAAAOIxAInH
[ShotData] AOi2AIAIBAAAAMRjAYnHAAi/AInHAEi/AMAQ/wAAigAAAONKAEemEInHAEemAONKIgAAACAAAEem
[ShotData] AInHAMNKBQAAACAAAARsAKiuAEi/AOedAOIx/wAA/wAA/wAA/wAA/wAA/wAA/wAA/wAA/wAA/wAA
[ShotData] /wAA/wAA/wAA/wAA/wAA/wAA/wAA/wAA/wAA/wAA/wAA/wAA/wAA/wAA/wAA/wAA/wAA/wAA/wAA
[ShotData] /wAA/wAA/wAA/wAA/wAA/wAA/wAA/wAA/wAABgAAAEUhAM9zAHalAFnGAJvOAFrGAJatABB8AGUp
[ShotData] BQAAAElCDLvOAAxbAAAAAJetDbvOAMtSBgAAAJetDbvOAMtSAAAAAEUhArvOAE1jAgAAAElCArvO
[ShotData] APBzCQAAAEEIABi+ArvOAgAAAElCDLvOAAxb/wAAXAAAACAAAPB7CLvOABB8ACAAAwAAAElCDLvO
[ShotData] AAxbAAAAAJetDbvOAMtSBgAAAJetDbvOAMtSAAAAAEUhArvOAE1jAgAAAElCArvOAJvOAOMYCAAA
[ShotData] AAxbA7vOAgAAAElCDLvOAAxb/wAAXAAAAFGECrvOAPB7AwAAAElCDLvOAAxbAAAAAJetDbvOAMtS
[ShotData] BgAAAJetDbvOAMtSAAAAAEUhArvOAE1jAgAAAElCA7vOAFGEBwAAAEEIADm+A7vOAgAAAElCDLvO
[ShotData] AAxb/wAAWwAAAKYxArvOABm+AOxaAGUpAOMYAGYpAAxbADm+ArvOACUhAgAAAElCArvOAC1jCIYx
[ShotData] AKMQAAAAAEUpA4YxAMcxArvOANOUBIYxAKIQBgAAAEUpA4YxAMcxArvOANOUBIYxAKIQAAAAAEUh
[ShotData] ArvOAE1jAgAAAElCBLvOACQhBgAAAE1jBLvOAgAAAElCArvOAC1jCIYxAKMQ/wAAWwAAAM9zArvO
[ShotData] AAQhBAAAAGYpArvOAI5rAgAAAElCArvOAChCDwAAACAAArvOADGEEQAAACAAArvOADGEBgAAAEUh
[ShotData] ArvOAE1jAgAAAElCBLvOALOMBQAAAGIIAFrGBLvOAgAAAElCArvOAChC/wAAZQAAALOUAbvOANi1
[ShotData] BgAAAPScAbetAPB7AgAAAElCArvOAChCDwAAACAAArvOADGEEQAAACAAArvOADGEBgAAAEUhArvO
[ShotData] AE1jAgAAAElCBbvOAIYpBAAAAI5rBbvOAgAAAElCArvOAChC/wAAZQAAALOMAbvOAJvOAIIQDAAA
[ShotData] AElCArvOAChCDwAAACAAArvOADGEEQAAACAAArvOADGEBgAAAEUhArvOAE1jAgAAAElCBbvOABSd
[ShotData] AwAAAKIQAHrGBbvOAgAAAElCArvOAChC/wAAZQAAAG5rArvOAJatAChCAEEICgAAAElCArvOAChC
[ShotData] DwAAACAAArvOADGEEQAAACAAArvOADGEBgAAAEUhArvOAE1jAgAAAElCArvOALetArvOAOc5AgAA
[ShotData] AM9zArvOAPi1ArvOAgAAAElCArvOAChC/wAAZQAAAOMYAJvOBLvOANe1ANSUAPBzAKtSAMMYBQAA
[ShotData] AElCArvOAC1jB4YxBwAAACAAArvOADGEEQAAACAAArvOADGEBgAAAEUhArvOAE1jAgAAAElCArvO
[ShotData] AIpKAFrGAbvOAHalAQAAAMMYAJrOAbvOANOUAJKMArvOAgAAAElCArvOAC1jB4Yx/wAAXgAAAGlK
[ShotData] AJvOCLvOAJOMAKIQAwAAAElCC7vOACAABgAAACAAArvOADGEEQAAACAAArvOADGEBgAAAEUhArvO
[ShotData] AE1jAgAAAElCArvOAChCAC1jArvOAElCAAAAABF8ArvOACQhAJKMArvOAgAAAElCC7vOACAA/wAA
[ShotData] XgAAAEUhAJKMAJrOB7vOABi+AKMQAgAAAElCC7vOACAABgAAACAAArvOADGEEQAAACAAArvOADGE
[ShotData] BgAAAEUhArvOAE1jAgAAAElCArvOAChCAEEIAPi1AbvOALe1AAQhAJvOAbvOAFGEAAAAAJKMArvO
[ShotData] AgAAAElCC7vOACAA/wAAYAAAAEEIAIYxAKpSAI5rAJKMANi1A7vOAFGEAgAAAElCC7vOACAABgAA
[ShotData] ACAAArvOADGEEQAAACAAArvOADGEBgAAAEUhArvOAE1jAgAAAElCArvOAChCAAAAAIpKArvOABi+
[ShotData] AbvOAJrOAMMYAAAAAJKMArvOAgAAAElCC7vOACAA/wAAZgAAAAhCAJrOAbvOAHrGACAAAQAAAElC
[ShotData] ArvOAChCDwAAACAAArvOADGEEQAAACAAArvOADGEBgAAAEUhArvOAE1jAgAAAElCArvOAChCAQAA
[ShotData] AJetBLvOAM9zAQAAAJKMArvOAgAAAElCArvOAChC/wAAZAAAACAAAsMYAEEIBgAAABB8ArvOAMMY
[ShotData] AQAAAElCArvOAChCDwAAACAAArvOADGEEQAAACAAArvOADGEBgAAAEUhArvOAE1jAgAAAElCArvO
[ShotData] AChCAQAAAAg6A7vOAFrGAIIQAQAAAJKMArvOAgAAAElCArvOAChC/wAAZAAAAMMYArvOAC1jBgAA
[ShotData] AI5rArvOAKIQAQAAAElCArvOAChCDwAAACAAArvOADGEEQAAACAAArvOADGEBgAAAEUhArvOAE1j
[ShotData] AgAAAElCArvOAChCAgAAABWdArvOAE1jAgAAAJKMArvOAgAAAElCArvOAChC/wAAZQAAABm+AbvO
[ShotData] APi1AIIQBAAAAEEIAJetAbvOAFrGAgAAAElCArvOAChCDwAAACAAArvOADGEEQAAACAAArvOADGE
[ShotData] BgAAAEUhArvOAE1jAgAAAElCArvOAChCAgAAAGYpAbvOABm+AEEIAgAAAJKMArvOAgAAAElCArvO
[ShotData] AChC/wAAZQAAAI5rArvOAPi1AC1jAMc5AEUpAKcxAMtSAJetArvOABB8AgAAAElCArvOAC1jCIYx
[ShotData] AKMQBQAAACAAArvOADGEEQAAACAAArvOADGEBgAAAEUhArvOAE1jAgAAAElCArvOAChCAwAAAOQY
[ShotData] AAQhAKIQAwAAAJKMArvOAgAAAElCArvOAC1jCIYxAKMQ/wAAWwAAAEEIANe1CrvOAPi1AIIQAgAA
[ShotData] AElCDLvOAAxbBQAAACAAArvOADGEEQAAACAAArvOADGEBgAAAEUhArvOAE1jAgAAAElCArvOAChC
[ShotData] CgAAAJKMArvOAgAAAElCDLvOAAxb/wAAXAAAAMMYADWlCLvOADWdAMMYAwAAAElCDLvOAAxbBQAA
[ShotData] ACAAArvOADGEEQAAACAAArvOADGEBgAAAEUhArvOAE1jAgAAAElCArvOAChCCgAAAJKMArvOAgAA
[ShotData] AElCDLvOAAxb/wAAXgAAAAg6AFGEALetAHrGALvOAFrGAJatADF8AOc5BQAAAElCDLvOAAxbBQAA
[ShotData] ACAAArvOADGEEQAAACAAArvOADGEBgAAAEUhArvOAE1jAgAAAElCArvOAChCCgAAAJKMArvOAgAA
[ShotData] AElCDLvOAAxb/wAA/wAA/wAA/wAA/wAA/wAA/wAA/wAA/wAA/wAA/wAA/wAA/wAA/wAA/wAA/wAA
[ShotData] /wAA/wAA/wAA/wAA/wAA/wAA/wAA/wAA/wAA/wAA/wAA/wAA/wAA/wAA/wAA/wAA/wAA/wAA/wAA
[ShotData] /wAA/wAA/wAA/wAA/wAA/wAA/wAA/wAA/wAA/wAA/wAA/wAA/wAA/wAA/wAA/wAA/wAA/wAA/wAA
[ShotData] /wAA/wAA/wAA/wAA/wAA/wAA/wAA/wAA/wAA/wAA/wAA/wAA/wAA/wAA/wAA/wAA/wAA/wAA/wAA
[ShotData] /wAA/wAA/wAA/wAA/wAA/wAA/wAA/wAA/wAA/wAA/wAA/wAA/wAA/wAA/wAA/wAA/wAA/wAA/wAA
[ShotData] /wAA/wAA/wAA/wAA/wAA/wAA/wAA/wAA/wAA/wAA/wAA/wAA/wAA/wAA/wAA/wAA/wAA/wAA/wAA
[ShotData] /wAA/wAA/wAA/wAA/wAA/wAA/wAA/wAA/wAA/wAA/wAA/wAA/wAA/wAA/wAA/wAA/wAA/wAA/wAA
[ShotData] /wAA/wAA/wAA/wAA/wAA/wAA/wAA/wAA/wAA/wAA/wAA/wAA/wAA/wAA/wAA/wAA/wAA/wAA/wAA
[ShotData] /wAA/wAA/wAA/wAA/wAA/wAA/wAA/wAA/wAA/wAA/wAA/wAA/wAA/wAA/wAA/wAA/wAA/wAA/wAA
[ShotData] /wAA/wAA/wAA/wAA/wAA/wAA/wAAPQAAAIIQC+MY/wAAxgAAALa1C////wAAxgAAALa1C////wAA
[ShotData] xgAAALa1C////wAAxgAAALa1C////wAAxgAAALa1C////wAAxgAAALa1C////wAAxgAAALa1C///
[ShotData] /wAAxgAAALa1C////wAAxgAAALa1C////wAAcAAAAGUpINOcAGEIBwAAAGUpINOcAGEIBwAAALa1
[ShotData] C///CAAAAGUpINOcAGEIBwAAAGUpINOcAGEI/wAAGQAAAGlKIP//AMMYBwAAAGlKIP//AMMYBwAA
[ShotData] ALa1C///CAAAAGlKIP//AMMYBwAAAGlKIP//AMMY/wAAGQAAAGlKIP//AMMYBwAAAGlKIP//AMMY
[ShotData] BwAAALa1C///CAAAAGlKIP//AMMYBwAAAGlKIP//AMMY/wAAGQAAAGlKIP//AMMYBwAAAGlKIP//
[ShotData] AMMYBwAAALa1C///CAAAAGlKIP//AMMYBwAAAGlKIP//AMMY/wAAGQAAAGlKIP//AMMYBwAAAGlK
[ShotData] IP//AMMYHQAAAGlKIP//AMMYBwAAAGlKIP//AMMY/wAAGQAAAGlKIP//AMMYBwAAAGlKIP//AMMY
[ShotData] HQAAAGlKIP//AMMYBwAAAGlKIP//AMMY/wAAGQAAAGlKIP//AMMYBwAAAGlKIP//AMMYHQAAAGlK
[ShotData] IP//AMMYBwAAAGlKIP//AMMY/wAAGQAAAGlKIP//AMMYBwAAAGlKIP//AMMYHQAAAGlKIP//AMMY
[ShotData] BwAAAGlKIP//AMMY/wAAGQAAAGlKIP//AMMYBwAAAGlKIP//AMMYHQAAAGlKIP//AMMYBwAAAGlK
[ShotData] IP//AMMY/wAAGQAAAGlKIP//AMMYBwAAAGlKIP//AMMYHQAAAGlKIP//AMMYBwAAAGlKIP//AMMY
[ShotData] /wAAGQAAAGlKIP//AMMYBwAAAGlKIP//AMMYHQAAAGlKIP//AMMYBwAAAGlKIP//AMMY/wAA/wAA
[ShotData] /wAA/wAA/wAAFwAAACQhC6Yx/wAAxgAAALa1C////wAAxgAAALa1C////wAAxgAAALa1C////wAA
[ShotData] xgAAALa1C////wAAxgAAALa1C////wAAxgAAALa1C////wAAxgAAALa1C////wAAxgAAALa1C///
[ShotData] /wAAxgAAALa1C////wAAxgAAALa1C////wAAxgAAALa1C////wAAxgAAALa1C////wAAxgAAALa1
[ShotData] C////wAA/wAA/wAA/wAA/wAA/wAA/wAA/wAA/wAA/wAA/wAA/wAA/wAA/wAA/wAA/wAA/wAA/wAA
[ShotData] /wAA/wAA/wAA/wAA/wAA/wAA/wAA/wAA/wAA/wAA/wAA/wAA/wAA/wAA/wAA/wAA/wAA/wAA/wAA
[ShotData] /wAA/wAA/wAA/wAA/wAA/wAA/wAA/wAA/wAA/wAA/wAA/wAA/wAA/wAA/wAA/wAA/wAA/wAA/wAA
[ShotData] /wAA/wAA/wAA/wAA/wAA/wAA/wAA/wAA/wAA/wAA/wAA/wAA/wAA/wAA/wAA/wAA/wAA/wAA/wAA
[ShotData] /wAA/wAA/wAA/wAA/wAA/wAA/wAA/wAA/wAA/wAA/wAA/wAA/wAA/wAA/wAA/wAA/wAA/wAA/wAA
[ShotData] /wAA/wAA/wAA/wAA/wAA/wAA/wAA/wAA/wAA/wAA/wAA/wAA/wAA/wAA/wAA/wAA/wAA/wAA/wAA
[ShotData] /wAA/wAA/wAA/wAA/wAA/wAA/wAA/wAA/wAA/wAA/wAA/wAA/wAA/wAA/wAA/wAA/wAA/wAA/wAA
[ShotData] /wAA/wAA/wAA/wAA/wAA/wAA/wAA/wAA/wAA/wAA/wAA/wAA/wAA/wAA/wAA/wAA/wAA/wAA/wAA
[ShotData] /wAA/wAA/wAA/wAA/wAA/wAA/wAA/wAA/wAA/wAA/wAA/wAA/wAA/wAA/wAA/wAA/wAA/wAA/wAA
[ShotData] /wAA/wAA/wAA/wAA/wAA/wAA/wAA/wAA/wAA/wAA/wAA/wAA/wAA/wAA/wAA/wAA/wAA/wAA/wAA
[ShotData] /wAAEAAABYnHAwAABYnH/wAAwwAABYnHAwAABYnH/wAAwwAABYnHAwAABYnH/wAAwwAABYnHAwAA
[ShotData] BYnH/wAAwwAABYnHAwAABYnH/wAAwwAABYnHAwAABYnH/wAA/wAA/wAA/wAA/wAA/wAA/wAA/wAA
[ShotData] /wAAEwAABYnHAwAABYnH/wAAwwAABYnHAwAABYnH/wAAwwAABYnHAwAABYnH/wAAwwAABYnHAwAA
[ShotData] BYnH/wAAwwAABYnHAwAABYnH/wAAwwAABYnHAwAABYnH/wAA/wAA/wAA/wAA/wAA/wAA/wAA/wAA
[ShotData] /wAA/wAA/wAA/wAA/wAA/wAA/wAA/wAA/wAA/wAAKQAAAFJ8APSMADF8BgAAAG5jBfSMALOEABB0
[ShotData] AIpCAEEIAgAAAG5jBfSMALOEABB0AIpCAEEIBAAAAIYpAG5jAHJ8ANSMALOEAPBzAIpCAEEI/wAA
[ShotData] ogAAAEUhAvSMAEUhBQAAAG5jCPSMAFF8AIIIAQAAAG5jCPSMAFF8AIIIAgAAAE1bBvSMAHJ8AKIQ
[ShotData] /wAAoQAAAE1bAvSMAC1bBQAAAG5jAfSMAE1bAuxSAE1bALOEAfSMAI5jAQAAAG5jAfSMAE1bAuxS
[ShotData] AE1bALOEAfSMAI5jAQAAAElCAfSMALOEAC1bAIpKAOxSAFJ8AfSMAM9r/wAAoAAAAGEIANSMAvSM
[ShotData] ANOEAEEIBAAAAG5jAfSMAOMYAwAAAKIQALOEAfSMAGEIAAAAAG5jAfSMAOMYAwAAAKIQALOEAfSM
[ShotData] AGEIAAAAADF0APSMANSMAMMQAgAAACAAAPBrAfSMAMMQ/wAAnwAAACk6AfSMAOxSAfSMAAg6BAAA
[ShotData] AG5jAfSMAOMYBAAAAE5bAfSMACQhAAAAAG5jAfSMAOMYBAAAAE5bAfSMACQhAAAAAfSMADF0BAAA
[ShotData] AIYpAU1bAAQZ/wAAnwAAABF0APSMAJJ8ACAAAJOEAPSMAPBzBAAAAG5jAfSMAOMYBAAAAE1bAfSM
[ShotData] ACUhAAAAAG5jAfSMAOMYBAAAAE1bAfSMACUhAAAAALOEAPSMANSMAAQZ/wAApgAAAAQZAfSMAMtS
[ShotData] AAAAAAxTAfSMAOQYAwAAAG5jAfSMAOMYAwAAAIIIAJOEAfSMAGIIAAAAAG5jAfSMAOMYAwAAAIII
[ShotData] AJOEAfSMAGIIAAAAAE1bAvSMAI9jAIpKAMcxAAQZACAA/wAAoQAAAAxTAfSMAAQZAAAAAEUhAfSM
[ShotData] AOxSAwAAAG5jAfSMAG5bAgxTAG5bALOEAfSMAI5jAQAAAG5jAfSMAG5bAgxTAG5bALOEAfSMAI5j
[ShotData] AQAAAIIQAHJ8BfSMALOEAOxSAEEI/wAAngAAACAAALOEAPSMAFJ8AgAAAHJ8APSMALOEACAAAgAA
[ShotData] AG5jCPSMAFF8AIIIAQAAAG5jCPSMAFF8AIIIAgAAAEEIAIpKAFF8BfSMABB0ACAA/wAAnQAAAOcx
[ShotData] AfSMAIpKAgAAAKtKAfSMAMcxAgAAAG5jBfSMALOEAPBzAGpCAEEIAgAAAG5jBfSMALOEAPBzAGpC
[ShotData] AEEIBgAAAEEIAOQYAKcxAOxSANSMAfSMAOg5/wAAnQAAAM9rAfSMAAxTAmpCAAxbAfSMAK9rAgAA
[ShotData] AG5jAfSMAOMYCQAAAG5jAfSMAOMYEQAAAOgxAfSMAA1b/wAAnAAAAMMQCvSMAKIQAQAAAG5jAfSM
[ShotData] AOMYCQAAAG5jAfSMAOMYCAAAAGYpAXJ8ACk6BAAAAOQYAfSMAC1b/wAAnAAAAKtKCvSMAIpKAQAA
[ShotData] AG5jAfSMAOMYCQAAAG5jAfSMAOMYCAAAAIIQAfSMAHJ8AIIIAwAAAMtKAfSMAGpC/wAAnAAAAJJ8
[ShotData] AfSMAGIIBAAAAIIIAfSMAHJ8AQAAAG5jAfSMAOMYCQAAAG5jAfSMAOMYCQAAAG5jAfSMANOEAG5j
[ShotData] AMtSAAxTADF0AfSMANOEAKIQ/wAAmwAAAIYpAfSMAI5jBgAAAK9jAfSMAIYpAAAAAG5jAfSMAOMY
[ShotData] CQAAAG5jAfSMAOMYCQAAAGEIABB0BvSMANOEAKYp/wAAnAAAAI5jAfSMAMcxBgAAAMcxAfSMAG5j
[ShotData] AAAAAG5jAfSMAOMYCQAAAG5jAfSMAOMYCgAAACAAACg6AM9rAJOEAPSMALOEABB0AKtKAKIQ/wAA
[ShotData] /wAA/wAA/wAA/wAA/wAA/wAA/wAA/wAA/wAA/wAA/wAA/wAA/wAA/wAA/wAA/wAA/wAA/wAA/wAA
[ShotData] /wAA/wAA/wAA/wAA/wAA/wAA/wAA/wAA/wAA/wAA/wAA/wAA/wAA/wAA/wAA/wAA/wAA/wAA/wAA
[ShotData] /wAA/wAA/wAA/wAA/wAA/wAA/wAA/wAA/wAA/wAA/wAA/wAA/wAA/wAA/wAA/wAA/wAA/wAA/wAA
[ShotData] /wAA/wAA/wAA/wAA/wAA/wAA/wAA/wAA/wAA/wAA/wAA/wAA/wAA/wAA/wAA/wAA/wAA/wAA/wAA
[ShotData] /wAA/wAA/wAA/wAA/wAA/wAA/wAA/wAA/wAA/wAA/wAA/wAA/wAA/wAA/wAA/wAA/wAA/wAA/wAA
[ShotData] /wAA/wAA/wAA/wAA/wAA/wAA/wAA/wAA/wAA/wAA/wAA/wAA/wAA/wAA/wAA/wAA/wAA/wAA/wAA
[ShotData] /wAA/wAA/wAA/wAA/wAA/wAAdwAA
[ShotEnd] digital-unknown bytes=7830
[Shot] digital-mixed 468 468
[ShotData] /wAA/wAA/wAA/wAA/wAA/wAA/wAA/wAA/wAA/wAA/wAA/wAA/wAA/wAA/wAA/wAA/wAA/wAA/wAA
[ShotData] /wAA/wAA/wAA/wAA/wAA/wAA/wAA/wAA/wAA/wAA/wAA/wAA/wAA/wAA/wAA/wAA/wAA/wAA/wAA
[ShotData] /wAA/wAA/wAA/wAA/wAA/wAA/wAA/wAA/wAA/wAA/wAA/wAA/wAA/wAA/wAA/wAA/wAA/wAA/wAA
[ShotData] /wAA/wAA/wAA/wAA/wAA/wAA/wAA/wAA/wAA/wAA/wAA/wAA/wAA/wAA/wAA/wAA/wAA/wAA/wAA
[ShotData] /wAA/wAA/wAA/wAA/wAA/wAA/wAA/wAA/wAA/wAA/wAA/wAA/wAA/wAA/wAA/wAA/wAA/wAA/wAA
[ShotData] +gAAAARsB4nHAGV0AgAAACAAAKRjAIeuAEi/ACemAGI6BgAAAGaNAInHAORj/wAAtgAAAARsB4nH
[ShotData] AGV0AgAAAIRbBInHAEEhBAAAAGNCAInHAKiuAEAA/wAAkwAAAONKAEemEInHAEemAONKDQAAAARs
[ShotData] AInHAGnHBSVsAGI6AgAAAEemAInHAEVsAIAIAGemAInHAORjAwAAAEAIAKiuAInHAEI6/wAAkwAA
[ShotData] AONKFInHAONKDAAAAARsAInHAEi/CQAAAEi/AInHAEI6AAAAAMV8AInHAMV8AwAAACVsAInHAEaN
[ShotData] /wAAlAAAAEemAInHAEemAMIpCAAAAANLBAAAAMIpAEemAInHAEemDAAAAARsAInHAEi/CQAAAYnH
[ShotData] ACI6AAAAAKV8AInHAAaFAgAAAEEhAGnHAEi/AOEY/wAAlAAAAYnHAMIpCAAAAEaNAInHAANLBAAA
[ShotData] AMIpAYnHDAAAAARsAInHAEi/AAAAAOIxAONKAINCAMAQBAAAAYnHACI6AAAAAKV8AInHAAaFAgAA
[ShotData] AMeVAInHAIRb/wAAlQAAAYnHCAAAAEaNAInHAEaNBgAAAYnHAAAAAWV0CQAAAARsAInHAGnHAGem
[ShotData] AonHAGnHAMRjAwAAACi/AInHAEI6AAAAAMV8AInHAKV8AQAAAMNKAInHAGemASAAAMRjAGeuACi/
[ShotData] AOedAAIy/wAAjwAAAYnHBwAAAEaNAInHAEaNBwAAAYnHAAAAAYnHCQAAAARsB4nHAKNCAgAAAEem
[ShotData] AInHACVsAIAIAGemAInHAKRjAAAAAIAIAOi2AInHAOIxAAAAAMRjA4nHAGnHAAEZ/wAAjgAAAYnH
[ShotData] BgAAACemAInHACemAANLAMV8BgAAAYnHAAAAAYnHCQAAAARsAYnHAEV0AKAQAIAQAGV0AYnHAOed
[ShotData] AgAAAGRbA4nHAGnHAAEZAAAAAIV0AInHAMV8AQAAAKiuAInHAARsAIAQAKiuAInHAIRb/wAAjgAA
[ShotData] AYnHBQAAAMV8BInHAMV8BQAAAYnHAAAAAYnHCQAAAGAIAcEQAgAAACAAAAi/AInHAGnHAgAAACAA
[ShotData] AORjAKiuAGjHACemACI6AAAAAIEpAInHACi/AKAQAAAAACAAAYnHAAIyAAAAACaNAInHAGV0/wAA
[ShotData] jgAAAYnHBgAAAMV8AANLACemAInHACemBgAAAYnHAAAAAYnHEAAAACemAYnHAEAICAAAAAeeAInH
[ShotData] ACNTAQAAAEAAAYnHAMIpAAAAAAaFAInHAKV8/wAAjgAAAYnHBwAAAEaNAInHAEaNBwAAAYnHAAAA
[ShotData] AWV0CQAAAGAIAIAQAIAIAwAAAGeuAYnHACAABwAAACNTAInHAAeeAgAAAEAAAYnHAMIpAAAAAAaF
[ShotData] AInHAKV8/wAAjgAAAYnHAMIpBQAAAEaNAInHAEaNBwAAAMIpAYnHDAAAAKaVAYnHAOEYAQAAACEh
[ShotData] AYnHAKiuBwAAAKAQAAi/AInHAIEpAwAAAGnHAInHAOIxAAAAACaFAInHAEV0/wAAjgAAAEemAInH
[ShotData] AEemAMIpAwAAAANLAInHAEaNBwAAAMIpAEemAInHAEemDAAAAMRjAYnHAOi2AGV0AIV0AAi/AYnH
[ShotData] ACVsBwAAAMV8AInHAGV0BAAAAIiuAInHAGRbAAAAAEemAInHAERT/wAAjgAAAONKFInHAONKDAAA
[ShotData] AGAIAEemBYnHAEemAGAIBgAAAOIxAInHAOi2AIAIBAAAAMRjAYnHAAi/AInHAEi/AMAQ/wAAjwAA
[ShotData] AONKAEemEInHAEemAONKDgAAAGAIAORjAEemAGjHAEi/AEemAMRjAGAIBgAAACAAAEemAInHAMNK
[ShotData] BQAAACAAAARsAKiuAEi/AOedAOIx/wAA/wAA/wAA/wAA/wAA/wAA/wAA/wAA/wAA/wAA/wAA/wAA
[ShotData] /wAA/wAA/wAA/wAA/wAA/wAA/wAA/wAA/wAA/wAA/wAA/wAA/wAA/wAA/wAA/wAA/wAA/wAA/wAA
[ShotData] /wAA/wAA/wAA/wAA/wAA/wAA+QAAAEUhAM9zAHalAFnGAJvOAFrGAJatABB8AGUpCwAAACQhArvO
[ShotData] AIYpBwAAAJetDbvOAMtSEAAAAEUhAM9zAHalAFnGAJvOAFrGAJatABB8AGUpBQAAAElCDLvOAAxb
[ShotData] AQAAAElCB7vOAJrGAPi1AJKMAElCDQAAAIIQADF8ArvOAHalBQAAAKYxAFGEANe1AHrGAJrOAPi1
[ShotData] ALOMAElK/wAAPwAAACAAAPB7CLvOABB8ACAACQAAAM9zArvOADGEBwAAAJetDbvOAMtSDgAAACAA
[ShotData] APB7CLvOABB8ACAAAwAAAElCDLvOAAxbAQAAAElCC7vOADWlAKIQCgAAAKpSADm+A7vOAHalAwAA
[ShotData] ACAAAFGEB7vOADWlAKIQ/wAAPQAAAFGECrvOAPB7CAAAACAAADm+ArvOAHrGAGEIBgAAAJetDbvO
[ShotData] AMtSDgAAAFGECrvOAPB7AwAAAElCDLvOAAxbAQAAAElCDLvOAHalACAACAAAADWdBbvOAHalAwAA
[ShotData] APB7CbvOAFal/wAAPAAAAKYxArvOABm+AOxaAGUpAOMYAGYpAAxbADm+ArvOACUhBwAAAGlKBLvO
[ShotData] AMtSBgAAAEUpA4YxAMcxArvOANOUBIYxAKIQDQAAAKYxArvOABm+AOxaAGUpAOMYAGYpAAxbADm+
[ShotData] ArvOACUhAgAAAElCArvOAC1jCIYxAKMQAQAAAElCArvOAC1jA4YxAOg5AE1jADm+ArvOAKpSCAAA
[ShotData] BrvOAHalAgAAAOQYArvOAJrOAG5rAIYpAEUpAOtaADm+ArvOAElK/wAAOwAAAM9zArvOAAQhBAAA
[ShotData] AGYpArvOAI5rBwAAABWdBLvOAHalCwAAACAAArvOADGEEwAAAM9zArvOAAQhBAAAAGYpArvOAI5r
[ShotData] AgAAAElCArvOAChCCwAAAElCArvOAChCBQAAAGUpArvOANOUCAAAAbvOABi+AElKAPi1AbvOAHal
[ShotData] AgAAAOxaArvOAOxaAwAAAKcxArvOAFGE/wAAOwAAALOUAbvOANi1BgAAAPScAbetAPB7BgAAAAQZ
[ShotData] ArvOAG5rArvOAGUpCgAAACAAArvOADGEEwAAALOUAbvOANi1BgAAAPScAbetAPB7AgAAAElCArvO
[ShotData] AChCCwAAAElCArvOAChCBgAAANe1AbvOALetCAAAAHrGAK9zAEEIAAAAAPi1AbvOAHalAgAAAM9z
[ShotData] ArvOAMMYBAAAAHrGAbvOADWd/wAAOwAAALOMAbvOAJvOAIIQEAAAAK9zAbvOABm+ACAAAPi1AbvO
[ShotData] ABB8CgAAACAAArvOADGEEwAAALOMAbvOAJvOAIIQDAAAAElCArvOAChCCwAAAElCArvOAChCBgAA
[ShotData] AHalAbvOAPi1CAAAAAQhAgAAAPi1AbvOAHalAgAAAPB7ArvOAKIQBAAAADm+AbvOAHal/wAAOwAA
[ShotData] AG5rArvOAJatAChCAEEIDQAAACAAADm+AbvOAM9zAAAAAG5rAbvOAHrGAEEICQAAACAAArvOADGE
[ShotData] EwAAAG5rArvOAJatAChCAEEICgAAAElCArvOAChCCwAAAElCArvOAChCBQAAAIIQAHrGAbvOADWd
[ShotData] DAAAAPi1AbvOAHalAgAAAG5rArvOAElKAwAAACQhArvOAPSU/wAAOwAAAOMYAJvOBLvOANe1ANSU
[ShotData] APBzAKtSAMMYCAAAAElCArvOAEUpAAAAAAQhArvOAKtSCQAAACAAArvOADGEEwAAAOMYAJvOBLvO
[ShotData] ANe1ANSUAPBzAKtSAMMYBQAAAElCArvOAC1jB4YxAwAAAElCArvOAChCAwAAAEEIAIYpADWlArvO
[ShotData] AG5rDAAAAPi1AbvOAHalAgAAAAg6ArvOADm+AGlKAIIQAGEIAOc5ALetArvOAI5r/wAAPAAAAGlK
[ShotData] AJvOCLvOAJOMAKIQBgAAAPScAbvOALetAgAAAFalAbvOAFalCQAAACAAArvOADGEFAAAAGlKAJvO
[ShotData] CLvOAJOMAKIQAwAAAElCC7vOACAAAgAAAElCDLvOAFrGAIIQDAAAAPi1AbvOAHalAgAAACAAALet
[ShotData] CrvOAGUp/wAAPQAAAEUhAJKMAJrOB7vOABi+AKMQBAAAAOMYArvOAC1jAgAAAOtaArvOAEUhCAAA
[ShotData] ACAAArvOADGEFQAAAEUhAJKMAJrOB7vOABi+AKMQAgAAAElCC7vOACAAAgAAAElCC7vOAFrGAKYx
[ShotData] DQAAAPi1AbvOAHalAwAAAEUhADm+CLvOADWd/wAAQAAAAEEIAIYxAKpSAI5rAJKMANi1A7vOAFGE
[ShotData] BAAAAI5rArvOAMMYAgAAAIIQAJvOAbvOAPB7CAAAACAAArvOADGEFwAAAEEIAIYxAKpSAI5rAJKM
[ShotData] ANi1A7vOAFGEAgAAAElCC7vOACAAAgAAAElCCbvOAFrGABB8AMMYDgAAAPi1AbvOAHalBAAAAMMQ
[ShotData] ABB8ADm+AbvOAPi1A7vOAKYx/wAARgAAAAhCAJrOAbvOAHrGACAAAgAAACAAABm+AbvOABWdBAAA
[ShotData] ALOUAbvOAFrGAEEIBwAAACAAArvOADGEHQAAAAhCAJrOAbvOAHrGACAAAQAAAElCArvOAChCCwAA
[ShotData] AElCArvOAE1jA8cxAIYpAOQYEQAAAPi1AbvOAHalBwAAAGEIAEEIAOxaArvOAJKM/wAAPAAAACAA
[ShotData] AsMYAEEIBgAAABB8ArvOAMMYAgAAAChCDLvOAIpKBwAAACAAArvOADGEEgAAACAAAsMYAEEIBgAA
[ShotData] ABB8ArvOAMMYAQAAAElCArvOAChCCwAAAElCArvOAChCFwAAAPi1AbvOAHalCAAAAGEIADm+AbvO
[ShotData] AJrOAOMY/wAAPAAAAMMYArvOAC1jBgAAAI5rArvOAKIQAgAAANOUDLvOADWdBwAAACAAArvOADGE
[ShotData] EgAAAMMYArvOAC1jBgAAAI5rArvOAKIQAQAAAElCArvOAChCCwAAAElCArvOAChCFwAAAPi1AbvO
[ShotData] AHalCAAAAI5rArvOAI5r/wAAPgAAABm+AbvOAPi1AIIQBAAAAEEIAJetAbvOAFrGAgAAAMMYDrvO
[ShotData] ACQhBgAAACAAArvOADGEEwAAABm+AbvOAPi1AIIQBAAAAEEIAJetAbvOAFrGAgAAAElCArvOAChC
[ShotData] CwAAAElCArvOAChCFwAAAPi1AbvOAHalBwAAAMMQAHrGAbvOADm+AEEI/wAAPgAAAI5rArvOAPi1
[ShotData] AC1jAMc5AEUpAKcxAMtSAJetArvOABB8AgAAAG5rArvOAElCBqIQAMc5ArvOAM9zBgAAACAAArvO
[ShotData] ADGEBgAAAFrGAbvOAElCCAAAAI5rArvOAPi1AC1jAMc5AEUpAKcxAMtSAJetArvOABB8AgAAAElC
[ShotData] ArvOAC1jCIYxAKMQAQAAAElCArvOAChCFwAAAPi1AbvOAHalBwAAADGEArvOAKtS/wAAPwAAAEEI
[ShotData] ANe1CrvOAPi1AIIQAgAAAPi1AbvOADm+ACAABwAAANe1AbvOADm+ACAABQAAACAAArvOADGEBgAA
[ShotData] AFrGAbvOAElCCAAAAEEIANe1CrvOAPi1AIIQAgAAAElCDLvOAAxbAQAAAElCArvOAChCFwAAAPi1
[ShotData] AbvOAHalBgAAACUhArvOAJat/wAAQQAAAMMYADWlCLvOADWdAMMYAgAAAAg6ArvOAM9zCAAAAG5r
[ShotData] ArvOAGlKBQAAACAAArvOADGEBgAAAFrGAbvOAElCCQAAAMMYADWlCLvOADWdAMMYAwAAAElCDLvO
[ShotData] AAxbAQAAAElCArvOAChCFwAAAPi1AbvOAHalBgAAAPSUArvOAMcx/wAAQwAAAAg6AFGEALetAHrG
[ShotData] ALvOAFrGAJatADF8AOc5BAAAALOMArvOAGUpCAAAAAQZArvOABWdBQAAACAAArvOADGEBgAAAFrG
[ShotData] AbvOAElCCwAAAAg6AFGEALetAHrGALvOAFrGAJatADF8AOc5BQAAAElCDLvOAAxbAQAAAElCArvO
[ShotData] AChCFwAAAPi1AbvOAHalBQAAAMc5ArvOALOM/wAAdwAAAFrGAbvOAElC/wAAzwAAAFrGAbvOAOc5
[ShotData] /wAAzwAAAFrGAJvOAKpS/wAA0AAAAPi1AMc5/wAA0QAAAOMY/wAA/wAA/wAA/wAA/wAA/wAA/wAA
[ShotData] /wAA/wAA/wAA/wAA/wAA/wAA/wAA/wAA/wAA/wAA/wAA/wAA/wAA/wAA/wAA/wAA/wAA/wAA/wAA
[ShotData] /wAA/wAA/wAA/wAA/wAA/wAA/wAA/wAA/wAA/wAA/wAA/wAA/wAA/wAA/wAA/wAA/wAA/wAA/wAA
[ShotData] /wAA/wAA/wAA/wAA/wAA/wAA/wAA/wAA/wAA/wAA/wAA/wAA/wAA/wAA/wAA/wAA/wAA/wAA/wAA
[ShotData] /wAA/wAA/wAA/wAA/wAA/wAA/wAA/wAA/wAA/wAA/wAA/wAA/wAA/wAA/wAA/wAA/wAA/wAA/wAA
[ShotData] /wAA/wAA/wAA/wAA/wAA/wAA/wAA/wAA/wAA/wAA/wAA/wAA/wAA/wAA/wAA/wAA/wAA/wAA/wAA
[ShotData] /wAA/wAA/wAA/wAA/wAA/wAA/wAAXwAAAIIQAChCAE1rADCEAPOcADSlAHWtABSlALKUAFGMACxj
[ShotData] AAhCAKIQ/wAAwwAAAKYxAFGMALrWDP//ANveAHGMAKYxJgAAAEUpAAxjAJKUALa1ALrWAF3vAL73
[ShotData] AP//AN//AH3vABznADjGADSlAM97AChCAGEI/wAAhwAAAOtaAJrWEv//AFnOAIpSIQAAAIYxAJKU
[ShotData] ABznDv//AN//ANe9AAxjAEEIQAAAAKpSCv//ABjGIgAAAIIQAPOcCf//ALa1/wAABAAAAChCALrW
[ShotData] Fv//AHnOAKYxHQAAAChCADjGFP//AJ73ADCEAIIQPgAAAJrWCv//AAhCIQAAAMtaAF3vCv//ALa1
[ShotData] /wAAAgAAACAAAHGMGv//ABCEGgAAAAQhANe9GP//AH3vAAxjPAAAAIpSCv//ADjGIAAAAOMYALa1
[ShotData] DP//ALa1/wAAAQAAAEEIALa1HP//AJa1AEEIFwAAAOtaAL73G///AJa1AGEIOgAAAHnOCv//AElK
[ShotData] HwAAAI5zAL73Df//ALa1/wAAAQAAADSlHv//ANe9ACAAFQAAAHGMHv//ALrWAAQhOAAAAGlKCv//
[ShotData] AFnOHgAAAIYxAFnOD///ALa1/wAAAAAAAG1rIP//ANOcFAAAAJKUIP//ABznAAQhNwAAAFnOCv//
[ShotData] AGlKHAAAAEEIAFGMAN//EP//ALa1/wAAAKYxAN//If//AIpSEgAAAM97Iv//APveAIIQNQAAAChC
[ShotData] Cv//AJrWHAAAAChCAPveEv//ALa1/wAAABjGIv//ADznAEEIEAAAAAhCJP//ANe9NQAAADjGCv//
[ShotData] AKpSGgAAAIIQABSlFP//ALa1/gAAAElKJP//AO97DwAAAEEIABznJf//AE1rMwAAAAhCCv//ALrW
[ShotData] GgAAAMtaAF3vFf//ALa1/gAAAHnODP//AL73AFWtAOtaAGUpAKIQACAAAKIQAEUpAMtaABSlAJ73
[ShotData] DP//AF3vAEEIDgAAABCED///ALrWAFWtALKUADCEAHGMABSlAPe9AL73Dv//AJ73AKIQMgAAAPe9
[ShotData] Cv//AMtaGQAAANe9F///ALa1/QAAAKYxDP//AFWtAOMYCAAAAKIQAPOcDP//AOtaDQAAAGEIAJ73
[ShotData] DP//ANveAE1rAKIQBgAAACAAAAhCAJa1Df//AFGMMQAAAOc5Cv//ANveGgAAGP//ALa1/QAAAJKU
[ShotData] C///AFGMDAAAAI5zC///ANe9DQAAAI5zDP//AM97DAAAAKYxAPveC///AJ73AEEIMAAAANe9Cv//
[ShotData] AOtaGgAAGP//ALa1/AAAACAAAF3vCv//AHWtDgAAAJKUC///AKIQDAAAAHnOCv//AN//AChCDgAA
[ShotData] AGEIAFnOC///AMtaLwAAAKYxCv//APveACAAGgAAGP//ALa1/AAAAAhCCv//AN//AOMYDgAAAGEI
[ShotData] AF3vCv//AMtaCwAAAAQhC///ACxjEAAAAMMYABznCv//AFWtLwAAALa1Cv//ACxjGwAADP//ALrW
[ShotData] AL73Cf//ALa1/AAAAO97Cv//ADSlEAAAABCECv//APOcCwAAAOtaCv//AFnOEgAAAMtaCv//AF3v
[ShotData] LgAAAIYxCv//ABznACAAGwAACv//AL73AM97ACAAAF3vCf//ALa1/AAAANe9Cv//AGlKEAAAACQh
[ShotData] Cv//ANveCwAAALKUCv//AElKEwAAANveCv//AAQhLQAAAHWtCv//AE1rHAAACf//ANe9AAQhAQAA
[ShotData] AF3vCf//ALa1/AAAAJ73Cf//AN//AEEIEQAAANveCv//ACAACgAAAPe9Cf//AL73ACAAEwAAAHGM
[ShotData] Cv//AChCLAAAAGUpCv//ADznACAAHAAAB///AF3vAMtaAwAAAF3vCf//ALa1+wAAAIIQCv//AHnO
[ShotData] EgAAAPOcCv//AGUpCgAAAPveCf//ANe9FAAAAGlKCv//AAxjLAAAAFWtCv//AI5zHQAABv//ANOc
[ShotData] AIIQBAAAAF3vCf//ALa1+wAAAIYxCv//ABSlEgAAAI5zCv//AGlKCgAAAH3vCf//APOcFAAAAIYx
[ShotData] Cv//AI5zKwAAAEUpCv//AF3vAEEIHQAABP//AJrWAMc5BgAAAF3vCf//ALa1+wAAAIpSCv//AO97
[ShotData] EgAAAGlKCv//ACxjCgAAAN//Cf//AFGMFAAAAOMYCv//AO97CAAAAIIQC+MYFQAAADSlCv//AK5z
[ShotData] HgAAAv//AL73AK5zACAABwAAAF3vCf//ALa1+wAAAAxjCv//AAxjEgAAAIYxCv//AO97CgAACv//
[ShotData] ABCEFAAAAMMYCv//ABCECAAAALa1C///FAAAACQhCv//AH3vAGEIHgAAAf//ALa1AAQhCQAAAF3v
[ShotData] Cf//ALa1+wAAAG1rCv//AGlKEgAAAOMYCv//AFGMCgAACv//ABCEFAAAAMMYCv//AO97CAAAALa1
[ShotData] C///FAAAAPOcCv//AM97HwAAADznAKpSCwAAAF3vCf//ALa1+wAAAK5zCv//AAhCEgAAAGEICv//
[ShotData] AHGMCgAACv//AFGMFAAAAAQhCv//AM97CAAAALa1C///EwAAAAQhAN//Cf//AH3vAGEIHwAAAGEI
[ShotData] DAAAAF3vCf//ALa1+wAAAO97Cv//AMc5EgAAACAACv//ALKUCgAAAL73Cf//APOcFAAAAKYxCv//
[ShotData] AG1rCAAAALa1C///EwAAANOcCv//ABCELgAAAF3vCf//ALa1+wAAABCECv//AKYxEwAACv//ANOc
[ShotData] CgAAAF3vCf//APe9FAAAAIpSCv//AOtaCAAAALa1C///EgAAAOMYAN//Cf//AJ73AIIQLgAAAF3v
[ShotData] Cf//ALa1+wAAABCECv//AKYxEwAACv//ANOcCgAAAHnOCf//AL73AEEIEwAAAJKUCv//AOc5CAAA
[ShotData] ALa1C///EgAAALKUCv//ADCELwAAAF3vCf//ALa1+wAAABCECv//AKYxEwAACv//ANOcCgAAAHWt
[ShotData] Cv//AKpSEwAAAPveCv//AMMYCAAAALa1C///EQAAAMMYAL73Cf//AL73AKIQLwAAAF3vCf//ALa1
[ShotData] +wAAABCECv//AKYxEwAACv//ANOcCgAAAM97Cv//ALrWEgAAAOtaCv//ADznCQAAALa1C///EQAA
[ShotData] AHGMCv//AHGMMAAAAF3vCf//ALa1+wAAABCECv//AKYxEwAACv//ANOcCgAAAOc5C///AFGMEAAA
[ShotData] AMMYADznCv//AHWtCQAAALa1C///EAAAAKIQAL73Cf//AL73AMMYBgAAAKIQCcMYAIIQHQAAAF3v
[ShotData] Cf//ALa1+wAAABCECv//AKYxEwAACv//ANOcCgAAACAAAH3vC///AK5zDgAAAIIQAHnOC///AAxj
[ShotData] CQAAALa1C///EAAAAFGMCv//AJKUBwAAAF3vCf//ALa1HQAAAF3vCf//ALa1+wAAABCECv//AKYx
[ShotData] EwAACv//ANOcCwAAANOcDP//ADSlAIIQCwAAAMc5ABznDP//AKIQCQAAALa1C///DwAAAIIQAJ73
[ShotData] Cf//AN//AMMYBwAAAF3vCf//ALa1HQAAAF3vCf//ALa1+wAAABCECv//AKYxEwAACv//ANOcCwAA
[ShotData] AEUpDf//AJ73AJKUAKYxACAABQAAAGEIAGlKANe9Df//ALa1CgAAALa1C///DwAAADCECv//ALKU
[ShotData] CAAAAF3vCf//ALa1HQAAAF3vCf//ALa1+wAAABCECv//AKYxEwAACv//ANOcDAAAAJa1D///AJ73
[ShotData] ADjGAJa1ABSlADSlANe9ALrWEP//AIpSCgAAALa1C///DgAAAIIQAJ73Cf//AN//AOMYCAAAAF3v
[ShotData] Cf//ALa1HQAAAF3vCf//ALa1+wAAABCECv//AKYxEwAACv//ANOcDAAAACQhAN//Jf//ABznACAA
[ShotData] JgAAAO97Cv//APOcCQAAAF3vCf//ALa1HQAAAF3vCf//ALa1+wAAABCECv//AKYxEwAACv//ANOc
[ShotData] DQAAAM97Jf//AG1rJgAAAGEIAH3vCv//AAQhCQAAAF3vCf//ALa1HQAAAF3vCf//ALa1+wAAABCE
[ShotData] Cv//AKYxEwAACv//ANOcDgAAANe9I///AF3vAEEIJgAAAM97Cv//ABSlCgAAAF3vCf//ALa1HQAA
[ShotData] AF3vCf//ALa1+wAAABCECv//AKYxEwAACv//ANOcDgAAAGEIAJrWIv//AI5zJgAAAEEIAF3vCv//
[ShotData] AEUpCgAAAF3vCf//ALa1HQAAAF3vCf//ALa1+wAAABCECv//AKYxEwAACv//ANOcDwAAAMMYAJrW
[ShotData] IP//ABznAEEIJgAAAK5zCv//ADSlCwAAAF3vCf//ALa1HQAAAF3vCf//ALa1+wAAABCECv//AKYx
[ShotData] EwAACv//ANOcEAAAAIIQAPe9H///AAxjJgAAAEEIAF3vCv//AGUpCwAAAF3vCf//ALa1HQAAAF3v
[ShotData] Cf//ALa1+wAAABCECv//AKYxEwAACv//ANOcEgAAABCEAN//HP//AFnOJwAAAG1rCv//AHWtDAAA
[ShotData] AF3vCf//ALa1HQAAAF3vCf//ALa1+wAAABCECv//AKYxEwAACv//ANOcEwAAAEUpANe9G///AMc5
[ShotData] JgAAACAAADznCv//AIYxDAAAAF3vCf//ALa1HQAAAF3vCf//ALa1+wAAABCECv//AKYxEwAACv//
[ShotData] ANOcFQAAAIYxAPOcAH3vF///ABSlJwAAAE1rCv//AJa1DQAAAF3vCf//ALa1HQAAAF3vCf//ALa1
[ShotData] +wAAABCECv//AKYxEwAACv//ANOcFwAAACAAAAhCAO97AHWtAJrWAF3vAL73AP//AJ73ADznAHnO
[ShotData] ADSlABznCv//AJ73AMMYDwAAACQhC6YxCQAAACAAABznCv//AKYxDQAAAF3vCf//ALa1HQAAAF3v
[ShotData] Cf//ALa1+wAAAO97Cv//AKYxEwAACv//ALKUIgAAAKYxC///AG1rEAAAALa1C///CQAAACxjCv//
[ShotData] ANe9DgAAAF3vCf//ALa1HQAAAF3vCf//ALa1+wAAAM97Cv//AMc5EgAAAEEICv//ALKUIgAAAHnO
[ShotData] Cv//AJrWEQAAALa1C///CAAAACAAAPveCv//AMc5DgAAAF3vCf//ALa1HQAAAF3vCf//ALa1+wAA
[ShotData] AK5zCv//AAhCEgAAAIIQCv//AJKUIQAAAE1rC///AOc5EQAAALa1C///CAAAAOtaCv//APe9DwAA
[ShotData] AF3vCf//ALa1HQAAAF3vCf//ALa1+wAAAG1rCv//AIpSEgAAAAQhCv//ADCEIAAAAKIQAH3vCv//
[ShotData] ABSlEgAAALa1C///CAAAANveLv//ALa1FQAAAF3vCf//ALa1+wAAAMtaCv//AE1rEgAAAMc5Cv//
[ShotData] AK5zIAAAABSlCv//AJ73AKIQEgAAALa1C///BwAAAIYxL///ALa1FQAAAF3vCf//ALa1+wAAAAhC
[ShotData] Cv//ADCEEgAAAKpSCv//AMtaHwAAAOc5C///AG1rEwAAALa1C///BwAAAKYxL///ALa1FQAAAF3v
[ShotData] Cf//ALa1+wAAAEUpCv//AHWtEgAAAO97Cv//AMc5HgAAACAAALrWCv//AHnOFAAAALa1C///BwAA
[ShotData] AKYxL///ALa1FQAAAF3vCf//ALa1+wAAACAAAN//Cf//APveEgAAAHWtCv//AKIQHgAAAK5zC///
[ShotData] AMc5FAAAALa1C///BwAAAKYxL///ALa1FQAAAF3vCf//ALa1/AAAANveCv//AMMYEQAAAH3vCf//
[ShotData] AH3vHgAAAOMYAJ73Cv//APOcFQAAALa1C///BwAAAKYxL///ALa1FQAAAF3vCf//ALa1/AAAADSl
[ShotData] Cv//ACxjEAAAAOc5Cv//ANe9HgAAAHWtCv//AH3vAKIQFQAAALa1C///BwAAAKYxL///ALa1FQAA
[ShotData] AF3vCf//ALa1/AAAAE1rCv//ADjGEAAAABSlCv//ADCEHQAAAElKC///AE1rFgAAALa1C///BwAA
[ShotData] AKYxL///ALa1FQAAAF3vCf//ALa1/AAAACQhC///AOc5DgAAACQhAN//Cv//AChCHAAAACAAANve
[ShotData] Cv//AHnOFwAAALa1C///BwAAAKYxL///ALa1FQAAAF3vCf//ALa1/QAAALrWCv//ALrWAGEIDAAA
[ShotData] ACAAABjGCv//AJ73ACAAHAAAAO97C///AMc5FwAAALa1C///BwAAAKYxL///ALa1FQAAAF3vCf//
[ShotData] ALa1/QAAABCEC///ABjGAEEICgAAACAAAFWtC///ADSlHAAAAAQhAL73Cv//APOcLQAAACQhHLa1
[ShotData] AN//Cf//AF3vBra1AO97FQAAAF3vCf//ALa1/QAAAAQhDP//APveAElKCAAAAMc5AJrWDP//AKYx
[ShotData] HAAAALa1Cv//AH3vAKIQSwAAAF3vCf//ALa1HQAAAF3vCf//ALa1/gAAAJa1Df//ABznAJKUAAxj
[ShotData] AElKAMc5AElKAOtaAFGMANveDf//ABjGHAAAAIpSC///AE1rTAAAAF3vCf//ALa1HQAAAF3vCf//
[ShotData] ALa1/gAAAKYxJP//AKYxGwAAAEEIABznCv//AHnOTQAAAF3vCf//ALa1HQAAAF3vCf//ALa1/wAA
[ShotData] AFWtIv//APOcHAAAAFGMC///AKYxTQAAAF3vCf//ALa1HQAAAF3vCf//ALa1/wAAAKIQAF3vIP//
[ShotData] ABznAKIQGwAAAEUpAN//Cv//ANOcTgAAAF3vCf//ALa1HQAAAF3vCf//ALa1/wAAAAAAAMc5AL73
[ShotData] Hv//AN//AMc5HAAAAPe9Cv//AH3vAIIQTgAAAF3vCf//ALa1HQAAAF3vCf//ALa1/wAAAQAAAElK
[ShotData] AN//Hf//ACxjHAAAAOtaC///ACxjTwAAAF3vCf//ALa1HQAAAF3vCf//ALa1/wAAAgAAAIpSAJ73
[ShotData] Gv//AN//AMtaHAAAAGEIAF3vCv//AFnOUAAAAF3vCf//ALa1HQAAAF3vCf//ALa1/wAAAwAAAAQh
[ShotData] AFnOGP//ADznAChCHQAAALKUC///AKYxUAAAAF3vCf//ALa1HQAAAF3vCf//ALa1/wAABAAAACAA
[ShotData] AO97AL73FP//AN//AJKUAIIQHQAAAIYxC///ANOcUQAAAF3vCf//ALa1HQAAAF3vCf//ALa1/wAA
[ShotData] BgAAAKIQAFGMAH3vEP//AF3vAHGMAOMYHwAAAFnOCv//AH3vAIIQUQAAAF3vCf//ALa1HQAAAF3v
[ShotData] Cf//ALa1/wAACAAAAEEIAKpSADSlABznCv//APveANOcAGlKACAAIAAAACxjC///ACxjUgAAAF3v
[ShotData] Cf//ALa1HQAAAF3vCf//ALa1/wAADAAAAGEIAKYxAMtaACxjAI5zAO97AK5zAG1rAKpSAMc5AGEI
[ShotData] /wAA/wAA/wAA/wAA/wAA/wAA/wAA/wAA/wAA/wAA/wAA/wAA/wAA/wAA/wAA/wAA/wAA/wAA/wAA
[ShotData] /wAA/wAA/wAA/wAA/wAA/wAA/wAA/wAA/wAA/wAA/wAA/wAA/wAA/wAA/wAA/wAA/wAA/wAA/wAA
[ShotData] /wAA/wAA/wAA/wAA/wAA/wAA/wAA/wAA/wAA/wAA/wAA/wAA/wAA/wAA/wAA/wAA/wAA/wAA/wAA
[ShotData] /wAA/wAA/wAA/wAA/wAA/wAA/wAA/wAA/wAA/wAA/wAA/wAA/wAA/wAA/wAA/wAA/wAA/wAA/wAA
[ShotData] /wAA/wAA/wAA/wAA/wAA/wAA/wAA1AAAAMcxAE1jAHKMAHalADm+irvOADm+AHalAHKMAE1jAMcx
[ShotData] /wAAOwAAAAg6AFGEAHrGlLvOAHrGAFGEAAg6/wAANgAAAKtSAJetmrvOAJetAKtS/wAAMgAAAAg6
[ShotData] AHalnrvOAHalAAg6/wAALwAAAPB7orvOAPB7/wAALAAAAAQhAFalpLvOAFalAAQh/wAAKQAAAKYx
[ShotData] ADm+prvOADm+AKYx/wAAJwAAAKYxAHrGqLvOAHrGAKYx/wAAJQAAAAQhADm+qrvOADm+AAQh/wAA
[ShotData] JAAAAFalrLvOAFal/wAAIwAAAPB7rrvOAPB7KQAAACEIAaIQACEIJwAAAMtaAdOcACAACAAAAAQh
[ShotData] AEEIEQAAAGlKAHWtAPOcDQAAAGEIAVWtAE1rlQAAAAg6sLvOAAg6KAAAAKpSAfveAKpSFwAAAKpS
[ShotData] B1nOAEUpBQAAANOcAf//AEEIBwAAAIIQABznADznACxjAQAAAKIQBopSAGlKBQAAAK5zAP//AH3v
[ShotData] DQAAAKIQAf//ABSllQAAAHalsLvOAHalKAAAAPOcAf//APOcFwAAAI5zB///AMc5BQAAANOcAf//
[ShotData] AEEIBwAAAK5zAv//ADjGAAQhAElKB///BQAAAK5zAP//AH3vDQAAAKIQAf//ABSllAAAAKtSsrvO
[ShotData] AKtSJwAAABSlAf//ABSlFwAAAOMYBwhCAGEIBQAAANOcAf//AEEICAAAAChCAPveAf//APveAGlK
[ShotData] Af//A773Af//AAAAACQhATSlACAAAAAAAK5zAP//AH3vDQAAAKIQAf//ABSllAAAAJetELvOADWd
[ShotData] AOxaAEUpAEEIAAAAAEEIAEUpAOxaADWdmLvOAJetHwAAAE1rAJnOABSlACQhAwAAABSlAf//ABSl
[ShotData] AwAAACQhABSlAJnOAE1rHwAAANOcAf//AEEICQAAAEEIABSlAP//AOtaAElKAP//AJ73AgAAAIpS
[ShotData] Af//AAAAAOc5Af//AEEIAAAAAK5zAP//AH3vDQAAAKIQAf//ABSlkwAAAAg6D7vOAJatAAg6CAAA
[ShotData] AAg6AJatl7vOAAg6HgAAAJnOAf//ALa1AIYxAAAAAGEIAAQhAJa1Af//AJa1AAQhAGEIAAAAAIYx
[ShotData] ALa1Af//AJnODgAAABznCb73AAhCBAAAANOcAf//AEEICwAAAElKAAAAAElKAP//AJ73AgAAAIpS
[ShotData] Af//AAAAAOc5Af//AEEIAAAAAK5zAP//AH3vAwAAAEEICNOcABSlAf//ANveCNOcAAxjiQAAAFGE
[ShotData] DrvOAFGEDAAAAFGEFbvOAMMYAAAAAOQYQLvOAEUhAAAAAIIQObvOAFGEHgAAABSlAv//ALa1AGlK
[ShotData] ADCEAJrWAL73Af//AL73AJrWADCEAGlKALa1Av//ABSlDgAAAH3vCf//AChCBAAAANOcAf//AEEI
[ShotData] DQAAAElKAP//AJ73AgQhACxjAf//AAAAAOc5Af//AEEIAAAAAK5zAP//AH3vAwAAAKIQFf//AFWt
[ShotData] iQAAAHrGDbvOAFGEDgAAAFGEE7vOAPSUAgAAABSdP7vOAEUhAAAAAIIQObvOAHrGHgAAACQhALa1
[ShotData] Av//ABvfB///ABvfAv//ALa1ACQhDgAAAOMYCQQhAEEIBAAAANOcAf//AEEIDQAAAElKB///AAAA
[ShotData] AOc5Af//AEEIAAAAAK5zAP//AH3vAwAAAKIQAf//AN//Br73Af//AN//Br73Af//AFWtiAAAAMcx
[ShotData] DbvOAJatBAAAAOg5AJKMADm+ALvOADm+AJKMAOg5BAAAAJatErvOAElCAgAAAGlKP7vOAEUhAAAA
[ShotData] AIIQOrvOAMcxHgAAAIYxALa1Bf//ABvfAF3vBf//ALa1AIYxEAAAAEEIB4IQBgAAANOcAf//AEEI
[ShotData] BwAAANOcAE1rAEEIAgAAAElKB///AAAAAOc5Af//AEEIAAAAAK5zAP//AH3vAwAAAKIQAf//AHGM
[ShotData] BQAAAKIQAf//ABSlBQAAAKIQAf//AFWtiAAAAE1jDbvOAAg6AwAAABB8BrvOABB8AwAAAAg6EbvO
[ShotData] ADm+ACAAAgAAACAAAFrGPrvOAEUhAAAAAIIQOrvOAE1jHwAAAGlKABvfAf//AJ3vADSlAOc5AKMY
[ShotData] AMMYAOc5ADSlAJ3vAf//ABvfAGlKEQAAANOcB///AIYxAIIQBKIQABSlAf//AMMYBKIQAQAAAO97
[ShotData] Af//ADznACxjAQAAAElKAP//AJ73AmEIAMtaAf//AAAAAOc5Af//AEEIAAAAAK5zAP//AH3vAwAA
[ShotData] AKIQAf//AHGMBQAAAKIQAf//ABSlBQAAAKIQAf//AFWtiAAAAHKMDLvOADWdAwAAABB8CLvOABB8
[ShotData] AwAAADWdELvOAM9zAQAAAMtSAQAAAPBzCbvOAIpSAQAAALOMA7vOAK9zAQAAAI5rArvOAHKEAKcx
[ShotData] AGEIACAAAMMYAKtSANi1A7vOAEUhAAAAAAQhAJetAChCAGEIAAAAAPSUAIpSAQAAAJKMA7vOAJKM
[ShotData] AQAAAE1jBrvOAEUhAAAAAIIQBbvOABB8AIYpAGEIACAAAOMYAMtSAPi1A7vOAEUhAAAAAAQhADWd
[ShotData] AOg5AGEIACAAACQhABB8ILvOAHKMHgAAAGEIADCEAf//AJ3vAK5zACEIAwAAACEIAK5zAJ3vAf//
[ShotData] ADCEAGEIEAAAAJKUB773AGUpANveDf//AKIQAAAAAElKADjGAv//ALa1AAAAAElKAP//AJ73AgAA
[ShotData] AIpSAf//AAAAAOc5Af//AEEIAAAAAK5zAP//AH3vAwAAAKIQAf//AHGMBQAAAKIQAf//ABSlBQAA
[ShotData] AKIQAf//AFWtiAAAAHalDLvOAOxaAgAAAOg5CrvOAOg5AgAAAOxaELvOACQhAAAAAIIQAHrGAGEI
[ShotData] AAAAAEUpCbvOADWdAQAAAElCA7vOAGUpAAAAACAAABm+AbvOAKtSBQAAAGEIADWlArvOAEUhAAAA
[ShotData] AGEIAEEIAgAAAPSUADWdAQAAAClCA7vOAElCAQAAANe1BrvOAEUhAAAAAIIQBLvOAChCBQAAAIIQ
[ShotData] AJatArvOAEUhAAAAACAABQAAAG5rH7vOAHalHgAAAAQhAJrWAf//ADSlACEIBQAAACEIADSlAf//
[ShotData] AJrWAAQhGgAAANveDf//AKIQAgAAAKpSADznAP//AM97AAAAAElKAP//AJ73AgAAAIpSAf//AAAA
[ShotData] AOc5Af//AEEIAAAAAK5zAP//AH3vAwAAAKIQAf//AHGMBQAAAKIQAf//ABSlBQAAAKIQAf//AFWt
[ShotData] iAAAADm+DLvOAEUpAgAAAJKMCrvOAJKMAgAAAEUpD7vOAFWlAQAAAMtSALvOAKpSAQAAAHalCbvO
[ShotData] AAQhAAAAAEEIAHrGAbvOANe1AQAAAAg6AbvOAJKMAQAAAGEIAAxbAK9zAChCAQAAAMMYAJvOAbvO
[ShotData] AEUhAgAAAMc5AE1jAOtaAHalALvOAAQhAAAAACAAAFrGAbvOAJrOAEEIAAAAAIYpB7vOAEUhAAAA
[ShotData] AIIQA7vOABB8AQAAAEEIAIpKAAxbACQhAQAAAGUpArvOAEUhAQAAACAAAAxbABB8AElKAQAAAEEI
[ShotData] AFrGHrvOADm+GQAAACEIAKpSAPOcARSlAJa1AL73Af//AOc5BwAAAOc5Af//AL73AJa1ARSlAPOc
[ShotData] AKpSACEICwAAAIIQBwQhACAAALKUBJa1APveAf//BZa1AGEIAwAAAIIQADCEAQAAAElKAf//A773
[ShotData] Af//AAAAAOc5Af//AEEIAAAAAK5zAP//AH3vAwAAAKIQAf//AHGMBQAAAKIQAf//ABSlBQAAAKIQ
[ShotData] Af//AFWtiAAADbvOAEEIAgAAADm+CrvOADm+AgAAAEEID7vOAKpSAQAAADWlALvOABSdAQAAAMtS
[ShotData] CbvOAI5rAQAAAHKEAbvOAI5rAQAAALOMAbvOAOc5AQAAAHatArvOAAxbAQAAANOUAbvOAEUhAQAA
[ShotData] AC1jBLvOAI5rAQAAABF8AbvOALOMAQAAAPB7B7vOAEUhAAAAAIIQA7vOAKYxAQAAAFWlAbvOAJvO
[ShotData] AGYpAQAAALetAbvOAEUhAQAAAHKEArvOAClCAQAAANOUH7vOGQAAAKIQAPveBf//AF3vAMMYBwAA
[ShotData] AMMYAF3vBf//APveAKIQCwAAANOcB///AIYxBQAAANOcAf//AEEIDQAAAElKB///AAAAAOc5Af//
[ShotData] AEEIAAAAAK5zAP//AH3vAwAAAKIQAf//AHGMBQAAAKIQAf//ABSlBQAAAKIQAf//AFWtiAAADbvO
[ShotData] AwAADLvOAwAADrvOAHrGAEEIAAAAAMMYArvOAMMQAAAAAGEIAHrGCLvOABm+ACAAAAAAAChCAbvO
[ShotData] ACQhAAAAAKIQAJvOAbvOAIIQAAAAAEUhA7vOAFWlAQAAAG5rAbvOAEUhAQAAAFnGBLvOABm+ACAA
[ShotData] AAAAAKcxAbvOAGpKAAAAACAAADm+B7vOAEUhAAAAAIIQA7vOAGIIAAAAACQhA7vOAPBzAQAAAHKM
[ShotData] AbvOAEUhAQAAAJvOArvOABB8AQAAADGEH7vOGQAAAKIQAPveBf//ABvfAKMYBwAAAMMYAF3vBf//
[ShotData] APveAKIQCwAAAHGMB33vAGUpBQAAANOcAf//AEEIDQAAAElKAP//AJ73AkUpAE1rAf//AAAAAOc5
[ShotData] Af//AEEIAAAAAK5zAP//AH3vAwAAAKIQAf//ADjGBe97ADCEAf//AHnOBe97ADCEAf//AFWtiAAA
[ShotData] ADm+DLvOAEEIAgAAADm+CrvOADm+AgAAAEEIDrvOADF8AQAAAC1jArvOAAxbAQAAAFGECbvOAAg6
[ShotData] AAAAACAAAFrGALetAQAAAAxbArvOACAACAAAAOxaAbvOAEUhAAAAAGEIBrvOAAg6AQAAABi+AJvO
[ShotData] AGEIAAAAAChCCLvOAEUhAAAAAIIQA7vOACAAAAAAAMc5A7vOAJKMAQAAABF8AbvOAEUhAAAAAIIQ
[ShotData] A7vOAJKMAQAAABB8HrvOADm+GQAAACEIAKpSAPOcARSlAJa1AL73Af//AOc5BwAAAOc5Af//AL73
[ShotData] AJa1ARSlAPOcAKpSACEIGwAAANOcAf//AEEICgAAAEUpAQAAAElKAP//AJ73AgAAAIpSAf//AAAA
[ShotData] AOc5Af//AEEIAAAAAK5zAP//AH3vAwAAAKIQFf//AFWtiAAAAHalDLvOAEUpAgAAAJKMCrvOAJKM
[ShotData] AgAAAEUpDrvOAIYpAQAAAIpKAm5rAIpKAQAAAKYxCbvOAJOMAQAAADGEAE1jAQAAALetArvOACAA
[ShotData] AAAAACAABoIQAC1jAbvOAEUhAAAAAIIQBrvOAJKMAQAAAK9zANOUAQAAAJKMCLvOAEUhAAAAAIIQ
[ShotData] A7vOACAAAAAAAMc5A7vOAJKMAQAAABF8AbvOAEUhAAAAAIIQA7vOAJKMAQAAABB8HrvOAHalHgAA
[ShotData] AAQhAJrWAf//ADSlACEIBQAAACEIADSlAf//AJrWAAQhEAAAABCEBzjGAKIQBQAAANOcAf//AEEI
[ShotData] CQAAAGEIAJ73AHWtAMMYAElKAP//AJ73AgAAAIpSAf//AAAAAOc5Af//AEEIAAAAAK5zAP//AH3v
[ShotData] AwAAAKIQFf//AFWtiAAAAHKMDLvOAOxaAgAAAOg5CrvOAOg5AgAAAOxaDbvOALetCgAAANe1CLvO
[ShotData] AJvOAKIQAAAAAOc5AAQhAAAAAIYpA7vOAKIQAAAAAEUpCbvOAEUhAAAAAIIQBrvOAJvOAIIQAAAA
[ShotData] AEUhAIpKAAAAAGEIAJrOCLvOAEUhAAAAAIIQA7vOAGIIAAAAACQhA7vOAPBzAQAAAJKMAbvOAEUh
[ShotData] AAAAAIIQA7vOAJKMAQAAABB8HrvOAHKMHgAAAGEIADCEAf//AJ3vAK5zACEIAwAAACEIAK5zAJ3v
[ShotData] Af//ADCEAGEIEAAAAFWtB///AOMYBQAAANOcAf//AEEICQAAACxjAf//AOc5AElKAf//A773Af//
[ShotData] AAAAAOc5Af//AEEIAAAAAK5zAP//AH3vAwAAAKIQAf//AJKUBWEIAOMYAf//ADSlBWEIAOMYAf//
[ShotData] AFWtiAAAAE1jDLvOADWdAwAAABB8CLvOABB8AwAAADWdDbvOAAxbCgAAAC1jCbvOAAxbAwAAABF8
[ShotData] A7vOAOg5AAAAACAAAHatArvOANOUAccxAJOMAbvOAEUhAAAAAIIQB7vOAAxbAQAAAEEIAAAAAKtS
[ShotData] CbvOAKYxAAAAACAAAJvOArvOAKYxAQAAADWlAbvOAJvOAGUpAQAAALetAbvOAEUhAAAAAIIQA7vO
[ShotData] AJKMAQAAABB8ALvOAJrGATWlAHalALvOAJrGATWlAHalALvOAJrGATWlAHalD7vOAE1jHwAAAGlK
[ShotData] ABvfAf//AJ3vADSlAOc5AcMYAOc5ADSlAJ3vAf//ABvfAGlKEQAAAFWtAP//ABjGAopSAI5zAf//
[ShotData] AOMYBQAAANOcAf//AEEICQAAAFnOAP//APveAAAAAElKB///AAAAAOc5Af//AEEIAAAAAK5zAP//
[ShotData] AH3vAwAAAIIQAZ73ABCEBQAAAKIQAf//ABSlBQAAAGEIAXnOADCEiAAAAMcxDbvOAAg6AwAAABB8
[ShotData] BrvOABB8AwAAAAg6DbvOAJvOAIIQAQAAABm+BLvOAPi1AQAAAKIQAJvOCLvOALetAgAAAEEIAHrG
[ShotData] A7vOAJKMAQAAAEEIAKtSAG5rAMtSAEEIAQAAAHalAbvOAEUhAAAAAIIQB7vOAJetAwAAADWdCbvO
[ShotData] AIpKAQAAAChCAM9zAFWlALvOABF8AQAAAEEIAGpKAOxaACQhAQAAAGUpArvOAEUhAAAAAIIQA7vO
[ShotData] AJKMAQAAABB8ALvOALetAQAAAKMQALvOALetAQAAAKMQALvOALetAQAAAKMQD7vOAMcxHgAAAIYx
[ShotData] ALa1Bf//AV3vBf//ALa1AIYxEAAAAFWtAP//ADSlAgAAAKYxAf//AOMYBQAAANOcAf//AEEICAAA
[ShotData] AGUpAf//AM97AAAAAMMYAG1rACxjA8taAFGMAKpSAAAAAGEIAaYxAQAAAK5zAP//AH3vDQAAAKIQ
[ShotData] Af//ABSlkwAAAHrGDLvOAJatBAAAAOg5AJKMADm+ALvOADm+AJKMAOg5BAAAAJatDbvOAJKMAQAA
[ShotData] AOc5BrvOAMcxAQAAALOMCbvOAGYpAQAAAIpKBbvOAMtSBgAAAAxbArvOAEUhAAAAAIIQCLvOAGUp
[ShotData] AQAAAOMYCrvOAHalAwAAAE1jAbvOAChCBQAAAIIQAJatArvOAEUhAAAAAIIQA7vOAJKMAQAAABB8
[ShotData] ALvOALetAQAAAKMQALvOALetAQAAAKMQALvOALetAQAAAKMQDrvOAHrGHgAAACQhALa1Av//ABvf
[ShotData] B///ABvfAv//ALa1ACQhDwAAAFWtAP//ADSlAgAAAKYxAf//AOMYBQAAANOcAf//AEEICAAAANOc
[ShotData] Af//AOMYAQAAAFWtAP//ANe9AAAAACQhAJrWAN//AAhCBQAAAK5zAP//AH3vDQAAAKIQAf//ABSl
[ShotData] kwAAAFGEDbvOAFGEDgAAAFGEDrvOAOg5AQAAAFGEBrvOADGEAQAAAAg6CbvOABB8AQAAABWdBrvO
[ShotData] AJKMAMcxAGEIACAAAOMYAAhCABSdA7vOAEUhAAAAAIIQCLvOAPB7AQAAAE1jC7vOAPSUAIYxAGEI
[ShotData] AAAAAE1jArvOABB8AIYpAEEIACAAAMMYAMtSAPi1A7vOAEUhAAAAAIIQA7vOAJKMAQAAABB8ALvO
[ShotData] ALetAQAAAKMQALvOALetAQAAAKMQALvOALetAQAAAKMQDrvOAFGEHgAAABSlAv//ALa1AGlKADCE
[ShotData] AJrWAL73Af//AL73AJrWADCEAGlKALa1Av//ABSlDwAAAFWtAP//ADSlAgAAAKYxAf//AOMYBQAA
[ShotData] ANOcAf//AEEIBwAAAMMYAN//AP//ALa1AQAAAKYxAf//AHGMAAAAACAAADjGAP//AF3vAOMYBAAA
[ShotData] AK5zAP//AH3vDQAAAKIQAf//ABSlkwAAAAg6DrvOAFGEDAAAAFGESrvOANOUAQAAANe1R7vOAAg6
[ShotData] HgAAAJnOAf//ALa1AIYxAAAAAGEIAAQhAJa1Af//AJa1AAQhAGEIAAAAAIYxALa1Af//AJnODwAA
[ShotData] AFWtAP//ALa1AqYxAOtaAf//AOMYBQAAANOcAf//AEEIBwAAAHGMAf//AElKAAAAAEEIAJrWAP//
[ShotData] AH3vAIIQAQAAAOMYAH3vAP//ABjGBAAAAK5zAP//AF3vDQAAAKIQAf//ABSllAAAAJetDrvOAJat
[ShotData] AAg6CAAAAAg6AJatSLvOAFnGAC1jAMtSAKIQAAAAAKYxR7vOAJetHwAAAE1rAJnOABSlACQhAwAA
[ShotData] ABSlAf//ABSlAwAAACQhABSlAJnOAE1rDwAAAFWtB///AOMYBQAAANOcAf//AEEIBgAAAIIQAJ73
[ShotData] AP//ANveAQAAABSlAf//AAxjAwAAAOtaAf//AAxjAKYxAK5zAY5zAFnOAP//ABznDQAAAKIQAf//
[ShotData] ABSllAAAAKtSELvOADWdAOxaAEUpAEEIAAAAAEEIAEUpAOxaADWdSrvOAPi1AgAAACAAADWdR7vO
[ShotData] AKtSJwAAABSlAf//ABSlFwAAAFWtAP//AL73BV3vAMMYBQAAANOcAf//AEEIBgAAACQhAJrWAP//
[ShotData] AG1rAAAAAO97Af//ADSlBQAAAPe9AK5zACAAAGUpBP//ADSlDQAAAKIQAf//ABSllQAAAHalY7vO
[ShotData] APi1AAAAAGEIAKcxAPScR7vOAHalKAAAAPOcAf//APOcFwAAAFWtAP//ADSlDAAAANOcAf//AEEI
[ShotData] CAAAACxjAGEIAAAAAEEIAJKUABjGAEEICQAAAF3vAN//AF3vAHnOAJKUAIIQDQAAAKIQAf//ABSl
[ShotData] lQAAAAg6sLvOAAg6KAAAAKpSAfveAKpS9AAAAPB7rrvOAPB7KQAAACEIAaIQACEI9QAAAFalrLvO
[ShotData] AFal/wAAJAAAAAQhADm+qrvOADm+AAQh/wAAJQAAAKYxAHrGqLvOAHrGAKYx/wAAJwAAAKYxADm+
[ShotData] prvOADm+AKYx/wAAKQAAAAQhAFalpLvOAFalAAQh/wAALAAAAPB7orvOAPB7/wAALwAAAAg6AHal
[ShotData] nrvOAHalAAg6/wAAMgAAAKtSAJetmrvOAJetAKtS/wAANgAAAAg6AFGEAHrGlLvOAHrGAFGEAAg6
[ShotData] /wAAOwAAAMcxAE1jAHKMAHalADm+irvOADm+AHalAHKMAE1jAMcx/wAA/wAA/wAA/wAA/wAA/wAA
[ShotData] /wAA/wAA/wAA/wAA/wAA/wAA/wAA/wAA/wAA/wAA/wAA/wAA/wAA/wAA/wAA/wAA/wAA/wAA/wAA
[ShotData] /wAA/wAA/wAA/wAA/wAA/wAA/wAA/wAA/wAA/wAA/wAA/wAA/wAA/wAA/wAA/wAA/wAA/wAA/wAA
[ShotData] /wAA/wAA/wAA/wAA/wAA/wAA/wAA/wAA/wAA/wAA/wAA/wAA/wAA/wAA/wAA/wAA/wAA/wAA/wAA
[ShotData] /wAA/wAA/wAA/wAA/wAA/wAA/wAA/wAA/wAA/wAAHgAABYnHAwAABYnH/wAAwwAABYnHAwAABYnH
[ShotData] /wAAwwAABYnHAwAABYnH/wAAwwAABYnHAwAABYnH/wAAwwAABYnHAwAABYnH/wAAwwAABYnHAwAA
[ShotData] BYnH/wAA/wAA/wAA/wAA/wAA/wAA/wAA/wAA/wAAEwAABYnHAwAABYnH/wAAwwAABYnHAwAABYnH
[ShotData] /wAAwwAABYnHAwAABYnH/wAAwwAABYnHAwAABYnH/wAAwwAABYnHAwAABYnH/wAAwwAABYnHAwAA
[ShotData] BYnH/wAA/wAA/wAA/wAA/wAA/wAA/wAA/wAA/wAA/wAA/wAA/wAA/wAA/wAA/wAA/wAA/wAA/wAA
[ShotData] KQAAAFJ8APSMADF8BgAAAG5jBfSMALOEABB0AIpCAEEIAgAAAG5jBfSMALOEABB0AIpCAEEIBAAA
[ShotData] AIYpAG5jAHJ8ANSMALOEAPBzAIpCAEEI/wAAogAAAEUhAvSMAEUhBQAAAG5jCPSMAFF8AIIIAQAA
[ShotData] AG5jCPSMAFF8AIIIAgAAAE1bBvSMAHJ8AKIQ/wAAoQAAAE1bAvSMAC1bBQAAAG5jAfSMAE1bAuxS
[ShotData] AE1bALOEAfSMAI5jAQAAAG5jAfSMAE1bAuxSAE1bALOEAfSMAI5jAQAAAElCAfSMALOEAC1bAIpK
[ShotData] AOxSAFJ8AfSMAM9r/wAAoAAAAGEIANSMAvSMANOEAEEIBAAAAG5jAfSMAOMYAwAAAKIQALOEAfSM
[ShotData] AGEIAAAAAG5jAfSMAOMYAwAAAKIQALOEAfSMAGEIAAAAADF0APSMANSMAMMQAgAAACAAAPBrAfSM
[ShotData] AMMQ/wAAnwAAACk6AfSMAOxSAfSMAAg6BAAAAG5jAfSMAOMYBAAAAE5bAfSMACQhAAAAAG5jAfSM
[ShotData] AOMYBAAAAE5bAfSMACQhAAAAAfSMADF0BAAAAIYpAU1bAAQZ/wAAnwAAABF0APSMAJJ8ACAAAJOE
[ShotData] APSMAPBzBAAAAG5jAfSMAOMYBAAAAE1bAfSMACUhAAAAAG5jAfSMAOMYBAAAAE1bAfSMACUhAAAA
[ShotData] ALOEAPSMANSMAAQZ/wAApgAAAAQZAfSMAMtSAAAAAAxTAfSMAOQYAwAAAG5jAfSMAOMYAwAAAIII
[ShotData] AJOEAfSMAGIIAAAAAG5jAfSMAOMYAwAAAIIIAJOEAfSMAGIIAAAAAE1bAvSMAI9jAIpKAMcxAAQZ
[ShotData] ACAA/wAAoQAAAAxTAfSMAAQZAAAAAEUhAfSMAOxSAwAAAG5jAfSMAG5bAgxTAG5bALOEAfSMAI5j
[ShotData] AQAAAG5jAfSMAG5bAgxTAG5bALOEAfSMAI5jAQAAAIIQAHJ8BfSMALOEAOxSAEEI/wAAngAAACAA
[ShotData] ALOEAPSMAFJ8AgAAAHJ8APSMALOEACAAAgAAAG5jCPSMAFF8AIIIAQAAAG5jCPSMAFF8AIIIAgAA
[ShotData] AEEIAIpKAFF8BfSMABB0ACAA/wAAnQAAAOcxAfSMAIpKAgAAAKtKAfSMAMcxAgAAAG5jBfSMALOE
[ShotData] APBzAGpCAEEIAgAAAG5jBfSMALOEAPBzAGpCAEEIBgAAAEEIAOQYAKcxAOxSANSMAfSMAOg5/wAA
[ShotData] nQAAAM9rAfSMAAxTAmpCAAxbAfSMAK9rAgAAAG5jAfSMAOMYCQAAAG5jAfSMAOMYEQAAAOgxAfSM
[ShotData] AA1b/wAAnAAAAMMQCvSMAKIQAQAAAG5jAfSMAOMYCQAAAG5jAfSMAOMYCAAAAGYpAXJ8ACk6BAAA
[ShotData] AOQYAfSMAC1b/wAAnAAAAKtKCvSMAIpKAQAAAG5jAfSMAOMYCQAAAG5jAfSMAOMYCAAAAIIQAfSM
[ShotData] AHJ8AIIIAwAAAMtKAfSMAGpC/wAAnAAAAJJ8AfSMAGIIBAAAAIIIAfSMAHJ8AQAAAG5jAfSMAOMY
[ShotData] CQAAAG5jAfSMAOMYCQAAAG5jAfSMANOEAG5jAMtSAAxTADF0AfSMANOEAKIQ/wAAmwAAAIYpAfSM
[ShotData] AI5jBgAAAK9jAfSMAIYpAAAAAG5jAfSMAOMYCQAAAG5jAfSMAOMYCQAAAGEIABB0BvSMANOEAKYp
[ShotData] /wAAnAAAAI5jAfSMAMcxBgAAAMcxAfSMAG5jAAAAAG5jAfSMAOMYCQAAAG5jAfSMAOMYCgAAACAA
[ShotData] ACg6AM9rAJOEAPSMALOEABB0AKtKAKIQ/wAA/wAA/wAA/wAA/wAA/wAA/wAA/wAA/wAA/wAA/wAA
[ShotData] /wAA/wAA/wAA/wAA/wAA/wAA/wAA/wAA/wAA/wAA/wAA/wAA/wAA/wAA/wAA/wAA/wAA/wAA/wAA
[ShotData] /wAA/wAA/wAA/wAA/wAA/wAA/wAA/wAA/wAA/wAA/wAA/wAA/wAA/wAA/wAA/wAA/wAA/wAA/wAA
[ShotData] /wAA/wAA/wAA/wAA/wAA/wAA/wAA/wAA/wAA/wAA/wAA/wAA/wAA/wAA/wAA/wAA/wAA/wAA/wAA
[ShotData] /wAA/wAA/wAA/wAA/wAA/wAA/wAA/wAA/wAA/wAA/wAA/wAA/wAA/wAA/wAA/wAA/wAA/wAA/wAA
[ShotData] /wAA/wAA/wAA/wAA/wAA/wAA/wAACwAA
[ShotEnd] digital-mixed bytes=19803
[Shot] digital-full 468 468
[ShotData] /wAA/wAA/wAA/wAA/wAA/wAA/wAA/wAA/wAA/wAA/wAA/wAA/wAA/wAA/wAA/wAA/wAA/wAA/wAA
[ShotData] /wAA/wAA/wAA/wAA/wAA/wAA/wAA/wAA/wAA/wAA/wAA/wAA/wAA/wAA/wAA/wAA/wAA/wAA/wAA
[ShotData] /wAA/wAA/wAA/wAA/wAA/wAA/wAA/wAA/wAA/wAA/wAA/wAA/wAA/wAA/wAA/wAA/wAA/wAA/wAA
[ShotData] /wAA/wAA/wAA/wAA/wAA/wAA/wAA/wAA/wAA/wAA/wAA/wAA/wAA/wAA/wAA/wAA/wAA/wAA/wAA
[ShotData] /wAA/wAA/wAA/wAA/wAA/wAA/wAA/wAA/wAA/wAA/wAA/wAA/wAA/wAA/wAA/wAA/wAA/wAA/wAA
[ShotData] 8AAAAMAQAAaFAYnHAOi2BAAAAINCAKaVAAi/AGnHAMi2AMV8ACEhBQAAAINCAKaVAAi/AGnHAMi2
[ShotData] AMV8ACEhAwAAACAAAKRjAIeuAEi/ACemAGI6BgAAAGaNAInHAORj/wAAoAAAACNTACi/AonHAOi2
[ShotData] AwAAACVsBYnHAEi/AMIpAwAAACVsBYnHAEi/AMIpAgAAAIRbBInHAEEhBAAAAGNCAInHAKiuAEAA
[ShotData] /wAAfQAAAONKAEemEInHAEemAONKDAAAAIEpBInHAOi2AgAAAKEpAonHAOedAOaEAMi2AYnHAEem
[ShotData] AgAAAKEpAonHAOedAOaEAMi2AYnHAEemAgAAAEemAInHAEVsAIAIAGemAInHAORjAwAAAEAIAKiu
[ShotData] AInHAEI6/wAAfQAAAONKFInHAONKCwAAAIEpAInHAEi/AMRjAGnHAInHAOi2AgAAAEVsAYnHAMV8
[ShotData] AQAAAKAQAAi3AYnHAGEhAQAAAEVsAYnHAMV8AQAAAKAQAAi3AYnHAGEhAQAAAEi/AInHAEI6AAAA
[ShotData] AMV8AInHAMV8AwAAACVsAInHAEaN/wAAfgAAAEemAInHAEemAMIpDgAAAMIpAEemAInHAEemCwAA
[ShotData] AIEpAGaNAAEZAAAAAGjHAInHAOi2AgAAAIaVAYnHAOIxAgAAAKV8AYnHAKNCAQAAAIaVAYnHAOIx
[ShotData] AgAAAKV8AYnHAKNCAQAAAYnHACI6AAAAAKV8AInHAAaFAgAAAEEhAGnHAEi/AOEY/wAAfgAAAYnH
[ShotData] AMIpEAAAAMIpAYnHCwAAACAAAgAAAGjHAInHAOi2AgAAAAeeAYnHAAEZAgAAAMRjAYnHACNTAQAA
[ShotData] AAeeAYnHAAEZAgAAAMRjAYnHACNTAQAAAYnHACI6AAAAAKV8AInHAAaFAgAAAMeVAInHAIRb/wAA
[ShotData] fwAAAYnHAQAADonHAQAAAYnHAAAAAWV0DAAAAGjHAInHAOi2AgAAAAeeAYnHAMEQAgAAAIRbAYnH
[ShotData] ACNTAQAAAAeeAYnHAMEQAgAAAIRbAYnHACNTAQAAACi/AInHAEI6AAAAAMV8AInHAKV8AQAAAMNK
[ShotData] AInHAGemASAAAMRjAGeuACi/AOedAAIy/wAAeQAAAYnHAQAADonHAQAAAYnHAAAAAYnHDAAAAGjH
[ShotData] AInHAOi2AgAAAAeeAYnHAMEQAgAAAIRbAYnHACNTAQAAAAeeAYnHAMEQAgAAAIRbAYnHACNTAQAA
[ShotData] AEemAInHACVsAIAIAGemAInHAKRjAAAAAIAIAOi2AInHAOIxAAAAAMRjA4nHAGnHAAEZ/wAAeAAA
[ShotData] AYnHAQAADonHAQAAAYnHAAAAAYnHDAAAAGjHAInHAOi2AgAAAAeeAYnHAMEQAgAAAIRbAYnHACNT
[ShotData] AQAAAAeeAYnHAMEQAgAAAIRbAYnHACNTAQAAAGRbA4nHAGnHAAEZAAAAAIV0AInHAMV8AQAAAKiu
[ShotData] AInHAARsAIAQAKiuAInHAIRb/wAAeAAAAYnHAQAADonHAQAAAYnHAAAAAYnHDAAAAGjHAInHAOi2
[ShotData] AgAAAAeeAYnHAMEQAgAAAIRbAYnHACNTAQAAAAeeAYnHAMEQAgAAAIRbAYnHACNTAQAAACAAAORj
[ShotData] AKiuAGjHACemACI6AAAAAIEpAInHACi/AKAQAAAAACAAAYnHAAIyAAAAACaNAInHAGV0/wAAeAAA
[ShotData] AYnHAQAADonHAQAAAYnHAAAAAYnHDAAAAGjHAInHAOi2AgAAAOedAYnHAAEZAgAAAMRjAYnHAANT
[ShotData] AQAAAOedAYnHAAEZAgAAAMRjAYnHAANTCAAAAAeeAInHACNTAQAAAEAAAYnHAMIpAAAAAAaFAInH
[ShotData] AKV8/wAAeAAAAYnHAQAADonHAQAAAYnHAAAAAWV0DAAAAGjHAInHAOi2AgAAAGaNAYnHAOIxAgAA
[ShotData] AKV8AYnHAINCAQAAAGaNAYnHAOIxAgAAAKV8AYnHAINCBwAAACNTAInHAAeeAgAAAEAAAYnHAMIp
[ShotData] AAAAAAaFAInHAKV8/wAAeAAAAYnHAMIpEAAAAMIpAYnHDwAAAGjHAInHAOi2AgAAAAVsAYnHAMV8
[ShotData] AQAAAIAIAOi2AYnHACEZAQAAAAVsAYnHAMV8AQAAAIAIAOi2AYnHACEZBgAAAKAQAAi/AInHAIEp
[ShotData] AwAAAGnHAInHAOIxAAAAACaFAInHAEV0/wAAeAAAAEemAInHAEemAMIpDgAAAMIpAEemAInHAEem
[ShotData] DwAAAGjHAInHAOi2AgAAAGEhAonHAOedAOWEAMi2AYnHAAeeAgAAAGEhAonHAOedAOWEAMi2AYnH
[ShotData] AAeeBwAAAMV8AInHAGV0BAAAAIiuAInHAGRbAAAAAEemAInHAERT/wAAeAAAAONKFInHAONKDwAA
[ShotData] AGjHAInHAOi2AwAAAARsBYnHACi/AIEhAwAAAARsBYnHACi/AIEhBgAAAOIxAInHAOi2AIAIBAAA
[ShotData] AMRjAYnHAAi/AInHAEi/AMAQ/wAAeQAAAONKAEemEInHAEemAONKEAAAAGjHAInHAOi2BAAAAKNC
[ShotData] AMeVACi/AGnHAMi2AMV8ACEZBQAAAKNCAMeVACi/AGnHAMi2AMV8ACEZBgAAACAAAEemAInHAMNK
[ShotData] BQAAACAAAARsAKiuAEi/AOedAOIx/wAA/wAA/wAA/wAA/wAA/wAA/wAA/wAA/wAA/wAA/wAA/wAA
[ShotData] /wAA/wAA/wAA/wAA/wAA/wAA/wAA/wAA/wAA/wAA/wAA/wAA/wAA/wAA/wAA/wAA/wAA/wAA/wAA
[ShotData] /wAA/wAA/wAA/wAA/wAA/wAA7gAAAEUhAM9zAHalAFnGAJvOAFrGAJatABB8AGUpCwAAACQhArvO
[ShotData] AIYpBwAAAJetDbvOAMtSEAAAAEUhAM9zAHalAFnGAJvOAFrGAJatABB8AGUpBQAAAElCDLvOAAxb
[ShotData] AQAAAElCB7vOAJrGAPi1AJKMAElCDQAAAIIQADF8ArvOAHalBQAAAKYxAFGEANe1AHrGAJrOAPi1
[ShotData] ALOMAElK/wAAPwAAACAAAPB7CLvOABB8ACAACQAAAM9zArvOADGEBwAAAJetDbvOAMtSDgAAACAA
[ShotData] APB7CLvOABB8ACAAAwAAAElCDLvOAAxbAQAAAElCC7vOADWlAKIQCgAAAKpSADm+A7vOAHalAwAA
[ShotData] ACAAAFGEB7vOADWlAKIQ/wAAPQAAAFGECrvOAPB7CAAAACAAADm+ArvOAHrGAGEIBgAAAJetDbvO
[ShotData] AMtSDgAAAFGECrvOAPB7AwAAAElCDLvOAAxbAQAAAElCDLvOAHalACAACAAAADWdBbvOAHalAwAA
[ShotData] APB7CbvOAFal/wAAPAAAAKYxArvOABm+AOxaAGUpAOMYAGYpAAxbADm+ArvOACUhBwAAAGlKBLvO
[ShotData] AMtSBgAAAEUpA4YxAMcxArvOANOUBIYxAKIQDQAAAKYxArvOABm+AOxaAGUpAOMYAGYpAAxbADm+
[ShotData] ArvOACUhAgAAAElCArvOAC1jCIYxAKMQAQAAAElCArvOAC1jA4YxAOg5AE1jADm+ArvOAKpSCAAA
[ShotData] BrvOAHalAgAAAOQYArvOAJrOAG5rAIYpAEUpAOtaADm+ArvOAElK/wAAOwAAAM9zArvOAAQhBAAA
[ShotData] AGYpArvOAI5rBwAAABWdBLvOAHalCwAAACAAArvOADGEEwAAAM9zArvOAAQhBAAAAGYpArvOAI5r
[ShotData] AgAAAElCArvOAChCCwAAAElCArvOAChCBQAAAGUpArvOANOUCAAAAbvOABi+AElKAPi1AbvOAHal
[ShotData] AgAAAOxaArvOAOxaAwAAAKcxArvOAFGE/wAAOwAAALOUAbvOANi1BgAAAPScAbetAPB7BgAAAAQZ
[ShotData] ArvOAG5rArvOAGUpCgAAACAAArvOADGEEwAAALOUAbvOANi1BgAAAPScAbetAPB7AgAAAElCArvO
[ShotData] AChCCwAAAElCArvOAChCBgAAANe1AbvOALetCAAAAHrGAK9zAEEIAAAAAPi1AbvOAHalAgAAAM9z
[ShotData] ArvOAMMYBAAAAHrGAbvOADWd/wAAOwAAALOMAbvOAJvOAIIQEAAAAK9zAbvOABm+ACAAAPi1AbvO
[ShotData] ABB8CgAAACAAArvOADGEEwAAALOMAbvOAJvOAIIQDAAAAElCArvOAChCCwAAAElCArvOAChCBgAA
[ShotData] AHalAbvOAPi1CAAAAAQhAgAAAPi1AbvOAHalAgAAAPB7ArvOAKIQBAAAADm+AbvOAHal/wAAOwAA
[ShotData] AG5rArvOAJatAChCAEEIDQAAACAAADm+AbvOAM9zAAAAAG5rAbvOAHrGAEEICQAAACAAArvOADGE
[ShotData] EwAAAG5rArvOAJatAChCAEEICgAAAElCArvOAChCCwAAAElCArvOAChCBQAAAIIQAHrGAbvOADWd
[ShotData] DAAAAPi1AbvOAHalAgAAAG5rArvOAElKAwAAACQhArvOAPSU/wAAOwAAAOMYAJvOBLvOANe1ANSU
[ShotData] APBzAKtSAMMYCAAAAElCArvOAEUpAAAAAAQhArvOAKtSCQAAACAAArvOADGEEwAAAOMYAJvOBLvO
[ShotData] ANe1ANSUAPBzAKtSAMMYBQAAAElCArvOAC1jB4YxAwAAAElCArvOAChCAwAAAEEIAIYpADWlArvO
[ShotData] AG5rDAAAAPi1AbvOAHalAgAAAAg6ArvOADm+AGlKAIIQAGEIAOc5ALetArvOAI5r/wAAPAAAAGlK
[ShotData] AJvOCLvOAJOMAKIQBgAAAPScAbvOALetAgAAAFalAbvOAFalCQAAACAAArvOADGEFAAAAGlKAJvO
[ShotData] CLvOAJOMAKIQAwAAAElCC7vOACAAAgAAAElCDLvOAFrGAIIQDAAAAPi1AbvOAHalAgAAACAAALet
[ShotData] CrvOAGUp/wAAPQAAAEUhAJKMAJrOB7vOABi+AKMQBAAAAOMYArvOAC1jAgAAAOtaArvOAEUhCAAA
[ShotData] ACAAArvOADGEFQAAAEUhAJKMAJrOB7vOABi+AKMQAgAAAElCC7vOACAAAgAAAElCC7vOAFrGAKYx
[ShotData] DQAAAPi1AbvOAHalAwAAAEUhADm+CLvOADWd/wAAQAAAAEEIAIYxAKpSAI5rAJKMANi1A7vOAFGE
[ShotData] BAAAAI5rArvOAMMYAgAAAIIQAJvOAbvOAPB7CAAAACAAArvOADGEFwAAAEEIAIYxAKpSAI5rAJKM
[ShotData] ANi1A7vOAFGEAgAAAElCC7vOACAAAgAAAElCCbvOAFrGABB8AMMYDgAAAPi1AbvOAHalBAAAAMMQ
[ShotData] ABB8ADm+AbvOAPi1A7vOAKYx/wAARgAAAAhCAJrOAbvOAHrGACAAAgAAACAAABm+AbvOABWdBAAA
[ShotData] ALOUAbvOAFrGAEEIBwAAACAAArvOADGEHQAAAAhCAJrOAbvOAHrGACAAAQAAAElCArvOAChCCwAA
[ShotData] AElCArvOAE1jA8cxAIYpAOQYEQAAAPi1AbvOAHalBwAAAGEIAEEIAOxaArvOAJKM/wAAPAAAACAA
[ShotData] AsMYAEEIBgAAABB8ArvOAMMYAgAAAChCDLvOAIpKBwAAACAAArvOADGEEgAAACAAAsMYAEEIBgAA
[ShotData] ABB8ArvOAMMYAQAAAElCArvOAChCCwAAAElCArvOAChCFwAAAPi1AbvOAHalCAAAAGEIADm+AbvO
[ShotData] AJrOAOMY/wAAPAAAAMMYArvOAC1jBgAAAI5rArvOAKIQAgAAANOUDLvOADWdBwAAACAAArvOADGE
[ShotData] EgAAAMMYArvOAC1jBgAAAI5rArvOAKIQAQAAAElCArvOAChCCwAAAElCArvOAChCFwAAAPi1AbvO
[ShotData] AHalCAAAAI5rArvOAI5r/wAAPgAAABm+AbvOAPi1AIIQBAAAAEEIAJetAbvOAFrGAgAAAMMYDrvO
[ShotData] ACQhBgAAACAAArvOADGEEwAAABm+AbvOAPi1AIIQBAAAAEEIAJetAbvOAFrGAgAAAElCArvOAChC
[ShotData] CwAAAElCArvOAChCFwAAAPi1AbvOAHalBwAAAMMQAHrGAbvOADm+AEEI/wAAPgAAAI5rArvOAPi1
[ShotData] AC1jAMc5AEUpAKcxAMtSAJetArvOABB8AgAAAG5rArvOAElCBqIQAMc5ArvOAM9zBgAAACAAArvO
[ShotData] ADGEBgAAAFrGAbvOAElCCAAAAI5rArvOAPi1AC1jAMc5AEUpAKcxAMtSAJetArvOABB8AgAAAElC
[ShotData] ArvOAC1jCIYxAKMQAQAAAElCArvOAChCFwAAAPi1AbvOAHalBwAAADGEArvOAKtS/wAAPwAAAEEI
[ShotData] ANe1CrvOAPi1AIIQAgAAAPi1AbvOADm+ACAABwAAANe1AbvOADm+ACAABQAAACAAArvOADGEBgAA
[ShotData] AFrGAbvOAElCCAAAAEEIANe1CrvOAPi1AIIQAgAAAElCDLvOAAxbAQAAAElCArvOAChCFwAAAPi1
[ShotData] AbvOAHalBgAAACUhArvOAJat/wAAQQAAAMMYADWlCLvOADWdAMMYAgAAAAg6ArvOAM9zCAAAAG5r
[ShotData] ArvOAGlKBQAAACAAArvOADGEBgAAAFrGAbvOAElCCQAAAMMYADWlCLvOADWdAMMYAwAAAElCDLvO
[ShotData] AAxbAQAAAElCArvOAChCFwAAAPi1AbvOAHalBgAAAPSUArvOAMcx/wAAQwAAAAg6AFGEALetAHrG
[ShotData] ALvOAFrGAJatADF8AOc5BAAAALOMArvOAGUpCAAAAAQZArvOABWdBQAAACAAArvOADGEBgAAAFrG
[ShotData] AbvOAElCCwAAAAg6AFGEALetAHrGALvOAFrGAJatADF8AOc5BQAAAElCDLvOAAxbAQAAAElCArvO
[ShotData] AChCFwAAAPi1AbvOAHalBQAAAMc5ArvOALOM/wAAdwAAAFrGAbvOAElC/wAAzwAAAFrGAbvOAOc5
[ShotData] /wAAzwAAAFrGAJvOAKpS/wAA0AAAAPi1AMc5/wAA0QAAAOMY/wAA/wAA/wAA/wAA/wAA/wAA/wAA
[ShotData] /wAA/wAA/wAA/wAA/wAA/wAA/wAA/wAA/wAA/wAA/wAA/wAA/wAA/wAA/wAA/wAA/wAA/wAA/wAA
[ShotData] /wAA/wAA/wAA/wAA/wAA/wAA/wAA/wAA/wAA/wAA/wAA/wAA/wAA/wAA/wAA/wAA/wAA/wAA/wAA
[ShotData] /wAA/wAA/wAA/wAA/wAA/wAA/wAA/wAA/wAA/wAA/wAA/wAA/wAA/wAA/wAA/wAA/wAA/wAA/wAA
[ShotData] /wAA/wAA/wAA/wAA/wAA/wAA/wAA/wAA/wAA/wAA/wAA/wAA/wAA/wAA/wAA/wAA/wAA/wAA/wAA
[ShotData] /wAA/wAA/wAA/wAA/wAA/wAA/wAA/wAA/wAA/wAA/wAA/wAA/wAA/wAA/wAA/wAA/wAA/wAA/wAA
[ShotData] /wAA/wAA/wAA/wAA/wAA/wAA/wAAXwAAAIIQAChCAE1rADCEAPOcADSlAHWtABSlALKUAFGMACxj
[ShotData] AAhCAKIQ/wAAwwAAAKYxAFGMALrWDP//ANveAHGMAKYxJgAAAEUpAAxjAJKUALa1ALrWAF3vAL73
[ShotData] AP//AN//AH3vABznADjGADSlAM97AChCAGEI/wAAhwAAAOtaAJrWEv//AFnOAIpSIQAAAIYxAJKU
[ShotData] ABznDv//AN//ANe9AAxjAEEIQAAAAKpSCv//ABjGIgAAAIIQAPOcCf//ALa1/wAABAAAAChCALrW
[ShotData] Fv//AHnOAKYxHQAAAChCADjGFP//AJ73ADCEAIIQPgAAAJrWCv//AAhCIQAAAMtaAF3vCv//ALa1
[ShotData] /wAAAgAAACAAAHGMGv//ABCEGgAAAAQhANe9GP//AH3vAAxjPAAAAIpSCv//ADjGIAAAAOMYALa1
[ShotData] DP//ALa1/wAAAQAAAEEIALa1HP//AJa1AEEIFwAAAOtaAL73G///AJa1AGEIOgAAAHnOCv//AElK
[ShotData] HwAAAI5zAL73Df//ALa1/wAAAQAAADSlHv//ANe9ACAAFQAAAHGMHv//ALrWAAQhOAAAAGlKCv//
[ShotData] AFnOHgAAAIYxAFnOD///ALa1/wAAAAAAAG1rIP//ANOcFAAAAJKUIP//ABznAAQhNwAAAFnOCv//
[ShotData] AGlKHAAAAEEIAFGMAN//EP//ALa1/wAAAKYxAN//If//AIpSEgAAAM97Iv//APveAIIQNQAAAChC
[ShotData] Cv//AJrWHAAAAChCAPveEv//ALa1/wAAABjGIv//ADznAEEIEAAAAAhCJP//ANe9NQAAADjGCv//
[ShotData] AKpSGgAAAIIQABSlFP//ALa1/gAAAElKJP//AO97DwAAAEEIABznJf//AE1rMwAAAAhCCv//ALrW
[ShotData] GgAAAMtaAF3vFf//ALa1/gAAAHnODP//AL73AFWtAOtaAGUpAKIQACAAAKIQAEUpAMtaABSlAJ73
[ShotData] DP//AF3vAEEIDgAAABCED///ALrWAFWtALKUADCEAHGMABSlAPe9AL73Dv//AJ73AKIQMgAAAPe9
[ShotData] Cv//AMtaGQAAANe9F///ALa1/QAAAKYxDP//AFWtAOMYCAAAAKIQAPOcDP//AOtaDQAAAGEIAJ73
[ShotData] DP//ANveAE1rAKIQBgAAACAAAAhCAJa1Df//AFGMMQAAAOc5Cv//ANveGgAAGP//ALa1/QAAAJKU
[ShotData] C///AFGMDAAAAI5zC///ANe9DQAAAI5zDP//AM97DAAAAKYxAPveC///AJ73AEEIMAAAANe9Cv//
[ShotData] AOtaGgAAGP//ALa1/AAAACAAAF3vCv//AHWtDgAAAJKUC///AKIQDAAAAHnOCv//AN//AChCDgAA
[ShotData] AGEIAFnOC///AMtaLwAAAKYxCv//APveACAAGgAAGP//ALa1/AAAAAhCCv//AN//AOMYDgAAAGEI
[ShotData] AF3vCv//AMtaCwAAAAQhC///ACxjEAAAAMMYABznCv//AFWtLwAAALa1Cv//ACxjGwAADP//ALrW
[ShotData] AL73Cf//ALa1/AAAAO97Cv//ADSlEAAAABCECv//APOcCwAAAOtaCv//AFnOEgAAAMtaCv//AF3v
[ShotData] LgAAAIYxCv//ABznACAAGwAACv//AL73AM97ACAAAF3vCf//ALa1/AAAANe9Cv//AGlKEAAAACQh
[ShotData] Cv//ANveCwAAALKUCv//AElKEwAAANveCv//AAQhLQAAAHWtCv//AE1rHAAACf//ANe9AAQhAQAA
[ShotData] AF3vCf//ALa1/AAAAJ73Cf//AN//AEEIEQAAANveCv//ACAACgAAAPe9Cf//AL73ACAAEwAAAHGM
[ShotData] Cv//AChCLAAAAGUpCv//ADznACAAHAAAB///AF3vAMtaAwAAAF3vCf//ALa1+wAAAIIQCv//AHnO
[ShotData] EgAAAPOcCv//AGUpCgAAAPveCf//ANe9FAAAAGlKCv//AAxjLAAAAFWtCv//AI5zHQAABv//ANOc
[ShotData] AIIQBAAAAF3vCf//ALa1+wAAAIYxCv//ABSlEgAAAI5zCv//AGlKCgAAAH3vCf//APOcFAAAAIYx
[ShotData] Cv//AI5zKwAAAEUpCv//AF3vAEEIHQAABP//AJrWAMc5BgAAAF3vCf//ALa1+wAAAIpSCv//AO97
[ShotData] EgAAAGlKCv//ACxjCgAAAN//Cf//AFGMFAAAAOMYCv//AO97CAAAAIIQC+MYFQAAADSlCv//AK5z
[ShotData] HgAAAv//AL73AK5zACAABwAAAF3vCf//ALa1+wAAAAxjCv//AAxjEgAAAIYxCv//AO97CgAACv//
[ShotData] ABCEFAAAAMMYCv//ABCECAAAALa1C///FAAAACQhCv//AH3vAGEIHgAAAf//ALa1AAQhCQAAAF3v
[ShotData] Cf//ALa1+wAAAG1rCv//AGlKEgAAAOMYCv//AFGMCgAACv//ABCEFAAAAMMYCv//AO97CAAAALa1
[ShotData] C///FAAAAPOcCv//AM97HwAAADznAKpSCwAAAF3vCf//ALa1+wAAAK5zCv//AAhCEgAAAGEICv//
[ShotData] AHGMCgAACv//AFGMFAAAAAQhCv//AM97CAAAALa1C///EwAAAAQhAN//Cf//AH3vAGEIHwAAAGEI
[ShotData] DAAAAF3vCf//ALa1+wAAAO97Cv//AMc5EgAAACAACv//ALKUCgAAAL73Cf//APOcFAAAAKYxCv//
[ShotData] AG1rCAAAALa1C///EwAAANOcCv//ABCELgAAAF3vCf//ALa1+wAAABCECv//AKYxEwAACv//ANOc
[ShotData] CgAAAF3vCf//APe9FAAAAIpSCv//AOtaCAAAALa1C///EgAAAOMYAN//Cf//AJ73AIIQLgAAAF3v
[ShotData] Cf//ALa1+wAAABCECv//AKYxEwAACv//ANOcCgAAAHnOCf//AL73AEEIEwAAAJKUCv//AOc5CAAA
[ShotData] ALa1C///EgAAALKUCv//ADCELwAAAF3vCf//ALa1+wAAABCECv//AKYxEwAACv//ANOcCgAAAHWt
[ShotData] Cv//AKpSEwAAAPveCv//AMMYCAAAALa1C///EQAAAMMYAL73Cf//AL73AKIQLwAAAF3vCf//ALa1
[ShotData] +wAAABCECv//AKYxEwAACv//ANOcCgAAAM97Cv//ALrWEgAAAOtaCv//ADznCQAAALa1C///EQAA
[ShotData] AHGMCv//AHGMMAAAAF3vCf//ALa1+wAAABCECv//AKYxEwAACv//ANOcCgAAAOc5C///AFGMEAAA
[ShotData] AMMYADznCv//AHWtCQAAALa1C///EAAAAKIQAL73Cf//AL73AMMYBgAAAKIQCcMYAIIQHQAAAF3v
[ShotData] Cf//ALa1+wAAABCECv//AKYxEwAACv//ANOcCgAAACAAAH3vC///AK5zDgAAAIIQAHnOC///AAxj
[ShotData] CQAAALa1C///EAAAAFGMCv//AJKUBwAAAF3vCf//ALa1HQAAAF3vCf//ALa1+wAAABCECv//AKYx
[ShotData] EwAACv//ANOcCwAAANOcDP//ADSlAIIQCwAAAMc5ABznDP//AKIQCQAAALa1C///DwAAAIIQAJ73
[ShotData] Cf//AN//AMMYBwAAAF3vCf//ALa1HQAAAF3vCf//ALa1+wAAABCECv//AKYxEwAACv//ANOcCwAA
[ShotData] AEUpDf//AJ73AJKUAKYxACAABQAAAGEIAGlKANe9Df//ALa1CgAAALa1C///DwAAADCECv//ALKU
[ShotData] CAAAAF3vCf//ALa1HQAAAF3vCf//ALa1+wAAABCECv//AKYxEwAACv//ANOcDAAAAJa1D///AJ73
[ShotData] ADjGAJa1ABSlADSlANe9ALrWEP//AIpSCgAAALa1C///DgAAAIIQAJ73Cf//AN//AOMYCAAAAF3v
[ShotData] Cf//ALa1HQAAAF3vCf//ALa1+wAAABCECv//AKYxEwAACv//ANOcDAAAACQhAN//Jf//ABznACAA
[ShotData] JgAAAO97Cv//APOcCQAAAF3vCf//ALa1HQAAAF3vCf//ALa1+wAAABCECv//AKYxEwAACv//ANOc
[ShotData] DQAAAM97Jf//AG1rJgAAAGEIAH3vCv//AAQhCQAAAF3vCf//ALa1HQAAAF3vCf//ALa1+wAAABCE
[ShotData] Cv//AKYxEwAACv//ANOcDgAAANe9I///AF3vAEEIJgAAAM97Cv//ABSlCgAAAF3vCf//ALa1HQAA
[ShotData] AF3vCf//ALa1+wAAABCECv//AKYxEwAACv//ANOcDgAAAGEIAJrWIv//AI5zJgAAAEEIAF3vCv//
[ShotData] AEUpCgAAAF3vCf//ALa1HQAAAF3vCf//ALa1+wAAABCECv//AKYxEwAACv//ANOcDwAAAMMYAJrW
[ShotData] IP//ABznAEEIJgAAAK5zCv//ADSlCwAAAF3vCf//ALa1HQAAAF3vCf//ALa1+wAAABCECv//AKYx
[ShotData] EwAACv//ANOcEAAAAIIQAPe9H///AAxjJgAAAEEIAF3vCv//AGUpCwAAAF3vCf//ALa1HQAAAF3v
[ShotData] Cf//ALa1+wAAABCECv//AKYxEwAACv//ANOcEgAAABCEAN//HP//AFnOJwAAAG1rCv//AHWtDAAA
[ShotData] AF3vCf//ALa1HQAAAF3vCf//ALa1+wAAABCECv//AKYxEwAACv//ANOcEwAAAEUpANe9G///AMc5
[ShotData] JgAAACAAADznCv//AIYxDAAAAF3vCf//ALa1HQAAAF3vCf//ALa1+wAAABCECv//AKYxEwAACv//
[ShotData] ANOcFQAAAIYxAPOcAH3vF///ABSlJwAAAE1rCv//AJa1DQAAAF3vCf//ALa1HQAAAF3vCf//ALa1
[ShotData] +wAAABCECv//AKYxEwAACv//ANOcFwAAACAAAAhCAO97AHWtAJrWAF3vAL73AP//AJ73ADznAHnO
[ShotData] ADSlABznCv//AJ73AMMYDwAAACQhC6YxCQAAACAAABznCv//AKYxDQAAAF3vCf//ALa1HQAAAF3v
[ShotData] Cf//ALa1+wAAAO97Cv//AKYxEwAACv//ALKUIgAAAKYxC///AG1rEAAAALa1C///CQAAACxjCv//
[ShotData] ANe9DgAAAF3vCf//ALa1HQAAAF3vCf//ALa1+wAAAM97Cv//AMc5EgAAAEEICv//ALKUIgAAAHnO
[ShotData] Cv//AJrWEQAAALa1C///CAAAACAAAPveCv//AMc5DgAAAF3vCf//ALa1HQAAAF3vCf//ALa1+wAA
[ShotData] AK5zCv//AAhCEgAAAIIQCv//AJKUIQAAAE1rC///AOc5EQAAALa1C///CAAAAOtaCv//APe9DwAA
[ShotData] AF3vCf//ALa1HQAAAF3vCf//ALa1+wAAAG1rCv//AIpSEgAAAAQhCv//ADCEIAAAAKIQAH3vCv//
[ShotData] ABSlEgAAALa1C///CAAAANveLv//ALa1FQAAAF3vCf//ALa1+wAAAMtaCv//AE1rEgAAAMc5Cv//
[ShotData] AK5zIAAAABSlCv//AJ73AKIQEgAAALa1C///BwAAAIYxL///ALa1FQAAAF3vCf//ALa1+wAAAAhC
[ShotData] Cv//ADCEEgAAAKpSCv//AMtaHwAAAOc5C///AG1rEwAAALa1C///BwAAAKYxL///ALa1FQAAAF3v
[ShotData] Cf//ALa1+wAAAEUpCv//AHWtEgAAAO97Cv//AMc5HgAAACAAALrWCv//AHnOFAAAALa1C///BwAA
[ShotData] AKYxL///ALa1FQAAAF3vCf//ALa1+wAAACAAAN//Cf//APveEgAAAHWtCv//AKIQHgAAAK5zC///
[ShotData] AMc5FAAAALa1C///BwAAAKYxL///ALa1FQAAAF3vCf//ALa1/AAAANveCv//AMMYEQAAAH3vCf//
[ShotData] AH3vHgAAAOMYAJ73Cv//APOcFQAAALa1C///BwAAAKYxL///ALa1FQAAAF3vCf//ALa1/AAAADSl
[ShotData] Cv//ACxjEAAAAOc5Cv//ANe9HgAAAHWtCv//AH3vAKIQFQAAALa1C///BwAAAKYxL///ALa1FQAA
[ShotData] AF3vCf//ALa1/AAAAE1rCv//ADjGEAAAABSlCv//ADCEHQAAAElKC///AE1rFgAAALa1C///BwAA
[ShotData] AKYxL///ALa1FQAAAF3vCf//ALa1/AAAACQhC///AOc5DgAAACQhAN//Cv//AChCHAAAACAAANve
[ShotData] Cv//AHnOFwAAALa1C///BwAAAKYxL///ALa1FQAAAF3vCf//ALa1/QAAALrWCv//ALrWAGEIDAAA
[ShotData] ACAAABjGCv//AJ73ACAAHAAAAO97C///AMc5FwAAALa1C///BwAAAKYxL///ALa1FQAAAF3vCf//
[ShotData] ALa1/QAAABCEC///ABjGAEEICgAAACAAAFWtC///ADSlHAAAAAQhAL73Cv//APOcLQAAACQhHLa1
[ShotData] AN//Cf//AF3vBra1AO97FQAAAF3vCf//ALa1/QAAAAQhDP//APveAElKCAAAAMc5AJrWDP//AKYx
[ShotData] HAAAALa1Cv//AH3vAKIQSwAAAF3vCf//ALa1HQAAAF3vCf//ALa1/gAAAJa1Df//ABznAJKUAAxj
[ShotData] AElKAMc5AElKAOtaAFGMANveDf//ABjGHAAAAIpSC///AE1rTAAAAF3vCf//ALa1HQAAAF3vCf//
[ShotData] ALa1/gAAAKYxJP//AKYxGwAAAEEIABznCv//AHnOTQAAAF3vCf//ALa1HQAAAF3vCf//ALa1/wAA
[ShotData] AFWtIv//APOcHAAAAFGMC///AKYxTQAAAF3vCf//ALa1HQAAAF3vCf//ALa1/wAAAKIQAF3vIP//
[ShotData] ABznAKIQGwAAAEUpAN//Cv//ANOcTgAAAF3vCf//ALa1HQAAAF3vCf//ALa1/wAAAAAAAMc5AL73
[ShotData] Hv//AN//AMc5HAAAAPe9Cv//AH3vAIIQTgAAAF3vCf//ALa1HQAAAF3vCf//ALa1/wAAAQAAAElK
[ShotData] AN//Hf//ACxjHAAAAOtaC///ACxjTwAAAF3vCf//ALa1HQAAAF3vCf//ALa1/wAAAgAAAIpSAJ73
[ShotData] Gv//AN//AMtaHAAAAGEIAF3vCv//AFnOUAAAAF3vCf//ALa1HQAAAF3vCf//ALa1/wAAAwAAAAQh
[ShotData] AFnOGP//ADznAChCHQAAALKUC///AKYxUAAAAF3vCf//ALa1HQAAAF3vCf//ALa1/wAABAAAACAA
[ShotData] AO97AL73FP//AN//AJKUAIIQHQAAAIYxC///ANOcUQAAAF3vCf//ALa1HQAAAF3vCf//ALa1/wAA
[ShotData] BgAAAKIQAFGMAH3vEP//AF3vAHGMAOMYHwAAAFnOCv//AH3vAIIQUQAAAF3vCf//ALa1HQAAAF3v
[ShotData] Cf//ALa1/wAACAAAAEEIAKpSADSlABznCv//APveANOcAGlKACAAIAAAACxjC///ACxjUgAAAF3v
[ShotData] Cf//ALa1HQAAAF3vCf//ALa1/wAADAAAAGEIAKYxAMtaACxjAI5zAO97AK5zAG1rAKpSAMc5AGEI
[ShotData] /wAA/wAA/wAA/wAA/wAA/wAA/wAA/wAA/wAA/wAA/wAA/wAA/wAA/wAA/wAA/wAA/wAA/wAA/wAA
[ShotData] /wAA/wAA/wAA/wAA/wAA/wAA/wAA/wAA/wAA/wAA/wAA/wAA/wAA/wAA/wAA/wAA/wAA/wAA/wAA
[ShotData] /wAA/wAA/wAA/wAA/wAA/wAA/wAA/wAA/wAA/wAA/wAA/wAA/wAA/wAA/wAA/wAA/wAA/wAA/wAA
[ShotData] /wAA/wAA/wAA/wAA/wAA/wAA/wAA/wAA/wAA/wAA/wAA/wAA/wAA/wAA/wAA/wAA/wAA/wAA/wAA
[ShotData] /wAA/wAA/wAA/wAA/wAA/wAA/wAA/wAAQQAAACgJAC8SABUjALkjAD0sU580AD0sALkjABUjAC8S
[ShotData] ACgJ/wAAcgAAAEkJAPQaAF4sXZ80AF4sAPQaAEkJ/wAAbQAAAMwRANorY580ANorAMwR/wAAaQAA
[ShotData] AEkJALkjZ580ALkjAEkJ/wAAZgAAALIaa580ALIa/wAAYwAAAKUAAJkjbZ80AJkjAKUA/wAAYAAA
[ShotData] AAcJAD0sb580AD0sAAcJ/wAAXgAAAAcJAF4scZ80AF4sAAcJ/wAAXAAAAKUAAD0sc580AD0sAKUA
[ShotData] /wAAWwAAAJkjdZ80AJkj/wAAWgAAALIaC580AF9dAB/HAJ/vB7/vAJ/vAB/HAF9dXZ80ALIa/wAA
[ShotData] WAAAAEkJDJ80AF+eC///AF+eXp80AEkJ/wAAVwAAALkjDJ80AN99AJ/nCf//AJ/nAN99Xp80ALkj
[ShotData] /wAAVgAAAMwRDZ80AN9EAJ9tAt99AD/PAf//AD/PAt99AJ9tAN9EAZ80AJ91AJ+uAP+FAN9EWZ80
[ShotData] AMwR/wAAVQAAANorEp80AL+2Af//AL+2BZ80AH9lAJ/vAP//AJ/vAF9lWZ80ANor/wAAVAAAAEkJ
[ShotData] D580AN9EAD9VAD+WAP/GAL/vAf//AL/vAP/GAD+WAD9VAN9EAL88AL91AJ/vAf//AL/vAF9lWp80
[ShotData] AEkJ/wAAUwAAAPQaDZ80AL88AF9dAJ+uAJ/vB///AJ/vAJ+uAB+OAH/fAf//AL/vAD+WAN9EDJ80
[ShotData] AP9EAN++Af//AL/vBJ80AN99AD/PAN/3AP//AJ/vAL+2AD9VBZ80AN99AD/PAN/3AP//AJ/vAL+2
[ShotData] AD9VCp80AN99AD/PAN/3AP//AJ/vAL+2AD9VBZ80AN99AD/PAN/3AP//AJ/vAL+2AD9VEJ80APQa
[ShotData] /wAAUwAAAF4sDJ80AL88AN99AF/XC///AN/3Af//AL/vAD+WAN9EDJ80AB+OAN/3Av//AL/vA580
[ShotData] AH+mBf//AN/3AF9lA580AH+mBf//AN/3AF9lCJ80AH+mBf//AN/3AF9lA580AH+mBf//AN/3AF9l
[ShotData] D580AF4s/wAAUgAAACgJDZ80AN99AJ/nAv//AL/vAN++AB+OAZ9tAB+OAN++AL/vBP//AD+WAN9E
[ShotData] DJ80AF9dBP//AL/vAp80AF9dAv//AD/XAN+2AL/vAf//AH/fAp80AF9dAv//AD/XAN+2AL/vAf//
[ShotData] AH/fB580AF9dAv//AD/XAN+2AL/vAf//AH/fAp80AF9dAv//AD/XAN+2AL/vAf//AH/fEJ80ACgJ
[ShotData] /wAAUQAAAC8SDJ80AD9dAN/3Af//AN/3AN++AB9VAL88AL80AZ80AL80AL88AB9VAN++AN/3Av//
[ShotData] AF9dDZ80AF9dAf//AF+eAf//AL/vAp80AH+mAf//AL+2AZ80AN9EAL/vAf//AD9VAZ80AH+mAf//
[ShotData] AL+2AZ80AN9EAL/vAf//AD9VBp80AH+mAf//AL+2AZ80AN9EAL/vAf//AD9VAZ80AH+mAf//AL+2
[ShotData] AZ80AN9EAL/vAf//AD9VD580AC8S/wAAUQAAABUjC580AN9EAD/PAf//AL/vAB+WAL88AZ80AN9E
[ShotData] AX9lAN9EAZ80AL88AB+WAL/vAf//AD/PAN9EDJ80AF9dAB/HAB9NAJ80Af//AL/vAp80AB/PAf//
[ShotData] AH9lAp80AL+2Af//AN99AZ80AB/PAf//AH9lAp80AL+2Af//AN99Bp80AB/PAf//AH9lAp80AL+2
[ShotData] Af//AN99AZ80AB/PAf//AH9lAp80AL+2Af//AN99D580ABUj/wAAUQAAALkjC580AB+OAL/3AP//
[ShotData] AN/3AF+eAN9EAp80AB+OAd/3AB+OAp80AN9EAF+eAN/3AP//AL/3AB+ODJ80AL80Ap80Af//AL/v
[ShotData] Ap80AF/XAf//AB9NAp80AF+eAf//AP+FAZ80AF/XAf//AB9NAp80AF+eAf//AP+FAJ80AD9VAf//
[ShotData] AL/vAZ80AF/XAf//AB9NAp80AF+eAf//AP+FAZ80AF/XAf//AB9NAp80AF+eAf//AP+FD580ALkj
[ShotData] /wAAUQAAAD0sCp80AN9EAN++Af//AD/PAB9VA580AL+2Af//AL+2A580AB9VAD/PAf//AN++AN9E
[ShotData] D580Af//AL/vAp80AF/XAf//AP9MAp80AD+WAf//AB+OAZ80AF/XAf//AP9MAp80AD+WAf//AB+O
[ShotData] AJ80AD9VAf//AL/vAZ80AF/XAf//AP9MAp80AD+WAf//AB+OAZ80AF/XAf//AP9MAp80AD+WAf//
[ShotData] AB+OD580AD0s/wAAUQAAC580AF9lAF/fAP//AN/3AB+OBJ80AL+2Af//AL+2BJ80AD+WAN/3AP//
[ShotData] AF/fAF9lD580Af//AL/vAp80AF/XAf//AP9MAp80AD+WAf//AB+OAZ80AF/XAf//AP9MAp80AD+W
[ShotData] Af//AB+OAJ80AD9VAf//AL/vAZ80AF/XAf//AP9MAp80AD+WAf//AB+OAZ80AF/XAf//AP9MAp80
[ShotData] AD+WAf//AB+OEJ80/wAAUQAAC580AN99AL/vAP//AJ/nAF9dBJ80AL+2Af//AL+2BJ80AF9dAJ/n
[ShotData] AP//AL/vAN99D580Af//AL/vAp80AF/XAf//AP9MAp80AD+WAf//AB+OAZ80AF/XAf//AP9MAp80
[ShotData] AD+WAf//AB+OAJ80AL88AV9dAD9dAZ80AF/XAf//AP9MAp80AD+WAf//AB+OAZ80AF/XAf//AP9M
[ShotData] Ap80AD+WAf//AB+OEJ80/wAAUQAAAD0sCp80AB+OAf//AF/fAL88BJ80AL+2Af//AL+2BJ80AL88
[ShotData] AF/fAf//AB+OD580Af//AL/vAp80AF/XAf//AP9MAp80AD+WAf//AB+OAZ80AF/XAf//AP9MAp80
[ShotData] AD+WAf//AB+OBp80AF/XAf//AP9MAp80AD+WAf//AB+OAZ80AF/XAf//AP9MAp80AD+WAf//AB+O
[ShotData] D580AD0s/wAAUQAAALkjCp80AB+OAf//AF/XBZ80AL+uAf//AL+uBZ80AF/XAf//AB+OD580Af//
[ShotData] AL/vAp80AF/XAf//AB9NAp80AF+eAf//AP+FAZ80AF/XAf//AB9NAp80AF+eAf//AP+FBp80AF/X
[ShotData] Af//AB9NAp80AF+eAf//AP+FAZ80AF/XAf//AB9NAp80AF+eAf//AP+FD580ALkj/wAAUQAAABUj
[ShotData] Cp80AB+OAf//AH/fAN88BJ80AL91AZ/nAL91BJ80AN88AH/fAf//AB+OD580Af//AL/vAp80AB/H
[ShotData] Af//AH9lAp80AL+2Af//AL91AZ80AB/HAf//AH9lAp80AL+2Af//AL91Bp80AB/HAf//AH9lAp80
[ShotData] AL+2Af//AL91AZ80AB/HAf//AH9lAp80AL+2Af//AL91D580ABUj/wAAUQAAAC8SCp80AL99AL/v
[ShotData] AP//AJ/nAH9lBJ80AL88Ad9EAL88BJ80AH9lAJ/nAP//AL/vAL99D580Af//AL/vAp80AH+mAf//
[ShotData] AL+2AZ80AN9EAL/vAf//AB9VAZ80AH+mAf//AL+2AZ80AN9EAL/vAf//AB9VAJ80AL88AV9dAD9d
[ShotData] AZ80AH+mAf//AL+2AZ80AN9EAL/vAf//AB9VAZ80AH+mAf//AL+2AZ80AN9EAL/vAf//AB9VD580
[ShotData] AC8S/wAAUQAAACgJCp80AF9lAF/XAP//AN/3AF+eDZ80AF+eAN/3AP//AF/XAF9lD580Af//AL/v
[ShotData] Ap80AD9dAv//AD/XAN+2AJ/vAf//AF/XAp80AD9dAv//AD/XAN+2AJ/vAf//AF/XAZ80AD9VAf//
[ShotData] AL/vAZ80AD9dAv//AD/XAN+2AJ/vAf//AF/XAp80AD9dAv//AD/XAN+2AJ/vAf//AF/XEJ80ACgJ
[ShotData] /wAAUgAAAF4sCZ80AN9EAN++Af//AD/XAD9dC580AD9dAD/XAf//AN++AN9ED580Af//AL/vA580
[ShotData] AH+mBf//AN/3AF9dA580AH+mBf//AN/3AF9dAZ80AD9VAf//AL/vAp80AH+mBf//AN/3AF9dA580
[ShotData] AH+mBf//AN/3AF9dD580AF4s/wAAUwAAAPQaCp80AP+FAL/vAP//AN/3AH+mAN9ECZ80AN9EAH+m
[ShotData] AN/3AP//AL/vAP+FEJ80Af//AL/vBJ80AN99AD/PAN/3AP//AJ/vAL+2AB9NBZ80AN99AD/PAN/3
[ShotData] AP//AJ/vAL+2AB9NAp80AD9VAf//AL/vA580AN99AD/PAN/3AP//AJ/vAL+2AB9NBZ80AN99AD/P
[ShotData] AN/3AP//AJ/vAL+2AB9NEJ80APQa/wAAUwAAAEkJCp80AN88AB/PAf//AN/3AF+eAL88B580AL88
[ShotData] AF+eAN/3Af//AB/PAN88XJ80AEkJ/wAAVAAAANorCp80AP9MAJ/vAv//AD/PAF9lAP9EAL88AZ80
[ShotData] AL88AP9EAF9lAD/PAv//AJ/vAP9MXJ80ANor/wAAVQAAAMwRC580AL91AH/fAv//AN/3AP/GAF+e
[ShotData] Ad99AF+eAP/GAN/3Av//AH/fAL91XZ80AMwR/wAAVgAAALkjCp80AL88AJ91AD/PAN//Cf//AN//
[ShotData] AD/PAJ91AL88XJ80ALkj/wAAVwAAAEkJC580AL80AB9VAF+eAJ/nB///AJ/nAF+eAB9VAL80XZ80
[ShotData] AEkJ/wAAWAAAALIaDJ80AL88AP9MAP+FAL+uAH/fAb/vAH/fAL+uAP+FAP9MAL88Xp80ALIa/wAA
[ShotData] WgAAAJkjdZ80AJkj/wAAWwAAAKUAAD0sc580AD0sAKUA/wAAXAAAAAcJAF4scZ80AF4sAAcJ/wAA
[ShotData] XgAAAAcJAD0sb580AD0sAAcJ/wAAYAAAAKUAAJkjbZ80AJkjAKUA/wAAYwAAALIaa580ALIa/wAA
[ShotData] ZgAAAEkJALkjZ580ALkjAEkJ/wAAaQAAAMwRANorY580ANorAMwR/wAAbQAAAEkJAPQaAF4sXZ80
[ShotData] AF4sAPQaAEkJ/wAAcgAAACgJAC8SABUjALkjAD0sU580AD0sALkjABUjAC8SACgJ/wAA/wAA/wAA
[ShotData] /wAA/wAA/wAA/wAA/wAA/wAA/wAA/wAA/wAA/wAA/wAA/wAA/wAA/wAA/wAA/wAA/wAA/wAA/wAA
[ShotData] /wAA/wAA/wAA/wAA/wAA/wAA/wAA/wAA/wAA/wAA/wAA/wAA/wAA/wAA/wAA/wAA/wAA/wAA/wAA
[ShotData] /wAA/wAA/wAA/wAA/wAA/wAA/wAA/wAA/wAA/wAA/wAA/wAA/wAA/wAA/wAA/wAA/wAA/wAA/wAA
[ShotData] /wAA/wAA/wAA/wAA/wAA/wAA/wAA/wAA/wAA/wAA/wAA/wAA6AAABYnHAwAABYnH/wAAwwAABYnH
[ShotData] AwAABYnH/wAAwwAABYnHAwAABYnH/wAAwwAABYnHAwAABYnH/wAAwwAABYnHAwAABYnH/wAAwwAA
[ShotData] BYnHAwAABYnH/wAA/wAA/wAA/wAA/wAA/wAA/wAA/wAA/wAAEwAABYnHAwAABYnH/wAAwwAABYnH
[ShotData] AwAABYnH/wAAwwAABYnHAwAABYnH/wAAwwAABYnHAwAABYnH/wAAwwAABYnHAwAABYnH/wAAwwAA
[ShotData] BYnHAwAABYnH/wAA/wAA/wAA/wAA/wAA/wAA/wAA/wAA/wAA/wAA/wAA/wAA/wAA/wAA/wAA/wAA
[ShotData] /wAA/wAAKQAAAFJ8APSMADF8BgAAAG5jBfSMALOEABB0AIpCAEEIAgAAAG5jBfSMALOEABB0AIpC
[ShotData] AEEIBAAAAIYpAG5jAHJ8ANSMALOEAPBzAIpCAEEI/wAAogAAAEUhAvSMAEUhBQAAAG5jCPSMAFF8
[ShotData] AIIIAQAAAG5jCPSMAFF8AIIIAgAAAE1bBvSMAHJ8AKIQ/wAAoQAAAE1bAvSMAC1bBQAAAG5jAfSM
[ShotData] AE1bAuxSAE1bALOEAfSMAI5jAQAAAG5jAfSMAE1bAuxSAE1bALOEAfSMAI5jAQAAAElCAfSMALOE
[ShotData] AC1bAIpKAOxSAFJ8AfSMAM9r/wAAoAAAAGEIANSMAvSMANOEAEEIBAAAAG5jAfSMAOMYAwAAAKIQ
[ShotData] ALOEAfSMAGEIAAAAAG5jAfSMAOMYAwAAAKIQALOEAfSMAGEIAAAAADF0APSMANSMAMMQAgAAACAA
[ShotData] APBrAfSMAMMQ/wAAnwAAACk6AfSMAOxSAfSMAAg6BAAAAG5jAfSMAOMYBAAAAE5bAfSMACQhAAAA
[ShotData] AG5jAfSMAOMYBAAAAE5bAfSMACQhAAAAAfSMADF0BAAAAIYpAU1bAAQZ/wAAnwAAABF0APSMAJJ8
[ShotData] ACAAAJOEAPSMAPBzBAAAAG5jAfSMAOMYBAAAAE1bAfSMACUhAAAAAG5jAfSMAOMYBAAAAE1bAfSM
[ShotData] ACUhAAAAALOEAPSMANSMAAQZ/wAApgAAAAQZAfSMAMtSAAAAAAxTAfSMAOQYAwAAAG5jAfSMAOMY
[ShotData] AwAAAIIIAJOEAfSMAGIIAAAAAG5jAfSMAOMYAwAAAIIIAJOEAfSMAGIIAAAAAE1bAvSMAI9jAIpK
[ShotData] AMcxAAQZACAA/wAAoQAAAAxTAfSMAAQZAAAAAEUhAfSMAOxSAwAAAG5jAfSMAG5bAgxTAG5bALOE
[ShotData] AfSMAI5jAQAAAG5jAfSMAG5bAgxTAG5bALOEAfSMAI5jAQAAAIIQAHJ8BfSMALOEAOxSAEEI/wAA
[ShotData] ngAAACAAALOEAPSMAFJ8AgAAAHJ8APSMALOEACAAAgAAAG5jCPSMAFF8AIIIAQAAAG5jCPSMAFF8
[ShotData] AIIIAgAAAEEIAIpKAFF8BfSMABB0ACAA/wAAnQAAAOcxAfSMAIpKAgAAAKtKAfSMAMcxAgAAAG5j
[ShotData] BfSMALOEAPBzAGpCAEEIAgAAAG5jBfSMALOEAPBzAGpCAEEIBgAAAEEIAOQYAKcxAOxSANSMAfSM
[ShotData] AOg5/wAAnQAAAM9rAfSMAAxTAmpCAAxbAfSMAK9rAgAAAG5jAfSMAOMYCQAAAG5jAfSMAOMYEQAA
[ShotData] AOgxAfSMAA1b/wAAnAAAAMMQCvSMAKIQAQAAAG5jAfSMAOMYCQAAAG5jAfSMAOMYCAAAAGYpAXJ8
[ShotData] ACk6BAAAAOQYAfSMAC1b/wAAnAAAAKtKCvSMAIpKAQAAAG5jAfSMAOMYCQAAAG5jAfSMAOMYCAAA
[ShotData] AIIQAfSMAHJ8AIIIAwAAAMtKAfSMAGpC/wAAnAAAAJJ8AfSMAGIIBAAAAIIIAfSMAHJ8AQAAAG5j
[ShotData] AfSMAOMYCQAAAG5jAfSMAOMYCQAAAG5jAfSMANOEAG5jAMtSAAxTADF0AfSMANOEAKIQ/wAAmwAA
[ShotData] AIYpAfSMAI5jBgAAAK9jAfSMAIYpAAAAAG5jAfSMAOMYCQAAAG5jAfSMAOMYCQAAAGEIABB0BvSM
[ShotData] ANOEAKYp/wAAnAAAAI5jAfSMAMcxBgAAAMcxAfSMAG5jAAAAAG5jAfSMAOMYCQAAAG5jAfSMAOMY
[ShotData] CgAAACAAACg6AM9rAJOEAPSMALOEABB0AKtKAKIQ/wAA/wAA/wAA/wAA/wAA/wAA/wAA/wAA/wAA
[ShotData] /wAA/wAA/wAA/wAA/wAA/wAA/wAA/wAA/wAA/wAA/wAA/wAA/wAA/wAA/wAA/wAA/wAA/wAA/wAA
[ShotData] /wAA/wAA/wAA/wAA/wAA/wAA/wAA/wAA/wAA/wAA/wAA/wAA/wAA/wAA/wAA/wAA/wAA/wAA/wAA
[ShotData] /wAA/wAA/wAA/wAA/wAA/wAA/wAA/wAA/wAA/wAA/wAA/wAA/wAA/wAA/wAA/wAA/wAA/wAA/wAA
[ShotData] /wAA/wAA/wAA/wAA/wAA/wAA/wAA/wAA/wAA/wAA/wAA/wAA/wAA/wAA/wAA/wAA/wAA/wAA/wAA
[ShotData] /wAA/wAA/wAA/wAA/wAA/wAA/wAA/wAA/wAACwAA
[ShotEnd] digital-full bytes=17244
[Shot] digital-transition 468 468
[ShotData] dAAAABCECv//AKYxEwAACv//ANOcDgAAAGEIAJrWIv//AI5zJgAAAEEIAF3vCv//AEUpCgAAAF3v
[ShotData] Cf//ALa1HQAAAF3vCf//ALa1+wAAABCECv//AKYxEwAACv//ANOcDwAAAMMYAJrWIP//ABznAEEI
[ShotData] JgAAAK5zCv//ADSlCwAAAF3vCf//ALa1HQAAAF3vCf//ALa1+wAAABCECv//AKYxEwAACv//ANOc
[ShotData] EAAAAIIQAPe9H///AAxjJgAAAEEIAF3vCv//AGUpCwAAAF3vCf//ALa1HQAAAF3vCf//ALa1+wAA
[ShotData] ABCECv//AKYxEwAACv//ANOcEgAAABCEAN//HP//AFnOJwAAAG1rCv//AHWtDAAAAF3vCf//ALa1
[ShotData] HQAAAF3vCf//ALa1+wAAABCECv//AKYxEwAACv//ANOcEwAAAEUpANe9G///AMc5JgAAACAAADzn
[ShotData] Cv//AIYxDAAAAF3vCf//ALa1HQAAAF3vCf//ALa1+wAAABCECv//AKYxEwAACv//ANOcFQAAAIYx
[ShotData] APOcAH3vF///ABSlJwAAAE1rCv//AJa1DQAAAF3vCf//ALa1HQAAAF3vCf//ALa1+wAAABCECv//
[ShotData] AKYxEwAACv//ANOcFwAAACAAAAhCAO97AHWtAJrWAF3vAL73AP//AJ73ADznAHnOADSlABznCv//
[ShotData] AJ73AMMYDwAAACQhC6YxCQAAACAAABznCv//AKYxDQAAAF3vCf//ALa1HQAAAF3vCf//ALa1+wAA
[ShotData] AO97Cv//AKYxEwAACv//ALKUIgAAAKYxC///AG1rEAAAALa1C///CQAAACxjCv//ANe9DgAAAF3v
[ShotData] Cf//ALa1HQAAAF3vCf//ALa1+wAAAM97Cv//AMc5EgAAAEEICv//ALKUIgAAAHnOCv//AJrWEQAA
[ShotData] ALa1C///CAAAACAAAPveCv//AMc5DgAAAF3vCf//ALa1HQAAAF3vCf//ALa1+wAAAK5zCv//AAhC
[ShotData] EgAAAIIQCv//AJKUIQAAAE1rC///AOc5EQAAALa1C///CAAAAOtaCv//APe9DwAAAF3vCf//ALa1
[ShotData] HQAAAF3vCf//ALa1+wAAAG1rCv//AIpSEgAAAAQhCv//ADCEIAAAAKIQAH3vCv//ABSlEgAAALa1
[ShotData] C///CAAAANveLv//ALa1FQAAAF3vCf//ALa1+wAAAMtaCv//AE1rEgAAAMc5Cv//AK5zIAAAABSl
[ShotData] Cv//AJ73AKIQEgAAALa1C///BwAAAIYxL///ALa1FQAAAF3vCf//ALa1+wAAAAhCCv//ADCEEgAA
[ShotData] AKpSCv//AMtaHwAAAOc5C///AG1rEwAAALa1C///BwAAAKYxL///ALa1FQAAAF3vCf//ALa1+wAA
[ShotData] AEUpCv//AHWtEgAAAO97Cv//AMc5HgAAACAAALrWCv//AHnOFAAAALa1C///BwAAAKYxL///ALa1
[ShotData] FQAAAF3vCf//ALa1+wAAACAAAN//Cf//APveEgAAAHWtCv//AKIQHgAAAK5zC///AMc5FAAAALa1
[ShotData] C///BwAAAKYxL///ALa1FQAAAF3vCf//ALa1/AAAANveCv//AMMYEQAAAH3vCf//AH3vHgAAAOMY
[ShotData] AJ73Cv//APOcFQAAALa1C///BwAAAKYxL///ALa1FQAAAF3vCf//ALa1/AAAADSlCv//ACxjEAAA
[ShotData] AOc5Cv//ANe9HgAAAHWtCv//AH3vAKIQFQAAALa1C///BwAAAKYxL///ALa1FQAAAF3vCf//ALa1
[ShotData] /AAAAE1rCv//ADjGEAAAABSlCv//ADCEHQAAAElKC///AE1rFgAAALa1C///BwAAAKYxL///ALa1
[ShotData] FQAAAF3vCf//ALa1/AAAACQhC///AOc5DgAAACQhAN//Cv//AChCHAAAACAAANveCv//AHnOFwAA
[ShotData] ALa1C///BwAAAKYxL///ALa1FQAAAF3vCf//ALa1/QAAALrWCv//ALrWAGEIDAAAACAAABjGCv//
[ShotData] AJ73ACAAHAAAAO97C///AMc5FwAAALa1C///BwAAAKYxL///ALa1FQAAAF3vCf//ALa1/QAAABCE
[ShotData] C///ABjGAEEICgAAACAAAFWtC///ADSlHAAAAAQhAL73Cv//APOcLQAAACQhHLa1AN//Cf//AF3v
[ShotData] Bra1AO97FQAAAF3vCf//ALa1/QAAAAQhDP//APveAElKCAAAAMc5AJrWDP//AKYxHAAAALa1Cv//
[ShotData] AH3vAKIQSwAAAF3vCf//ALa1HQAAAF3vCf//ALa1/gAAAJa1Df//ABznAJKUAAxjAElKAMc5AElK
[ShotData] AOtaAFGMANveDf//ABjGHAAAAIpSC///AE1rTAAAAF3vCf//ALa1HQAAAF3vCf//ALa1/gAAAKYx
[ShotData] JP//AKYxGwAAAEEIABznCv//AHnOTQAAAF3vCf//ALa1HQAAAF3vCf//ALa1/wAAAFWtIv//APOc
[ShotData] HAAAAFGMC///AKYxTQAAAF3vCf//ALa1HQAAAF3vCf//ALa1/wAAAKIQAF3vIP//ABznAKIQGwAA
[ShotData] AEUpAN//Cv//ANOcTgAAAF3vCf//ALa1HQAAAF3vCf//ALa1/wAAAAAAAMc5AL73Hv//AN//AMc5
[ShotData] HAAAAPe9Cv//AH3vAIIQTgAAAF3vCf//ALa1HQAAAF3vCf//ALa1/wAAAQAAAElKAN//Hf//ACxj
[ShotData] HAAAAOtaC///ACxjTwAAAF3vCf//ALa1HQAAAF3vCf//ALa1/wAAAgAAAIpSAJ73Gv//AN//AMta
[ShotData] HAAAAGEIAF3vCv//AFnOUAAAAF3vCf//ALa1HQAAAF3vCf//ALa1/wAAAwAAAAQhAFnOGP//ADzn
[ShotData] AChCHQAAALKUC///AKYxUAAAAF3vCf//ALa1HQAAAF3vCf//ALa1/wAABAAAACAAAO97AL73FP//
[ShotData] AN//AJKUAIIQHQAAAIYxC///ANOcUQAAAF3vCf//ALa1HQAAAF3vCf//ALa1/wAABgAAAKIQAFGM
[ShotData] AH3vEP//AF3vAHGMAOMYHwAAAFnOCv//AH3vAIIQUQAAAF3vCf//ALa1HQAAAF3vCf//ALa1/wAA
[ShotData] CAAAAEEIAKpSADSlABznCv//APveANOcAGlKACAAIAAAACxjC///ACxjUgAAAF3vCf//ALa1HQAA
[ShotData] AF3vCf//ALa1/wAADAAAAGEIAKYxAMtaACxjAI5zAO97AK5zAG1rAKpSAMc5AGEI/wAA/wAA/wAA
[ShotData] /wAA/wAA/wAA/wAA/wAA/wAA/wAA/wAA/wAA/wAA/wAA/wAA/wAA/wAA/wAA/wAA/wAA/wAA/wAA
[ShotData] /wAA/wAA/wAA/wAA/wAA/wAA/wAA/wAA/wAA/wAA/wAA/wAA/wAA/wAA/wAA/wAA/wAA/wAA/wAA
[ShotData] /wAA/wAA/wAA/wAA/wAA/wAA/wAA/wAA/wAA/wAA/wAA/wAA/wAA/wAA/wAA/wAA/wAA/wAA/wAA
[ShotData] /wAA/wAA/wAA/wAA/wAA/wAA/wAA/wAA/wAA/wAA/wAA/wAA/wAA/wAA/wAA/wAA/wAA/wAA/wAA
[ShotData] /wAA/wAA/wAA/wAA/wAAAgAAAEBBAGF6AGKrAALMAKLsSQP9AKLsAALMAGKrAGF6AEBBMwAAACgJ
[ShotData] AC8SABUjALkjAD0sSZ80AD0sALkjABUjAC8SACgJ9AAAAIBJAEGjAML0UwP9AML0AEGjAIBJLQAA
[ShotData] AEkJAPQaAF4sU580AF4sAPQaAEkJ7wAAAAFiACLUWQP9ACLUAAFiKQAAAMwRANorWZ80ANorAMwR
[ShotData] 6wAAAIBJAALMXQP9AALMAIBJJQAAAEkJALkjXZ80ALkjAEkJ6AAAAOGSYQP9AOGSIwAAALIaYZ80
[ShotData] ALIa5QAAAMAoAALMYwP9AALMAMAoHwAAAKUAAJkjY580AJkjAKUA4gAAACA5AKLsZQP9AKLsACA5
[ShotData] HQAAAAcJAD0sZZ80AD0sAAcJ4AAAACA5AML0ZwP9AML0ACA5GwAAAAcJAF4sZ580AF4sAAcJ3gAA
[ShotData] AMAoAKLsaQP9AKLsAMAoGQAAAKUAAD0saZ80AD0sAKUA3QAAAALMawP9AALMGQAAAJkja580AJkj
[ShotData] 3AAAAOGSCwP9AOLDAGFBCYAYAGFBAOLDUwP9AOGSFwAAALIaC580AF9dAB/HAJ/vB7/vAJ/vAB/H
[ShotData] AF9dU580ALIa2gAAAIBJDAP9AIF6ACAACQAAACAAAIF6VAP9AIBJFQAAAEkJDJ80AF+eC///AF+e
[ShotData] VJ80AEkJ2QAAAALMDAP9ACKbAIAYCQAAAIAYACKbVAP9AALMFQAAALkjDJ80AN99AJ/nCf//AJ/n
[ShotData] AN99VJ80ALkj2AAAAAFiDQP9AKPsAKKzAEKjASKjACE5AQAAACE5ASKjAEKjAKKzAKPsAQP9AIKz
[ShotData] AAFqAAKbAKPsTwP9AAFiEwAAAMwRDZ80AN9EAJ9tAt99AD/PAf//AD/PAt99AJ9tAN9EAZ80AJ91
[ShotData] AJ+uAP+FAN9ET580AMwR1wAAACLUEgP9AOFZAQAAAOFZBQP9AMK7AIAYAAAAAIAYAOLDTwP9ACLU
[ShotData] EwAAANorEp80AL+2Af//AL+2BZ80AH9lAJ/vAP//AJ/vAF9lT580ANor1gAAAIBJDwP9AKPsACLU
[ShotData] AIKCAIFJAGAQAQAAAGAQAIFJAIKCACLUAKPsAOP0AGKrAIAYAQAAAIAYAOLDUAP9AIBJEQAAAEkJ
[ShotData] D580AN9EAD9VAD+WAP/GAL/vAf//AL/vAP/GAD+WAD9VAN9EAL88AL91AJ/vAf//AL/vAF9lUJ80
[ShotData] AEkJ1QAAAEGjDQP9AOP0AALMACFqAIAYBwAAAIAYACFqAMKKAMAgAQAAAGAYAKKCAKPsDQP9AEGr
[ShotData] AEBBAEAQAAAAAIAYAMFZAELUBAP9AML0AGF6AMAoACAIAEAIAOAoAIGCAML0CwP9AIF6AQAAAMGK
[ShotData] BgP9AEGrAEBBAEAQAAAAAIAYAMFZAELUEAP9AEGjEQAAAPQaDZ80AL88AF9dAJ+uAJ/vB///AJ/v
[ShotData] AJ+uAB+OAH/fAf//AL/vAD+WAN9EDZ80AN99AD/PAN/3AP//AJ/vAL+2AD9VBJ80AN88AF+eAH/f
[ShotData] Ad/3AF/fAF+WAL88C580AF+eAf//AB+OBp80AN99AD/PAN/3AP//AJ/vAL+2AD9VEJ80APQa1QAA
[ShotData] AML0DAP9AMP0AEKjAAExACAACQAAACAAACAIAQAAAGAQAKKCAKPsDQP9AEFyBQAAACAIAOLDAgP9
[ShotData] AKLsAMAoBQAAAMAgAKLsCQP9AOL8AGAQAAAAAEAIAML0BQP9AEFyBQAAACAIAOLDDwP9AML0EQAA
[ShotData] AF4sDJ80AL88AN99AF/XC///AN/3Af//AL/vAD+WAN9EDZ80AH+mBf//AN/3AF9lAp80AN9EAH/f
[ShotData] Bf//AH/fAN9ECZ80AL80AL/vAP//AN/3AN88BZ80AH+mBf//AN/3AF9lD580AF4s1AAAAEBBDQP9
[ShotData] ACKbAIAYAgAAAGAQAKFRAOKSAYKzAOKSAKFRAGAQBAAAAKKKAKPsDQP9AOLLAgAAACA5AMFZAIAY
[ShotData] AQAAAMAoAgP9AEFyAQAAAGAQAAFqAAFiAGAQAQAAAOFhCQP9AAGbAQAAACFyBQP9AOLLAgAAACA5
[ShotData] AMFZAIAYAQAAAMAoEAP9AEBBDwAAACgJDZ80AN99AJ/nAv//AL/vAN++AB+OAZ9tAB+OAN++AL/v
[ShotData] BP//AD+WAN9EDZ80AF9dAv//AD/XAN+2AL/vAf//AH/fAp80AH+mAf//AL/vAZ+uAL/3Af//AL+u
[ShotData] CZ80AP+FAf//AH+mBZ80AF9dAv//AD/XAN+2AL/vAf//AH/fEJ80ACgJ0wAAAGF6DAP9AALMAEAI
[ShotData] AQAAACAIAKFRAEPUAMPsAOP0AQP9AOP0AMPsAEPUAKFRACAIAgAAAOLDDgP9ACFyAQAAAOFZAQP9
[ShotData] AKLsAGAQAQAAACLUAQP9AMAoAQAAAGLcAQP9AELcAQAAAEAICQP9AOAoAQAAAGLcBQP9ACFyAQAA
[ShotData] AOFZAQP9AKLsAGAQAQAAACLUDwP9AGF6DwAAAC8SDJ80AD9dAN/3Af//AN/3AN++AB9VAL88AL80
[ShotData] AZ80AL80AL88AB9VAN++AN/3Av//AF9dDp80AH+mAf//AL+2AZ80AN9EAL/vAf//AD9VAZ80AH/f
[ShotData] Af//AB9NAZ80AB9NAf//AN/3CZ80AH/fAf//AB9NBZ80AH+mAf//AL+2AZ80AN9EAL/vAf//AD9V
[ShotData] D580AC8S0wAAAGKrCwP9AKPkACE5AQAAAGAYAKKKAOP0AQP9AKPsAcK7AKPsAQP9AOP0AKKKAGAY
[ShotData] AQAAACE5AKPkDQP9AEBBAQAAAMK7AgP9AOFhAQAAAEGjAQP9AIBJACA5AKFRAwP9AKAgAQAAAML0
[ShotData] BwP9AKK7AQAAAKBRBgP9AEBBAQAAAMK7AgP9AOFhAQAAAEGjDwP9AGKrDwAAABUjC580AN9EAD/P
[ShotData] Af//AL/vAB+WAL88AZ80AN9EAX9lAN9EAZ80AL88AB+WAL/vAf//AD/PAN9EDZ80AB/PAf//AH9l
[ShotData] Ap80AL+2Af//AN99AZ80AP/GAD/PAN++A580AJ/nAf//AL88B580AJ9tAf//AN++Bp80AB/PAf//
[ShotData] AH9lAp80AL+2Af//AN99D580ABUj0wAAAALMCwP9AOKSAEAQAAAAAEAIAGFyAKPsAgP9AMKKAUAQ
[ShotData] AMKKAgP9AKPsAGFyAEAIAAAAAEAQAOKSDQP9AAAxAQAAAELcAgP9AIF6AQAAAOGSBwP9AOL8AEAI
[ShotData] AAAAACAAAAL9AELUAQAAAIAYAwP9AGBJAQAAAOLDBgP9AAAxAQAAAELcAgP9AIF6AQAAAOGSDwP9
[ShotData] AALMDwAAALkjC580AB+OAL/3AP//AN/3AF+eAN9EAp80AB+OAd/3AB+OAp80AN9EAF+eAN/3AP//
[ShotData] AL/3AB+ODZ80AF/XAf//AB9NAp80AF+eAf//AP+FB580AL80AN/3Af//AJ80AD9VAf//AL/vA580
[ShotData] AB/HAf//AF9dBp80AF/XAf//AB9NAp80AF+eAf//AP+FD580ALkj0wAAAKLsCgP9AIPkAKFRAQAA
[ShotData] ACE5AEPUAwP9AOFZAQAAAOFZAwP9AEPUACE5AQAAAKFRAIPkDAP9AAAxAQAAAILkAgP9AKGCAQAA
[ShotData] AOGSBwP9AMGKAQAAAEBBAAP9AELUAQAAAIAYAgP9AELUAQAAAAAxBwP9AAAxAQAAAILkAgP9AKGC
[ShotData] AQAAAOGSDwP9AKLsDwAAAD0sCp80AN9EAN++Af//AD/PAB9VA580AL+2Af//AL+2A580AB9VAD/P
[ShotData] Af//AN++AN9EDJ80AF/XAf//AP9MAp80AD+WAf//AB+OB580AD+OAf//AB/PAJ80AD9VAf//AL/v
[ShotData] Ap80AD9VAf//AF/XB580AF/XAf//AP9MAp80AD+WAf//AB+OD580AD0s0wAACwP9AOLDAOEoAAAA
[ShotData] AEAQAMKKBAP9AOFZAQAAAOFZBAP9AKKCAEAIAAAAAOEoAOLDDAP9AAAxAQAAAILkAgP9AKGCAQAA
[ShotData] AOGSBgP9AGKrAgAAAMK7AAP9AELUAQAAAIAYAgP9AAFiAQAAAEGrAAP9AALMAQAxAIGCAgP9AAAx
[ShotData] AQAAAILkAgP9AKGCAQAAAOGSEAP9DwAAC580AF9lAF/fAP//AN/3AB+OBJ80AL+2Af//AL+2BJ80
[ShotData] AD+WAN/3AP//AF/fAF9lDJ80AF/XAf//AP9MAp80AD+WAf//AB+OBp80AL91Av//AH9lAJ80AD9V
[ShotData] Af//AL/vAp80AJ+uAf//AL91AJ80AF9dAV/XAF+WAp80AF/XAf//AP9MAp80AD+WAf//AB+OEJ80
[ShotData] 0wAACwP9AEKjAGAQAAAAAKAgAALEBAP9AOFZAQAAAOFZBAP9AALEAKAgAAAAAGAQAEKjDAP9AAAx
[ShotData] AQAAAILkAgP9AKGCAQAAAOGSBQP9AMLDACAIAQAAAGF6AQP9AOL0AeLDAALMAQP9AKLsACAIAAAA
[ShotData] AKAYAAL9AAP9AMK7AQAAAOFZAgP9AAAxAQAAAILkAgP9AKGCAQAAAOGSEAP9DwAAC580AN99AL/v
[ShotData] AP//AJ/nAF9dBJ80AL+2Af//AL+2BJ80AF9dAJ/nAP//AL/vAN99DJ80AF/XAf//AP9MAp80AD+W
[ShotData] Af//AB+OBZ80AH9lAv//AF+eAZ80AL88AV9dAD9dAZ80AN9EAN/3AP//AJ/nAL80AJ80AH9lAf//
[ShotData] AL+2Ap80AF/XAf//AP9MAp80AD+WAf//AB+OEJ800wAAAKLsCgP9AMKKAQAAAOEoAMPsBAP9AOFZ
[ShotData] AQAAAOFZBAP9AMPsAOEoAQAAAMKKDAP9AAAxAQAAAILkAgP9AKGCAQAAAOGSBAP9ACLUAEAQAQAA
[ShotData] AMFZAAL9BwP9AKGCAQAAAMGKAQP9AMK7AQAAAOFZAgP9AAAxAQAAAILkAgP9AKGCAQAAAOGSDwP9
[ShotData] AKLsDwAAAD0sCp80AB+OAf//AF/fAL88BJ80AL+2Af//AL+2BJ80AL88AF/fAf//AB+ODJ80AF/X
[ShotData] Af//AP9MAp80AD+WAf//AB+OBJ80AD9VAN/3Af//AN+2CJ80AD+WAf//AB+OAZ80AH9lAf//AL+2
[ShotData] Ap80AF/XAf//AP9MAp80AD+WAf//AB+OD580AD0s0wAAAALMCgP9AMKKAQAAAOEwBQP9AOFhAQAA
[ShotData] AOFhBQP9AOEwAQAAAMKKDAP9AAAxAQAAAELcAgP9AIF6AQAAAAGTAwP9AILkAIAYAQAAAGBJAOL8
[ShotData] BwP9AOL8AIAYAAAAAEAIAML0AQP9AMK7AQAAAOFZAgP9AAAxAQAAAELcAgP9AIF6AQAAAAGTDwP9
[ShotData] AALMDwAAALkjCp80AB+OAf//AF/XBZ80AL+uAf//AL+uBZ80AF/XAf//AB+ODJ80AF/XAf//AB9N
[ShotData] Ap80AF+eAf//AP+FA580AP9MAJ/vAf//AB/HAL80B580AL80AL/vAP//AN/3AN88AZ80AH9lAf//
[ShotData] AL+2Ap80AF/XAf//AB9NAp80AF+eAf//AP+FD580ALkj0wAAAGKrCgP9AMKKAQAAAOAoAMPsBAP9
[ShotData] AGKrAaAgAGKrBAP9AMPsAOAoAQAAAMKKDAP9AGBBAQAAAMK7AgP9AOFhAQAAAEGrAgP9AKLsAMAo
[ShotData] AQAAACA5AOL0CAP9AELcCgAAAOL8AAP9AGBBAQAAAMK7AgP9AOFhAQAAAEGrDwP9AGKrDwAAABUj
[ShotData] Cp80AB+OAf//AH/fAN88BJ80AL91AZ/nAL91BJ80AN88AH/fAf//AB+ODJ80AB/HAf//AH9lAp80
[ShotData] AL+2Af//AL91Ap80AN88AH/fAf//AD/XAL88CJ80AB9NCv//AL80AJ80AB/HAf//AH9lAp80AL+2
[ShotData] Af//AL91D580ABUj0wAAAGF6CgP9AEKjAIAYAAAAAKAgAMK7BAP9AOP0AaPsAOP0BAP9AMK7AKAg
[ShotData] AAAAAIAYAEKjDAP9AEFyAQAAAOFZAQP9AKLsAGAQAQAAAELcAQP9AOL0ACA5AQAAAOAoAKLsBAP9
[ShotData] AOL0AeLDAALMAAP9AELcCgAAAOL8AAP9AEFyAQAAAOFZAQP9AKLsAGAQAQAAAELcDwP9AGF6DwAA
[ShotData] AC8SCp80AL99AL/vAP//AJ/nAH9lBJ80AL88Ad9EAL88BJ80AH9lAJ/nAP//AL/vAL99DJ80AH+m
[ShotData] Af//AL+2AZ80AN9EAL/vAf//AB9VAZ80AL88AD/PAf//AH/fAN88BJ80AL88AV9dAD9dAJ80AB9N
[ShotData] Cv//AL80AJ80AH+mAf//AL+2AZ80AN9EAL/vAf//AB9VD580AC8S0wAAAEBBCgP9AOLDAOEwAAAA
[ShotData] AEAIAIF6AOP8CwP9AOP8AIF6AEAIAAAAAOEwAOLDDAP9AALMAgAAACA5AMFZAIAYAQAAAAAxAgP9
[ShotData] AOFZAgAAAGBJBOFhAML0AELUAQAAAIAYAAP9AKLsBeFhAGBJAQAAAMAgAOFhAAL9AAP9AALMAgAA
[ShotData] ACA5AMFZAIAYAQAAAAAxEAP9AEBBDwAAACgJCp80AF9lAF/XAP//AN/3AF+eDZ80AF+eAN/3AP//
[ShotData] AF/XAF9lDJ80AD9dAv//AD/XAN+2AJ/vAf//AF/XAp80AL+2Av//AB/HBL+uAN88AD9VAf//AL/v
[ShotData] AJ80AN9EBb+uAB/HAf//AH/nAL+uAZ80AD9dAv//AD/XAN+2AJ/vAf//AF/XEJ80ACgJ1AAAAML0
[ShotData] CQP9AKPsAKFRAQAAACE5ACLMCwP9ACLMACE5AQAAAKFRAKPsDQP9AEFyBQAAAEAIAALMAgP9AOAo
[ShotData] CAAAAILkAELUAQAAAIAYBwP9AMK7AQAAAOFZAwP9AEFyBQAAAEAIAALMDwP9AML0EQAAAF4sCZ80
[ShotData] AN9EAN++Af//AD/XAD9dC580AD9dAD/XAf//AN++AN9EDZ80AH+mBf//AN/3AF9dAp80AF/fCP//
[ShotData] AP9EAD9VAf//AL/vB580AH9lAf//AL+2A580AH+mBf//AN/3AF9dD580AF4s1QAAAEGjCgP9AAKT
[ShotData] AGAQAAAAACAIACFqAKPsCQP9AKPsACFqACAIAAAAAGAQAAKTDwP9AEGjACA5AEAIAAAAAIAYAOFZ
[ShotData] AELcAwP9AOAoCAAAAILkAELUAQAAAIAYBwP9AMK7AQAAAOFZBAP9AEGjACA5AEAIAAAAAIAYAOFZ
[ShotData] AELcEAP9AEGjEQAAAPQaCp80AP+FAL/vAP//AN/3AH+mAN9ECZ80AN9EAH+mAN/3AP//AL/vAP+F
[ShotData] D580AN99AD/PAN/3AP//AJ/vAL+2AB9NA580AF/fCP//AP9EAD9VAf//AL/vB580AH9lAf//AL+2
[ShotData] BJ80AN99AD/PAN/3AP//AJ/vAL+2AB9NEJ80APQa1QAAAIBJCgP9AMPsAEFBAQAAAEAQAIF6AOP0
[ShotData] BwP9AOP0AIF6AEAQAQAAAEFBAMPsUgP9AIBJEQAAAEkJCp80AN88AB/PAf//AN/3AF+eAL88B580
[ShotData] AL88AF+eAN/3Af//AB/PAN88Up80AEkJ1gAAACLUCgP9AGPcAIAYAgAAACE5AMLDAIPkAMP0AQP9
[ShotData] AMP0AIPkAMLDACE5AgAAAIAYAGPcUgP9ACLUEwAAANorCp80AP9MAJ/vAv//AD/PAF9lAP9EAL88
[ShotData] AZ80AL88AP9EAF9lAD/PAv//AJ/vAP9MUp80ANor1wAAAAFiCwP9AGKrAMAgAgAAAEAQAIFJAIF6
[ShotData] ASKbAIF6AIFJAEAQAgAAAMAgAGKrUwP9AAFiEwAAAMwRC580AL91AH/fAv//AN/3AP/GAF+eAd99
[ShotData] AF+eAP/GAN/3Av//AH/fAL91U580AMwR2AAAAALMCgP9AOP0AIKrAEE5ACAICQAAACAIAEE5AIKr
[ShotData] AOP0UgP9AALMFQAAALkjCp80AL88AJ91AD/PAN//Cf//AN//AD/PAJ91AL88Up80ALkj2QAAAIBJ
[ShotData] CwP9AOP0AEPUAGF6AIAYBwAAAIAYAGF6AEPUAOP0UwP9AIBJFQAAAEkJC580AL80AB9VAF+eAJ/n
[ShotData] B///AJ/nAF+eAB9VAL80U580AEkJ2gAAAOGSDAP9AOP0AIPkAAKTAOFhAOAoAYAYAOAoAOFhAAKT
[ShotData] AIPkAOP0VAP9AOGSFwAAALIaDJ80AL88AP9MAP+FAL+uAH/fAb/vAH/fAL+uAP+FAP9MAL88VJ80
[ShotData] ALIa3AAAAALMawP9AALMGQAAAJkja580AJkj3QAAAMAoAKLsaQP9AKLsAMAoGQAAAKUAAD0saZ80
[ShotData] AD0sAKUA3gAAACA5AML0ZwP9AML0ACA5GwAAAAcJAF4sZ580AF4sAAcJ4AAAACA5AKLsZQP9AKLs
[ShotData] ACA5HQAAAAcJAD0sZZ80AD0sAAcJ4gAAAMAoAALMYwP9AALMAMAoHwAAAKUAAJkjY580AJkjAKUA
[ShotData] 5QAAAOGSYQP9AOGSIwAAALIaYZ80ALIa6AAAAIBJAALMXQP9AALMAIBJJQAAAEkJALkjXZ80ALkj
[ShotData] AEkJ6wAAAAFiACLUWQP9ACLUAAFiKQAAAMwRANorWZ80ANorAMwR7wAAAIBJAEGjAML0UwP9AML0
[ShotData] AEGjAIBJLQAAAEkJAPQaAF4sU580AF4sAPQaAEkJ9AAAAEBBAGF6AGKrAALMAKLsSQP9AKLsAALM
[ShotData] AGKrAGF6AEBBMwAAACgJAC8SABUjALkjAD0sSZ80AD0sALkjABUjAC8SACgJ/wAA/wAA/wAA/wAA
[ShotData] /wAA/wAA/wAA/wAA/wAA/wAA/wAA/wAA/wAA/wAA/wAA/wAA/wAA/wAA/wAA/wAA/wAA/wAA/wAA
[ShotData] /wAA/wAA/wAA/wAA/wAA/wAA/wAA/wAA/wAA/wAA/wAA/wAA/wAA/wAA/wAA/wAA/wAA/wAA/wAA
[ShotData] /wAA/wAA/wAA/wAA/wAA/wAA/wAA/wAA/wAA/wAA/wAA/wAA/wAA/wAA/wAA/wAA/wAA/wAA/wAA
[ShotData] /wAA/wAA/wAA/wAA/wAA/wAA/wAA/wAA/wAA/wAA/wAAqQAABYnHAwAABYnH/wAAwwAABYnHAwAA
[ShotData] BYnH/wAAwwAABYnHAwAABYnH/wAAwwAABYnHAwAABYnH/wAAwwAABYnHAwAABYnH/wAAwwAABYnH
[ShotData] AwAABYnH/wAA/wAA/wAA/wAA/wAA/wAA/wAA/wAA/wAAEwAABYnHAwAABYnH/wAAwwAABYnHAwAA
[ShotData] BYnH/wAAwwAABYnHAwAABYnH/wAAwwAABYnHAwAABYnH/wAAwwAABYnHAwAABYnH/wAAwwAABYnH
[ShotData] AwAABYnH/wAA/wAA/wAA/wAA/wAA/wAA/wAA/wAA/wAA/wAA/wAA/wAA/wAA/wAA/wAA/wAA/wAA
[ShotData] /wAAKQAAAFJ8APSMADF8BgAAAG5jBfSMALOEABB0AIpCAEEIAgAAAG5jBfSMALOEABB0AIpCAEEI
[ShotData] BAAAAIYpAG5jAHJ8ANSMALOEAPBzAIpCAEEI/wAAogAAAEUhAvSMAEUhBQAAAG5jCPSMAFF8AIII
[ShotData] AQAAAG5jCPSMAFF8AIIIAgAAAE1bBvSMAHJ8AKIQ/wAAoQAAAE1bAvSMAC1bBQAAAG5jAfSMAE1b
[ShotData] AuxSAE1bALOEAfSMAI5jAQAAAG5jAfSMAE1bAuxSAE1bALOEAfSMAI5jAQAAAElCAfSMALOEAC1b
[ShotData] AIpKAOxSAFJ8AfSMAM9r/wAAoAAAAGEIANSMAvSMANOEAEEIBAAAAG5jAfSMAOMYAwAAAKIQALOE
[ShotData] AfSMAGEIAAAAAG5jAfSMAOMYAwAAAKIQALOEAfSMAGEIAAAAADF0APSMANSMAMMQAgAAACAAAPBr
[ShotData] AfSMAMMQ/wAAnwAAACk6AfSMAOxSAfSMAAg6BAAAAG5jAfSMAOMYBAAAAE5bAfSMACQhAAAAAG5j
[ShotData] AfSMAOMYBAAAAE5bAfSMACQhAAAAAfSMADF0BAAAAIYpAU1bAAQZ/wAAnwAAABF0APSMAJJ8ACAA
[ShotData] AJOEAPSMAPBzBAAAAG5jAfSMAOMYBAAAAE1bAfSMACUhAAAAAG5jAfSMAOMYBAAAAE1bAfSMACUh
[ShotData] AAAAALOEAPSMANSMAAQZ/wAApgAAAAQZAfSMAMtSAAAAAAxTAfSMAOQYAwAAAG5jAfSMAOMYAwAA
[ShotData] AIIIAJOEAfSMAGIIAAAAAG5jAfSMAOMYAwAAAIIIAJOEAfSMAGIIAAAAAE1bAvSMAI9jAIpKAMcx
[ShotData] AAQZACAA/wAAoQAAAAxTAfSMAAQZAAAAAEUhAfSMAOxSAwAAAG5jAfSMAG5bAgxTAG5bALOEAfSM
[ShotData] AI5jAQAAAG5jAfSMAG5bAgxTAG5bALOEAfSMAI5jAQAAAIIQAHJ8BfSMALOEAOxSAEEI/wAAngAA
[ShotData] ACAAALOEAPSMAFJ8AgAAAHJ8APSMALOEACAAAgAAAG5jCPSMAFF8AIIIAQAAAG5jCPSMAFF8AIII
[ShotData] AgAAAEEIAIpKAFF8BfSMABB0ACAA/wAAnQAAAOcxAfSMAIpKAgAAAKtKAfSMAMcxAgAAAG5jBfSM
[ShotData] ALOEAPBzAGpCAEEIAgAAAG5jBfSMALOEAPBzAGpCAEEIBgAAAEEIAOQYAKcxAOxSANSMAfSMAOg5
[ShotData] /wAAnQAAAM9rAfSMAAxTAmpCAAxbAfSMAK9rAgAAAG5jAfSMAOMYCQAAAG5jAfSMAOMYEQAAAOgx
[ShotData] AfSMAA1b/wAAnAAAAMMQCvSMAKIQAQAAAG5jAfSMAOMYCQAAAG5jAfSMAOMYCAAAAGYpAXJ8ACk6
[ShotData] BAAAAOQYAfSMAC1b/wAAnAAAAKtKCvSMAIpKAQAAAG5jAfSMAOMYCQAAAG5jAfSMAOMYCAAAAIIQ
[ShotData] AfSMAHJ8AIIIAwAAAMtKAfSMAGpC/wAAnAAAAJJ8AfSMAGIIBAAAAIIIAfSMAHJ8AQAAAG5jAfSM
[ShotData] AOMYCQAAAG5jAfSMAOMYCQAAAG5jAfSMANOEAG5jAMtSAAxTADF0AfSMANOEAKIQ/wAAmwAAAIYp
[ShotData] AfSMAI5jBgAAAK9jAfSMAIYpAAAAAG5jAfSMAOMYCQAAAG5jAfSMAOMYCQAAAGEIABB0BvSMANOE
[ShotData] AKYp/wAAnAAAAI5jAfSMAMcxBgAAAMcxAfSMAG5jAAAAAG5jAfSMAOMYCQAAAG5jAfSMAOMYCgAA
[ShotData] ACAAACg6AM9rAJOEAPSMALOEABB0AKtKAKIQ/wAA/wAA/wAA/wAA/wAA/wAA/wAA/wAA/wAA/wAA
[ShotData] /wAA/wAA/wAA/wAA/wAA/wAA/wAA/wAA/wAA/wAA/wAA/wAA/wAA/wAA/wAA/wAA/wAA/wAA/wAA
[ShotData] /wAA/wAA/wAA/wAA/wAA/wAA/wAA/wAA/wAA/wAA/wAA/wAA/wAA/wAA/wAA/wAA/wAA/wAA/wAA
[ShotData] /wAA/wAA/wAA/wAA/wAA/wAA/wAA/wAA/wAA/wAA/wAA/wAA/wAA/wAA/wAA/wAA/wAA/wAA/wAA
[ShotData] /wAA/wAA/wAA/wAA/wAA/wAA/wAA/wAA/wAA/wAA/wAA/wAA/wAA/wAA/wAA/wAA/wAA/wAA/wAA
[ShotData] /wAA/wAA/wAA/wAA/wAA/wAA/wAA/wAA/wAA/wAA/wAA/wAA/wAA/wAA/wAA/wAA/wAA/wAA/wAA
[ShotData] /wAA/wAA/wAA/wAA/wAA/wAA/wAA/wAA/wAA/wAA/wAA/wAA/wAA/wAA/wAA/wAA/wAA/wAA/wAA
[ShotData] /wAA/wAA/wAA/wAA/wAA/wAA/wAA/wAA/wAA/wAA/wAA/wAA/wAA/wAA/wAA/wAA/wAA/wAA/wAA
[ShotData] /wAA/wAA/wAA/wAA/wAA/wAA/wAA/wAA/wAA/wAA/wAA/wAA/wAA/wAA/wAA/wAA/wAA/wAA/wAA
[ShotData] /wAA/wAA/wAA/wAA/wAA/wAA/wAA/wAA/wAA/wAA/wAA/wAA/wAA/wAA/wAA/wAA/wAA/wAA/wAA
[ShotData] /wAA/wAA/wAA/wAA/wAA/wAA/wAA/wAA/wAA/wAA/wAA/wAA/wAA/wAA/wAA/wAA/wAA/wAA/wAA
[ShotData] /wAA/wAA/wAA/wAA/wAA/wAA/wAA/wAA/wAA/wAA/wAA/wAA/wAA/wAA/wAA/wAA/wAA/wAA/wAA
[ShotData] /wAA/wAA/wAA/wAA/wAA/wAA/wAA/wAA/wAA/wAA/wAA/wAA/wAA/wAA/wAA/wAA/wAA/wAA/wAA
[ShotData] /wAA/wAA/wAA/wAA/wAA/wAA/wAA/wAA/wAA/wAA/wAA/wAA/wAA/wAA/wAA/wAA/wAA/wAA/wAA
[ShotData] /wAA/wAA/wAA/wAA/wAA/wAA/wAA/wAA/wAA/wAA/wAA/wAA/wAA/wAA/wAA/wAA/wAA/wAA/wAA
[ShotData] /wAA/wAA/wAA/wAA/wAA/wAA/wAA/wAA/wAA/wAA/wAA/wAA/wAA/wAA/wAA/wAA/wAA/wAA/wAA
[ShotData] /wAA/wAA/wAA/wAA/wAA/wAA/wAA/wAA/wAA/wAA/wAA/wAA/wAA/wAA/wAA/wAA/wAA/wAA/wAA
[ShotData] /wAA/wAA/wAA/wAA/wAA/wAA/wAA/wAA/wAA/wAA/wAA/wAA/wAA/wAA/wAA/wAA/wAA/wAA/wAA
[ShotData] /wAA/wAA/wAA/wAA/wAA/wAA/wAA/wAA/wAA/wAA/wAA/wAA/wAA/wAA/wAA/wAA/wAA/wAA/wAA
[ShotData] /wAA/wAA/wAA/wAA/wAA/wAA/wAA/wAA/wAA/wAA/wAA/wAA/wAA/wAA/wAA/wAA/wAA/wAA/wAA
[ShotData] /wAA/wAA/wAA/wAA/wAA/wAA/wAA/wAA/wAA/wAA/wAA/wAA/wAA/wAA/wAA/wAA/wAA/wAA/wAA
[ShotData] /wAA/wAA/wAA/wAA/wAA/wAA/wAA/wAA/wAA/wAA/wAA/wAA/wAA/wAA/wAA/wAA/wAA/wAA/wAA
[ShotData] /wAA/wAA/wAA/wAA/wAA/wAA/wAA/wAA/wAA/wAA/wAA/wAA/wAA/wAA/wAA/wAA/wAA/wAA/wAA
[ShotData] /wAA/wAA/wAA/wAA/wAA/wAA/wAA/wAA/wAA/wAA/wAA/wAA/wAA/wAA/wAA/wAA/wAA/wAA/wAA
[ShotData] /wAA/wAA/wAA/wAA/wAA/wAA/wAA/wAA/wAA/wAA/wAA/wAA/wAA/wAA/wAAWQAAAAcJAA4SANMa
[ShotData] AHcjAPsrAF0sAZ80AF0sAPsrAHcjANMaAA4SAAcJ/wAAwQAAAGMAAO0RAFYjD580AFYjAO0RAGMA
[ShotData] /wAAuwAAAGkJADUjFZ80ADUjAGkJ/wAAtwAAAIsRALkjGZ80ALkjAIsR/wAAswAAAAcJAHcjHZ80
[ShotData] AHcjAAcJ/wAAsAAAAJEaIZ80AJEa/wAArQAAAOYIALkjI580ALkjAOYI/wAAqgAAAIsRJ580AIsR
[ShotData] /wAAqAAAAA4SKZ80AA4S3AAA
[ShotEnd] digital-transition bytes=12444
[Shot] backdrop-transition 468 468
[ShotData] /28a/28a/28a/28a/28a/28a/28a/28a/28a/28a/28a/28a/28a/28a/28a/28a/28a/28a/28a
[ShotData] /28a/28a/28a/28a/28a/28a/28a/28a/28a/28a/28a/28a/28a/28a/28a/28a/28a/28a/28a
[ShotData] /28a/28a/28a/28a/28a/28a/28a/28a/28a/28a/28a/28a/28a/28a/28a/28a/28a/28a/28a
[ShotData] /28a/28a/28a/28a/28a/28a/28a/28a/28a/28a/28a/28a/28a/28a/28a/28a/28a/28a/28a
[ShotData] /28a/28a/28a/28a/28a/28a/28a/28a/28a/28a/28a/28a/28a/28a/28a/28a/28a/28a/28a
[ShotData] /28a/28a/28a/28a/28a/28a/28a/28a/28a/28a/28a/28a/28a/28a/28a/28a/28a/28a/28a
[ShotData] /28a/28a/28a/28a/28a/28a/28a/28a/28a/28a/28a/28a/28a/28a/28a/28a/28a/28a/28a
[ShotData] /28a/28a/28a/28aG28a/zEr/zEr/zEr/zEr/zEr/zEr/zEr/zEr/zEr/zEr/zEr/zEr/zEr/zEr
[ShotData] /zEr/zEr/zEr/zEr/zEr/zEr/zEr/zEr/zEr/zEr/zEr/zEr/zEr/zEr/zEr/zEr/zEr/zEr/zEr
[ShotData] /zEr/zEr/zEr/zEr/zEr/zEr/zEr/zEr/zEr/zEr/zEr/zEr/zEr/zEr/zEr/zEr/zEr/zEr/zEr
[ShotData] /zEr/zErTjErALBDAE5sAO2MAGutAMrFACneAGnuAKj2Asj+AKj2AGnuACneAMrFAGutAO2MAE5s
[ShotData] ALBD/zErvDErANBLAM2EAKu9AGnuEsj+AGnuAKu9AM2EANBL/zErtTErAM9TAAyVACneGsj+ACne
[ShotData] AAyVAM9T/zErsDErAI18AOrNIMj+AOrNAI18/zErqzErAFEzAO2MAGnuJMj+AGnuAO2MAFEz/zEr
[ShotData] pzErAO2MAIj2KMj+AIj2AO2M/zErpDErAG50AEnmLMj+AEnmAG50/zEroDErALBDAKu9MMj+AKu9
[ShotData] ALBD/zErnTErAI18AKj2Msj+AKj2AI18/zErmzErAEytNsj+AEyt/zErmDErALBDAArOOMj+AArO
[ShotData] ALBD/zErlTErAA9cAGnuOsj+AGnuAA9c/zErkzErAE5sPsj+AE5s/zErkTErAG50QMj+AG50/zEr
[ShotData] jzErAE5sQsj+AE5s/zErjTErAA9cRMj+AA9c/zErizErALBDAGnuRMj+AGnuALBDzjErAK0bAKgc
[ShotData] AOUcAgUdAOUcAKgcAK0bsjErAArORsj+AArOzTErAKccCAUdAKccsDErAEytSMj+AEytyjErAG8j
[ShotData] AOUcCgUdAOUcAG8jrTErAI18Ssj+AI18yTErAOUcDAUdAOUcrDErALBDAKj2Ssj+AKj2ALBDxzEr
[ShotData] AKccDgUdAKccqzErAKu9TMj+AKu9xjErAK0bEAUdAK0bqTErAG50Tsj+AG50xTErAKgcEAUdAKgc
[ShotData] qTErAEnmTsj+AEnmxTErAOUcEQUdqDErAO2MUMj+AO2MwzErAHAjEgUdAHAjpjErAFEzAIj2UMj+
[ShotData] AIj2AFEzwjErAOwjEgUdAOwjpjErAO2MUsj+AO2MwjErAGkcEgUdAGkcpjErAGnuUsj+AGnuwjEr
[ShotData] AOUcEgUdAOUcpTErAI18VMj+AI18wDErAK4jFAUdAK4jpDErAOrNVMj+AOrNwDErACocFAUdACoc
[ShotData] ozErAM9TVsj+AM9TvzErAMccFAUdAMccozErAAyVVsj+AAyVvjErAG8jFgUdAG8jojErACneVsj+
[ShotData] ACnevjErAOwjFgUdAOwjoTErANBLWMj+ANBLvTErAIgcFgUdAIgcoTErAM2EWMj+AM2EvTErGAUd
[ShotData] oTErAKu9WMj+AKu9vDErAM0jGAUdAM0joDErAGnuWMj+AGnuvDErAEocGAUdAEocnzErALBDWsj+
[ShotData] ALBDuzErAMYcGAUdAMYcnzErAE5sWsj+AE5sujErAI8jGgUdAI8jnjErAO2MWsj+AO2MujErAAsk
[ShotData] GgUdAAsknjErAGutWsj+AGutujErAIgcGgUdAIgcnjErAMrFWsj+AMrFuTErAFArHAUdAFArnTEr
[ShotData] ACneWsj+ACneuTErAM0jHAUdAM0jnTErAGnuWsj+AGnuuTErAEkcHAUdAEkcnTErAKj2Wsj+AKj2
[ShotData] uTErAOYcHAUdAOYcnTErXMj+UDErZxNMAFA8HgUdAFA8nBNMXMj+uBNMAIw0HgUdAIw0nBNMXMj+
[ShotData] uBNMAMgkBgUdAEUdAKUdAOUlACUmAGUmAIYmBKYuAIYmAGUmACUmAOUlAKUdAEUdBgUdAMgknBNM
[ShotData] AKj2Wsj+AKj2txNMADJEAwUdAEUdAKUdACUmAIYmEKYuAIYmACUmAKUdAEUdAwUdADJEmxNMAInu
[ShotData] Wsj+AInutxNMAG40AQUdAKUdAEUmGKYuAEUmAKUdAQUdAG40mxNMAEreWsj+AEretxNMAOksAOUl
[ShotData] AIYmHKYuAIYmAOUlAOksmxNMAAvOWsj+AAvOtRNMADJMAGw9IqYuAGw9ADJMmRNMAMy9Wsj+AMy9
[ShotData] tBNMAC49AIcuJKYuAIcuAC49mBNMAG6dWsj+AG6dshNMAJFEAOk1KKYuAOk1AJFElhNMAPCEWsj+
[ShotData] APCEsRNMAC49LKYuAC49lRNMAHJkWsj+AHJksBNMAIs1LqYuAIs1lRNMAInuWMj+AInurxNMADJM
[ShotData] AOo1MKYuAOo1ADJMkxNMAOvFWMj+AOvFrhNMAFJEACk2MqYuACk2AFJEkhNMAE6dWMj+AE6drRNM
[ShotData] AFJEACguNKYuACguAFJEkRNMAJFkWMj+AJFkrBNMADJMACk2NqYuACk2ADJMkRNMAEreVsj+AEre
[ShotData] rRNMAOo1OKYuAOo1kRNMAI2lVsj+AI2lrBNMAIs1OqYuAIs1kBNMAJFsVsj+AJFsqxNMAC49PKYu
[ShotData] AC49kBNMACvWVMj+ACvWqxNMAJFEPqYuAJFEjxNMAC+VVMj+AC+VqxNMAOk1PqYuAOk1kBNMAInu
[ShotData] Usj+AInuqxNMAC49QKYuAC49jxNMAG6lUsj+AG6lqhNMADJMAIcuQKYuAIcuADJMjhNMADNUAKn2
[ShotData] UMj+AKn2ADNUqhNMAGw9QqYuAGw9jxNMAG6dUMj+AG6dqhNMAFJERKYuAFJEjxNMAGnmTsj+AGnm
[ShotData] qxNMAGw9RKYuAGw9jxNMAA+NTsj+AA+NqxNMAIcuRKYuAIcukBNMAOvFTMj+AOvFqxNMAA49RqYu
[ShotData] AA49jxNMAHJkAKj2Ssj+AKj2AHJkqxNMAOk1RqYuAOk1kBNMAC+VSsj+AC+VqxNMAFJESKYuAFJE
[ShotData] kBNMAKy1SMj+AKy1rBNMAC49SKYuAC49kRNMACrWRsj+ACrWrRNMAMo1SKYuAMo1kRNMAHFkAInu
[ShotData] RMj+AInuAHFkrRNMAIcuSKYuAIcukhNMANB0RMj+ANB0rRNMAJFESqYuAJFEkhNMAPCEQsj+APCE
[ShotData] rhNMAA49SqYuAA49kxNMAA+FQMj+AA+FrxNMAGw9SqYuAGw9lBNMAPCEPsj+APCEsBNMAMo1SqYu
[ShotData] AMo1lRNMANB0AInuOsj+AInuANB0sRNMACk2SqYuACk2lhNMAHFkACrWOMj+ACrWAHFkshNMAGcu
[ShotData] SqYuAGcumBNMAKy1Nsj+AKy1tBNMAIYuSqYuAIYugxNMAA57AAqiAEbBAMPYAEHoAgD4AEHoAMPY
[ShotData] AEbBAAqiAA57CBNMAC+VAKj2Msj+AKj2AC+VtRNMTKYugBNMAM2CAGa5ACDwDAD4ACDwAGa5AM2C
[ShotData] BhNMAHJkAOvFMMj+AOvFAHJkthNMTKYufhNMAGuSAKPgEgD4AKPgAGuSBhNMAA+NAGnmLMj+AGnm
[ShotData] AA+NuBNMTKYufBNMAM2CAMPYFgD4AMPYAM2CBhNMAG6dAKn2KMj+AKn2AG6duhNMAIYuSqYuAIYu
[ShotData] exNMAKixGgD4AKixBhNMADNUAG6lAInuJMj+AInuAG6lADNUuxNMAGcuSqYuAGcueRNMAHBjAMTY
[ShotData] HAD4AMTYAHBjBxNMAC+VACvWIMj+ACvWAC+VvhNMACk2SqYuACk2eBNMAA5zAEHoHgD4AEHoAA5z
[ShotData] CBNMAJFsAI2lAEreGsj+AEreAI2lAJFswBNMAMo1SqYuAMo1dxNMAA5zACDwIAD4ACDwAA5zChNM
[ShotData] AJFkAE6dAOvFAInuEsj+AInuAOvFAE6dAJFkwxNMAGw9SqYuAGw9dhNMAHBjAEHoCwD4AOD5AAD8
[ShotData] AKD9AOD+AuD/AOD+AKD9AAD8AOD5CwD4AEHoAHBjDRNMAHJkAPCEAG6dAMy9AAvOAEreAInuAKj2
[ShotData] Asj+AKj2AInuAEreAAvOAMy9AG6dAPCEAHJkxxNMAA49SqYuAA49dhNMAMTYCgD4AID7AKD+CuD/
[ShotData] AKD+AID7CgD4AMTY6BNMAJFESqYuAJFEdRNMAKixCQD4AMD6AOD+DuD/AOD+AMD6CQD4AKix6BNM
[ShotData] AIcuSKYuAIcudRNMAM2CCQD4AMD8EuD/AMD8CQD4AM2C5xNMAMo1SKYuAMo1dRNMAMPYCAD4AKD9
[ShotData] FOD/AKD9CAD4AMPY5xNMAC49SKYuAC49dBNMAGuSCAD4AKD9FuD/AKD9CAD4AGuS5hNMAFJESKYu
[ShotData] AFJEdBNMAKPgBwD4AMD8GOD/AMD8BwD4AKPg5xNMAOk1RqYuAOk1dBNMAM2CBwD4AMD6GuD/AMD6
[ShotData] BwD4AM2C5hNMAA49RqYuAA49dBNMAGa5BwD4AOD+GuD/AOD+BwD4AGa55xNMAIcuRKYuAIcudRNM
[ShotData] ACDwBgD4AID7HOD/AID7BgD4ACDw5xNMAGw9RKYuAGw9dBNMAA57BwD4AKD+HOD/AKD+BwD4AA57
[ShotData] 5hNMAFJERKYuAFJEdBNMAAqiBgD4AOD5HuD/AOD5BgD4AAqi5xNMAGw9QqYuAGw9dRNMAEbBBgD4
[ShotData] AAD8HuD/AAD8BgD4AEbB5xNMADJMAIYuQKYuAIYuADJMdRNMAMPYBgD4AKD9HuD/AKD9BgD4AMPY
[ShotData] 6BNMAIgtQKYuAIgtdhNMAEHoBgD4AOD+HuD/AOD+BgD4AEHo6BNMAAYdAEUmPqYuAEUmAAYddhNM
[ShotData] BwD4IOD/BwD45xNMAFA8AAUdAEUdPqYuAEUdAAUdAFA8ExNMAfZ0AZu+AX7nA9//AZ7vAbvGARZ9
[ShotData] DxNMARZ1AZu+AX7nAd//Af//AZ7vAdzOAXeNATNMHxNMATRUAb7vA///AT3fBRNMBwD4IOD/BwD4
[ShotData] 5xNMAIw0AQUdAKUdPKYuAKUdAQUdAIw0ExNMAfZ0AZu+AX7nA9//AZ7vAbvGARZ9DxNMARZ1AZu+
[ShotData] AX7nAd//Af//AZ7vAdzOAXeNATNMHxNMATRUAb7vA///AT3fBRNMBwD4IOD/BwD45xNMAOgkAgUd
[ShotData] AAUmOqYuAAUmAgUdAOgkERNMARmmD///AXq2CRNMATNMAZu+D///AT3XAXRcHRNMAbiVBf//AXeN
[ShotData] BRNMAEHoBgD4AOD+HuD/AOD+BgD4AEHo5hNMADFEBAUdAEUmOKYuAEUmBAUdADFEEBNMARmmD///
[ShotData] AXq2CRNMATNMAZu+D///AT3XAXRcHRNMAbiVBf//AXeNBRNMAMPYBgD4AKD9HuD/AKD9BgD4AMPY
[ShotData] 5hNMAG00BAUdACUdAGUmNqYuAGUmACUdBAUdAG00DhNMAXeNE///AdmdBxNMAXq2E///AT3fHRNM
[ShotData] AV3nA///AZ7vATNMBRNMAEbBBgD4AAD8HuD/AAD8BgD4AEbB5hNMAMksBQUdAEUdAGUmNKYuAGUm
[ShotData] AEUdBQUdAMksDhNMAXeNE///AdmdBxNMAXq2E///AT3fHRNMAV3nA///AZ7vATNMBRNMAAqiBgD4
[ShotData] AOD5HuD/AOD5BgD4AAqi5hNMBwUdAEUdAGUmMqYuAGUmAEUdBwUdDhNMAX7nBf//AfzOAZiNAXeN
[ShotData] AdzGBf//Ab73ATRUAxNMAbVkB///ARmmAfZ0AdZsAdidAb73Bf//AXeNGRNMATeFBf//AdmdBxNM
[ShotData] AA57BwD4AKD+HOD/AKD+BwD4AA575RNMAE88CAUdACUdAEUmMKYuAEUmACUdCAUdAE88DRNMAX7n
[ShotData] Bf//AfzOAZiNAXeNAdzGBf//Ab73ATRUAxNMAbVkB///ARmmAfZ0AdZsAdidAb73Bf//AXeNGRNM
[ShotData] ATeFBf//AdmdCBNMACDwBgD4AID7HOD/AID7BgD4ACDw5hNMAKssCgUdAAUmLqYuAAUmCgUdAKss
[ShotData] CxNMAdVsBf//AR3XATNMBRNMAdzOBf//ARZ9AxNMAdidBf//AdmdBxNMARZ9Bf//AZu+GRNMARzX
[ShotData] A///Ad/3AVRUCBNMAGa5BwD4AOD+GuD/AOD+BwD4AGa55hNMAOckCwUdAKUdLKYuAKUdCwUdAOck
[ShotData] CxNMAdVsBf//AR3XATNMBRNMAdzOBf//ARZ9AxNMAdidBf//AdmdBxNMARZ9Bf//AZu+GRNMARzX
[ShotData] A///Ad/3AVRUCBNMAM2CBwD4AMD6GuD/AMD6BwD4AM2C5RNMADFEDQUdAEUdAEUmKKYuAEUmAEUd
[ShotData] DQUdADFEChNMAXiNBf//AbiVBxNMAXeFBf//AdidAxNMAVquBf//AZVkCRNMAd/3A///AR3XFxNM
[ShotData] AdZsBf//ATquCxNMAKPgBwD4AMD8GOD/AMD8BwD4AKPg5hNMAI00DwUdAMUdAIYmJKYuAIYmAMUd
[ShotData] DwUdAI00ChNMAXiNBf//AbiVBxNMAXeFBf//AdidAxNMAVquBf//AZVkCRNMAd/3A///AR3XFxNM
[ShotData] AdZsBf//ATquCxNMAGuSCAD4AKD9FuD/AKD9CAD4AGuS5hNMAMkkEAUdACUdAOUlIqYuAOUlACUd
[ShotData] EAUdAMkkChNMAdidBf//ATd9BxNMAdVsBf//ARmmAxNMAXq2Bf//AXRcCRNMAb/3A///AT3fAxNM
[ShotData] Ad/3A///Ad/3CxNMAZu+Bf//AZRcDBNMAMPYCAD4AKD9FOD/AKD9CAD4AMPYlBNMUlV9EgUdACkt
[ShotData] AHR1AA1WAIc2HKYuAIc2AA1WAHR1ACktEgUdClV9AXq2Bf//ARimB1V9AdeVBf//Abq+A1V9AfvO
[ShotData] Bf//AZaNCVV9Ad/3A///AX3nA1V9Ad/3Bf//C1V9ARzXBf//AbaNDFV9AK+jCQD4AMD8EuD/AMD8
[ShotData] CQD4AK+j5lV9AFBdEgUdAC1NAlV9AM9dAEpGGKYuAEpGAM9dAlV9AC1NEgUdAFBdCVV9AZq2Bf//
[ShotData] AfidB1V9AbeNBf//AdvGA1V9AbvGBf//AVmuB1V9AdeVBf//AV3fA1V9Ad/3Bf//CVV9AbaNBf//
[ShotData] ARzXD1V9ACnKCQD4AMD6AOD+DuD/AOD+AMD6CQD4ACnK51V9ACxFEgUdAFJlBFV9AHR1AO9dAEtG
[ShotData] AIc2EKYuAIc2AEtGAO9dAHR1BFV9AFJlEgUdACxFCVV9AZq2Bf//AfidB1V9AbeNBf//AdvGA1V9
[ShotData] AbvGBf//AVmuB1V9AdeVBf//AV3fA1V9Ad/3Bf//CVV9AbaNBf//ARzXEFV9AAThCgD4AID7AKD+
[ShotData] CuD/AKD+AID7CgD4AATh6FV9AAclEQUdAAclCVV9AJNtANBdAA1WAEtGAGk+AIg2AKcuAqYuAKcu
[ShotData] AIg2AGk+AEtGAA1WANBdAJNtCVV9AAclEQUdAAclCVV9AZq2Bf//AfidB1V9AbeNBf//AdvGA1V9
[ShotData] ATimBf//Ad/3AVmuAZaFAXaFARimAZ7vBf//AbvGA1V9Ad/3Bf//CVV9AdvGBf//AdeVEFV9AHKU
[ShotData] AGHwCwD4AOD5AAD8AKD9AOD+AuD/AOD+AKD9AAD8AOD5CwD4AGHwAHKU51V9AFJtEgUdACs9JFV9
[ShotData] ACs9EgUdAFJtCFV9AZq2Bf//AfidB1V9AbeNBf//AdvGA1V9ATimBf//Ad/3AVmuAZaFAXaFARim
[ShotData] AZ7vBf//AbvGA1V9Ad/3Bf//CVV9AdvGBf//AdeVEVV9ABCcACH4IAD4ACH4ABCc6FV9AC5NEgUd
[ShotData] AFBdJFV9AFBdEgUdAC5NCFV9AZq2Bf//AfidB1V9AbeNBf//AdvGA1V9AXV9AZ7vFf//AfeVA1V9
[ShotData] Ad/3Bf//B1V9AXaFAd/3A///AV3fA1V9AbeNBf//Abq+BlV9ABCcAGHwHgD4AGHwABCc6VV9ACk1
[ShotData] EgUdAFR1JFV9AFR1EgUdACk1CFV9AZq2Bf//AfidB1V9AbeNBf//AdvGA1V9AXV9AZ7vFf//AfeV
[ShotData] A1V9Ad/3Bf//B1V9AXaFAd/3A///AV3fA1V9AbeNBf//Abq+B1V9AHKUAAThHAD4AAThAHKU6VV9
[ShotData] AFR1EgUdACk1JlV9ACk1EgUdAFR1B1V9AZq2Bf//AfidB1V9AbeNBf//AdvGBVV9AdeVAd/3Ef//
[ShotData] AV3nBVV9AXZ9A3aFAXZ9B1V9AZq2Bf//ARimA1V9AbeNBf//AdvGCVV9ACnKGgD4ACnK61V9ADBd
[ShotData] EgUdAC5NJlV9AC5NEgUdADBdB1V9AZq2Bf//AfidB1V9AbeNBf//AdvGBVV9AdeVAd/3Ef//AV3n
[ShotData] BVV9AXZ9A3aFAXZ9B1V9AZq2Bf//ARimA1V9AbeNBf//AdvGClV9AK+jAAThFgD4AAThAK+j7FV9
[ShotData] ACs9EgUdAFJtJlV9AFJtEgUdACs9B1V9AZq2Bf//AfidB1V9AbeNBf//AdvGB1V9AbaNAfvOAd/3
[ShotData] A///Ab7vB///AfidE1V9AXV9Ab7vA///AZ7vBVV9AbeNBf//AdvGDFV9AC2zAOPoEgD4AOPoAC2z
[ShotData] 7lV9AAYlEQUdAAclKFV9AAclEQUdAAYlB1V9AZq2Bf//AfidB1V9AbeNBf//AdvGB1V9AbaNAfvO
[ShotData] Ad/3A///Ab7vB///AfidE1V9AXV9Ab7vA///AZ7vBVV9AbeNBf//AdvGDlV9AK+jAKr6AEH4DAD4
[ShotData] ACH4AOfRAK+j71V9AFJlEgUdACxFKFV9ACxFEgUdAFJlBlV9AZq2Bf//AfidB1V9AbeNBf//AbvG
[ShotData] DVV9A3aFAXq2Bf//ARzXFVV9AVmuBf//AVmuBVV9AbeNBf//AdvGD1V9Ab7vAPf9ADD8AKr6AIb5
[ShotData] AKL4AgD4AGHwAAThAMfRAMu6APCb8lV9AC1NEgUdAFBdKFV9AFBdEgUdAC1NBlV9AZq2Bf//Afid
[ShotData] B1V9AbeNBf//AbvGDVV9A3aFAXq2Bf//ARzXFVV9AVmuBf//AVmuBVV9AbeNBf//AdvGD1V9Ab7v
[ShotData] A///AX3n+VV9ACgtEgUdKlV9EgUdACgtBlV9AXq2Bf//ARimB1V9AdeVBf//Abq+D1V9AXaFAd/3
[ShotData] Bf//AbeNFVV9AX3nBf//ARimBRieAVmuBf//ARzXARieAZaFC1V9Ab7vA///AX3n+FV9AFR1EgUd
[ShotData] ACo1KlV9ACo1EgUdAFR1BVV9AXq2Bf//ARimB1V9AdeVBf//Abq+D1V9AXaFAd/3Bf//AbeNFVV9
[ShotData] AX3nBf//ARimBRieAVmuBf//ARzXARieAZaFC1V9Ab7vA///AX3n+FV9AC9VEgUdAC5VKlV9AC5V
[ShotData] EgUdAC9VBVV9AVmuBf//AXm2B1V9ATmmBf//AXm2D1V9AbvGBf//AdvGF1V9Ad/3Gf//ARimC1V9
[ShotData] Ab7vA///AX3n+FV9ACo9EgUdAFNtKlV9AFNtEgUdACo9BVV9AVmuBf//AXm2B1V9ATmmBf//AXm2
[ShotData] D1V9AbvGBf//AdvGF1V9Ad/3Gf//ARimC1V9Ab7vA///AX3n+FV9AAYdEQUdACgtLFV9ACgtEQUd
[ShotData] AAYdBVV9AdeVBf//AV3fB1V9ARzXBf//AfidDVV9AbaNBf//Ad/3AXaFCVV9AXZ9A3aFAXZ9BVV9
[ShotData] Ad/3Gf//ARimC1V9Ab7vA///AX3n91V9AFFlEgUdACxFLFV9ACxFEgUdAFFlBFV9AdeVBf//AV3f
[ShotData] B1V9ARzXBf//AfidDVV9AbaNBf//Ad/3AXaFCVV9AXZ9A3aFAXZ9BVV9Ad/3Gf//ARimC1V9Ab7v
[ShotData] A///AX3n91V9ACxFEgUdAFFlLFV9AFFlEgUdACxFBlV9AZ7vBf//ATzfAzmmARzXBf//Ab73AXV9
[ShotData] DVV9ARzPBf//AXm2C1V9Ad/3Bf//BVV9Ad/3Gf//ARimC1V9Ab7vA///AX3n91V9ACgtEQUdAAYd
[ShotData] LlV9AAYdEQUdACgtBlV9AZ7vBf//ATzfAzmmARzXBf//Ab73AXV9DVV9ARzPBf//AXm2C1V9Ad/3
[ShotData] Bf//BVV9Ad/3Gf//ARimC1V9Ab7vA///AX3n9lV9AFNtEgUdACo9LlV9ACo9EgUdAFNtBVV9ATmu
[ShotData] E///AXm2DVV9AdeVBf//AZ7nDVV9Ad/3Bf//FVV9AbeNBf//AdvGD1V9Ab7vA///AX3n9lV9AC5V
[ShotData] EgUdAC9VLlV9AC9VEgUdAC5VBVV9ATmuE///AXm2DVV9AdeVBf//AZ7nDVV9Ad/3Bf//FVV9AbeN
[ShotData] Bf//AdvGD1V9Ab7vA///AX3n9lV9ACo1EgUdAFN1LlV9AFN1EgUdACo1B1V9Abq+D///AdvGD1V9
[ShotData] AV3fBf//ARieDVV9Ad/3Bf//FVV9AbeNBf//AdvGD1V9Ab7vA///AX3n9lV9EgUdACgtMFV9ACgt
[ShotData] EgUdB1V9Abq+D///AdvGD1V9AV3fBf//ARieDVV9Ad/3Bf//FVV9AbeNBf//AdvGD1V9Ab7vA///
[ShotData] AX3n9VV9AFFdEgUdAC1NMFV9AC1NEgUdAFFdCFV9AfedARzPAb7vA///Ab7vARzXAfidD1V9ARie
[ShotData] Bf//ATzXD1V9Ad/3Bf//FVV9AbeNBf//AdvGD1V9Ab7vA///AX3n9VV9ACxFEgUdAFFlMFV9AFFl
[ShotData] EgUdACxFCFV9AfedARzPAb7vA///Ab7vARzXAfidD1V9ARieBf//ATzXD1V9Ad/3Bf//FVV9AbeN
[ShotData] Bf//AdvGD1V9Ab7vA///AX3n9VV9AAclEQUdAAYlMlV9AAYlEQUdAAcl/1V9d1V9AFNtEgUdACs9
[ShotData] MlV9ACs9EgUdAFNt/1V9dlV9AC5NEgUdAC9dMlV9AC9dEgUdAC5N/1V9dlV9ACk1EgUdAFR1MlV9
[ShotData] AFR1EgUdACk1/1V9dVV9AFV1EgUdACk1NFV9ACk1EgUdAFV1/1V9K1V9/wAA/wAA/wAA/wAA/wAA
[ShotData] /wAA/wAA/wAA/wAA/wAA/wAA/wAA/wAA/wAA/wAA/wAA/wAA/wAA/wAA/wAA/wAA/wAA/wAA/wAA
[ShotData] /wAA/wAA/wAA/wAA/wAA/wAA/wAA/wAA/wAA/wAA/wAA/wAA/wAA/wAA/wAA/wAA/wAA/wAA/wAA
[ShotData] /wAA/wAA/wAA/wAA/wAA/wAA/wAA/wAA/wAA/wAA/wAA/wAA/wAA/wAA/wAA/wAA/wAA/wAA/wAA
[ShotData] /wAA/wAA/wAA/wAA/wAA/wAA/wAA/wAA/wAA/wAA/wAA/wAA/wAA/wAA/wAA/wAA/wAA/wAA/wAA
[ShotData] /wAA/wAA/wAA/wAA/wAA/wAA/wAA/wAA/wAA/wAA/wAA/wAA/wAA/wAA/wAA/wAA/wAA/wAA/wAA
[ShotData] /wAA/wAA/wAA/wAA/wAA/wAA/wAA/wAA/wAA/wAA/wAA/wAA/wAA/wAA/wAA/wAA/wAA/wAA/wAA
[ShotData] /wAA/wAA/wAA/wAA/wAA/wAA/wAA/wAA/wAA/wAA/wAA/wAA/wAA/wAA/wAA/wAA/wAA/wAA/wAA
[ShotData] /wAA/wAA/wAA/wAA/wAA/wAA/wAA/wAA/wAA/wAA/wAA/wAA/wAA/wAA/wAA/wAA/wAA/wAA/wAA
[ShotData] /wAA/wAA/wAA/wAA/wAA/wAA/wAA/wAA/wAA/wAA/wAA/wAA/wAA/wAA/wAA/wAA/wAA/wAA/wAA
[ShotData] /wAA/wAA/wAA/wAA/wAA/wAA/wAA/wAA/wAA/wAA/wAA/wAA/wAA/wAA/wAA/wAA/wAA/wAA/wAA
[ShotData] /wAA/wAA/wAA/wAA/wAA/wAA/wAA/wAA/wAA/wAA/wAA/wAA/wAA/wAA/wAA/wAA/wAA/wAA/wAA
[ShotData] /wAA/wAA/wAA/wAA/wAA/wAA/wAA/wAA/wAA/wAA/wAA/wAA/wAA/wAA/wAA/wAA/wAA/wAA/wAA
[ShotData] /wAA/wAA/wAA/wAA/wAA/wAA/wAA/wAA/wAA/wAA/wAA/wAA/wAA/wAA/wAA/wAA/wAA/wAA/wAA
[ShotData] /wAA/wAA/wAA/wAA/wAA/wAA/wAA/wAA/wAA/wAA/wAA/wAA/wAA/wAA/wAA/wAA/wAA/wAA/wAA
[ShotData] /wAA/wAA/wAA/wAA/wAA/wAA/wAA/wAA/wAA/wAA/wAA/wAA/wAA/wAA/wAA/wAA/wAA/wAA/wAA
[ShotData] /wAA/wAA/wAA/wAA/wAA/wAA/wAA/wAA/wAA/wAA/wAA/wAA/wAA/wAA/wAA/wAA/wAA/wAA/wAA
[ShotData] /wAA/wAA/wAA/wAA/wAA/wAA/wAA/wAA/wAA/wAA/wAA/wAA/wAA/wAA/wAA/wAA/wAA/wAA/wAA
[ShotData] /wAA/wAA/wAA/wAA/wAA/wAA/wAA/wAA/wAA/wAA/wAA/wAA/wAA/wAA/wAA/wAA/wAA/wAA/wAA
[ShotData] /wAA/wAA/wAA/wAA/wAA/wAA/wAA/wAA/wAA/wAA/wAA/wAA/wAA/wAA/wAA/wAA/wAA/wAA/wAA
[ShotData] /wAA/wAA/wAA/wAAIQAAAAcJAA4SANMaAHcjAPsrAF0sAZ80AF0sAPsrAHcjANMaAA4SAAcJ/wAA
[ShotData] wQAAAGMAAO0RAFYjD580AFYjAO0RAGMA/wAAuwAAAGkJADUjFZ80ADUjAGkJ/wAAtwAAAIsRALkj
[ShotData] GZ80ALkjAIsR/wAAswAAAAcJAHcjHZ80AHcjAAcJ/wAAsAAAAJEaIZ80AJEa/wAArQAAAOYIALkj
[ShotData] I580ALkjAOYI/wAAqgAAAIsRJ580AIsR/wAAqAAAAA4SKZ80AA4S3AAA
[ShotEnd] backdrop-transition bytes=9618
[Shot] backdrop-transition-colour 468 468
[ShotData] /28a/28a/28a/28a/28a/28a/28a/28a/28a/28a/28a/28a/28a/28a/28a/28a/28a/28a/28a
[ShotData] /28a/28a/28a/28a/28a/28a/28a/28a/28a/28a/28a/28a/28a/28a/28a/28a/28a/28a/28a
[ShotData] /28a/28a/28a/28a/28a/28a/28a/28a/28a/28a/28a/28a/28a/28a/28a/28a/28a/28a/28a
[ShotData] /28a/28a/28a/28a/28a/28a/28a/28a/28a/28a/28a/28a/28a/28a/28a/28a/28a/28a/28a
[ShotData] /28a/28a/28a/28a/28a/28a/28a/28a/28a/28a/28a/28a/28a/28a/28a/28a/28a/28a/28a
[ShotData] /28a/28a/28a/28a/28a/28a/28a/28a/28a/28a/28a/28a/28a/28a/28a/28a/28a/28a/28a
[ShotData] /28a/28a/28a/28a/28a/28a/28a/28a/28a/28a/28a/28a/28a/28a/28a/28a/28a/28a/28a
[ShotData] /28a/28a/28a/28aG28a/zEr/zEr/zEr/zEr/zEr/zEr/zEr/zEr/zEr/zEr/zEr/zEr/zEr/zEr
[ShotData] /zEr/zEr/zEr/zEr/zEr/zEr/zEr/zEr/zEr/zEr/zEr/zEr/zEr/zEr/zEr/zEr/zEr/zEr/zEr
[ShotData] /zEr/zEr/zEr/zEr/zEr/zEr/zEr/zEr/zEr/zEr/zEr/zEr/zEr/zEr/zEr/zEr/zEr/zEr/zEr
[ShotData] /zEr/zErTjErALBDAE5sAO2MAGutAMrFACneAGnuAKj2Asj+AKj2AGnuACneAMrFAGutAO2MAE5s
[ShotData] ALBD/zErvDErANBLAM2EAKu9AGnuEsj+AGnuAKu9AM2EANBL/zErtTErAM9TAAyVACneGsj+ACne
[ShotData] AAyVAM9T/zErsDErAI18AOrNIMj+AOrNAI18/zErqzErAFEzAO2MAGnuJMj+AGnuAO2MAFEz/zEr
[ShotData] pzErAO2MAIj2KMj+AIj2AO2M/zErpDErAG50AEnmLMj+AEnmAG50/zEroDErALBDAKu9MMj+AKu9
[ShotData] ALBD/zErnTErAI18AKj2Msj+AKj2AI18/zErmzErAEytNsj+AEyt/zErmDErALBDAArOOMj+AArO
[ShotData] ALBD/zErlTErAA9cAGnuOsj+AGnuAA9c/zErkzErAE5sPsj+AE5s/zErkTErAG50QMj+AG50/zEr
[ShotData] jzErAE5sQsj+AE5s/zErjTErAA9cRMj+AA9c/zErizErALBDAGnuRMj+AGnuALBDzjErAK0bAKgc
[ShotData] AOUcAgUdAOUcAKgcAK0bsjErAArORsj+AArOzTErAKccCAUdAKccsDErAEytSMj+AEytyjErAG8j
[ShotData] AOUcCgUdAOUcAG8jrTErAI18Ssj+AI18yTErAOUcDAUdAOUcrDErALBDAKj2Ssj+AKj2ALBDxzEr
[ShotData] AKccDgUdAKccqzErAKu9TMj+AKu9xjErAK0bEAUdAK0bqTErAG50Tsj+AG50xTErAKgcEAUdAKgc
[ShotData] qTErAEnmTsj+AEnmxTErAOUcEQUdqDErAO2MUMj+AO2MwzErAHAjEgUdAHAjpjErAFEzAIj2UMj+
[ShotData] AIj2AFEzwjErAOwjEgUdAOwjpjErAO2MUsj+AO2MwjErAGkcEgUdAGkcpjErAGnuUsj+AGnuwjEr
[ShotData] AOUcEgUdAOUcpTErAI18VMj+AI18wDErAK4jFAUdAK4jpDErAOrNVMj+AOrNwDErACocFAUdACoc
[ShotData] ozErAM9TVsj+AM9TvzErAMccFAUdAMccozErAAyVVsj+AAyVvjErAG8jFgUdAG8jojErACneVsj+
[ShotData] ACnevjErAOwjFgUdAOwjoTErANBLWMj+ANBLvTErAIgcFgUdAIgcoTErAM2EWMj+AM2EvTErGAUd
[ShotData] oTErAKu9WMj+AKu9vDErAM0jGAUdAM0joDErAGnuWMj+AGnuvDErAEocGAUdAEocnzErALBDWsj+
[ShotData] ALBDuzErAMYcGAUdAMYcnzErAE5sWsj+AE5sujErAI8jGgUdAI8jnjErAO2MWsj+AO2MujErAAsk
[ShotData] GgUdAAsknjErAGutWsj+AGutujErAIgcGgUdAIgcnjErAMrFWsj+AMrFuTErAFArHAUdAFArnTEr
[ShotData] ACneWsj+ACneuTErAM0jHAUdAM0jnTErAGnuWsj+AGnuuTErAEkcHAUdAEkcnTErAKj2Wsj+AKj2
[ShotData] uTErAOYcHAUdAOYcnTErXMj+UDErZxNMAFA8HgUdAFA8nBNMXMj+uBNMAIw0HgUdAIw0nBNMXMj+
[ShotData] uBNMAMgkBgUdAEUdAKUdAOUlACUmAGUmAIYmBKYuAIYmAGUmACUmAOUlAKUdAEUdBgUdAMgknBNM
[ShotData] AKj2Wsj+AKj2txNMADJEAwUdAEUdAKUdACUmAIYmEKYuAIYmACUmAKUdAEUdAwUdADJEmxNMAInu
[ShotData] Wsj+AInutxNMAG40AQUdAKUdAEUmGKYuAEUmAKUdAQUdAG40mxNMAEreWsj+AEretxNMAOksAOUl
[ShotData] AIYmHKYuAIYmAOUlAOksmxNMAAvOWsj+AAvOtRNMADJMAGw9IqYuAGw9ADJMmRNMAMy9Wsj+AMy9
[ShotData] tBNMAC49AIcuJKYuAIcuAC49mBNMAG6dWsj+AG6dshNMAJFEAOk1KKYuAOk1AJFElhNMAPCEWsj+
[ShotData] APCEsRNMAC49LKYuAC49lRNMAHJkWsj+AHJksBNMAIs1LqYuAIs1lRNMAInuWMj+AInurxNMADJM
[ShotData] AOo1MKYuAOo1ADJMkxNMAOvFWMj+AOvFrhNMAFJEACk2MqYuACk2AFJEkhNMAE6dWMj+AE6drRNM
[ShotData] AFJEACguNKYuACguAFJEkRNMAJFkWMj+AJFkrBNMADJMACk2NqYuACk2ADJMkRNMAEreVsj+AEre
[ShotData] rRNMAOo1OKYuAOo1kRNMAI2lVsj+AI2lrBNMAIs1OqYuAIs1kBNMAJFsVsj+AJFsqxNMAC49PKYu
[ShotData] AC49kBNMACvWVMj+ACvWqxNMAJFEPqYuAJFEjxNMAC+VVMj+AC+VqxNMAOk1PqYuAOk1kBNMAInu
[ShotData] Usj+AInuqxNMAC49QKYuAC49jxNMAG6lUsj+AG6lqhNMADJMAIcuQKYuAIcuADJMjhNMADNUAKn2
[ShotData] UMj+AKn2ADNUqhNMAGw9QqYuAGw9jxNMAG6dUMj+AG6dqhNMAFJERKYuAFJEjxNMAGnmTsj+AGnm
[ShotData] qxNMAGw9RKYuAGw9jxNMAA+NTsj+AA+NqxNMAIcuRKYuAIcukBNMAOvFTMj+AOvFqxNMAA49RqYu
[ShotData] AA49jxNMAHJkAKj2Ssj+AKj2AHJkqxNMAOk1RqYuAOk1kBNMAC+VSsj+AC+VqxNMAFJESKYuAFJE
[ShotData] kBNMAKy1SMj+AKy1rBNMAC49SKYuAC49kRNMACrWRsj+ACrWrRNMAMo1SKYuAMo1kRNMAHFkAInu
[ShotData] RMj+AInuAHFkrRNMAIcuSKYuAIcukhNMANB0RMj+ANB0rRNMAJFESqYuAJFEkhNMAPCEQsj+APCE
[ShotData] rhNMAA49SqYuAA49kxNMAA+FQMj+AA+FrxNMAGw9SqYuAGw9lBNMAPCEPsj+APCEsBNMAMo1SqYu
[ShotData] AMo1lRNMANB0AInuOsj+AInuANB0sRNMACk2SqYuACk2lhNMAHFkACrWOMj+ACrWAHFkYBNM/8kY
[ShotData] /8kY/8kY/8kY/8kY/8kY/8kY/8kY/8kY/8kY/8kY/8kY/8kY/8kY/8kY/8kY/8kY/8kY/8kY/8kY
[ShotData] /8kY/8kY/8kY/8kY/8kY/8kY/8kY/8kY/8kY/8kY/8kY/8kY/8kY/8kY/8kY/8kY/8kY/8kY/8kY
[ShotData] /8kY/8kY/8kY/8kY/8kY/8kY/8kY/8kY/8kY/8kY/8kY/8kY/8kY/8kY/8kY/8kY/8kY/8kY/8kY
[ShotData] /8kY/8kY/8kY/8kY/8kY/8kY/8kY/8kY/8kY/8kY/8kY/8kY/8kY/8kY/8kY/8kY/8kY/8kY/8kY
[ShotData] /8kY/8kY/8kY/8kY/8kY/8kY/8kY/8kY/8kY/8kY/8kY/8kY/8kY/8kY/8kY/8kY/8kY/8kY/8kY
[ShotData] /8kY/8kY/8kY/8kY/8kY/8kY/8kY/8kY/8kY/8kY/8kY/8kY/8kY/8kY/8kY/8kY/8kY/8kY/8kY
[ShotData] /8kY/8kY/8kY/8kY/8kY/8kY/8kY/8kY/8kY/8kY/8kY/8kY/8kY/8kY/8kY/8kY/8kY/8kY/8kY
[ShotData] /8kY/8kY/8kY/8kY/8kY/8kY/8kY/8kY/8kY/8kY/8kY/8kY/8kY/8kY/8kY/8kY/8kY/8kY/8kY
[ShotData] /8kY/8kY/8kY/8kY/8kY/8kY/8kY/8kY/8kY/8kY/8kY/8kY/8kY/8kY/8kY/8kY/8kY/8kY/8kY
[ShotData] /8kY/8kY/8kY/8kY/8kY/8kY/8kY/8kY/8kY/8kY/8kY/8kY/8kY/8kY/8kY/8kY/8kY/8kY/8kY
[ShotData] /8kY/8kY/8kY/8kY/8kY/8kY/8kY/8kY/8kY/8kY/8kY/8kY/8kY/8kY/8kY/8kY/8kY/8kY/8kY
[ShotData] /8kY/8kY/8kY/8kY/8kY/8kY/8kY/8kY/8kY/8kY/8kY/8kY/8kY/8kY/8kY/8kY/8kY/8kY/8kY
[ShotData] /8kY/8kY/8kY/8kY/8kY/8kY/8kY/8kY/8kY/8kY/8kY/8kY/8kY/8kY/8kY/8kY/8kY/8kY/8kY
[ShotData] /8kY/8kY/8kY/8kY/8kY/8kY/8kY/8kY/8kY/8kY/8kY/8kY/8kY/8kY/8kY/8kY/8kY/8kY/8kY
[ShotData] /8kY/8kY/8kY/8kY/8kY/8kY/8kY/8kY/8kY/8kY/8kY/8kY/8kY/8kY/8kY/8kY/8kY/8kY/8kY
[ShotData] /8kY/8kY/8kY/8kY/8kY/8kY/8kY/8kY/8kY/8kY/8kY/8kY/8kY/8kY/8kY/8kY/8kY/8kY/8kY
[ShotData] /8kY/8kY/8kY/8kY/8kY/8kY/8kY/8kY/8kY/8kY/8kY/8kY/8kY/8kY/8kY/8kY/8kY/8kY/8kY
[ShotData] /8kY/8kY/8kY/8kY/8kY/8kY/8kY/8kY/8kY/8kY/8kY/8kY/8kY/8kY/8kY/8kY/8kY/8kY/8kY
[ShotData] /8kY/8kY/8kY/8kY/8kY/8kY/8kY/8kY/8kY/8kY/8kY/8kY/8kY/8kY/8kY/8kY/8kY/8kY/8kY
[ShotData] /8kY/8kY/8kY/8kY/8kY/8kY/8kYwckYAK4ZAHMiABcjAJorABwsAF4sAZ80AF4sABwsAJorABcj
[ShotData] AHMiAK4Z/8kYwckYACsZAHIiAHkrD580AHkrAHIiACsZ/8kYu8kYAPAZAFgrFZ80AFgrAPAZ/8kY
[ShotData] t8kYABEiANsrGZ80ANsrABEi/8kYs8kYAK4ZAJorHZ80AJorAK4Z/8kYsMkYANUiIZ80ANUi/8kY
[ShotData] rckYAI0ZANsrI580ANsrAI0Z/8kYqskYABEiJ580ABEi/8kYqMkYAHMiKZ80AHMi/8kYpskYAJMi
[ShotData] K580AJMi/8kYpMkYAHMiLZ80AHMi/8kYoskYABEiL580ABEi/8kYoMkYAI0ZMZ80AI0Z/8kYn8kY
[ShotData] ANsrMZ80ANsr/8kYnskYANUiM580ANUi/8kYnMkYAK4ZEp80AN99AJ7vC773AJ7vAN99Ep80AK4Z
[ShotData] /8kYm8kYAJorEp80AJ7vDb73AJ7vEp80AJor/8kYmskYABEiE580AJ7vDb73AJ7vE580ABEifMkY
[ShotData] ACohAHFrAPN7AE5K/8kYGMkYANsrE580AN99AJ7vC773AJ7vAN99E580ANsre8kYAOw5ABznAr73
[ShotData] AJWUDMkYAK9SAXetAPac/8kYBckYAPAZGp80A773CJ80AN99AZ7vAN99DZ80APAZNckYAGspAhzn
[ShotData] AG5KP8kYANm9ABznAA1CAOkYAJSUAL73AG5KC8kYAPBaAb73AJvWVskYAC1CAJSUAM9aq8kYAFgr
[ShotData] Gp80A773B580AN99Ar73AJ7vDZ80AFgrFskYAAohDckYAEspAOkYDckYAAohAr73AA1CP8kYAD3n
[ShotData] AJWUAckYACohAL73APN7C8kYAG5KAb73AFrOUMkYAEspAC1CADBjAFSMALi1AD3nAb73AF3vAIsx
[ShotData] qckYACsZGJ80AJ9tAF+mAP/GA773AP/GAF+mAJ9tA580AN99A773AJ7vDp80ACsZFckYAPzeAH7v
[ShotData] AD3nCRznAB3nAH3vAL73AFrOAKwxDckYAH7vAb73AIsxLckYANWcAHvOABnGDdi9ANm9AJ73AHrO
[ShotData] AAohAMkYADBjAL73ABBjC8kYAG5KAb73ADrGR8kYAM9aA5i1ALi1AFrOAPzeAJ73CL73ANWcqckY
[ShotData] AHIiFp80AD+WAF/fCb73AF/fAD+WAJ80AN99BL73AN99Dp80AHIiFckYAPzeD773ANWcDckYABzn
[ShotData] Ab73AEspLckYAFetEr73AD3nAJvWAL73APm9A8kYAOkYACohBskYAG5KAb73ADrGBckYAAohAMw5
[ShotData] P8kYAC1CC773AB3nAPm9AFSMAK9SACohqskYAHkrFJ80AD9VAF/fDb73AF/fBL73AN99D580AHkr
[ShotData] FckYAPzeAH7vABznCfzeAF3vAb73AJ73AGspDckYABznAb73AEspLckYAFetEr73AFrOADelALJz
[ShotData] AOkYA8kYAG5KAb73AH7vBH3vAH7vAr73BH3vAH7vAb73AFetAEspEMkYACohAcw5AEopKckYAJvW
[ShotData] ANzeAJvWAFrOABnGALi1ADelAJWUAJ73AL73AF3vAEspr8kYFJ80AN99FL73AN99EZ80FckYAOkY
[ShotData] C8kYAFrOAb73APacDskYABznAb73AEspG8kYAC1CEMkYAKwxAOw5DqwxAJ73Ab73AK9SBskYAA1C
[ShotData] FL73AM9aEMkYADBjAb73APN7FckYAC1CGskYAH3vAL73AF3vr8kYAK4ZE580AN99Bb73AL++AN99
[ShotData] AP9MAZ80AP9MAN99AL++Br73AN99Ep80AK4ZIMkYAC1CAr73AMw5DskYABznAb73AEspGckYAPN7
[ShotData] ABznAL73AOw5BMkYAAohAFFrACohF8kYAA1CAb73AJ73AAohBskYAO05Ab73APzeDVetAPm9Ar73
[ShotData] ACohEMkYAG5KAb73ALJzE8kYAPN7ABznAL73AOw5BMkYAAohAFFrACohEckYAH3vAL73AF3vr8kY
[ShotData] AHMiEp80AD9VBL73AP/GAP9MB580AP9MAP/GBL73AD9VEp80AHMiIMkYANi9Ab73ADelD8kYABzn
[ShotData] Ab73AM9aE8kYAI5SABalANJ7AskYAHFrAb73ALWUBMkYAG5KAL73AJ73AHetFskYALJzAb73ABnG
[ShotData] B8kYAO05Ab73AHetDckYAHFrAb73ANzeEckYAOw5Ab73ALJzDckYAI5SABalANJ7AskYAHFrAb73
[ShotData] ALWUBMkYAG5KAL73AJ73AHetEMkYAH3vAL73AF3vr8kYABcjEp80AF/fA773AP+NC580AP+NA773
[ShotData] AF/fEp80ABcjH8kYAK9SAb73AJ73AKwxD8kYABznAr73AD3nAPacAI9SD8kYAKwxAb73ABznAOkY
[ShotData] AckYAAohAF3vAL73AD3nAOkYA8kYALJzAb73AHetFskYAPm9Ab73ABOEB8kYAO05Ab73AHetDckY
[ShotData] AJWUAb73AHetB8kYAEspAGspACohBgohAOw5Ab73APN7AgohACohAIsxAAohBskYAKwxAb73ABzn
[ShotData] AOkYAckYAAohAF3vAL73AD3nAOkYA8kYALJzAb73AHetBckYAAohAOkYCMkYAH3vAL73AF3vCMkY
[ShotData] AOoYpckYAJorEZ80AD+WA773AP+NBJ80AP+NAb73AP+NBJ80AP+NA773AD+WEZ80AJorHskYAAoh
[ShotData] ANzeAb73AFSMEMkYABznBb73APzeAJWUAA1CDckYAHetAb73AFFrAskYABalAb73APBaA8kYAFet
[ShotData] Ab73AFFrFckYAGspAr73AKwxB8kYAO05Ab73AHetDckYAFrOAb73ANJ7B8kYABOEEb73AC1CB8kY
[ShotData] AHetAb73AFFrAskYABalAb73APBaA8kYAFetAb73AFFrBckYADelAL73AJ73B33vAr73Bn3vAH7v
[ShotData] AL73APm9pckYABwsEZ80AF/fAr73AP/GBZ80A773BZ80AP/GAr73AF/fEZ80ABwsHskYANWcAb73
[ShotData] ANzeAAohEMkYABznAb73AD3nBb73AFrOAJFzAAohCskYAI5SAb73ABnGAskYAK9SAb73AHetAskY
[ShotData] AOkYAF3vAb73AEspFckYAHSMAb73ADrGCMkYAO05Ab73AHetDMkYAEopAr73AMw5B8kYABOEEb73
[ShotData] AC1CB8kYAI5SAb73ABnGAskYAK9SAb73AHetAskYAOkYAF3vAb73AEspBckYADelFb73APm9pckY
[ShotData] AF4sEJ80AJ9tA773AP9MBZ80A773BZ80AP9MA773AJ9tEJ80AF4sHckYAFFrAr73AE5KEckYABzn
[ShotData] Ab73AGspAI5SAPacAF3vBL73AF3vALWUAKwxCckYALvWAb73AKwxAskYAD3nAL73ALvWAskYAM9a
[ShotData] Ab73ABnGFckYACohAF3vAb73AFFrCMkYAA1CAb73AHetDMkYALJzAb73ALvWCMkYAI5SADSEAPN7
[ShotData] BdJ7ANi9Ar73ALi1AtJ7APN7ADOEAGspCMkYALvWAb73AKwxAskYAD3nAL73ALvWAskYAM9aAb73
[ShotData] ABnGBskYADOEANm9B7i1ANi9Ab73AH7vB7i1ANi9ALWUpckYEZ80AF+mAr73AJ+uBp80A773Bp80
[ShotData] AL++Ar73AF+mEZ80HMkYAG5KAH7vAb73ADelEskYABznAb73AEspAckYAOoYAFFrAPm9BL73ABnG
[ShotData] CckYADOEAb73ADSEAskYAJFzAK9SA8kYANi9Ab73AFFrFckYANacAb73APzeAOkYCMkYAG5KAb73
[ShotData] ANi9DMkYAHrOAb73ABOEEMkYAO05AF3vAr73AFSMDskYADOEAb73ADSEAskYAJFzAK9SA8kYANi9
[ShotData] Ab73AFFrEMkYAMw5Ab73AFrOr8kYEZ80AP/GAr73AN99Bp80A773Bp80AN99Ar73AP/GEZ80G8kY
[ShotData] AG5KAH3vA773ALJzEckYABznAb73AEspBMkYAO05ABalAJ73Ab73ADBjCckYAKwxAL73AF3vADOE
[ShotData] B8kYAA1CAb73AF3vAAohFMkYAI9SAr73AJFzCckYAOkYAUspACohC8kYABBjAb73AJ73AGspD8kY
[ShotData] AKwxAPzeA773AHSMDskYAKwxAL73AF3vADOEB8kYAA1CAb73AF3vAAohEMkYABBjAb73AFetr8kY
[ShotData] AF4sEJ80A773AP9MBp80A773Bp80AP9MA773EJ80AF4sGskYAG5KAH3vAb73AH7vAr73AFSMEMkY
[ShotData] ABznAb73AEspBskYAGspALWUANzeAOkYCskYAK9SAOkYCMkYAPm9Ab73ABOEFMkYAA1CAF3vAb73
[ShotData] ABnGGckYACohANzeAb73ANWcD8kYAMw5APzeAb73ADSEAb73AJWUD8kYAK9SAOkYCMkYAPm9Ab73
[ShotData] ABOEEckYAPacAb73ANJ7r8kYABwsEJ80A773B580A773B580A773EJ80ABwsGckYAHFrAJ73Ab73
[ShotData] ADrGAGspANi9Ar73AHSMD8kYABznAb73AEspCMkYAOkYFckYALJzAb73ABznAAohE8kYAMw5AD3n
[ShotData] Ab73AF3vAMw5GckYANm9Ab73AF3vAGspDskYAG5KAD3nAb73APacAMkYAb73ALWUGckYALJzAb73
[ShotData] ABznAAohEMkYAAohAF3vAb73AOw5r8kYAJorEJ80A773B580AJ7vAb73AJ7vB580A773EJ80AJor
[ShotData] F8kYAOkYANWcAr73ABnGAAohAMkYAOkYALi1Ar73AHSMDskYABznAb73AEspHskYAI5SAH7vAb73
[ShotData] AO9aE8kYAO9aAD3nAb73AJ73AG5KGMkYAAohAHetAr73AFFrDskYAPN7AJ73Ab73APacAckYAb73
[ShotData] ANWcGMkYAI5SAH7vAb73AO9aEckYAPN7Ab73AFrOsMkYABcjEJ80A773AP9MBp80AN99AZ7vAN99
[ShotData] Bp80AP9MA773EJ80ABcjFskYAA1CAFrOAr73ALi1AAohAskYAOkYANi9Ar73ADOEDckYABznAb73
[ShotData] AEspHckYAE5KAH3vAb73ANacEskYAOoYALWUA773ABBjGMkYAKwxAFrOAr73ANWcDckYAGspANm9
[ShotData] Ar73AJWUAskYAJ73AL73APacF8kYAE5KAH3vAb73ANacEckYAMw5AH3vAb73ABBjsMkYAHMiEJ80
[ShotData] AP/GAr73AN99EZ80AN99Ar73AP/GEJ80AHMiFMkYAOkYAFSMAJ73Ar73AJWUBckYAAohABnGAr73
[ShotData] ALJzDMkYABznAb73AEspHMkYAHFrAH7vAb73ALi1AOkYEMkYAOkYALJzAPzeAr73AF3vAM9aF8kY
[ShotData] AAohADSEAJ73Ar73ABalDMkYAAohABOEAF3vAb73AJ73AHFrA8kYAJ73AL73ABalFskYAHFrAH7v
[ShotData] Ab73ALi1AOkYEMkYAGspALvWAb73ADrGsckYAK4ZEJ80AF+mAr73AL++EZ80AL++Ar73AF+mEJ80
[ShotData] AK4ZEskYAAohANJ7APzeAr73AF3vADBjB8kYACohAJvWAr73ABBjC8kYAB3nAb73AGspGskYAEsp
[ShotData] AFetAr73ADrGAAohD8kYAA1CAFSMAPzeA773AJvWAMw5FskYAA1CALWUAF3vA773ADOEDMkYAMw5
[ShotData] APzeAr73ANveAA1CBMkYAH7vAL73ADelFMkYAEspAFetAr73ADrGAAohEMkYAMw5ANveAb73AF3v
[ShotData] AKwxsskYEJ80AJ9tA773AP9MD580AP9MA773AJ9tEJ80EskYAC1CAD3nA773ANm9AIsxCckYAIsx
[ShotData] ABznAb73AH7vAO05CskYAF3vAb73AMw5GMkYAAohADOEAF3vAr73AJi1AAohDskYAEopALvWBL73
[ShotData] AH7vAFSMAAohFMkYAGspABalANzeBL73ALvWAG5KDskYADalAb73APacACohBckYAH7vAL73AFet
[ShotData] EskYAAohADOEAF3vAr73AJi1AAohD8kYAOkYANJ7AH7vAb73AJ73AK9Ss8kYAHkrEJ80AF/fAr73
[ShotData] AP/GD580AP/GAr73AF/fEJ80AHkrE8kYAJWUAb73APzeAHFrDMkYAG5KAJ73AL73ABalAOkYCskY
[ShotData] AJ73Ab73AE5KFskYAE5KAPacAF3vAr73AJ73AFSMEckYABBjAr73AJ73ADelAIsxF8kYAHSMA773
[ShotData] AD3nAPN7AOoYD8kYAOkYANacAE5KAskYAOkYANacABOEAJFzADOEAb73AHetEMkYAE5KAPacAF3v
[ShotData] Ar73AJ73AFSMEckYAHetAr73AF3vAK9StMkYAHIiEJ80AD+WA773AP+NDZ80AP+NA773AD+WEJ80
[ShotData] AHIiFMkYAHSMAPN7AOoYDskYANJ7ADSEC8kYAEopAr73AM9aFskYALJzA773AFrOAA1CE8kYAJFz
[ShotData] ALvWAPN7AGspGskYADalAL73ABnGAHFrAOoYGMkYAJ73BL73ALWUEMkYALJzA773AFrOAA1CEskY
[ShotData] AOkYAFSMAL73AFrOAMw5tckYACsZEZ80AF/fA773AP+NC580AP+NA773AF/fEZ80ACsZNckYAukY
[ShotData] GMkYANJ7AL73AFrOADBjNMkYAOkYAEspG8kYANzeA773ADrGAGspEckYANJ7AL73AFrOADBjFskY
[ShotData] AMw5uMkYAFgrEJ80AD9VBL73AP/GAP9MB580AP9MAP/GBL73AD9VEJ80AFgrU8kYAO05VskYAAoh
[ShotData] ACohAAohFMkYAO050skYAPAZEZ80AN99Bb73AL++AN99AP9MAZ80AP9MAN99AL++Bb73AN99EZ80
[ShotData] APAZ/8kYmMkYANsrEZ80AN99Eb73AN99EZ80ANsr/8kYmckYABEiEp80AD9VAF/fDb73AF/fAD9V
[ShotData] Ep80ABEi/8kYmskYAJorE580AD+WAF/fCb73AF/fAD+WE580AJor/8kYm8kYAK4ZFZ80AJ9tAF+m
[ShotData] AP/GA773AP/GAF+mAJ9tFZ80AK4Z/8kYnMkYANUiM580ANUi/8kYnskYANsrMZ80ANsr/8kYn8kY
[ShotData] AI0ZMZ80AI0Z/8kYoMkYABEiL580ABEi/8kYoskYAHMiLZ80AHMi/8kYpMkYAJMiK580AJMi/8kY
[ShotData] pskYAHMiKZ80AHMi/8kYqMkYABEiJ580ABEi/8kYqskYAI0ZANsrI580ANsrAI0Z/8kYrckYANUi
[ShotData] IZ80ANUi/8kYsMkYAK4ZAJorHZ80AJorAK4Z/8kYs8kYABEiANsrGZ80ANsrABEi/8kYt8kYAPAZ
[ShotData] AFgrFZ80AFgrAPAZ/8kYu8kYACsZAHIiAHkrD580AHkrAHIiACsZ/8kYwckYAK4ZAHMiABcjAJor
[ShotData] ABwsAF4sAZ80AF4sABwsAJorABcjAHMiAK4Z/8kY/8kY/8kY/8kY/8kY/8kY/8kY/8kY/8kY/8kY
[ShotData] /8kY/8kY/8kY/8kY/8kY/8kY/8kY/8kY/8kY/8kY/8kY/8kY/8kY/8kY/8kY/8kY/8kY/8kYt8kY
[ShotEnd] backdrop-transition-colour bytes=9348
[Shot] backdrop-info 468 468
[ShotData] /28a/28a/28a/28a/28a/28a/28a/28a/28a/28a/28a/28a/28a/28a/28a/28a/28a/28a/28a
[ShotData] /28a/28a/28a/28a/28a/28a/28a/28a/28a/28a/28a/28a/28a/28a/28a/28a/28a/28a/28a
[ShotData] /28a/28a/28a/28a/28a/28a/28a/28a/28a/28a/28a/28a/28a/28a/28a/28a/28a/28a/28a
[ShotData] /28a/28a/28a/28a/28a/28a/28a/28a/28a/28a/28a/28a/28a/28a/28a/28a/28a/28a/28a
[ShotData] /28a/28a/28a/28a/28a/28a/28a/28a/28a/28a/28a/28a/28a/28a/28a/28a/28a/28a/28a
[ShotData] /28a/28a/28a/28a/28aAm8aAO4yAM1bAGyEAAulAKq9AAnWAGnuAKj2Asj+AKj2AGnuAAnWAKq9
[ShotData] AAulAGyEAM1bAO4y/28avG8aAC47AEx8AGq1AGnuEsj+AGnuAGq1AEx8AC47/28atW8aAC5DAKuM
[ShotData] AAnWGsj+AAnWAKuMAC5D/28asG8aACx0AMrNIMj+AMrNACx0/28aq28aAI8iAIyEAGnuJMj+AGnu
[ShotData] AIyEAI8i/28ap28aAGyEAIjuKMj+AIjuAGyE/28apG8aAOxrACneLMj+ACneAOxr/28aoG8aAO4y
[ShotData] AGq1MMj+AGq1AO4y/28anW8aACx0AKj2Msj+AKj2ACx0Y28a/zErNzErAEytNsj+AEyt/zErmDEr
[ShotData] ALBDAArOOMj+AArOALBD/zErlTErAA9cAGnuOsj+AGnuAA9c/zErkzErAE5sPsj+AE5s/zErkTEr
[ShotData] AG50QMj+AG50/zErjzErAE5sQsj+AE5s/zErjTErAA9cRMj+AA9c/zErizErALBDAGnuRMj+AGnu
[ShotData] ALBDzjErAK0bAKgcAOUcAgUdAOUcAKgcAK0bsjErAArORsj+AArOzTErAKccCAUdAKccsDErAEyt
[ShotData] SMj+AEytyjErAG8jAOUcCgUdAOUcAG8jrTErAI18Ssj+AI18yTErAOUcDAUdAOUcrDErALBDAKj2
[ShotData] Ssj+AKj2ALBDxzErAKccDgUdAKccqzErAKu9TMj+AKu9xjErAK0bEAUdAK0bqTErAG50Tsj+AG50
[ShotData] xTErAKgcEAUdAKgcqTErAEnmTsj+AEnmxTErAOUcEQUdqDErAO2MUMj+AO2MwzErAHAjEgUdAHAj
[ShotData] pjErAFEzAIj2UMj+AIj2AFEzwjErAOwjEgUdAOwjpjErAO2MUsj+AO2MwjErAGkcEgUdAGkcpjEr
[ShotData] AGnuUsj+AGnuwjErAOUcEgUdAOUcpTErAI18VMj+AI18wDErAK4jFAUdAK4jpDErAOrNVMj+AOrN
[ShotData] wDErACocFAUdACocozErAM9TVsj+AM9TvzErAMccFAUdAMccozErAAyVVsj+AAyVvjErAG8jFgUd
[ShotData] AG8jojErACneVsj+ACnevjErAOwjFgUdAOwjoTErANBLWMj+ANBLvTErAIgcFgUdAIgcoTErAM2E
[ShotData] WMj+AM2EvTErGAUdoTErAKu9WMj+AKu9vDErAM0jGAUdAM0joDErAGnuWMj+AGnuvDErAEocGAUd
[ShotData] AEocnzErALBDWsj+ALBDuzErAMYcGAUdAMYcnzErAE5sWsj+AE5sujErAI8jGgUdAI8jnjErAO2M
[ShotData] Wsj+AO2MujErAAskGgUdAAsknjErAGutWsj+AGutujErAIgcGgUdAIgcnjErAMrFWsj+AMrFuTEr
[ShotData] AFArHAUdAFArnTErACneWsj+ACneuTErAM0jHAUdAM0jnTErAGnuWsj+AGnuuTErAEkcHAUdAEkc
[ShotData] nTErAKj2Wsj+AKj2uTErAOYcHAUdAOYcnTErXMj+uDErAI4jHgUdAI4jnDErXMj+uDErAAskHgUd
[ShotData] AAsknDErXMj+uDErAKccBgUdAEUdAKUdAOUlACUmAGUmAIYmBKYuAIYmAGUmACUmAOUlAKUdAEUd
[ShotData] BgUdAKccnDErAKj2Wsj+AKj2tzErAFAjAwUdAEUdAKUdACUmAIYmEKYuAIYmACUmAKUdAEUdAwUd
[ShotData] AFAjmzErAGnuWsj+AGnutzErAOwjAQUdAKUdAEUmGKYuAEUmAKUdAQUdAOwjmzErACneWsj+ACne
[ShotData] tzErAKkcAOUlAIYmHKYuAIYmAOUlAKkcmzErAMrFWsj+AMrFtTErAFArAAstIqYuAAstAFArmTEr
[ShotData] AGutWsj+AGuttDErAKwsAGcuJKYuAGcuAKwsmDErAO2MWsj+AO2MsjErAM8rAKktKKYuAKktAM8r
[ShotData] ljErAE5sWsj+AE5ssTErAI0sLKYuAI0slTErALBDWsj+ALBDsDErACotLqYuACotlTErAGnuWMj+
[ShotData] AGnurzErAFArAKktMKYuAKktAFArkzErAKu9WMj+AKu9rjErAJArAOgtMqYuAOgtAJArkjErAM2E
[ShotData] WMj+AM2ErTErAJArAAguNKYuAAguAJArkTErANBLWMj+ANBLrDErAFArAOgtNqYuAOgtAFArkTEr
[ShotData] ACneVsj+ACnerTErAKktOKYuAKktkTErAAyVVsj+AAyVrDErACotOqYuACotkDErAM9TVsj+AM9T
[ShotData] qzErAI0sPKYuAI0skDErAOrNVMj+AOrNqzErAM8rPqYuAM8rjzErAI18VMj+AI18qzErAKktPqYu
[ShotData] AKktkDErAGnuUsj+AGnuqzErAKwsQKYuAKwsjzErAO2MUsj+AO2MqjErAFArAGcuQKYuAGcuAFAr
[ShotData] jjErAFEzAIj2UMj+AIj2AFEzqjErAAstQqYuAAstjzErAO2MUMj+AO2MqjErAHArRKYuAHArjzEr
[ShotData] AEnmTsj+AEnmqzErAAstRKYuAAstjzErAG50Tsj+AG50qzErAGcuRKYuAGcukDErAKu9TMj+AKu9
[ShotData] VzErUxNMAA49RqYuAA49jxNMAHJkAKj2Ssj+AKj2AHJkqxNMAOk1RqYuAOk1kBNMAC+VSsj+AC+V
[ShotData] qxNMAFJESKYuAFJEkBNMAKy1SMj+AKy1rBNMAC49SKYuAC49kRNMACrWRsj+ACrWrRNMAMo1SKYu
[ShotData] AMo1kRNMAHFkAInuRMj+AInuAHFkrRNMAIcuSKYuAIcukhNMANB0RMj+ANB0rRNMAJFESqYuAJFE
[ShotData] khNMAPCEQsj+APCErhNMAA49SqYuAA49kxNMAA+FQMj+AA+FrxNMAGw9SqYuAGw9lBNMAPCEPsj+
[ShotData] APCEsBNMAMo1SqYuAMo1lRNMANB0AInuOsj+AInuANB0sRNMACk2SqYuACk2lhNMAHFkACrWOMj+
[ShotData] ACrWAHFkshNMAGcuSqYuAGcumBNMAKy1Nsj+AKy1tBNMAIYuSqYuAIYugxNMAA57AAqiAEbBAMPY
[ShotData] AEHoAgD4AEHoAMPYAEbBAAqiAA57CBNMAC+VAKj2Msj+AKj2AC+VtRNMTKYugBNMAM2CAGa5ACDw
[ShotData] DAD4ACDwAGa5AM2CBhNMAHJkAOvFMMj+AOvFAHJkthNMTKYufhNMAGuSAKPgEgD4AKPgAGuSBhNM
[ShotData] AA+NAGnmLMj+AGnmAA+NuBNMTKYufBNMAM2CAMPYFgD4AMPYAM2CBhNMAG6dAKn2KMj+AKn2AG6d
[ShotData] uhNMAIYuSqYuAIYuexNMAKixGgD4AKixBhNMADNUAG6lAInuJMj+AInuAG6lADNUuxNMAGcuSqYu
[ShotData] AGcueRNMAHBjAMTYHAD4AMTYAHBjBxNMAC+VACvWIMj+ACvWAC+VvhNMACk2SqYuACk2eBNMAA5z
[ShotData] AEHoHgD4AEHoAA5zCBNMAJFsAI2lAEreGsj+AEreAI2lAJFswBNMAMo1SqYuAMo1dxNMAA5zACDw
[ShotData] IAD4ACDwAA5zChNMAJFkAE6dAOvFAInuEsj+AInuAOvFAE6dAJFkwxNMAGw9SqYuAGw9dhNMAHBj
[ShotData] AEHoCwD4AOD5AAD8AKD9AOD+AuD/AOD+AKD9AAD8AOD5CwD4AEHoAHBjDRNMAHJkAPCEAG6dAMy9
[ShotData] AAvOAEreAInuAKj2Asj+AKj2AInuAEreAAvOAMy9AG6dAPCEAHJkxxNMAA49SqYuAA49dhNMAMTY
[ShotData] CgD4AID7AKD+CuD/AKD+AID7CgD4AMTY6BNMAJFESqYuAJFEdRNMAKixCQD4AMD6AOD+DuD/AOD+
[ShotData] AMD6CQD4AKix6BNMAIcuSKYuAIcudRNMAM2CCQD4AMD8EuD/AMD8CQD4AM2C5xNMAMo1SKYuAMo1
[ShotData] dRNMAMPYCAD4AKD9FOD/AKD9CAD4AMPY5xNMAC49SKYuAC49dBNMAGuSCAD4AKD9FuD/AKD9CAD4
[ShotData] AGuS5hNMAFJESKYuAFJEdBNMAKPgBwD4AMD8GOD/AMD8BwD4AKPg5xNMAOk1RqYuAOk1dBNMAM2C
[ShotData] BwD4AMD6GuD/AMD6BwD4AM2C5hNMAA49RqYuAA49dBNMAGa5BwD4AOD+GuD/AOD+BwD4AGa55xNM
[ShotData] AIcuRKYuAIcudRNMACDwBgD4AID7HOD/AID7BgD4ACDw5xNMAGw9RKYuAGw9dBNMAA57BwD4AKD+
[ShotData] HOD/AKD+BwD4AA575hNMAFJERKYuAFJEdBNMAAqiBgD4AOD5HuD/AOD5BgD4AAqi5xNMAGw9QqYu
[ShotData] AGw9dRNMAEbBBgD4AAD8HuD/AAD8BgD4AEbB5xNMADJMAIYuQKYuAIYuADJMdRNMAMPYBgD4AKD9
[ShotData] HuD/AKD9BgD4AMPY6BNMAIgtQKYuAIgtdhNMAEHoBgD4AOD+HuD/AOD+BgD4AEHo6BNMAAYdAEUm
[ShotData] PqYuAEUmAAYddhNMBwD4IOD/BwD45xNMAFA8AAUdAEUdPqYuAEUdAAUdAFA8ExNMAfZ0AZu+AX7n
[ShotData] A9//AZ7vAbvGARZ9DxNMARZ1AZu+AX7nAd//Af//AZ7vAdzOAXeNATNMHxNMATRUAb7vA///AT3f
[ShotData] BRNMBwD4IOD/BwD45xNMAIw0AQUdAKUdPKYuAKUdAQUdAIw0ExNMAfZ0AZu+AX7nA9//AZ7vAbvG
[ShotData] ARZ9DxNMARZ1AZu+AX7nAd//Af//AZ7vAdzOAXeNATNMHxNMATRUAb7vA///AT3fBRNMBwD4IOD/
[ShotData] BwD45xNMAOgkAgUdAAUmOqYuAAUmAgUdAOgkERNMARmmD///AXq2CRNMATNMAZu+D///AT3XAXRc
[ShotData] HRNMAbiVBf//AXeNBRNMAEHoBgD4AOD+HuD/AOD+BgD4AEHo5hNMADFEBAUdAEUmOKYuAEUmBAUd
[ShotData] ADFEEBNMARmmD///AXq2CRNMATNMAZu+D///AT3XAXRcHRNMAbiVBf//AXeNBRNMAMPYBgD4AKD9
[ShotData] HuD/AKD9BgD4AMPY5hNMAG00BAUdACUdAGUmNqYuAGUmACUdBAUdAG00DhNMAXeNE///AdmdBxNM
[ShotData] AXq2E///AT3fHRNMAV3nA///AZ7vATNMBRNMAEbBBgD4AAD8HuD/AAD8BgD4AEbB5hNMAMksBQUd
[ShotData] AEUdAGUmNKYuAGUmAEUdBQUdAMksDhNMAXeNE///AdmdBxNMAXq2E///AT3fHRNMAV3nA///AZ7v
[ShotData] ATNMBRNMAAqiBgD4AOD5HuD/AOD5BgD4AAqi5hNMBwUdAEUdAGUmMqYuAGUmAEUdBwUdDhNMAX7n
[ShotData] Bf//AfzOAZiNAXeNAdzGBf//Ab73ATRUAxNMAbVkB///ARmmAfZ0AdZsAdidAb73Bf//AXeNGRNM
[ShotData] ATeFBf//AdmdBxNMAA57BwD4AKD+HOD/AKD+BwD4AA575RNMAE88CAUdACUdAEUmMKYuAEUmACUd
[ShotData] CAUdAE88DRNMAX7nBf//AfzOAZiNAXeNAdzGBf//Ab73ATRUAxNMAbVkB///ARmmAfZ0AdZsAdid
[ShotData] Ab73Bf//AXeNGRNMATeFBf//AdmdCBNMACDwBgD4AID7HOD/AID7BgD4ACDw5hNMAKssCgUdAAUm
[ShotData] LqYuAAUmCgUdAKssCxNMAdVsBf//AR3XATNMBRNMAdzOBf//ARZ9AxNMAdidBf//AdmdBxNMARZ9
[ShotData] Bf//AZu+GRNMARzXA///Ad/3AVRUCBNMAGa5BwD4AOD+GuD/AOD+BwD4AGa55hNMAOckCwUdAKUd
[ShotData] LKYuAKUdCwUdAOckCxNMAdVsBf//AR3XATNMBRNMAdzOBf//ARZ9AxNMAdidBf//AdmdBxNMARZ9
[ShotData] Bf//AZu+GRNMARzXA///Ad/3AVRUCBNMAM2CBwD4AMD6GuD/AMD6BwD4AM2C5RNMADFEDQUdAEUd
[ShotData] AEUmKKYuAEUmAEUdDQUdADFEChNMAXiNBf//AbiVBxNMAXeFBf//AdidAxNMAVquBf//AZVkCRNM
[ShotData] Ad/3A///AR3XFxNMAdZsBf//ATquCxNMAKPgBwD4AMD8GOD/AMD8BwD4AKPg5hNMAI00DwUdAMUd
[ShotData] AIYmJKYuAIYmAMUdDwUdAI00ChNMAXiNBf//AbiVBxNMAXeFBf//AdidAxNMAVquBf//AZVkCRNM
[ShotData] Ad/3A///AR3XFxNMAdZsBf//ATquCxNMAGuSCAD4AKD9FuD/AKD9CAD4AGuS5hNMAMkkEAUdACUd
[ShotData] AOUlIqYuAOUlACUdEAUdAMkkChNMAdidBf//ATd9BxNMAdVsBf//ARmmAxNMAXq2Bf//AXRcCRNM
[ShotData] Ab/3A///AT3fAxNMAd/3A///Ad/3CxNMAZu+Bf//AZRcDBNMAMPYCAD4AKD9FOD/AKD9CAD4AMPY
[ShotData] 5xNMEgUdAMgkAFJEAGw9AIcuHKYuAIcuAGw9AFJEAMgkEgUdChNMAdidBf//ATd9BxNMAdVsBf//
[ShotData] ARmmAxNMAXq2Bf//AXRcCRNMAb/3A///AT3fAxNMAd/3A///Ad/3CxNMAZu+Bf//AZRcDBNMAM2C
[ShotData] CQD4AMD8EuD/AMD8CQD4AM2C5hNMAG88EgUdAIw0AhNMAA49AOk1GKYuAOk1AA49AhNMAIw0EgUd
[ShotData] AG88CRNMAdmdBf//ARZ1BxNMAbVkBf//ATquAxNMARquBf//AXeNBxNMAdVsBf//AfzOAxNMAd/3
[ShotData] A///Ad/3CRNMAZRcBf//AZu+DxNMAKixCQD4AMD6AOD+DuD/AOD+AMD6CQD4AKix5xNMAKssEgUd
[ShotData] AFA8BBNMAFJEAC49AMo1AIcuEKYuAIcuAMo1AC49AFJEBBNMAFA8EgUdAKssCRNMAdmdBf//ARZ1
[ShotData] BxNMAbVkBf//ATquAxNMARquBf//AXeNBxNMAdVsBf//AfzOAxNMAd/3A///Ad/3CRNMAZRcBf//
[ShotData] AZu+EBNMAMTYCgD4AID7AKD+CuD/AKD+AID7CgD4AMTY6BNMAOccEQUdAOYcCRNMAJFEAA49AGw9
[ShotData] AMo1ACk2AGcuAIYuAqYuAIYuAGcuACk2AMo1AGw9AA49AJFECRNMAOYcEQUdAOccCRNMAdmdBf//
[ShotData] ARZ1BxNMAbVkBf//ATquAxNMAVeFBf//Ab73AXiNAXRcAVRUATd9AX7nBf//ATquAxNMAd/3A///
[ShotData] Ad/3CRNMATquBf//AdVsEBNMAHBjAEHoCwD4AOD5AAD8AKD9AOD+AuD/AOD+AKD9AAD8AOD5CwD4
[ShotData] AEHoAHBj5xNMAFBEEgUdAKosJBNMAKosEgUdAFBECBNMAdmdBf//ARZ1BxNMAbVkBf//ATquAxNM
[ShotData] AVeFBf//Ab73AXiNAXRcAVRUATd9AX7nBf//ATquAxNMAd/3A///Ad/3CRNMATquBf//AdVsERNM
[ShotData] AA5zACDwIAD4ACDwAA5z6BNMAIw0EgUdAG48JBNMAG48EgUdAIw0CBNMAdmdBf//ARZ1BxNMAbVk
[ShotData] Bf//ATquAxNMATNMAX7nFf//AfZsAxNMAd/3A///Ad/3BxNMAVRUAd/3A///AfzOAxNMAZVkBf//
[ShotData] ARmmBhNMAA5zAEHoHgD4AEHoAA5z6RNMAMgkEgUdADJEJBNMADJEEgUdAMgkCBNMAdmdBf//ARZ1
[ShotData] BxNMAbVkBf//ATquAxNMATNMAX7nFf//AfZsAxNMAd/3A///Ad/3BxNMAVRUAd/3A///AfzOAxNM
[ShotData] AZVkBf//ARmmBxNMAHBjAMTYHAD4AMTYAHBj6RNMADJEEgUdAMkkJhNMAMkkEgUdADJEBxNMAdmd
[ShotData] Bf//ARZ1BxNMAbVkBf//ATquBRNMAdVsAb73Ef//AR3XBRNMATNMAzRUATNMBxNMAdmdBf//ATd9
[ShotData] AxNMAbVkBf//ATquCRNMAKixGgD4AKix6xNMAG48EgUdAI00JhNMAI00EgUdAG48BxNMAdmdBf//
[ShotData] ARZ1BxNMAbVkBf//ATquBRNMAdVsAb73Ef//AR3XBRNMATNMAzRUATNMBxNMAdmdBf//ATd9AxNM
[ShotData] AbVkBf//ATquChNMAM2CAMPYFgD4AMPYAM2C7BNMAKosEgUdAFFEJhNMAFFEEgUdAKosBxNMAdmd
[ShotData] Bf//ARZ1BxNMAbVkBf//ATquBxNMAZRcAXu2Ab73A///AZ7vB///ARZ1ExNMATNMAZ7vA///AV3n
[ShotData] BRNMAbVkBf//ATquDBNMAGuSAKPgEgD4AKPgAGuS7hNMAOYcEQUdAOccKBNMAOccEQUdAOYcBxNM
[ShotData] AdmdBf//ARZ1BxNMAbVkBf//ATquBxNMAZRcAXu2Ab73A///AZ7vB///ARZ1ExNMATNMAZ7vA///
[ShotData] AV3nBRNMAbVkBf//ATquDhNMAM2CAKr6AEH4DAD4ACDwAGa5AM2C7xNMAFA8EgUdAKssKBNMAKss
[ShotData] EgUdAFA8BhNMAdmdBf//ARZ1BxNMAbVkBf//ATquDRNMA1RUAdidBf//AbvGFRNMAXeNBf//AZiN
[ShotData] BRNMAbVkBf//ATquDxNMAZ7vAPf9ADD8AKr6AIb5AKL4AgD4AEHoAMPYAEbBAAqiAA578hNMAIw0
[ShotData] EgUdAG88KBNMAG88EgUdAIw0BhNMAdmdBf//ARZ1BxNMAbVkBf//ATquDRNMA1RUAdidBf//AbvG
[ShotData] FRNMAXeNBf//AZiNBRNMAbVkBf//ATquDxNMAZ7vA///AT3f+RNMAMgkEgUdKhNMEgUdAMgkBhNM
[ShotData] AbiVBf//ATd9BxNMAdVsBf//ARmmDxNMAVRUAb73Bf//AZVkFRNMAT3XA///Ad//ATd9BRZ9AXiN
[ShotData] Bf//AbvGARZ9AVRUCxNMAZ7vA///AT3fqhNMTVV9AFR1EgUdACo1KlV9ACo1EgUdAFR1BVV9AXq2
[ShotData] Bf//ARimB1V9AdeVBf//Abq+D1V9AXaFAd/3Bf//AbeNFVV9AX3nBf//ARimBRieAVmuBf//ARzX
[ShotData] ARieAZaFC1V9Ab7vA///AX3n+FV9AC9VEgUdAC5VKlV9AC5VEgUdAC9VBVV9AVmuBf//AXm2B1V9
[ShotData] ATmmBf//AXm2D1V9AbvGBf//AdvGF1V9Ad/3Gf//ARimC1V9Ab7vA///AX3n+FV9ACo9EgUdAFNt
[ShotData] KlV9AFNtEgUdACo9BVV9AVmuBf//AXm2B1V9ATmmBf//AXm2D1V9AbvGBf//AdvGF1V9Ad/3Gf//
[ShotData] ARimC1V9Ab7vA///AX3n+FV9AAYdEQUdACgtLFV9ACgtEQUdAAYdBVV9AdeVBf//AV3fB1V9ARzX
[ShotData] Bf//AfidDVV9AbaNBf//Ad/3AXaFCVV9AXZ9A3aFAXZ9BVV9Ad/3Gf//ARimC1V9Ab7vA///AX3n
[ShotData] 91V9AFFlEgUdACxFLFV9ACxFEgUdAFFlBFV9AdeVBf//AV3fB1V9ARzXBf//AfidDVV9AbaNBf//
[ShotData] Ad/3AXaFCVV9AXZ9A3aFAXZ9BVV9Ad/3Gf//ARimC1V9Ab7vA///AX3n91V9ACxFEgUdAFFlLFV9
[ShotData] AFFlEgUdACxFBlV9AZ7vBf//ATzfAzmmARzXBf//Ab73AXV9DVV9ARzPBf//AXm2C1V9Ad/3Bf//
[ShotData] BVV9Ad/3Gf//ARimC1V9Ab7vA///AX3n91V9ACgtEQUdAAYdLlV9AAYdEQUdACgtBlV9AZ7vBf//
[ShotData] ATzfAzmmARzXBf//Ab73AXV9DVV9ARzPBf//AXm2C1V9Ad/3Bf//BVV9Ad/3Gf//ARimC1V9Ab7v
[ShotData] A///AX3n9lV9AFNtEgUdACo9LlV9ACo9EgUdAFNtBVV9ATmuE///AXm2DVV9AdeVBf//AZ7nDVV9
[ShotData] Ad/3Bf//FVV9AbeNBf//AdvGD1V9Ab7vA///AX3n9lV9AC5VEgUdAC9VLlV9AC9VEgUdAC5VBVV9
[ShotData] ATmuE///AXm2DVV9AdeVBf//AZ7nDVV9Ad/3Bf//FVV9AbeNBf//AdvGD1V9Ab7vA///AX3n9lV9
[ShotData] ACo1EgUdAFN1LlV9AFN1EgUdACo1B1V9Abq+D///AdvGD1V9AV3fBf//ARieDVV9Ad/3Bf//FVV9
[ShotData] AbeNBf//AdvGD1V9Ab7vA///AX3n9lV9EgUdACgtMFV9ACgtEgUdB1V9Abq+D///AdvGD1V9AV3f
[ShotData] Bf//ARieDVV9Ad/3Bf//FVV9AbeNBf//AdvGD1V9Ab7vA///AX3n9VV9AFFdEgUdAC1NMFV9AC1N
[ShotData] EgUdAFFdCFV9AfedARzPAb7vA///Ab7vARzXAfidD1V9ARieBf//ATzXD1V9Ad/3Bf//FVV9AbeN
[ShotData] Bf//AdvGD1V9Ab7vA///AX3n9VV9ACxFEgUdAFFlMFV9AFFlEgUdACxFCFV9AfedARzPAb7vA///
[ShotData] Ab7vARzXAfidD1V9ARieBf//ATzXD1V9Ad/3Bf//FVV9AbeNBf//AdvGD1V9Ab7vA///AX3n9VV9
[ShotData] AAclEQUdAAYlMlV9AAYlEQUdAAcl/1V9d1V9AFNtEgUdACs9MlV9ACs9EgUdAFNt/1V9dlV9AC5N
[ShotData] EgUdAC9dMlV9AC9dEgUdAC5N/1V9dlV9ACk1EgUdAFR1MlV9AFR1EgUdACk1/1V9dVV9AFV1EgUd
[ShotData] ACk1NFV9ACk1EgUdAFV1/1V9dFV9AFBdEgUdAC1NNFV9AC1NEgUdAFBd/1V9dFV9ACtFEgUdAFJl
[ShotData] NFV9AFJlEgUdACtF/1V9dFV9AAclEQUdAAclNlV9AAclEQUdAAcl/1V9c1V9AFJlEgUdACtFNlV9
[ShotData] ACtFEgUdAFJl/1V9clV9AC1NEgUdAFBdNlV9AFBdEgUdAC1N/1V9clV9ACk1EgUdAFV1NlV9AFV1
[ShotData] EgUdACk1/1V9cVV9AFR1EgUdACk1OFV9ACk1EgUdAFR1/1V9cFV9AC9dEgUdAC5NOFV9AC5NEgUd
[ShotData] AC9d/1V9cFV9ACs9EgUdAFNtOFV9AFNtEgUdACs9/1V9cFV9AAYlEQUdAAclOlV9AAclEQUdAAYl
[ShotData] /1V9b1V9AFFlEgUdACxFOlV9ACxFEgUdAFFl/1V9blV9AC1NEgUdAFFdOlV9AFFdEgUdAC1N/1V9
[ShotData] blV9ACgtEgUdPFV9EgUdACgt/1V9bVV9AFN1EgUdACo1PFV9ACo1EgUdAFN1/1V9bFV9AC9VEgUd
[ShotData] AC5VPFV9AC5VEgUdAC9V/1V9bFV9ACo9EgUdAFNtPFV9AFNtEgUdACo9/1V9bFV9AAYdEQUdACgt
[ShotData] PlV9ACgtEQUdAAYd/1V9a1V9AFFlEgUdACxFPlV9ACxFEgUdAFFl/1V9alV9ACxFEgUdAFFlPlV9
[ShotData] AFFlEgUdACxF/1V9alV9ACgtEQUdAAYdQFV9AAYdEQUdACgt/1V9aVV9AFNtEgUdACo9QFV9ACo9
[ShotData] EgUdAFNt/1V9aFV9AC5VEgUdAC9VQFV9AC9VEgUdAC5V/1V9aFV9ACo1EgUdAFR1QFV9AFR1EgUd
[ShotData] ACo1/1V9aFV9EgUdACgtQlV9ACgtEgUd/1V9Z1V9AFBdEgUdAC1NQlV9AC1NEgUdAFBd/1V9ZlV9
[ShotData] ACxFEgUdAFJlQlV9AFJlEgUdACxF/1V9ZlV9AAclEQUdAAYlRFV9AAYlEQUdAAcl/1V9ZVV9AFJt
[ShotData] EgUdACs9RFV9ACs9EgUdAFJt/1V9ZFV9AC5NEgUdADBdRFV9ADBdEgUdAC5N/1V9ZFV9ACk1EgUd
[ShotData] AFR1RFV9AFR1EgUdACk1/1V9Y1V9AFR1EgUdACk1RlV9ACk1EgUdAFR1/1V9YlV9AFBdEgUdAC5N
[ShotData] RlV9AC5NEgUdAFBd/1V9YlV9ACs9EgUdAFJtRlV9AFJtEgUdACs9/1V9YlV9AAclEQUdAAclSFV9
[ShotData] AAclEQUdAAcl/1V9YVV9AFJlEgUdACxFSFV9ACxFEgUdAFJl/1V9YFV9AC1NEgUdAFBdSFV9AFBd
[ShotData] EgUdAC1N/1V9YFV9ACktEgUdSlV9EgUdACkt/1V9X1V9AFR1EgUdACk1SlV9ACk1EgUdAFR1/1V9
[ShotData] XlV9AC9VEgUdAC5VSlV9AC5VEgUdAC9V/1V9XlV9ACs9EgUdAFNtSlV9AFNtEgUdACs9/1V9XlV9
[ShotData] AAYlEQUdACctTFV9ACctEQUdAAYl/1V9XVV9AFFlEgUdACxFTFV9ACxFEgUdAFFl/1V9XFV9AC1N
[ShotData] EgUdAFFlTFV9AFFlEgUdAC1N/1V9H1V9PIQ6AIQcEQUdAOUcToQ6AOUcEQUdAIQc/4Q6XIQ6AOUc
[ShotData] EQUdAEQkToQ6AEQkEQUdAOUc/4Q6XIQ6EgUdAIQrToQ6AIQrEgUd/4Q6XIQ6AOUcEQUdAMQyToQ6
[ShotData] AMQyEQUdAOUc/4Q6XIQ6AIQcEAUdAIQcUIQ6AIQcEAUdAIQc/4Q6XIQ6AMQrEAUdAMQrUIQ6AMQr
[ShotData] EAUdAMQr/4Q6XIQ6AOQyEAUdAOQyUIQ6AOQyEAUdAOQy/4Q6XYQ6AOQjDgUdAOQjUoQ6AOQjDgUd
[ShotData] AOQj/4Q6X4Q6AIQcDAUdAIQcVIQ6AIQcDAUdAIQc/4Q6YIQ6AMQyAIQcCgUdAIQcAMQyVIQ6AMQy
[ShotData] AIQcCgUdAIQcAMQy/4Q6YoQ6AOQjCAUdAOQjWIQ6AOQjCAUdAOQj/4Q6ZYQ6AOQyAMQrAIQcAOUc
[ShotData] AAUdAOUcAIQcAMQrAOQyWoQ6AOQyAMQrAIQcAOUcAAUdAOUcAIQcAMQrAOQy/4Q6/4Q6/4Q6/4Q6
[ShotData] /4Q6/4Q6/4Q6/4Q6/4Q6/4Q6/4Q6/4Q6/4Q6/4Q6/4Q6/4Q6/4Q6/4Q6/4Q6/4Q6/4Q6/4Q6/4Q6
[ShotData] /4Q6/4Q6/4Q6/4Q6/4Q6/4Q6/4Q6/4Q6/4Q6/4Q6/4Q6/4Q6/4Q6/4Q6/4Q6/4Q6/4Q6/4Q6/4Q6
[ShotData] /4Q6/4Q6/4Q6/4Q6/4Q6/4Q6/4Q6/4Q6/4Q6/4Q6/4Q6EoQ6AAk7ALBDADVMAJpUAN1UTR9dAN1U
[ShotData] AJpUADVMALBDAAk7/4Q6eIQ6AOg6APJLALxUVx9dALxUAPJLAOg6/4Q6c4Q6AOk6ADVMXR9dADVM
[ShotData] AOk6/4Q6cIQ6APJLYR9dAPJL/4Q6bYQ6AAk7AJpUYx9dAJpUAAk7/4Q6aoQ6AE1DZx9dAE1D/4Q6
[ShotData] aIQ6AG5DaR9dAG5D/4Q6ZoQ6AE1Dax9dAE1D/4Q6ZIQ6AAk7bR9dAAk7/4Q6Y4Q6AJpUbR9dAJpU
[ShotData] /4Q6YoQ6APJLbx9dAPJL/4Q6YIQ6AOk6GB9dABlEAOwhAKQIASEAAKMIAMsZANdDBh9dAP9UABMz
[ShotData] AEgZAGIAAAAAAGIAAAYRAJAqAJ1UEB9dAP5UAGIIAQAAAAYRCR9dABlEAOwhAKQIASEAAKMIAMsZ
[ShotData] ANdDGB9dAOk6/4Q6X4Q6ADVMFx9dAJAqBwAAAA0iBB9dAJxUAOUQBgAAAGIAAJY7Dx9dABMzAgAA
[ShotData] AFQ7CB9dAJAqBwAAAA0iFx9dADVM/4Q6XoQ6AOg6Fx9dAFQ7CQAAANEyAx9dAAYRCAAAACEAADpM
[ShotData] Dh9dAMUIAQAAAIMIAP9cBx9dAFQ7CQAAANEyFx9dAOg6/4Q6XYQ6APJLFx9dAKQIAgAAAGgZADQ7
[ShotData] AFQ7AIoZAgAAAGIAAP5UAR9dAJY7AgAAAKQIAFQ7ADpMALZDAEgRAgAAAKoZDR9dAJY7AgAAANEy
[ShotData] CB9dAKQIAgAAAGgZADQ7AFQ7AIoZAgAAAGIAAP5UFh9dAPJL/4Q6XYQ6ALxUFh9dADpMAgAAACcR
[ShotData] Ax9dAIkZAgAAANdDAR9dAG8qAgAAADpMAh9dAP5UAKQIAQAAAEEADR9dAEgRAQAAAEEAAN5UBx9d
[ShotData] ADpMAgAAACcRAx9dAIkZAgAAANdDFh9dALxU/4Q6XIQ6AAk7Fx9dADQ7AgAAAPIyAx9dAHU7AgAA
[ShotData] ANIyAR9dAC0iAQAAAGIABB9dAMshAgAAAN5UCx9dABlMAgAAAE4qCB9dADQ7AgAAAPIyAx9dAHU7
[ShotData] AgAAANIyFx9dAAk7/4Q6W4Q6ALBDFx9dAPIyAgAAALdDAx9dABlMAgAAAI8qCh9dAIoZAgAAAP9c
[ShotData] AR9dAEEAAQAAACEABR9dAMsZAgAAAJxUCB9dAPIyAgAAALdDAx9dABlMAgAAAI8qFx9dALBD/4Q6
[ShotData] W4Q6ADVMFx9dANEyAgAAAPhDAx9dAFtMAgAAAE4qCR9dAL1UAEEAAQAAAKQIAh9dAEEAAQAAACEA
[ShotData] BB9dAJxUAgAAAMshCR9dANEyAgAAAPhDAx9dAFtMAgAAAE4qFx9dADVM/4Q6W4Q6AJpUFx9dANEy
[ShotData] AgAAAPhDAx9dAFtMAgAAAE4qCR9dAIoZAgAAAG8qAh9dAEEAAQAAACEABB9dAE4qAgAAADpMCR9d
[ShotData] ANEyAgAAAPhDAx9dAFtMAgAAAE4qFx9dAJpU/4Q6W4Q6AN1UFx9dANEyAgAAAPhDAx9dAFtMAgAA
[ShotData] AE4qCB9dAA0iAgAAAGIAAL1UAh9dAEEAAQAAACEAAx9dAN5UAEEAAQAAAEgZAR9dAHtMAiAAAG8q
[ShotData] Ax9dANEyAgAAAPhDAx9dAFtMAgAAAE4qFx9dAN1U/4Q6W4Q6GB9dANEyAgAAAPhDAx9dAFtMAgAA
[ShotData] AE4qBx9dAG8qAgAAACAAANhDAx9dAP9UAf5UAP9UAx9dANEyAgAAALZDAR9dAFtMAgAAAE4qAx9d
[ShotData] ANEyAgAAAPhDAx9dAFtMAgAAAE4qGB9d/4Q6W4Q6GB9dANEyAgAAAPhDAx9dAFtMAgAAAE4qBh9d
[ShotData] APIyAwAAAFQ7Cx9dAP9cAKMIAQAAAOUIAh9dAFtMAgAAAE4qAx9dANEyAgAAAPhDAx9dAFtMAgAA
[ShotData] AE4qGB9d/4Q6W4Q6AN1UFx9dANEyAgAAAPhDAx9dAFtMAgAAAG8qBR9dAFU7AwAAABIzDB9dAFQ7
[ShotData] AgAAADM7Ah9dAFtMAgAAAE4qAx9dANEyAgAAAPhDAx9dAFtMAgAAAG8qFx9dAN1U/4Q6W4Q6AJpU
[ShotData] Fx9dAPIyAgAAALdDAx9dADpMAgAAAJAqBB9dALdDACAAAgAAALAqDR9dACcRAQAAACEAALdDAtdD
[ShotData] AFQ7AgAAAMsZANdDAL1UAR9dAPIyAgAAALdDAx9dADpMAgAAAJAqFx9dAJpU/4Q6W4Q6ADVMFx9d
[ShotData] AFQ7AgAAAPIyAx9dAHU7AgAAAPIyAx9dABlEAEEAAgAAAE4qDh9dAGIIDAAAALZDAR9dAFQ7AgAA
[ShotData] APIyAx9dAHU7AgAAAPIyFx9dADVM/4Q6W4Q6ALBDFx9dAFpMAgAAAEcRAx9dAKoZAgAAAPhDAh9d
[ShotData] AFtMAGIAAgAAAOwhCB9dAP9UAf5UAP9UAh9dAGIIDAAAALZDAR9dAFpMAgAAAEcRAx9dAKoZAgAA
[ShotData] APhDFx9dALBD/4Q6W4Q6AAk7GB9dAMUIAgAAAIkZAXU7AMsZAgAAAIMIAP9cAR9dAJxUAKMIAgAA
[ShotData] AMQIBrdDAP9UAR9dAEEAAQAAACEAAh9dAGIIDAAAALZDAh9dAMUIAgAAAIkZAXU7AMsZAgAAAIMI
[ShotData] AP9cFx9dAAk7/4Q6XIQ6ALxUFx9dAFU7CQAAABMzAh9dALAqCwAAAJxUAR9dAEEAAQAAACEACh9d
[ShotData] AFtMAgAAAE4qBB9dAFU7CQAAABMzFx9dALxU/4Q6XYQ6APJLGB9dAI8qBwAAAE4qAx9dAJAqCwAA
[ShotData] AJxUAR9dAEEAAQAAACEACh9dAFtMAgAAAE4qBR9dAI8qBwAAAE4qGB9dAPJL/4Q6XYQ6AOg6GR9d
[ShotData] APlDAMshAKQIASEAAKMIAMsZANhDBB9dAJAqCwAAAJxUAR9dAEEAAQAAACEACh9dAFtMAgAAAE4q
[ShotData] Bh9dAPlDAMshAKQIASEAAKMIAMsZANhDGR9dAOg6/4Q6XoQ6ADVMcR9dADVM/4Q6X4Q6AOk6cR9d
[ShotData] AOk6/4Q6YIQ6APJLbx9dAPJL/4Q6YoQ6AJpUbR9dAJpU/4Q6Y4Q6AAk7bR9dAAk7/4Q6ZIQ6AE1D
[ShotData] ax9dAE1D/4Q6ZoQ6AG5DaR9dAG5D/4Q6aIQ6AE1DZx9dAE1D/4Q6aoQ6AAk7AJpUYx9dAJpUAAk7
[ShotData] /4Q6bYQ6APJLYR9dAPJL/4Q6cIQ6AOk6ADVMXR9dADVMAOk6/4Q6c4Q6AOg6APJLALxUVx9dALxU
[ShotData] APJLAOg6/4Q6eIQ6AAk7ALBDADVMAJpUAN1UTR9dAN1UAJpUADVMALBDAAk7/4Q6/4Q6/4Q6/4Q6
[ShotData] /4Q6/4Q6/4Q6/4Q6/4Q6/4Q6/4Q6/4Q6/4Q6/4Q6/4Q6/4Q6/4Q6/4Q6/4Q6/4Q6/4Q6/4Q6/4Q6
[ShotData] /4Q6/4Q6/4Q6/4Q6/4Q6/4Q6/4Q6/4Q6/4Q6/4Q6/4Q6/4Q6/4Q6/4Q6/4Q6/4Q6/4Q6/4Q6/4Q6
[ShotData] /4Q6/4Q6/4Q6/4Q6/4Q6/4Q6/4Q6/4Q6/4Q6/4Q6/4Q6/4Q6/4Q6/4Q6/4Q6/4Q6/4Q6/4Q6/4Q6
[ShotData] /4Q6/4Q6/4Q6/4Q6/4Q6/4Q6/4Q6/4Q6/4Q6/4Q6/4Q6/4Q6/4Q6/4Q6/4Q6/4Q6/4Q6/4Q6/4Q6
[ShotData] /4Q6/4Q6/4Q6/4Q6/4Q6/4Q6/4Q6/4Q6/4Q6/4Q6/4Q6/4Q6/4Q6/4Q6/4Q6/4Q6/4Q6/4Q6/4Q6
[ShotData] /4Q6/4Q6/4Q6/4Q6/4Q6/4Q6/4Q6/4Q6/4Q6/4Q6/4Q6/4Q6/4Q6/4Q6/4Q6/4Q6/4Q6/4Q6/4Q6
[ShotData] /4Q6/4Q6/4Q6/4Q6/4Q6/4Q6/4Q6/4Q6/4Q6/4Q6/4Q6/4Q6/4Q6/4Q6/4Q6/4Q6/4Q6/4Q6/4Q6
[ShotData] /4Q6/4Q6/4Q6/4Q6/4Q6/4Q6/4Q6/4Q6/4Q6/4Q6/4Q6/4Q6/4Q6/4Q6/4Q6/4Q6/4Q6/4Q6/4Q6
[ShotData] /4Q6/4Q6/4Q6/4Q6/4Q6/4Q6/4Q6/4Q6/4Q6/4Q6/4Q6/4Q6/4Q6/4Q6/4Q6/4Q6/4Q6/4Q6/4Q6
[ShotData] /4Q6/4Q6/4Q6/4Q6/4Q6/4Q6/4Q6/4Q6/4Q6/4Q6/4Q6/4Q6/4Q6/4Q6/4Q6/4Q6/4Q6/4Q6/4Q6
[ShotData] /4Q6/4Q6/4Q6/4Q6/4Q6/4Q6/4Q6/4Q6/4Q6/4Q6/4Q6/4Q6/4Q6/4Q6/4Q6/4Q6/4Q6/4Q6/4Q6
[ShotData] /4Q6/4Q6/4Q6/4Q6/4Q6/4Q6/4Q6/4Q6/4Q6/4Q6/4Q6/4Q6/4Q6/4Q6/4Q6/4Q6/4Q6/4Q6/4Q6
[ShotData] /4Q6/4Q6/4Q6/4Q6/4Q6/4Q6/4Q6/4Q6/4Q6/4Q6/4Q6/4Q6/4Q6tYQ6
[ShotEnd] backdrop-info bytes=12867
[WatchFace] digital fonts time=vlw text=vlw small=vlw wide=vlw hour=114 minute=115 colon=22
[WatchFace] digital cache time=3/3 internal_bytes=59584 items=2/2 psram_bytes=76032
[RenderDiag] synthetic JST time / battery / slots; no RTC or flash read
[Nvs] init=ESP_OK namespace=launcher
[Settings] brightness=90 screen_off=30s stored=ok
[Memory] ui-internal total=328515 free=185259 largest=143360 bytes
[Memory] ui-psram total=8388608 free=7740844 largest=6815744 bytes
[Power] screen=off
[RenderDiag] transition-draw n=0 avg=0 max=0 p95_upper=1000 us over33333=0
[RenderDiag] scroll-draw n=0 avg=0 max=0 p95_upper=1000 us over33333=0
[RenderDiag] settings-scroll-draw n=0 avg=0 max=0 p95_upper=1000 us over33333=0
[RenderDiag] stopwatch-draw n=0 avg=0 max=0 p95_upper=1000 us over33333=0
[RenderDiag] settings-single-draw n=0 avg=0 max=0 p95_upper=1000 us over33333=0
[RenderDiag] single-draw n=1 avg=28784 max=28784 p95_upper=29000 us over33333=0
[RenderDiag] transition-interval n=0 avg=0 max=0 p95_upper=1000 us over33333=0
[RenderDiag] transition-interval-cont n=0 avg=0 max=0 p95_upper=1000 us over33333=0
[RenderDiag] transition-interval fps=0.00 cont_fps=0.00 pauses=0 longest_pause=0 us
[RenderDiag] scroll-interval n=0 avg=0 max=0 p95_upper=1000 us over33333=0
[RenderDiag] scroll-interval-cont n=0 avg=0 max=0 p95_upper=1000 us over33333=0
[RenderDiag] scroll-interval fps=0.00 cont_fps=0.00 pauses=0 longest_pause=0 us
[RenderDiag] settings-scroll-interval n=0 avg=0 max=0 p95_upper=1000 us over33333=0
[RenderDiag] settings-scroll-interval-cont n=0 avg=0 max=0 p95_upper=1000 us over33333=0
[RenderDiag] settings-scroll-interval fps=0.00 cont_fps=0.00 pauses=0 longest_pause=0 us
[RenderDiag] stopwatch-interval n=0 avg=0 max=0 p95_upper=1000 us over33333=0
[RenderDiag] stopwatch-interval-cont n=0 avg=0 max=0 p95_upper=1000 us over33333=0
[RenderDiag] stopwatch-interval fps=0.00 cont_fps=0.00 pauses=0 longest_pause=0 us
[RenderDiag] sampled-input-to-end n=0 avg=0 max=0 p95_upper=1000 us over33333=0
[RenderDiag] wake-request-to-end n=0 avg=0 max=0 p95_upper=1000 us over33333=0
[RenderDiag] window_us=60030392 loops=62 layouts=0 paints=0 stack_free=3796 internal_free=185191 internal_largest=143360 psram_free=7740448 psram_largest=6815744
[RenderDiag] list_cache bytes=72496 allocations=33 failures=9 fits=43 renders=283
[RenderDiag] settings_list_cache bytes=45632 allocations=7 failures=0 fits=8 renders=22
