pio : [WinError 2] 指定されたファイルが見つかりません。: 'C:\\Users\\wararyo\\Git\\M5StopWatch-wararyoLauncher\\.pio\\build\\m5stopwatch-
measure\\wpa_supplicant\\src\\crypto\\dh_group5.c.o' 
At line:1 char:383
+ ... r-check') { pio run -e $e *> "docs/task10/20260926-10-2-build-$e.log" ...
+                 ~~~~~~~~~~~~~~~~~~~~~~~~~~~~~~~~~~~~~~~~~~~~~~~~~~~~~~~~~
    + CategoryInfo          : NotSpecified: ([WinError 2] 指定...dh_group5.c.o' :String) [], RemoteException
    + FullyQualifiedErrorId : NativeCommandError
 
Please manually remove the file `C:\Users\wararyo\Git\M5StopWatch-wararyoLauncher\.pio\build\m5stopwatch-measure\wpa_su
pplicant\src\crypto\dh_group5.c.o`
[WinError 2] 指定されたファイルが見つかりません。: 'C:\\Users\\wararyo\\Git\\M5StopWatch-wararyoLauncher\\.pio\\build\\m5stopwatch-measur
e\\wpa_supplicant\\src\\crypto\\dh_groups.c.o' 
Please manually remove the file `C:\Users\wararyo\Git\M5StopWatch-wararyoLauncher\.pio\build\m5stopwatch-measure\wpa_su
pplicant\src\crypto\dh_groups.c.o`
[WinError 2] 指定されたファイルが見つかりません。: 'C:\\Users\\wararyo\\Git\\M5StopWatch-wararyoLauncher\\.pio\\build\\m5stopwatch-measur
e\\wpa_supplicant\\src\\crypto\\md4-internal.c.o' 
Please manually remove the file `C:\Users\wararyo\Git\M5StopWatch-wararyoLauncher\.pio\build\m5stopwatch-measure\wpa_su
pplicant\src\crypto\md4-internal.c.o`
[WinError 2] 指定されたファイルが見つかりません。: 'C:\\Users\\wararyo\\Git\\M5StopWatch-wararyoLauncher\\.pio\\build\\m5stopwatch-measur
e\\wpa_supplicant\\src\\crypto\\ms_funcs.c.o' 
Please manually remove the file `C:\Users\wararyo\Git\M5StopWatch-wararyoLauncher\.pio\build\m5stopwatch-measure\wpa_su
pplicant\src\crypto\ms_funcs.c.o`
[WinError 2] 指定されたファイルが見つかりません。: 'C:\\Users\\wararyo\\Git\\M5StopWatch-wararyoLauncher\\.pio\\build\\m5stopwatch-measur
e\\wpa_supplicant\\src\\crypto\\rc4.c.o' 
Please manually remove the file `C:\Users\wararyo\Git\M5StopWatch-wararyoLauncher\.pio\build\m5stopwatch-measure\wpa_su
pplicant\src\crypto\rc4.c.o`
[WinError 2] 指定されたファイルが見つかりません。: 'C:\\Users\\wararyo\\Git\\M5StopWatch-wararyoLauncher\\.pio\\build\\m5stopwatch-measur
e\\wpa_supplicant\\src\\crypto\\sha1-prf.c.o' 
Please manually remove the file `C:\Users\wararyo\Git\M5StopWatch-wararyoLauncher\.pio\build\m5stopwatch-measure\wpa_su
pplicant\src\crypto\sha1-prf.c.o`
[WinError 2] 指定されたファイルが見つかりません。: 'C:\\Users\\wararyo\\Git\\M5StopWatch-wararyoLauncher\\.pio\\build\\m5stopwatch-measur
e\\wpa_supplicant\\src\\crypto\\sha1-tlsprf.c.o' 
Please manually remove the file `C:\Users\wararyo\Git\M5StopWatch-wararyoLauncher\.pio\build\m5stopwatch-measure\wpa_su
pplicant\src\crypto\sha1-tlsprf.c.o`
[WinError 2] 指定されたファイルが見つかりません。: 'C:\\Users\\wararyo\\Git\\M5StopWatch-wararyoLauncher\\.pio\\build\\m5stopwatch-measur
e\\wpa_supplicant\\src\\crypto\\sha1-tprf.c.o' 
Please manually remove the file `C:\Users\wararyo\Git\M5StopWatch-wararyoLauncher\.pio\build\m5stopwatch-measure\wpa_su
pplicant\src\crypto\sha1-tprf.c.o`
[WinError 2] 指定されたファイルが見つかりません。: 'C:\\Users\\wararyo\\Git\\M5StopWatch-wararyoLauncher\\.pio\\build\\m5stopwatch-measur
e\\wpa_supplicant\\src\\crypto\\sha256-kdf.c.o' 
Please manually remove the file `C:\Users\wararyo\Git\M5StopWatch-wararyoLauncher\.pio\build\m5stopwatch-measure\wpa_su
pplicant\src\crypto\sha256-kdf.c.o`
[WinError 2] 指定されたファイルが見つかりません。: 'C:\\Users\\wararyo\\Git\\M5StopWatch-wararyoLauncher\\.pio\\build\\m5stopwatch-measur
e\\wpa_supplicant\\src\\crypto\\sha256-prf.c.o' 
Please manually remove the file `C:\Users\wararyo\Git\M5StopWatch-wararyoLauncher\.pio\build\m5stopwatch-measure\wpa_su
pplicant\src\crypto\sha256-prf.c.o`
[WinError 2] 指定されたファイルが見つかりません。: 'C:\\Users\\wararyo\\Git\\M5StopWatch-wararyoLauncher\\.pio\\build\\m5stopwatch-measur
e\\wpa_supplicant\\src\\eap_peer\\eap.c.o' 
Please manually remove the file `C:\Users\wararyo\Git\M5StopWatch-wararyoLauncher\.pio\build\m5stopwatch-measure\wpa_su
pplicant\src\eap_peer\eap.c.o`
[WinError 2] 指定されたファイルが見つかりません。: 'C:\\Users\\wararyo\\Git\\M5StopWatch-wararyoLauncher\\.pio\\build\\m5stopwatch-measur
e\\wpa_supplicant\\src\\eap_peer\\eap_common.c.o' 
Please manually remove the file `C:\Users\wararyo\Git\M5StopWatch-wararyoLauncher\.pio\build\m5stopwatch-measure\wpa_su
pplicant\src\eap_peer\eap_common.c.o`
[WinError 2] 指定されたファイルが見つかりません。: 'C:\\Users\\wararyo\\Git\\M5StopWatch-wararyoLauncher\\.pio\\build\\m5stopwatch-measur
e\\wpa_supplicant\\src\\eap_peer\\eap_fast.c.o' 
Please manually remove the file `C:\Users\wararyo\Git\M5StopWatch-wararyoLauncher\.pio\build\m5stopwatch-measure\wpa_su
pplicant\src\eap_peer\eap_fast.c.o`
[WinError 2] 指定されたファイルが見つかりません。: 'C:\\Users\\wararyo\\Git\\M5StopWatch-wararyoLauncher\\.pio\\build\\m5stopwatch-measur
e\\wpa_supplicant\\src\\eap_peer\\eap_fast_common.c.o' 
Please manually remove the file `C:\Users\wararyo\Git\M5StopWatch-wararyoLauncher\.pio\build\m5stopwatch-measure\wpa_su
pplicant\src\eap_peer\eap_fast_common.c.o`
[WinError 2] 指定されたファイルが見つかりません。: 'C:\\Users\\wararyo\\Git\\M5StopWatch-wararyoLauncher\\.pio\\build\\m5stopwatch-measur
e\\wpa_supplicant\\src\\eap_peer\\eap_fast_pac.c.o' 
Please manually remove the file `C:\Users\wararyo\Git\M5StopWatch-wararyoLauncher\.pio\build\m5stopwatch-measure\wpa_su
pplicant\src\eap_peer\eap_fast_pac.c.o`
[WinError 2] 指定されたファイルが見つかりません。: 'C:\\Users\\wararyo\\Git\\M5StopWatch-wararyoLauncher\\.pio\\build\\m5stopwatch-measur
e\\wpa_supplicant\\src\\eap_peer\\eap_mschapv2.c.o' 
Please manually remove the file `C:\Users\wararyo\Git\M5StopWatch-wararyoLauncher\.pio\build\m5stopwatch-measure\wpa_su
pplicant\src\eap_peer\eap_mschapv2.c.o`
[WinError 2] 指定されたファイルが見つかりません。: 'C:\\Users\\wararyo\\Git\\M5StopWatch-wararyoLauncher\\.pio\\build\\m5stopwatch-measur
e\\wpa_supplicant\\src\\eap_peer\\eap_peap.c.o' 
Please manually remove the file `C:\Users\wararyo\Git\M5StopWatch-wararyoLauncher\.pio\build\m5stopwatch-measure\wpa_su
pplicant\src\eap_peer\eap_peap.c.o`
[WinError 2] 指定されたファイルが見つかりません。: 'C:\\Users\\wararyo\\Git\\M5StopWatch-wararyoLauncher\\.pio\\build\\m5stopwatch-measur
e\\wpa_supplicant\\src\\eap_peer\\eap_peap_common.c.o' 
Please manually remove the file `C:\Users\wararyo\Git\M5StopWatch-wararyoLauncher\.pio\build\m5stopwatch-measure\wpa_su
pplicant\src\eap_peer\eap_peap_common.c.o`
[WinError 3] 指定されたパスが見つかりません。: 'C:\\Users\\wararyo\\Git\\M5StopWatch-wararyoLauncher\\.pio\\build\\m5stopwatch-measure\
\wpa_supplicant\\src\\eap_peer\\eap_tls.c.o' 
Please manually remove the file `C:\Users\wararyo\Git\M5StopWatch-wararyoLauncher\.pio\build\m5stopwatch-measure\wpa_su
pplicant\src\eap_peer\eap_tls.c.o`
[WinError 3] 指定されたパスが見つかりません。: 'C:\\Users\\wararyo\\Git\\M5StopWatch-wararyoLauncher\\.pio\\build\\m5stopwatch-measure\
\wpa_supplicant\\src\\eap_peer\\eap_tls_common.c.o' 
Please manually remove the file `C:\Users\wararyo\Git\M5StopWatch-wararyoLauncher\.pio\build\m5stopwatch-measure\wpa_su
pplicant\src\eap_peer\eap_tls_common.c.o`
[WinError 3] 指定されたパスが見つかりません。: 'C:\\Users\\wararyo\\Git\\M5StopWatch-wararyoLauncher\\.pio\\build\\m5stopwatch-measure\
\wpa_supplicant\\src\\eap_peer\\eap_ttls.c.o' 
Please manually remove the file `C:\Users\wararyo\Git\M5StopWatch-wararyoLauncher\.pio\build\m5stopwatch-measure\wpa_su
pplicant\src\eap_peer\eap_ttls.c.o`
[WinError 3] 指定されたパスが見つかりません。: 'C:\\Users\\wararyo\\Git\\M5StopWatch-wararyoLauncher\\.pio\\build\\m5stopwatch-measure\
\wpa_supplicant\\src\\eap_peer\\mschapv2.c.o' 
Please manually remove the file `C:\Users\wararyo\Git\M5StopWatch-wararyoLauncher\.pio\build\m5stopwatch-measure\wpa_su
pplicant\src\eap_peer\mschapv2.c.o`
[WinError 2] 指定されたファイルが見つかりません。: 'C:\\Users\\wararyo\\Git\\M5StopWatch-wararyoLauncher\\.pio\\build\\m5stopwatch-measur
e\\wpa_supplicant\\src\\eap_peer' 
Please manually remove the file `C:\Users\wararyo\Git\M5StopWatch-wararyoLauncher\.pio\build\m5stopwatch-measure\wpa_su
pplicant\src\eap_peer`
[WinError 3] 指定されたパスが見つかりません。: 'C:\\Users\\wararyo\\Git\\M5StopWatch-wararyoLauncher\\.pio\\build\\m5stopwatch-measure\
\wpa_supplicant\\src\\rsn_supp\\wpa_ie.c.o' 
Please manually remove the file `C:\Users\wararyo\Git\M5StopWatch-wararyoLauncher\.pio\build\m5stopwatch-measure\wpa_su
pplicant\src\rsn_supp\wpa_ie.c.o`
[WinError 2] 指定されたファイルが見つかりません。: 'C:\\Users\\wararyo\\Git\\M5StopWatch-wararyoLauncher\\.pio\\build\\m5stopwatch-measur
e\\wpa_supplicant\\src\\rsn_supp' 
Please manually remove the file `C:\Users\wararyo\Git\M5StopWatch-wararyoLauncher\.pio\build\m5stopwatch-measure\wpa_su
pplicant\src\rsn_supp`
[WinError 2] 指定されたファイルが見つかりません。: 'C:\\Users\\wararyo\\Git\\M5StopWatch-wararyoLauncher\\.pio\\build\\m5stopwatch-measur
e\\wpa_supplicant\\src\\utils\\bitfield.c.o' 
Please manually remove the file `C:\Users\wararyo\Git\M5StopWatch-wararyoLauncher\.pio\build\m5stopwatch-measure\wpa_su
pplicant\src\utils\bitfield.c.o`
[WinError 2] 指定されたファイルが見つかりません。: 'C:\\Users\\wararyo\\Git\\M5StopWatch-wararyoLauncher\\.pio\\build\\m5stopwatch-measur
e\\wpa_supplicant\\src\\utils\\common.c.o' 
Please manually remove the file `C:\Users\wararyo\Git\M5StopWatch-wararyoLauncher\.pio\build\m5stopwatch-measure\wpa_su
pplicant\src\utils\common.c.o`
[WinError 2] 指定されたファイルが見つかりません。: 'C:\\Users\\wararyo\\Git\\M5StopWatch-wararyoLauncher\\.pio\\build\\m5stopwatch-measur
e\\wpa_supplicant\\src\\utils\\ext_password.c.o' 
Please manually remove the file `C:\Users\wararyo\Git\M5StopWatch-wararyoLauncher\.pio\build\m5stopwatch-measure\wpa_su
pplicant\src\utils\ext_password.c.o`
[WinError 2] 指定されたファイルが見つかりません。: 'C:\\Users\\wararyo\\Git\\M5StopWatch-wararyoLauncher\\.pio\\build\\m5stopwatch-measur
e\\wpa_supplicant\\src\\utils\\json.c.o' 
Please manually remove the file `C:\Users\wararyo\Git\M5StopWatch-wararyoLauncher\.pio\build\m5stopwatch-measure\wpa_su
pplicant\src\utils\json.c.o`
[WinError 3] 指定されたパスが見つかりません。: 'C:\\Users\\wararyo\\Git\\M5StopWatch-wararyoLauncher\\.pio\\build\\m5stopwatch-measure\
\wpa_supplicant\\src\\utils\\uuid.c.o' 
Please manually remove the file `C:\Users\wararyo\Git\M5StopWatch-wararyoLauncher\.pio\build\m5stopwatch-measure\wpa_su
pplicant\src\utils\uuid.c.o`
[WinError 3] 指定されたパスが見つかりません。: 'C:\\Users\\wararyo\\Git\\M5StopWatch-wararyoLauncher\\.pio\\build\\m5stopwatch-measure\
\wpa_supplicant\\src\\utils\\wpabuf.c.o' 
Please manually remove the file `C:\Users\wararyo\Git\M5StopWatch-wararyoLauncher\.pio\build\m5stopwatch-measure\wpa_su
pplicant\src\utils\wpabuf.c.o`
[WinError 3] 指定されたパスが見つかりません。: 'C:\\Users\\wararyo\\Git\\M5StopWatch-wararyoLauncher\\.pio\\build\\m5stopwatch-measure\
\wpa_supplicant\\src\\utils\\wpa_debug.c.o' 
Please manually remove the file `C:\Users\wararyo\Git\M5StopWatch-wararyoLauncher\.pio\build\m5stopwatch-measure\wpa_su
pplicant\src\utils\wpa_debug.c.o`
[WinError 2] 指定されたファイルが見つかりません。: 'C:\\Users\\wararyo\\Git\\M5StopWatch-wararyoLauncher\\.pio\\build\\m5stopwatch-measur
e\\wpa_supplicant\\src\\utils' 
Please manually remove the file `C:\Users\wararyo\Git\M5StopWatch-wararyoLauncher\.pio\build\m5stopwatch-measure\wpa_su
pplicant\src\utils`
[WinError 2] 指定されたファイルが見つかりません。: 'C:\\Users\\wararyo\\Git\\M5StopWatch-wararyoLauncher\\.pio\\build\\m5stopwatch-measur
e\\wpa_supplicant\\src\\wps\\wps_attr_build.c.o' 
Please manually remove the file `C:\Users\wararyo\Git\M5StopWatch-wararyoLauncher\.pio\build\m5stopwatch-measure\wpa_su
pplicant\src\wps\wps_attr_build.c.o`
[WinError 2] 指定されたファイルが見つかりません。: 'C:\\Users\\wararyo\\Git\\M5StopWatch-wararyoLauncher\\.pio\\build\\m5stopwatch-measur
e\\wpa_supplicant\\src\\wps\\wps_attr_parse.c.o' 
Please manually remove the file `C:\Users\wararyo\Git\M5StopWatch-wararyoLauncher\.pio\build\m5stopwatch-measure\wpa_su
pplicant\src\wps\wps_attr_parse.c.o`
[WinError 2] 指定されたファイルが見つかりません。: 'C:\\Users\\wararyo\\Git\\M5StopWatch-wararyoLauncher\\.pio\\build\\m5stopwatch-measur
e\\wpa_supplicant\\src\\wps\\wps_attr_process.c.o' 
Please manually remove the file `C:\Users\wararyo\Git\M5StopWatch-wararyoLauncher\.pio\build\m5stopwatch-measure\wpa_su
pplicant\src\wps\wps_attr_process.c.o`
[WinError 2] 指定されたファイルが見つかりません。: 'C:\\Users\\wararyo\\Git\\M5StopWatch-wararyoLauncher\\.pio\\build\\m5stopwatch-measur
e\\wpa_supplicant\\src\\wps\\wps_common.c.o' 
Please manually remove the file `C:\Users\wararyo\Git\M5StopWatch-wararyoLauncher\.pio\build\m5stopwatch-measure\wpa_su
pplicant\src\wps\wps_common.c.o`
[WinError 3] 指定されたパスが見つかりません。: 'C:\\Users\\wararyo\\Git\\M5StopWatch-wararyoLauncher\\.pio\\build\\m5stopwatch-measure\
\wpa_supplicant\\src\\wps\\wps_dev_attr.c.o' 
Please manually remove the file `C:\Users\wararyo\Git\M5StopWatch-wararyoLauncher\.pio\build\m5stopwatch-measure\wpa_su
pplicant\src\wps\wps_dev_attr.c.o`
[WinError 3] 指定されたパスが見つかりません。: 'C:\\Users\\wararyo\\Git\\M5StopWatch-wararyoLauncher\\.pio\\build\\m5stopwatch-measure\
\wpa_supplicant\\src\\wps\\wps_enrollee.c.o' 
Please manually remove the file `C:\Users\wararyo\Git\M5StopWatch-wararyoLauncher\.pio\build\m5stopwatch-measure\wpa_su
pplicant\src\wps\wps_enrollee.c.o`
[WinError 3] 指定されたパスが見つかりません。: 'C:\\Users\\wararyo\\Git\\M5StopWatch-wararyoLauncher\\.pio\\build\\m5stopwatch-measure\
\wpa_supplicant\\src\\wps' 
Please manually remove the file `C:\Users\wararyo\Git\M5StopWatch-wararyoLauncher\.pio\build\m5stopwatch-measure\wpa_su
pplicant\src\wps`
[WinError 3] 指定されたパスが見つかりません。: 'C:\\Users\\wararyo\\Git\\M5StopWatch-wararyoLauncher\\.pio\\build\\m5stopwatch-measure\
\wpa_supplicant\\src' 
Please manually remove the file `C:\Users\wararyo\Git\M5StopWatch-wararyoLauncher\.pio\build\m5stopwatch-measure\wpa_su
pplicant\src`
[WinError 2] 指定されたファイルが見つかりません。: 'C:\\Users\\wararyo\\Git\\M5StopWatch-wararyoLauncher\\.pio\\build\\m5stopwatch-measur
e\\wpa_supplicant' 
Please manually remove the file `C:\Users\wararyo\Git\M5StopWatch-wararyoLauncher\.pio\build\m5stopwatch-measure\wpa_su
pplicant`
[WinError 2] 指定されたファイルが見つかりません。: 'C:\\Users\\wararyo\\Git\\M5StopWatch-wararyoLauncher\\.pio\\build\\m5stopwatch-measur
e\\x509_crt_bundle' 
Please manually remove the file `C:\Users\wararyo\Git\M5StopWatch-wararyoLauncher\.pio\build\m5stopwatch-measure\x509_c
rt_bundle`
[WinError 2] 指定されたファイルが見つかりません。: 'C:\\Users\\wararyo\\Git\\M5StopWatch-wararyoLauncher\\.pio\\build\\m5stopwatch-measur
e\\x509_crt_bundle.S' 
Please manually remove the file `C:\Users\wararyo\Git\M5StopWatch-wararyoLauncher\.pio\build\m5stopwatch-measure\x509_c
rt_bundle.S`
[WinError 2] 指定されたファイルが見つかりません。: 'C:\\Users\\wararyo\\Git\\M5StopWatch-wararyoLauncher\\.pio\\build\\m5stopwatch-measur
e\\xtensa\\xtensa_vectors.S.o' 
Please manually remove the file `C:\Users\wararyo\Git\M5StopWatch-wararyoLauncher\.pio\build\m5stopwatch-measure\xtensa
\xtensa_vectors.S.o`
[WinError 3] 指定されたパスが見つかりません。: 'C:\\Users\\wararyo\\Git\\M5StopWatch-wararyoLauncher\\.pio\\build\\m5stopwatch-measure\
\xtensa\\xt_trax.c.o' 
Please manually remove the file `C:\Users\wararyo\Git\M5StopWatch-wararyoLauncher\.pio\build\m5stopwatch-measure\xtensa
\xt_trax.c.o`
[WinError 3] 指定されたパスが見つかりません。: 'C:\\Users\\wararyo\\Git\\M5StopWatch-wararyoLauncher\\.pio\\build\\m5stopwatch-measure\
\xtensa' 
Please manually remove the file `C:\Users\wararyo\Git\M5StopWatch-wararyoLauncher\.pio\build\m5stopwatch-measure\xtensa
`
[WinError 2] 指定されたファイルが見つかりません。: 'C:\\Users\\wararyo\\Git\\M5StopWatch-wararyoLauncher\\.pio\\build\\m5stopwatch-measur
e' 
Please manually remove the file `C:\Users\wararyo\Git\M5StopWatch-wararyoLauncher\.pio\build\m5stopwatch-measure`
[WinError 2] 指定されたファイルが見つかりません。: 'C:\\Users\\wararyo\\Git\\M5StopWatch-wararyoLauncher\\.pio\\build\\m5stopwatch-render
-check\\.cmake\\api\\v1\\reply\\codemodel-v2-e2afe04451dfbe2d82a0.json' 
Please manually remove the file `C:\Users\wararyo\Git\M5StopWatch-wararyoLauncher\.pio\build\m5stopwatch-render-check\.
cmake\api\v1\reply\codemodel-v2-e2afe04451dfbe2d82a0.json`
[WinError 2] 指定されたファイルが見つかりません。: 'C:\\Users\\wararyo\\Git\\M5StopWatch-wararyoLauncher\\.pio\\build\\m5stopwatch-render
-check\\.cmake\\api\\v1\\reply\\directory-.-d0094a50bb2071803777.json' 
Please manually remove the file `C:\Users\wararyo\Git\M5StopWatch-wararyoLauncher\.pio\build\m5stopwatch-render-check\.
cmake\api\v1\reply\directory-.-d0094a50bb2071803777.json`
[WinError 2] 指定されたファイルが見つかりません。: 'C:\\Users\\wararyo\\Git\\M5StopWatch-wararyoLauncher\\.pio\\build\\m5stopwatch-render
-check\\.cmake\\api\\v1\\reply\\directory-esp-idf-a6810ba956cf271c6eab.json' 
Please manually remove the file `C:\Users\wararyo\Git\M5StopWatch-wararyoLauncher\.pio\build\m5stopwatch-render-check\.
cmake\api\v1\reply\directory-esp-idf-a6810ba956cf271c6eab.json`
[WinError 2] 指定されたファイルが見つかりません。: 'C:\\Users\\wararyo\\Git\\M5StopWatch-wararyoLauncher\\.pio\\build\\m5stopwatch-render
-check\\.cmake\\api\\v1\\reply\\directory-esp-idf.app_trace-b9530ebf10bdb40cf576.json' 
Please manually remove the file `C:\Users\wararyo\Git\M5StopWatch-wararyoLauncher\.pio\build\m5stopwatch-render-check\.
cmake\api\v1\reply\directory-esp-idf.app_trace-b9530ebf10bdb40cf576.json`
[WinError 2] 指定されたファイルが見つかりません。: 'C:\\Users\\wararyo\\Git\\M5StopWatch-wararyoLauncher\\.pio\\build\\m5stopwatch-render
-check\\.cmake\\api\\v1\\reply\\directory-esp-idf.app_update-863d817e496cd3bee1bf.json' 
Please manually remove the file `C:\Users\wararyo\Git\M5StopWatch-wararyoLauncher\.pio\build\m5stopwatch-render-check\.
cmake\api\v1\reply\directory-esp-idf.app_update-863d817e496cd3bee1bf.json`
[WinError 2] 指定されたファイルが見つかりません。: 'C:\\Users\\wararyo\\Git\\M5StopWatch-wararyoLauncher\\.pio\\build\\m5stopwatch-render
-check\\.cmake\\api\\v1\\reply\\directory-esp-idf.bootloader-0dd7750c4158d3183af4.json' 
Please manually remove the file `C:\Users\wararyo\Git\M5StopWatch-wararyoLauncher\.pio\build\m5stopwatch-render-check\.
cmake\api\v1\reply\directory-esp-idf.bootloader-0dd7750c4158d3183af4.json`
[WinError 2] 指定されたファイルが見つかりません。: 'C:\\Users\\wararyo\\Git\\M5StopWatch-wararyoLauncher\\.pio\\build\\m5stopwatch-render
-check\\.cmake\\api\\v1\\reply\\directory-esp-idf.bootloader_support-bd6695d253d7d4d5c286.json' 
Please manually remove the file `C:\Users\wararyo\Git\M5StopWatch-wararyoLauncher\.pio\build\m5stopwatch-render-check\.
cmake\api\v1\reply\directory-esp-idf.bootloader_support-bd6695d253d7d4d5c286.json`
[WinError 2] 指定されたファイルが見つかりません。: 'C:\\Users\\wararyo\\Git\\M5StopWatch-wararyoLauncher\\.pio\\build\\m5stopwatch-render
-check\\.cmake\\api\\v1\\reply\\directory-esp-idf.bt-d06b9572f79295941da8.json' 
Please manually remove the file `C:\Users\wararyo\Git\M5StopWatch-wararyoLauncher\.pio\build\m5stopwatch-render-check\.
cmake\api\v1\reply\directory-esp-idf.bt-d06b9572f79295941da8.json`
[WinError 2] 指定されたファイルが見つかりません。: 'C:\\Users\\wararyo\\Git\\M5StopWatch-wararyoLauncher\\.pio\\build\\m5stopwatch-render
-check\\.cmake\\api\\v1\\reply\\directory-esp-idf.cmock-8e9af9160301df7d9d4f.json' 
Please manually remove the file `C:\Users\wararyo\Git\M5StopWatch-wararyoLauncher\.pio\build\m5stopwatch-render-check\.
cmake\api\v1\reply\directory-esp-idf.cmock-8e9af9160301df7d9d4f.json`
[WinError 2] 指定されたファイルが見つかりません。: 'C:\\Users\\wararyo\\Git\\M5StopWatch-wararyoLauncher\\.pio\\build\\m5stopwatch-render
-check\\.cmake\\api\\v1\\reply\\directory-esp-idf.console-18f5debe6919c1dee4ce.json' 
Please manually remove the file `C:\Users\wararyo\Git\M5StopWatch-wararyoLauncher\.pio\build\m5stopwatch-render-check\.
cmake\api\v1\reply\directory-esp-idf.console-18f5debe6919c1dee4ce.json`
[WinError 2] 指定されたファイルが見つかりません。: 'C:\\Users\\wararyo\\Git\\M5StopWatch-wararyoLauncher\\.pio\\build\\m5stopwatch-render
-check\\.cmake\\api\\v1\\reply\\directory-esp-idf.cxx-37dad7202ad97fa55dcf.json' 
Please manually remove the file `C:\Users\wararyo\Git\M5StopWatch-wararyoLauncher\.pio\build\m5stopwatch-render-check\.
cmake\api\v1\reply\directory-esp-idf.cxx-37dad7202ad97fa55dcf.json`
[WinError 2] 指定されたファイルが見つかりません。: 'C:\\Users\\wararyo\\Git\\M5StopWatch-wararyoLauncher\\.pio\\build\\m5stopwatch-render
-check\\.cmake\\api\\v1\\reply\\directory-esp-idf.driver-69a61ea0b0546d9b6c7c.json' 
Please manually remove the file `C:\Users\wararyo\Git\M5StopWatch-wararyoLauncher\.pio\build\m5stopwatch-render-check\.
cmake\api\v1\reply\directory-esp-idf.driver-69a61ea0b0546d9b6c7c.json`
[WinError 2] 指定されたファイルが見つかりません。: 'C:\\Users\\wararyo\\Git\\M5StopWatch-wararyoLauncher\\.pio\\build\\m5stopwatch-render
-check\\.cmake\\api\\v1\\reply\\directory-esp-idf.efuse-1ec51965320626b3956c.json' 
Please manually remove the file `C:\Users\wararyo\Git\M5StopWatch-wararyoLauncher\.pio\build\m5stopwatch-render-check\.
cmake\api\v1\reply\directory-esp-idf.efuse-1ec51965320626b3956c.json`
[WinError 2] 指定されたファイルが見つかりません。: 'C:\\Users\\wararyo\\Git\\M5StopWatch-wararyoLauncher\\.pio\\build\\m5stopwatch-render
-check\\.cmake\\api\\v1\\reply\\directory-esp-idf.esp-tls-9bae963a580a62781d17.json' 
Please manually remove the file `C:\Users\wararyo\Git\M5StopWatch-wararyoLauncher\.pio\build\m5stopwatch-render-check\.
cmake\api\v1\reply\directory-esp-idf.esp-tls-9bae963a580a62781d17.json`
[WinError 2] 指定されたファイルが見つかりません。: 'C:\\Users\\wararyo\\Git\\M5StopWatch-wararyoLauncher\\.pio\\build\\m5stopwatch-render
-check\\.cmake\\api\\v1\\reply\\directory-esp-idf.espcoredump-e8f8665a2f7d9573259a.json' 
Please manually remove the file `C:\Users\wararyo\Git\M5StopWatch-wararyoLauncher\.pio\build\m5stopwatch-render-check\.
cmake\api\v1\reply\directory-esp-idf.espcoredump-e8f8665a2f7d9573259a.json`
[WinError 2] 指定されたファイルが見つかりません。: 'C:\\Users\\wararyo\\Git\\M5StopWatch-wararyoLauncher\\.pio\\build\\m5stopwatch-render
-check\\.cmake\\api\\v1\\reply\\directory-esp-idf.esptool_py-ce05c7ea114dceb2103a.json' 
Please manually remove the file `C:\Users\wararyo\Git\M5StopWatch-wararyoLauncher\.pio\build\m5stopwatch-render-check\.
cmake\api\v1\reply\directory-esp-idf.esptool_py-ce05c7ea114dceb2103a.json`
[WinError 2] 指定されたファイルが見つかりません。: 'C:\\Users\\wararyo\\Git\\M5StopWatch-wararyoLauncher\\.pio\\build\\m5stopwatch-render
-check\\.cmake\\api\\v1\\reply\\directory-esp-idf.esp_adc-1084998c91c41d15ec0a.json' 
Please manually remove the file `C:\Users\wararyo\Git\M5StopWatch-wararyoLauncher\.pio\build\m5stopwatch-render-check\.
cmake\api\v1\reply\directory-esp-idf.esp_adc-1084998c91c41d15ec0a.json`
[WinError 2] 指定されたファイルが見つかりません。: 'C:\\Users\\wararyo\\Git\\M5StopWatch-wararyoLauncher\\.pio\\build\\m5stopwatch-render
-check\\.cmake\\api\\v1\\reply\\directory-esp-idf.esp_app_format-8ea574645827248f7933.json' 
Please manually remove the file `C:\Users\wararyo\Git\M5StopWatch-wararyoLauncher\.pio\build\m5stopwatch-render-check\.
cmake\api\v1\reply\directory-esp-idf.esp_app_format-8ea574645827248f7933.json`
[WinError 2] 指定されたファイルが見つかりません。: 'C:\\Users\\wararyo\\Git\\M5StopWatch-wararyoLauncher\\.pio\\build\\m5stopwatch-render
-check\\.cmake\\api\\v1\\reply\\directory-esp-idf.esp_bootloader_format-28a7f2888ccf2c8867dc.json' 
Please manually remove the file `C:\Users\wararyo\Git\M5StopWatch-wararyoLauncher\.pio\build\m5stopwatch-render-check\.
cmake\api\v1\reply\directory-esp-idf.esp_bootloader_format-28a7f2888ccf2c8867dc.json`
[WinError 2] 指定されたファイルが見つかりません。: 'C:\\Users\\wararyo\\Git\\M5StopWatch-wararyoLauncher\\.pio\\build\\m5stopwatch-render
-check\\.cmake\\api\\v1\\reply\\directory-esp-idf.esp_coex-4ac2ebcc69b034544935.json' 
Please manually remove the file `C:\Users\wararyo\Git\M5StopWatch-wararyoLauncher\.pio\build\m5stopwatch-render-check\.
cmake\api\v1\reply\directory-esp-idf.esp_coex-4ac2ebcc69b034544935.json`
[WinError 2] 指定されたファイルが見つかりません。: 'C:\\Users\\wararyo\\Git\\M5StopWatch-wararyoLauncher\\.pio\\build\\m5stopwatch-render
-check\\.cmake\\api\\v1\\reply\\directory-esp-idf.esp_common-c2d7daf54b784fab5e5b.json' 
Please manually remove the file `C:\Users\wararyo\Git\M5StopWatch-wararyoLauncher\.pio\build\m5stopwatch-render-check\.
cmake\api\v1\reply\directory-esp-idf.esp_common-c2d7daf54b784fab5e5b.json`
[WinError 2] 指定されたファイルが見つかりません。: 'C:\\Users\\wararyo\\Git\\M5StopWatch-wararyoLauncher\\.pio\\build\\m5stopwatch-render
-check\\.cmake\\api\\v1\\reply\\directory-esp-idf.esp_driver_ana_cmpr-d36b77b9a021266dc358.json' 
Please manually remove the file `C:\Users\wararyo\Git\M5StopWatch-wararyoLauncher\.pio\build\m5stopwatch-render-check\.
cmake\api\v1\reply\directory-esp-idf.esp_driver_ana_cmpr-d36b77b9a021266dc358.json`
[WinError 2] 指定されたファイルが見つかりません。: 'C:\\Users\\wararyo\\Git\\M5StopWatch-wararyoLauncher\\.pio\\build\\m5stopwatch-render
-check\\.cmake\\api\\v1\\reply\\directory-esp-idf.esp_driver_bitscrambler-de2f3b785e4c8e692a57.json' 
Please manually remove the file `C:\Users\wararyo\Git\M5StopWatch-wararyoLauncher\.pio\build\m5stopwatch-render-check\.
cmake\api\v1\reply\directory-esp-idf.esp_driver_bitscrambler-de2f3b785e4c8e692a57.json`
[WinError 2] 指定されたファイルが見つかりません。: 'C:\\Users\\wararyo\\Git\\M5StopWatch-wararyoLauncher\\.pio\\build\\m5stopwatch-render
-check\\.cmake\\api\\v1\\reply\\directory-esp-idf.esp_driver_cam-43bc0a2ecf91b17ce916.json' 
Please manually remove the file `C:\Users\wararyo\Git\M5StopWatch-wararyoLauncher\.pio\build\m5stopwatch-render-check\.
cmake\api\v1\reply\directory-esp-idf.esp_driver_cam-43bc0a2ecf91b17ce916.json`
[WinError 2] 指定されたファイルが見つかりません。: 'C:\\Users\\wararyo\\Git\\M5StopWatch-wararyoLauncher\\.pio\\build\\m5stopwatch-render
-check\\.cmake\\api\\v1\\reply\\directory-esp-idf.esp_driver_dac-7e12dd44186335889fb8.json' 
Please manually remove the file `C:\Users\wararyo\Git\M5StopWatch-wararyoLauncher\.pio\build\m5stopwatch-render-check\.
cmake\api\v1\reply\directory-esp-idf.esp_driver_dac-7e12dd44186335889fb8.json`
[WinError 2] 指定されたファイルが見つかりません。: 'C:\\Users\\wararyo\\Git\\M5StopWatch-wararyoLauncher\\.pio\\build\\m5stopwatch-render
-check\\.cmake\\api\\v1\\reply\\directory-esp-idf.esp_driver_gpio-1792e7eca25f2a3fccc9.json' 
Please manually remove the file `C:\Users\wararyo\Git\M5StopWatch-wararyoLauncher\.pio\build\m5stopwatch-render-check\.
cmake\api\v1\reply\directory-esp-idf.esp_driver_gpio-1792e7eca25f2a3fccc9.json`
[WinError 2] 指定されたファイルが見つかりません。: 'C:\\Users\\wararyo\\Git\\M5StopWatch-wararyoLauncher\\.pio\\build\\m5stopwatch-render
-check\\.cmake\\api\\v1\\reply\\directory-esp-idf.esp_driver_gptimer-4c999813b6e2146029c1.json' 
Please manually remove the file `C:\Users\wararyo\Git\M5StopWatch-wararyoLauncher\.pio\build\m5stopwatch-render-check\.
cmake\api\v1\reply\directory-esp-idf.esp_driver_gptimer-4c999813b6e2146029c1.json`
[WinError 3] 指定されたパスが見つかりません。: 'C:\\Users\\wararyo\\Git\\M5StopWatch-wararyoLauncher\\.pio\\build\\m5stopwatch-render-c
heck\\.cmake\\api\\v1\\reply\\directory-esp-idf.esp_driver_i2c-2f8e5b719adcdaceaec8.json' 
Please manually remove the file `C:\Users\wararyo\Git\M5StopWatch-wararyoLauncher\.pio\build\m5stopwatch-render-check\.
cmake\api\v1\reply\directory-esp-idf.esp_driver_i2c-2f8e5b719adcdaceaec8.json`
[WinError 3] 指定されたパスが見つかりません。: 'C:\\Users\\wararyo\\Git\\M5StopWatch-wararyoLauncher\\.pio\\build\\m5stopwatch-render-c
heck\\.cmake\\api\\v1\\reply\\directory-esp-idf.esp_driver_i2s-ddf06c08dc50b692fe04.json' 
Please manually remove the file `C:\Users\wararyo\Git\M5StopWatch-wararyoLauncher\.pio\build\m5stopwatch-render-check\.
cmake\api\v1\reply\directory-esp-idf.esp_driver_i2s-ddf06c08dc50b692fe04.json`
[WinError 3] 指定されたパスが見つかりません。: 'C:\\Users\\wararyo\\Git\\M5StopWatch-wararyoLauncher\\.pio\\build\\m5stopwatch-render-c
heck\\.cmake\\api\\v1\\reply\\directory-esp-idf.esp_driver_isp-fc18baffc0e41e80ab47.json' 
Please manually remove the file `C:\Users\wararyo\Git\M5StopWatch-wararyoLauncher\.pio\build\m5stopwatch-render-check\.
cmake\api\v1\reply\directory-esp-idf.esp_driver_isp-fc18baffc0e41e80ab47.json`
[WinError 3] 指定されたパスが見つかりません。: 'C:\\Users\\wararyo\\Git\\M5StopWatch-wararyoLauncher\\.pio\\build\\m5stopwatch-render-c
heck\\.cmake\\api\\v1\\reply\\directory-esp-idf.esp_driver_jpeg-de2399531b8155ea956a.json' 
Please manually remove the file `C:\Users\wararyo\Git\M5StopWatch-wararyoLauncher\.pio\build\m5stopwatch-render-check\.
cmake\api\v1\reply\directory-esp-idf.esp_driver_jpeg-de2399531b8155ea956a.json`
[WinError 3] 指定されたパスが見つかりません。: 'C:\\Users\\wararyo\\Git\\M5StopWatch-wararyoLauncher\\.pio\\build\\m5stopwatch-render-c
heck\\.cmake\\api\\v1\\reply\\directory-esp-idf.esp_driver_ledc-b6c91bb292c1ddf840c6.json' 
Please manually remove the file `C:\Users\wararyo\Git\M5StopWatch-wararyoLauncher\.pio\build\m5stopwatch-render-check\.
cmake\api\v1\reply\directory-esp-idf.esp_driver_ledc-b6c91bb292c1ddf840c6.json`
[WinError 3] 指定されたパスが見つかりません。: 'C:\\Users\\wararyo\\Git\\M5StopWatch-wararyoLauncher\\.pio\\build\\m5stopwatch-render-c
heck\\.cmake\\api\\v1\\reply\\directory-esp-idf.esp_driver_mcpwm-ce8d1361befd1005889e.json' 
Please manually remove the file `C:\Users\wararyo\Git\M5StopWatch-wararyoLauncher\.pio\build\m5stopwatch-render-check\.
cmake\api\v1\reply\directory-esp-idf.esp_driver_mcpwm-ce8d1361befd1005889e.json`
[WinError 3] 指定されたパスが見つかりません。: 'C:\\Users\\wararyo\\Git\\M5StopWatch-wararyoLauncher\\.pio\\build\\m5stopwatch-render-c
heck\\.cmake\\api\\v1\\reply\\directory-esp-idf.esp_driver_parlio-4481ff8ff5f3eee0ca18.json' 
Please manually remove the file `C:\Users\wararyo\Git\M5StopWatch-wararyoLauncher\.pio\build\m5stopwatch-render-check\.
cmake\api\v1\reply\directory-esp-idf.esp_driver_parlio-4481ff8ff5f3eee0ca18.json`
[WinError 3] 指定されたパスが見つかりません。: 'C:\\Users\\wararyo\\Git\\M5StopWatch-wararyoLauncher\\.pio\\build\\m5stopwatch-render-c
heck\\.cmake\\api\\v1\\reply\\directory-esp-idf.esp_driver_pcnt-cdf758e8e02e9c31b1e7.json' 
Please manually remove the file `C:\Users\wararyo\Git\M5StopWatch-wararyoLauncher\.pio\build\m5stopwatch-render-check\.
cmake\api\v1\reply\directory-esp-idf.esp_driver_pcnt-cdf758e8e02e9c31b1e7.json`
[WinError 3] 指定されたパスが見つかりません。: 'C:\\Users\\wararyo\\Git\\M5StopWatch-wararyoLauncher\\.pio\\build\\m5stopwatch-render-c
heck\\.cmake\\api\\v1\\reply\\directory-esp-idf.esp_driver_ppa-91b9866b04e723e55d7f.json' 
Please manually remove the file `C:\Users\wararyo\Git\M5StopWatch-wararyoLauncher\.pio\build\m5stopwatch-render-check\.
cmake\api\v1\reply\directory-esp-idf.esp_driver_ppa-91b9866b04e723e55d7f.json`
[WinError 3] 指定されたパスが見つかりません。: 'C:\\Users\\wararyo\\Git\\M5StopWatch-wararyoLauncher\\.pio\\build\\m5stopwatch-render-c
heck\\.cmake\\api\\v1\\reply\\directory-esp-idf.esp_driver_rmt-7a33520a30b2c98a4f14.json' 
Please manually remove the file `C:\Users\wararyo\Git\M5StopWatch-wararyoLauncher\.pio\build\m5stopwatch-render-check\.
cmake\api\v1\reply\directory-esp-idf.esp_driver_rmt-7a33520a30b2c98a4f14.json`
[WinError 3] 指定されたパスが見つかりません。: 'C:\\Users\\wararyo\\Git\\M5StopWatch-wararyoLauncher\\.pio\\build\\m5stopwatch-render-c
heck\\.cmake\\api\\v1\\reply\\directory-esp-idf.esp_driver_sdio-c36daa0a95e109235fb2.json' 
Please manually remove the file `C:\Users\wararyo\Git\M5StopWatch-wararyoLauncher\.pio\build\m5stopwatch-render-check\.
cmake\api\v1\reply\directory-esp-idf.esp_driver_sdio-c36daa0a95e109235fb2.json`
[WinError 3] 指定されたパスが見つかりません。: 'C:\\Users\\wararyo\\Git\\M5StopWatch-wararyoLauncher\\.pio\\build\\m5stopwatch-render-c
heck\\.cmake\\api\\v1\\reply\\directory-esp-idf.esp_driver_sdm-b8d65b5b048fe9b3d987.json' 
Please manually remove the file `C:\Users\wararyo\Git\M5StopWatch-wararyoLauncher\.pio\build\m5stopwatch-render-check\.
cmake\api\v1\reply\directory-esp-idf.esp_driver_sdm-b8d65b5b048fe9b3d987.json`
[WinError 3] 指定されたパスが見つかりません。: 'C:\\Users\\wararyo\\Git\\M5StopWatch-wararyoLauncher\\.pio\\build\\m5stopwatch-render-c
heck\\.cmake\\api\\v1\\reply\\directory-esp-idf.esp_driver_sdmmc-93fe1258030dba03feef.json' 
Please manually remove the file `C:\Users\wararyo\Git\M5StopWatch-wararyoLauncher\.pio\build\m5stopwatch-render-check\.
cmake\api\v1\reply\directory-esp-idf.esp_driver_sdmmc-93fe1258030dba03feef.json`
[WinError 3] 指定されたパスが見つかりません。: 'C:\\Users\\wararyo\\Git\\M5StopWatch-wararyoLauncher\\.pio\\build\\m5stopwatch-render-c
heck\\.cmake\\api\\v1\\reply\\directory-esp-idf.esp_driver_sdspi-f43f9e37659cf63f7a0c.json' 
Please manually remove the file `C:\Users\wararyo\Git\M5StopWatch-wararyoLauncher\.pio\build\m5stopwatch-render-check\.
cmake\api\v1\reply\directory-esp-idf.esp_driver_sdspi-f43f9e37659cf63f7a0c.json`
[WinError 3] 指定されたパスが見つかりません。: 'C:\\Users\\wararyo\\Git\\M5StopWatch-wararyoLauncher\\.pio\\build\\m5stopwatch-render-c
heck\\.cmake\\api\\v1\\reply\\directory-esp-idf.esp_driver_spi-a502645fa73de5b97457.json' 
Please manually remove the file `C:\Users\wararyo\Git\M5StopWatch-wararyoLauncher\.pio\build\m5stopwatch-render-check\.
cmake\api\v1\reply\directory-esp-idf.esp_driver_spi-a502645fa73de5b97457.json`
[WinError 3] 指定されたパスが見つかりません。: 'C:\\Users\\wararyo\\Git\\M5StopWatch-wararyoLauncher\\.pio\\build\\m5stopwatch-render-c
heck\\.cmake\\api\\v1\\reply\\directory-esp-idf.esp_driver_touch_sens-6bcba12e4d3cb9a70a8f.json' 
Please manually remove the file `C:\Users\wararyo\Git\M5StopWatch-wararyoLauncher\.pio\build\m5stopwatch-render-check\.
cmake\api\v1\reply\directory-esp-idf.esp_driver_touch_sens-6bcba12e4d3cb9a70a8f.json`
[WinError 3] 指定されたパスが見つかりません。: 'C:\\Users\\wararyo\\Git\\M5StopWatch-wararyoLauncher\\.pio\\build\\m5stopwatch-render-c
heck\\.cmake\\api\\v1\\reply\\directory-esp-idf.esp_driver_tsens-c911590f266cbf2662e7.json' 
Please manually remove the file `C:\Users\wararyo\Git\M5StopWatch-wararyoLauncher\.pio\build\m5stopwatch-render-check\.
cmake\api\v1\reply\directory-esp-idf.esp_driver_tsens-c911590f266cbf2662e7.json`
[WinError 3] 指定されたパスが見つかりません。: 'C:\\Users\\wararyo\\Git\\M5StopWatch-wararyoLauncher\\.pio\\build\\m5stopwatch-render-c
heck\\.cmake\\api\\v1\\reply\\directory-esp-idf.esp_driver_twai-b9a76c20a044497fd972.json' 
Please manually remove the file `C:\Users\wararyo\Git\M5StopWatch-wararyoLauncher\.pio\build\m5stopwatch-render-check\.
cmake\api\v1\reply\directory-esp-idf.esp_driver_twai-b9a76c20a044497fd972.json`
[WinError 3] 指定されたパスが見つかりません。: 'C:\\Users\\wararyo\\Git\\M5StopWatch-wararyoLauncher\\.pio\\build\\m5stopwatch-render-c
heck\\.cmake\\api\\v1\\reply\\directory-esp-idf.esp_driver_uart-aea983464b674a66ffbc.json' 
Please manually remove the file `C:\Users\wararyo\Git\M5StopWatch-wararyoLauncher\.pio\build\m5stopwatch-render-check\.
cmake\api\v1\reply\directory-esp-idf.esp_driver_uart-aea983464b674a66ffbc.json`
[WinError 3] 指定されたパスが見つかりません。: 'C:\\Users\\wararyo\\Git\\M5StopWatch-wararyoLauncher\\.pio\\build\\m5stopwatch-render-c
heck\\.cmake\\api\\v1\\reply\\directory-esp-idf.esp_driver_usb_serial_jtag-6b601fdaf6e075d0fafd.json' 
Please manually remove the file `C:\Users\wararyo\Git\M5StopWatch-wararyoLauncher\.pio\build\m5stopwatch-render-check\.
cmake\api\v1\reply\directory-esp-idf.esp_driver_usb_serial_jtag-6b601fdaf6e075d0fafd.json`
[WinError 3] 指定されたパスが見つかりません。: 'C:\\Users\\wararyo\\Git\\M5StopWatch-wararyoLauncher\\.pio\\build\\m5stopwatch-render-c
heck\\.cmake\\api\\v1\\reply\\directory-esp-idf.esp_eth-1ff21c07bf7ae8d9cca6.json' 
Please manually remove the file `C:\Users\wararyo\Git\M5StopWatch-wararyoLauncher\.pio\build\m5stopwatch-render-check\.
cmake\api\v1\reply\directory-esp-idf.esp_eth-1ff21c07bf7ae8d9cca6.json`
[WinError 3] 指定されたパスが見つかりません。: 'C:\\Users\\wararyo\\Git\\M5StopWatch-wararyoLauncher\\.pio\\build\\m5stopwatch-render-c
heck\\.cmake\\api\\v1\\reply\\directory-esp-idf.esp_event-9cf8a97bc0d19f959b69.json' 
Please manually remove the file `C:\Users\wararyo\Git\M5StopWatch-wararyoLauncher\.pio\build\m5stopwatch-render-check\.
cmake\api\v1\reply\directory-esp-idf.esp_event-9cf8a97bc0d19f959b69.json`
[WinError 3] 指定されたパスが見つかりません。: 'C:\\Users\\wararyo\\Git\\M5StopWatch-wararyoLauncher\\.pio\\build\\m5stopwatch-render-c
heck\\.cmake\\api\\v1\\reply\\directory-esp-idf.esp_gdbstub-b348fe68d8bf289f593e.json' 
Please manually remove the file `C:\Users\wararyo\Git\M5StopWatch-wararyoLauncher\.pio\build\m5stopwatch-render-check\.
cmake\api\v1\reply\directory-esp-idf.esp_gdbstub-b348fe68d8bf289f593e.json`
[WinError 3] 指定されたパスが見つかりません。: 'C:\\Users\\wararyo\\Git\\M5StopWatch-wararyoLauncher\\.pio\\build\\m5stopwatch-render-c
heck\\.cmake\\api\\v1\\reply\\directory-esp-idf.esp_hid-d3550bf44fb5bc590326.json' 
Please manually remove the file `C:\Users\wararyo\Git\M5StopWatch-wararyoLauncher\.pio\build\m5stopwatch-render-check\.
cmake\api\v1\reply\directory-esp-idf.esp_hid-d3550bf44fb5bc590326.json`
[WinError 3] 指定されたパスが見つかりません。: 'C:\\Users\\wararyo\\Git\\M5StopWatch-wararyoLauncher\\.pio\\build\\m5stopwatch-render-c
heck\\.cmake\\api\\v1\\reply\\directory-esp-idf.esp_https_ota-c39de1e10234bd2376d3.json' 
Please manually remove the file `C:\Users\wararyo\Git\M5StopWatch-wararyoLauncher\.pio\build\m5stopwatch-render-check\.
cmake\api\v1\reply\directory-esp-idf.esp_https_ota-c39de1e10234bd2376d3.json`
[WinError 3] 指定されたパスが見つかりません。: 'C:\\Users\\wararyo\\Git\\M5StopWatch-wararyoLauncher\\.pio\\build\\m5stopwatch-render-c
heck\\.cmake\\api\\v1\\reply\\directory-esp-idf.esp_https_server-c3cc4b1408fe14067051.json' 
Please manually remove the file `C:\Users\wararyo\Git\M5StopWatch-wararyoLauncher\.pio\build\m5stopwatch-render-check\.
cmake\api\v1\reply\directory-esp-idf.esp_https_server-c3cc4b1408fe14067051.json`
[WinError 3] 指定されたパスが見つかりません。: 'C:\\Users\\wararyo\\Git\\M5StopWatch-wararyoLauncher\\.pio\\build\\m5stopwatch-render-c
heck\\.cmake\\api\\v1\\reply\\directory-esp-idf.esp_http_client-b5aa5836c3bedcd551c7.json' 
Please manually remove the file `C:\Users\wararyo\Git\M5StopWatch-wararyoLauncher\.pio\build\m5stopwatch-render-check\.
cmake\api\v1\reply\directory-esp-idf.esp_http_client-b5aa5836c3bedcd551c7.json`
[WinError 3] 指定されたパスが見つかりません。: 'C:\\Users\\wararyo\\Git\\M5StopWatch-wararyoLauncher\\.pio\\build\\m5stopwatch-render-c
heck\\.cmake\\api\\v1\\reply\\directory-esp-idf.esp_http_server-5afbeba20748b0b36feb.json' 
Please manually remove the file `C:\Users\wararyo\Git\M5StopWatch-wararyoLauncher\.pio\build\m5stopwatch-render-check\.
cmake\api\v1\reply\directory-esp-idf.esp_http_server-5afbeba20748b0b36feb.json`
[WinError 3] 指定されたパスが見つかりません。: 'C:\\Users\\wararyo\\Git\\M5StopWatch-wararyoLauncher\\.pio\\build\\m5stopwatch-render-c
heck\\.cmake\\api\\v1\\reply\\directory-esp-idf.esp_hw_support-5e66ad8411fdd0c7b3b8.json' 
Please manually remove the file `C:\Users\wararyo\Git\M5StopWatch-wararyoLauncher\.pio\build\m5stopwatch-render-check\.
cmake\api\v1\reply\directory-esp-idf.esp_hw_support-5e66ad8411fdd0c7b3b8.json`
[WinError 3] 指定されたパスが見つかりません。: 'C:\\Users\\wararyo\\Git\\M5StopWatch-wararyoLauncher\\.pio\\build\\m5stopwatch-render-c
heck\\.cmake\\api\\v1\\reply\\directory-esp-idf.esp_hw_support.lowpower-f4543bd46e10cd5fccbb.json' 
Please manually remove the file `C:\Users\wararyo\Git\M5StopWatch-wararyoLauncher\.pio\build\m5stopwatch-render-check\.
cmake\api\v1\reply\directory-esp-idf.esp_hw_support.lowpower-f4543bd46e10cd5fccbb.json`
[WinError 3] 指定されたパスが見つかりません。: 'C:\\Users\\wararyo\\Git\\M5StopWatch-wararyoLauncher\\.pio\\build\\m5stopwatch-render-c
heck\\.cmake\\api\\v1\\reply\\directory-esp-idf.esp_hw_support.mspi_timing_tuning.port.esp32s3-41f220292b4978e604b7.jso
n' 
Please manually remove the file `C:\Users\wararyo\Git\M5StopWatch-wararyoLauncher\.pio\build\m5stopwatch-render-check\.
cmake\api\v1\reply\directory-esp-idf.esp_hw_support.mspi_timing_tuning.port.esp32s3-41f220292b4978e604b7.json`
[WinError 3] 指定されたパスが見つかりません。: 'C:\\Users\\wararyo\\Git\\M5StopWatch-wararyoLauncher\\.pio\\build\\m5stopwatch-render-c
heck\\.cmake\\api\\v1\\reply\\directory-esp-idf.esp_hw_support.port.esp32s3-d72ae147382487f45985.json' 
Please manually remove the file `C:\Users\wararyo\Git\M5StopWatch-wararyoLauncher\.pio\build\m5stopwatch-render-check\.
cmake\api\v1\reply\directory-esp-idf.esp_hw_support.port.esp32s3-d72ae147382487f45985.json`
[WinError 3] 指定されたパスが見つかりません。: 'C:\\Users\\wararyo\\Git\\M5StopWatch-wararyoLauncher\\.pio\\build\\m5stopwatch-render-c
heck\\.cmake\\api\\v1\\reply\\directory-esp-idf.esp_lcd-d5d8da5719e981ecdc8d.json' 
Please manually remove the file `C:\Users\wararyo\Git\M5StopWatch-wararyoLauncher\.pio\build\m5stopwatch-render-check\.
cmake\api\v1\reply\directory-esp-idf.esp_lcd-d5d8da5719e981ecdc8d.json`
[WinError 3] 指定されたパスが見つかりません。: 'C:\\Users\\wararyo\\Git\\M5StopWatch-wararyoLauncher\\.pio\\build\\m5stopwatch-render-c
heck\\.cmake\\api\\v1\\reply\\directory-esp-idf.esp_local_ctrl-384de3b0c6b254e0733d.json' 
Please manually remove the file `C:\Users\wararyo\Git\M5StopWatch-wararyoLauncher\.pio\build\m5stopwatch-render-check\.
cmake\api\v1\reply\directory-esp-idf.esp_local_ctrl-384de3b0c6b254e0733d.json`
[WinError 3] 指定されたパスが見つかりません。: 'C:\\Users\\wararyo\\Git\\M5StopWatch-wararyoLauncher\\.pio\\build\\m5stopwatch-render-c
heck\\.cmake\\api\\v1\\reply\\directory-esp-idf.esp_mm-b0e1c5410d4a4fbb149d.json' 
Please manually remove the file `C:\Users\wararyo\Git\M5StopWatch-wararyoLauncher\.pio\build\m5stopwatch-render-check\.
cmake\api\v1\reply\directory-esp-idf.esp_mm-b0e1c5410d4a4fbb149d.json`
[WinError 3] 指定されたパスが見つかりません。: 'C:\\Users\\wararyo\\Git\\M5StopWatch-wararyoLauncher\\.pio\\build\\m5stopwatch-render-c
heck\\.cmake\\api\\v1\\reply\\directory-esp-idf.esp_netif-1ac40737303f6c9acb6d.json' 
Please manually remove the file `C:\Users\wararyo\Git\M5StopWatch-wararyoLauncher\.pio\build\m5stopwatch-render-check\.
cmake\api\v1\reply\directory-esp-idf.esp_netif-1ac40737303f6c9acb6d.json`
[WinError 3] 指定されたパスが見つかりません。: 'C:\\Users\\wararyo\\Git\\M5StopWatch-wararyoLauncher\\.pio\\build\\m5stopwatch-render-c
heck\\.cmake\\api\\v1\\reply\\directory-esp-idf.esp_netif_stack-737ff11467de1179a54e.json' 
Please manually remove the file `C:\Users\wararyo\Git\M5StopWatch-wararyoLauncher\.pio\build\m5stopwatch-render-check\.
cmake\api\v1\reply\directory-esp-idf.esp_netif_stack-737ff11467de1179a54e.json`
[WinError 3] 指定されたパスが見つかりません。: 'C:\\Users\\wararyo\\Git\\M5StopWatch-wararyoLauncher\\.pio\\build\\m5stopwatch-render-c
heck\\.cmake\\api\\v1\\reply\\directory-esp-idf.esp_partition-090920fa10d06a9b16e0.json' 
Please manually remove the file `C:\Users\wararyo\Git\M5StopWatch-wararyoLauncher\.pio\build\m5stopwatch-render-check\.
cmake\api\v1\reply\directory-esp-idf.esp_partition-090920fa10d06a9b16e0.json`
[WinError 3] 指定されたパスが見つかりません。: 'C:\\Users\\wararyo\\Git\\M5StopWatch-wararyoLauncher\\.pio\\build\\m5stopwatch-render-c
heck\\.cmake\\api\\v1\\reply\\directory-esp-idf.esp_phy-d3f06cc9f040937d1522.json' 
Please manually remove the file `C:\Users\wararyo\Git\M5StopWatch-wararyoLauncher\.pio\build\m5stopwatch-render-check\.
cmake\api\v1\reply\directory-esp-idf.esp_phy-d3f06cc9f040937d1522.json`
[WinError 3] 指定されたパスが見つかりません。: 'C:\\Users\\wararyo\\Git\\M5StopWatch-wararyoLauncher\\.pio\\build\\m5stopwatch-render-c
heck\\.cmake\\api\\v1\\reply\\directory-esp-idf.esp_pm-c3990e7dd5c9eebcda03.json' 
Please manually remove the file `C:\Users\wararyo\Git\M5StopWatch-wararyoLauncher\.pio\build\m5stopwatch-render-check\.
cmake\api\v1\reply\directory-esp-idf.esp_pm-c3990e7dd5c9eebcda03.json`
[WinError 3] 指定されたパスが見つかりません。: 'C:\\Users\\wararyo\\Git\\M5StopWatch-wararyoLauncher\\.pio\\build\\m5stopwatch-render-c
heck\\.cmake\\api\\v1\\reply\\directory-esp-idf.esp_psram-4ea34167d2bb38d227b1.json' 
Please manually remove the file `C:\Users\wararyo\Git\M5StopWatch-wararyoLauncher\.pio\build\m5stopwatch-render-check\.
cmake\api\v1\reply\directory-esp-idf.esp_psram-4ea34167d2bb38d227b1.json`
[WinError 3] 指定されたパスが見つかりません。: 'C:\\Users\\wararyo\\Git\\M5StopWatch-wararyoLauncher\\.pio\\build\\m5stopwatch-render-c
heck\\.cmake\\api\\v1\\reply\\directory-esp-idf.esp_psram.device-1cbd141c66e4b6f354fa.json' 
Please manually remove the file `C:\Users\wararyo\Git\M5StopWatch-wararyoLauncher\.pio\build\m5stopwatch-render-check\.
cmake\api\v1\reply\directory-esp-idf.esp_psram.device-1cbd141c66e4b6f354fa.json`
[WinError 3] 指定されたパスが見つかりません。: 'C:\\Users\\wararyo\\Git\\M5StopWatch-wararyoLauncher\\.pio\\build\\m5stopwatch-render-c
heck\\.cmake\\api\\v1\\reply\\directory-esp-idf.esp_psram.xip_impl-8f3d580b0fa0663db405.json' 
Please manually remove the file `C:\Users\wararyo\Git\M5StopWatch-wararyoLauncher\.pio\build\m5stopwatch-render-check\.
cmake\api\v1\reply\directory-esp-idf.esp_psram.xip_impl-8f3d580b0fa0663db405.json`
[WinError 3] 指定されたパスが見つかりません。: 'C:\\Users\\wararyo\\Git\\M5StopWatch-wararyoLauncher\\.pio\\build\\m5stopwatch-render-c
heck\\.cmake\\api\\v1\\reply\\directory-esp-idf.esp_ringbuf-45e7f03c839517f44221.json' 
Please manually remove the file `C:\Users\wararyo\Git\M5StopWatch-wararyoLauncher\.pio\build\m5stopwatch-render-check\.
cmake\api\v1\reply\directory-esp-idf.esp_ringbuf-45e7f03c839517f44221.json`
[WinError 3] 指定されたパスが見つかりません。: 'C:\\Users\\wararyo\\Git\\M5StopWatch-wararyoLauncher\\.pio\\build\\m5stopwatch-render-c
heck\\.cmake\\api\\v1\\reply\\directory-esp-idf.esp_rom-eaa4a483cef6e17d2db5.json' 
Please manually remove the file `C:\Users\wararyo\Git\M5StopWatch-wararyoLauncher\.pio\build\m5stopwatch-render-check\.
cmake\api\v1\reply\directory-esp-idf.esp_rom-eaa4a483cef6e17d2db5.json`
[WinError 3] 指定されたパスが見つかりません。: 'C:\\Users\\wararyo\\Git\\M5StopWatch-wararyoLauncher\\.pio\\build\\m5stopwatch-render-c
heck\\.cmake\\api\\v1\\reply\\directory-esp-idf.esp_security-3ce9f7aa23dc8cb8f6da.json' 
Please manually remove the file `C:\Users\wararyo\Git\M5StopWatch-wararyoLauncher\.pio\build\m5stopwatch-render-check\.
cmake\api\v1\reply\directory-esp-idf.esp_security-3ce9f7aa23dc8cb8f6da.json`
[WinError 3] 指定されたパスが見つかりません。: 'C:\\Users\\wararyo\\Git\\M5StopWatch-wararyoLauncher\\.pio\\build\\m5stopwatch-render-c
heck\\.cmake\\api\\v1\\reply\\directory-esp-idf.esp_system-a8c7b2910f8f61a443b2.json' 
Please manually remove the file `C:\Users\wararyo\Git\M5StopWatch-wararyoLauncher\.pio\build\m5stopwatch-render-check\.
cmake\api\v1\reply\directory-esp-idf.esp_system-a8c7b2910f8f61a443b2.json`
[WinError 3] 指定されたパスが見つかりません。: 'C:\\Users\\wararyo\\Git\\M5StopWatch-wararyoLauncher\\.pio\\build\\m5stopwatch-render-c
heck\\.cmake\\api\\v1\\reply\\directory-esp-idf.esp_system.port-73c033eecc4f781ceee8.json' 
Please manually remove the file `C:\Users\wararyo\Git\M5StopWatch-wararyoLauncher\.pio\build\m5stopwatch-render-check\.
cmake\api\v1\reply\directory-esp-idf.esp_system.port-73c033eecc4f781ceee8.json`
[WinError 3] 指定されたパスが見つかりません。: 'C:\\Users\\wararyo\\Git\\M5StopWatch-wararyoLauncher\\.pio\\build\\m5stopwatch-render-c
heck\\.cmake\\api\\v1\\reply\\directory-esp-idf.esp_system.port.soc.esp32s3-da65260c52e382d72420.json' 
Please manually remove the file `C:\Users\wararyo\Git\M5StopWatch-wararyoLauncher\.pio\build\m5stopwatch-render-check\.
cmake\api\v1\reply\directory-esp-idf.esp_system.port.soc.esp32s3-da65260c52e382d72420.json`
[WinError 3] 指定されたパスが見つかりません。: 'C:\\Users\\wararyo\\Git\\M5StopWatch-wararyoLauncher\\.pio\\build\\m5stopwatch-render-c
heck\\.cmake\\api\\v1\\reply\\directory-esp-idf.esp_timer-eab7f20f488dd70ef0bb.json' 
Please manually remove the file `C:\Users\wararyo\Git\M5StopWatch-wararyoLauncher\.pio\build\m5stopwatch-render-check\.
cmake\api\v1\reply\directory-esp-idf.esp_timer-eab7f20f488dd70ef0bb.json`
[WinError 3] 指定されたパスが見つかりません。: 'C:\\Users\\wararyo\\Git\\M5StopWatch-wararyoLauncher\\.pio\\build\\m5stopwatch-render-c
heck\\.cmake\\api\\v1\\reply\\directory-esp-idf.esp_vfs_console-db4300c33c1ded706b91.json' 
Please manually remove the file `C:\Users\wararyo\Git\M5StopWatch-wararyoLauncher\.pio\build\m5stopwatch-render-check\.
cmake\api\v1\reply\directory-esp-idf.esp_vfs_console-db4300c33c1ded706b91.json`
[WinError 3] 指定されたパスが見つかりません。: 'C:\\Users\\wararyo\\Git\\M5StopWatch-wararyoLauncher\\.pio\\build\\m5stopwatch-render-c
heck\\.cmake\\api\\v1\\reply\\directory-esp-idf.esp_wifi-1225af3ae1a793cf3dea.json' 
Please manually remove the file `C:\Users\wararyo\Git\M5StopWatch-wararyoLauncher\.pio\build\m5stopwatch-render-check\.
cmake\api\v1\reply\directory-esp-idf.esp_wifi-1225af3ae1a793cf3dea.json`
[WinError 3] 指定されたパスが見つかりません。: 'C:\\Users\\wararyo\\Git\\M5StopWatch-wararyoLauncher\\.pio\\build\\m5stopwatch-render-c
heck\\.cmake\\api\\v1\\reply\\directory-esp-idf.fatfs-82676337067587ab22ea.json' 
Please manually remove the file `C:\Users\wararyo\Git\M5StopWatch-wararyoLauncher\.pio\build\m5stopwatch-render-check\.
cmake\api\v1\reply\directory-esp-idf.fatfs-82676337067587ab22ea.json`
[WinError 3] 指定されたパスが見つかりません。: 'C:\\Users\\wararyo\\Git\\M5StopWatch-wararyoLauncher\\.pio\\build\\m5stopwatch-render-c
heck\\.cmake\\api\\v1\\reply\\directory-esp-idf.freertos-d5f701f3b5972b4b4863.json' 
Please manually remove the file `C:\Users\wararyo\Git\M5StopWatch-wararyoLauncher\.pio\build\m5stopwatch-render-check\.
cmake\api\v1\reply\directory-esp-idf.freertos-d5f701f3b5972b4b4863.json`
[WinError 3] 指定されたパスが見つかりません。: 'C:\\Users\\wararyo\\Git\\M5StopWatch-wararyoLauncher\\.pio\\build\\m5stopwatch-render-c
heck\\.cmake\\api\\v1\\reply\\directory-esp-idf.hal-c8b53cb1975d3f8894a3.json' 
Please manually remove the file `C:\Users\wararyo\Git\M5StopWatch-wararyoLauncher\.pio\build\m5stopwatch-render-check\.
cmake\api\v1\reply\directory-esp-idf.hal-c8b53cb1975d3f8894a3.json`
[WinError 3] 指定されたパスが見つかりません。: 'C:\\Users\\wararyo\\Git\\M5StopWatch-wararyoLauncher\\.pio\\build\\m5stopwatch-render-c
heck\\.cmake\\api\\v1\\reply\\directory-esp-idf.heap-30344a162d4733b78d02.json' 
Please manually remove the file `C:\Users\wararyo\Git\M5StopWatch-wararyoLauncher\.pio\build\m5stopwatch-render-check\.
cmake\api\v1\reply\directory-esp-idf.heap-30344a162d4733b78d02.json`
[WinError 3] 指定されたパスが見つかりません。: 'C:\\Users\\wararyo\\Git\\M5StopWatch-wararyoLauncher\\.pio\\build\\m5stopwatch-render-c
heck\\.cmake\\api\\v1\\reply\\directory-esp-idf.http_parser-677168bff61b061366e0.json' 
Please manually remove the file `C:\Users\wararyo\Git\M5StopWatch-wararyoLauncher\.pio\build\m5stopwatch-render-check\.
cmake\api\v1\reply\directory-esp-idf.http_parser-677168bff61b061366e0.json`
[WinError 3] 指定されたパスが見つかりません。: 'C:\\Users\\wararyo\\Git\\M5StopWatch-wararyoLauncher\\.pio\\build\\m5stopwatch-render-c
heck\\.cmake\\api\\v1\\reply\\directory-esp-idf.idf_test-55f7eca2738d17722e98.json' 
Please manually remove the file `C:\Users\wararyo\Git\M5StopWatch-wararyoLauncher\.pio\build\m5stopwatch-render-check\.
cmake\api\v1\reply\directory-esp-idf.idf_test-55f7eca2738d17722e98.json`
[WinError 3] 指定されたパスが見つかりません。: 'C:\\Users\\wararyo\\Git\\M5StopWatch-wararyoLauncher\\.pio\\build\\m5stopwatch-render-c
heck\\.cmake\\api\\v1\\reply\\directory-esp-idf.ieee802154-f13b39a305f243468d58.json' 
Please manually remove the file `C:\Users\wararyo\Git\M5StopWatch-wararyoLauncher\.pio\build\m5stopwatch-render-check\.
cmake\api\v1\reply\directory-esp-idf.ieee802154-f13b39a305f243468d58.json`
[WinError 3] 指定されたパスが見つかりません。: 'C:\\Users\\wararyo\\Git\\M5StopWatch-wararyoLauncher\\.pio\\build\\m5stopwatch-render-c
heck\\.cmake\\api\\v1\\reply\\directory-esp-idf.json-6f129df9cd7d530f0793.json' 
Please manually remove the file `C:\Users\wararyo\Git\M5StopWatch-wararyoLauncher\.pio\build\m5stopwatch-render-check\.
cmake\api\v1\reply\directory-esp-idf.json-6f129df9cd7d530f0793.json`
[WinError 3] 指定されたパスが見つかりません。: 'C:\\Users\\wararyo\\Git\\M5StopWatch-wararyoLauncher\\.pio\\build\\m5stopwatch-render-c
heck\\.cmake\\api\\v1\\reply\\directory-esp-idf.log-e2b90a7ca4e05f9dc595.json' 
Please manually remove the file `C:\Users\wararyo\Git\M5StopWatch-wararyoLauncher\.pio\build\m5stopwatch-render-check\.
cmake\api\v1\reply\directory-esp-idf.log-e2b90a7ca4e05f9dc595.json`
[WinError 3] 指定されたパスが見つかりません。: 'C:\\Users\\wararyo\\Git\\M5StopWatch-wararyoLauncher\\.pio\\build\\m5stopwatch-render-c
heck\\.cmake\\api\\v1\\reply\\directory-esp-idf.lwip-be33ae3d2ea52d930648.json' 
Please manually remove the file `C:\Users\wararyo\Git\M5StopWatch-wararyoLauncher\.pio\build\m5stopwatch-render-check\.
cmake\api\v1\reply\directory-esp-idf.lwip-be33ae3d2ea52d930648.json`
[WinError 3] 指定されたパスが見つかりません。: 'C:\\Users\\wararyo\\Git\\M5StopWatch-wararyoLauncher\\.pio\\build\\m5stopwatch-render-c
heck\\.cmake\\api\\v1\\reply\\directory-esp-idf.mbedtls-29e62db7cd0cf285f15c.json' 
Please manually remove the file `C:\Users\wararyo\Git\M5StopWatch-wararyoLauncher\.pio\build\m5stopwatch-render-check\.
cmake\api\v1\reply\directory-esp-idf.mbedtls-29e62db7cd0cf285f15c.json`
[WinError 3] 指定されたパスが見つかりません。: 'C:\\Users\\wararyo\\Git\\M5StopWatch-wararyoLauncher\\.pio\\build\\m5stopwatch-render-c
heck\\.cmake\\api\\v1\\reply\\directory-esp-idf.mbedtls.mbedtls-73838fea2ab987fdbfd1.json' 
Please manually remove the file `C:\Users\wararyo\Git\M5StopWatch-wararyoLauncher\.pio\build\m5stopwatch-render-check\.
cmake\api\v1\reply\directory-esp-idf.mbedtls.mbedtls-73838fea2ab987fdbfd1.json`
[WinError 3] 指定されたパスが見つかりません。: 'C:\\Users\\wararyo\\Git\\M5StopWatch-wararyoLauncher\\.pio\\build\\m5stopwatch-render-c
heck\\.cmake\\api\\v1\\reply\\directory-esp-idf.mbedtls.mbedtls.3rdparty-98fe4f5a5791d93243d5.json' 
Please manually remove the file `C:\Users\wararyo\Git\M5StopWatch-wararyoLauncher\.pio\build\m5stopwatch-render-check\.
cmake\api\v1\reply\directory-esp-idf.mbedtls.mbedtls.3rdparty-98fe4f5a5791d93243d5.json`
[WinError 3] 指定されたパスが見つかりません。: 'C:\\Users\\wararyo\\Git\\M5StopWatch-wararyoLauncher\\.pio\\build\\m5stopwatch-render-c
heck\\.cmake\\api\\v1\\reply\\directory-esp-idf.mbedtls.mbedtls.3rdparty.everest-b2768230c92cf5e9ac88.json' 
Please manually remove the file `C:\Users\wararyo\Git\M5StopWatch-wararyoLauncher\.pio\build\m5stopwatch-render-check\.
cmake\api\v1\reply\directory-esp-idf.mbedtls.mbedtls.3rdparty.everest-b2768230c92cf5e9ac88.json`
[WinError 3] 指定されたパスが見つかりません。: 'C:\\Users\\wararyo\\Git\\M5StopWatch-wararyoLauncher\\.pio\\build\\m5stopwatch-render-c
heck\\.cmake\\api\\v1\\reply\\directory-esp-idf.mbedtls.mbedtls.3rdparty.p256-m-286c3a50944c6e329426.json' 
Please manually remove the file `C:\Users\wararyo\Git\M5StopWatch-wararyoLauncher\.pio\build\m5stopwatch-render-check\.
cmake\api\v1\reply\directory-esp-idf.mbedtls.mbedtls.3rdparty.p256-m-286c3a50944c6e329426.json`
[WinError 3] 指定されたパスが見つかりません。: 'C:\\Users\\wararyo\\Git\\M5StopWatch-wararyoLauncher\\.pio\\build\\m5stopwatch-render-c
heck\\.cmake\\api\\v1\\reply\\directory-esp-idf.mbedtls.mbedtls.include-9c6812b8421f43570d55.json' 
Please manually remove the file `C:\Users\wararyo\Git\M5StopWatch-wararyoLauncher\.pio\build\m5stopwatch-render-check\.
cmake\api\v1\reply\directory-esp-idf.mbedtls.mbedtls.include-9c6812b8421f43570d55.json`
[WinError 3] 指定されたパスが見つかりません。: 'C:\\Users\\wararyo\\Git\\M5StopWatch-wararyoLauncher\\.pio\\build\\m5stopwatch-render-c
heck\\.cmake\\api\\v1\\reply\\directory-esp-idf.mbedtls.mbedtls.library-a9b2081913ec1ec38bf2.json' 
Please manually remove the file `C:\Users\wararyo\Git\M5StopWatch-wararyoLauncher\.pio\build\m5stopwatch-render-check\.
cmake\api\v1\reply\directory-esp-idf.mbedtls.mbedtls.library-a9b2081913ec1ec38bf2.json`
[WinError 3] 指定されたパスが見つかりません。: 'C:\\Users\\wararyo\\Git\\M5StopWatch-wararyoLauncher\\.pio\\build\\m5stopwatch-render-c
heck\\.cmake\\api\\v1\\reply\\directory-esp-idf.mbedtls.mbedtls.pkgconfig-256cac01cfab7f963b97.json' 
Please manually remove the file `C:\Users\wararyo\Git\M5StopWatch-wararyoLauncher\.pio\build\m5stopwatch-render-check\.
cmake\api\v1\reply\directory-esp-idf.mbedtls.mbedtls.pkgconfig-256cac01cfab7f963b97.json`
[WinError 3] 指定されたパスが見つかりません。: 'C:\\Users\\wararyo\\Git\\M5StopWatch-wararyoLauncher\\.pio\\build\\m5stopwatch-render-c
heck\\.cmake\\api\\v1\\reply\\directory-esp-idf.mqtt-e4d186f4cdceb1aef6d1.json' 
Please manually remove the file `C:\Users\wararyo\Git\M5StopWatch-wararyoLauncher\.pio\build\m5stopwatch-render-check\.
cmake\api\v1\reply\directory-esp-idf.mqtt-e4d186f4cdceb1aef6d1.json`
[WinError 3] 指定されたパスが見つかりません。: 'C:\\Users\\wararyo\\Git\\M5StopWatch-wararyoLauncher\\.pio\\build\\m5stopwatch-render-c
heck\\.cmake\\api\\v1\\reply\\directory-esp-idf.newlib-9a82ac496a029c938c92.json' 
Please manually remove the file `C:\Users\wararyo\Git\M5StopWatch-wararyoLauncher\.pio\build\m5stopwatch-render-check\.
cmake\api\v1\reply\directory-esp-idf.newlib-9a82ac496a029c938c92.json`
[WinError 3] 指定されたパスが見つかりません。: 'C:\\Users\\wararyo\\Git\\M5StopWatch-wararyoLauncher\\.pio\\build\\m5stopwatch-render-c
heck\\.cmake\\api\\v1\\reply\\directory-esp-idf.newlib.src.port-cf4e0f34383b6988ab9e.json' 
Please manually remove the file `C:\Users\wararyo\Git\M5StopWatch-wararyoLauncher\.pio\build\m5stopwatch-render-check\.
cmake\api\v1\reply\directory-esp-idf.newlib.src.port-cf4e0f34383b6988ab9e.json`
[WinError 3] 指定されたパスが見つかりません。: 'C:\\Users\\wararyo\\Git\\M5StopWatch-wararyoLauncher\\.pio\\build\\m5stopwatch-render-c
heck\\.cmake\\api\\v1\\reply\\directory-esp-idf.nvs_flash-ebd61055218b8027d8cf.json' 
Please manually remove the file `C:\Users\wararyo\Git\M5StopWatch-wararyoLauncher\.pio\build\m5stopwatch-render-check\.
cmake\api\v1\reply\directory-esp-idf.nvs_flash-ebd61055218b8027d8cf.json`
[WinError 3] 指定されたパスが見つかりません。: 'C:\\Users\\wararyo\\Git\\M5StopWatch-wararyoLauncher\\.pio\\build\\m5stopwatch-render-c
heck\\.cmake\\api\\v1\\reply\\directory-esp-idf.nvs_sec_provider-b572e1092a5cbed06fc9.json' 
Please manually remove the file `C:\Users\wararyo\Git\M5StopWatch-wararyoLauncher\.pio\build\m5stopwatch-render-check\.
cmake\api\v1\reply\directory-esp-idf.nvs_sec_provider-b572e1092a5cbed06fc9.json`
[WinError 3] 指定されたパスが見つかりません。: 'C:\\Users\\wararyo\\Git\\M5StopWatch-wararyoLauncher\\.pio\\build\\m5stopwatch-render-c
heck\\.cmake\\api\\v1\\reply\\directory-esp-idf.openthread-603e670bff2fd741bed0.json' 
Please manually remove the file `C:\Users\wararyo\Git\M5StopWatch-wararyoLauncher\.pio\build\m5stopwatch-render-check\.
cmake\api\v1\reply\directory-esp-idf.openthread-603e670bff2fd741bed0.json`
[WinError 3] 指定されたパスが見つかりません。: 'C:\\Users\\wararyo\\Git\\M5StopWatch-wararyoLauncher\\.pio\\build\\m5stopwatch-render-c
heck\\.cmake\\api\\v1\\reply\\directory-esp-idf.partition_table-c079a74fe167c9638039.json' 
Please manually remove the file `C:\Users\wararyo\Git\M5StopWatch-wararyoLauncher\.pio\build\m5stopwatch-render-check\.
cmake\api\v1\reply\directory-esp-idf.partition_table-c079a74fe167c9638039.json`
[WinError 3] 指定されたパスが見つかりません。: 'C:\\Users\\wararyo\\Git\\M5StopWatch-wararyoLauncher\\.pio\\build\\m5stopwatch-render-c
heck\\.cmake\\api\\v1\\reply\\directory-esp-idf.perfmon-14836cfd2931824f4af9.json' 
Please manually remove the file `C:\Users\wararyo\Git\M5StopWatch-wararyoLauncher\.pio\build\m5stopwatch-render-check\.
cmake\api\v1\reply\directory-esp-idf.perfmon-14836cfd2931824f4af9.json`
[WinError 3] 指定されたパスが見つかりません。: 'C:\\Users\\wararyo\\Git\\M5StopWatch-wararyoLauncher\\.pio\\build\\m5stopwatch-render-c
heck\\.cmake\\api\\v1\\reply\\directory-esp-idf.protobuf-c-8d3ba45f63ce340d403f.json' 
Please manually remove the file `C:\Users\wararyo\Git\M5StopWatch-wararyoLauncher\.pio\build\m5stopwatch-render-check\.
cmake\api\v1\reply\directory-esp-idf.protobuf-c-8d3ba45f63ce340d403f.json`
[WinError 3] 指定されたパスが見つかりません。: 'C:\\Users\\wararyo\\Git\\M5StopWatch-wararyoLauncher\\.pio\\build\\m5stopwatch-render-c
heck\\.cmake\\api\\v1\\reply\\directory-esp-idf.protocomm-5213559d43d6c98b27bc.json' 
Please manually remove the file `C:\Users\wararyo\Git\M5StopWatch-wararyoLauncher\.pio\build\m5stopwatch-render-check\.
cmake\api\v1\reply\directory-esp-idf.protocomm-5213559d43d6c98b27bc.json`
[WinError 3] 指定されたパスが見つかりません。: 'C:\\Users\\wararyo\\Git\\M5StopWatch-wararyoLauncher\\.pio\\build\\m5stopwatch-render-c
heck\\.cmake\\api\\v1\\reply\\directory-esp-idf.pthread-1424ab179be6bcff95bd.json' 
Please manually remove the file `C:\Users\wararyo\Git\M5StopWatch-wararyoLauncher\.pio\build\m5stopwatch-render-check\.
cmake\api\v1\reply\directory-esp-idf.pthread-1424ab179be6bcff95bd.json`
[WinError 3] 指定されたパスが見つかりません。: 'C:\\Users\\wararyo\\Git\\M5StopWatch-wararyoLauncher\\.pio\\build\\m5stopwatch-render-c
heck\\.cmake\\api\\v1\\reply\\directory-esp-idf.rt-b1252a02843d08656908.json' 
Please manually remove the file `C:\Users\wararyo\Git\M5StopWatch-wararyoLauncher\.pio\build\m5stopwatch-render-check\.
cmake\api\v1\reply\directory-esp-idf.rt-b1252a02843d08656908.json`
[WinError 3] 指定されたパスが見つかりません。: 'C:\\Users\\wararyo\\Git\\M5StopWatch-wararyoLauncher\\.pio\\build\\m5stopwatch-render-c
heck\\.cmake\\api\\v1\\reply\\directory-esp-idf.sdmmc-9bab599a0e86ef833dac.json' 
Please manually remove the file `C:\Users\wararyo\Git\M5StopWatch-wararyoLauncher\.pio\build\m5stopwatch-render-check\.
cmake\api\v1\reply\directory-esp-idf.sdmmc-9bab599a0e86ef833dac.json`
[WinError 3] 指定されたパスが見つかりません。: 'C:\\Users\\wararyo\\Git\\M5StopWatch-wararyoLauncher\\.pio\\build\\m5stopwatch-render-c
heck\\.cmake\\api\\v1\\reply\\directory-esp-idf.soc-45ed25b02fa4348a524b.json' 
Please manually remove the file `C:\Users\wararyo\Git\M5StopWatch-wararyoLauncher\.pio\build\m5stopwatch-render-check\.
cmake\api\v1\reply\directory-esp-idf.soc-45ed25b02fa4348a524b.json`
[WinError 3] 指定されたパスが見つかりません。: 'C:\\Users\\wararyo\\Git\\M5StopWatch-wararyoLauncher\\.pio\\build\\m5stopwatch-render-c
heck\\.cmake\\api\\v1\\reply\\directory-esp-idf.spiffs-22ce38738bf119100c06.json' 
Please manually remove the file `C:\Users\wararyo\Git\M5StopWatch-wararyoLauncher\.pio\build\m5stopwatch-render-check\.
cmake\api\v1\reply\directory-esp-idf.spiffs-22ce38738bf119100c06.json`
[WinError 3] 指定されたパスが見つかりません。: 'C:\\Users\\wararyo\\Git\\M5StopWatch-wararyoLauncher\\.pio\\build\\m5stopwatch-render-c
heck\\.cmake\\api\\v1\\reply\\directory-esp-idf.spi_flash-a5f00573d03765b9950d.json' 
Please manually remove the file `C:\Users\wararyo\Git\M5StopWatch-wararyoLauncher\.pio\build\m5stopwatch-render-check\.
cmake\api\v1\reply\directory-esp-idf.spi_flash-a5f00573d03765b9950d.json`
[WinError 3] 指定されたパスが見つかりません。: 'C:\\Users\\wararyo\\Git\\M5StopWatch-wararyoLauncher\\.pio\\build\\m5stopwatch-render-c
heck\\.cmake\\api\\v1\\reply\\directory-esp-idf.src-c23e0bc8c53af43ca0ef.json' 
Please manually remove the file `C:\Users\wararyo\Git\M5StopWatch-wararyoLauncher\.pio\build\m5stopwatch-render-check\.
cmake\api\v1\reply\directory-esp-idf.src-c23e0bc8c53af43ca0ef.json`
[WinError 3] 指定されたパスが見つかりません。: 'C:\\Users\\wararyo\\Git\\M5StopWatch-wararyoLauncher\\.pio\\build\\m5stopwatch-render-c
heck\\.cmake\\api\\v1\\reply\\directory-esp-idf.tcp_transport-66a35f109f218790e8f9.json' 
Please manually remove the file `C:\Users\wararyo\Git\M5StopWatch-wararyoLauncher\.pio\build\m5stopwatch-render-check\.
cmake\api\v1\reply\directory-esp-idf.tcp_transport-66a35f109f218790e8f9.json`
[WinError 3] 指定されたパスが見つかりません。: 'C:\\Users\\wararyo\\Git\\M5StopWatch-wararyoLauncher\\.pio\\build\\m5stopwatch-render-c
heck\\.cmake\\api\\v1\\reply\\directory-esp-idf.touch_element-3c2ae38dbe8ee2aab366.json' 
Please manually remove the file `C:\Users\wararyo\Git\M5StopWatch-wararyoLauncher\.pio\build\m5stopwatch-render-check\.
cmake\api\v1\reply\directory-esp-idf.touch_element-3c2ae38dbe8ee2aab366.json`
[WinError 3] 指定されたパスが見つかりません。: 'C:\\Users\\wararyo\\Git\\M5StopWatch-wararyoLauncher\\.pio\\build\\m5stopwatch-render-c
heck\\.cmake\\api\\v1\\reply\\directory-esp-idf.ulp-264a91a3c32c3f332151.json' 
Please manually remove the file `C:\Users\wararyo\Git\M5StopWatch-wararyoLauncher\.pio\build\m5stopwatch-render-check\.
cmake\api\v1\reply\directory-esp-idf.ulp-264a91a3c32c3f332151.json`
[WinError 3] 指定されたパスが見つかりません。: 'C:\\Users\\wararyo\\Git\\M5StopWatch-wararyoLauncher\\.pio\\build\\m5stopwatch-render-c
heck\\.cmake\\api\\v1\\reply\\directory-esp-idf.unity-e352a8094d15ec4c19b4.json' 
Please manually remove the file `C:\Users\wararyo\Git\M5StopWatch-wararyoLauncher\.pio\build\m5stopwatch-render-check\.
cmake\api\v1\reply\directory-esp-idf.unity-e352a8094d15ec4c19b4.json`
[WinError 3] 指定されたパスが見つかりません。: 'C:\\Users\\wararyo\\Git\\M5StopWatch-wararyoLauncher\\.pio\\build\\m5stopwatch-render-c
heck\\.cmake\\api\\v1\\reply\\directory-esp-idf.usb-62c15b87e643f650e65d.json' 
Please manually remove the file `C:\Users\wararyo\Git\M5StopWatch-wararyoLauncher\.pio\build\m5stopwatch-render-check\.
cmake\api\v1\reply\directory-esp-idf.usb-62c15b87e643f650e65d.json`
[WinError 3] 指定されたパスが見つかりません。: 'C:\\Users\\wararyo\\Git\\M5StopWatch-wararyoLauncher\\.pio\\build\\m5stopwatch-render-c
heck\\.cmake\\api\\v1\\reply\\directory-esp-idf.vfs-b6be74ae5e704e6086de.json' 
Please manually remove the file `C:\Users\wararyo\Git\M5StopWatch-wararyoLauncher\.pio\build\m5stopwatch-render-check\.
cmake\api\v1\reply\directory-esp-idf.vfs-b6be74ae5e704e6086de.json`
[WinError 3] 指定されたパスが見つかりません。: 'C:\\Users\\wararyo\\Git\\M5StopWatch-wararyoLauncher\\.pio\\build\\m5stopwatch-render-c
heck\\.cmake\\api\\v1\\reply\\directory-esp-idf.wear_levelling-1e785f7380087fb0ac72.json' 
Please manually remove the file `C:\Users\wararyo\Git\M5StopWatch-wararyoLauncher\.pio\build\m5stopwatch-render-check\.
cmake\api\v1\reply\directory-esp-idf.wear_levelling-1e785f7380087fb0ac72.json`
[WinError 3] 指定されたパスが見つかりません。: 'C:\\Users\\wararyo\\Git\\M5StopWatch-wararyoLauncher\\.pio\\build\\m5stopwatch-render-c
heck\\.cmake\\api\\v1\\reply\\directory-esp-idf.wifi_provisioning-99f2f9b4838dec99d53c.json' 
Please manually remove the file `C:\Users\wararyo\Git\M5StopWatch-wararyoLauncher\.pio\build\m5stopwatch-render-check\.
cmake\api\v1\reply\directory-esp-idf.wifi_provisioning-99f2f9b4838dec99d53c.json`
[WinError 3] 指定されたパスが見つかりません。: 'C:\\Users\\wararyo\\Git\\M5StopWatch-wararyoLauncher\\.pio\\build\\m5stopwatch-render-c
heck\\.cmake\\api\\v1\\reply\\directory-esp-idf.wpa_supplicant-c3540654888ba437de63.json' 
Please manually remove the file `C:\Users\wararyo\Git\M5StopWatch-wararyoLauncher\.pio\build\m5stopwatch-render-check\.
cmake\api\v1\reply\directory-esp-idf.wpa_supplicant-c3540654888ba437de63.json`
[WinError 3] 指定されたパスが見つかりません。: 'C:\\Users\\wararyo\\Git\\M5StopWatch-wararyoLauncher\\.pio\\build\\m5stopwatch-render-c
heck\\.cmake\\api\\v1\\reply\\directory-esp-idf.xtensa-5fa2049d4ffb24c576ce.json' 
Please manually remove the file `C:\Users\wararyo\Git\M5StopWatch-wararyoLauncher\.pio\build\m5stopwatch-render-check\.
cmake\api\v1\reply\directory-esp-idf.xtensa-5fa2049d4ffb24c576ce.json`
[WinError 3] 指定されたパスが見つかりません。: 'C:\\Users\\wararyo\\Git\\M5StopWatch-wararyoLauncher\\.pio\\build\\m5stopwatch-render-c
heck\\.cmake\\api\\v1\\reply\\directory-esp-idf.__pio_env-d0e9c50998368814b23d.json' 
Please manually remove the file `C:\Users\wararyo\Git\M5StopWatch-wararyoLauncher\.pio\build\m5stopwatch-render-check\.
cmake\api\v1\reply\directory-esp-idf.__pio_env-d0e9c50998368814b23d.json`
[WinError 3] 指定されたパスが見つかりません。: 'C:\\Users\\wararyo\\Git\\M5StopWatch-wararyoLauncher\\.pio\\build\\m5stopwatch-render-c
heck\\.cmake\\api\\v1\\reply\\index-2026-09-26T04-58-39-0481.json' 
Please manually remove the file `C:\Users\wararyo\Git\M5StopWatch-wararyoLauncher\.pio\build\m5stopwatch-render-check\.
cmake\api\v1\reply\index-2026-09-26T04-58-39-0481.json`
[WinError 3] 指定されたパスが見つかりません。: 'C:\\Users\\wararyo\\Git\\M5StopWatch-wararyoLauncher\\.pio\\build\\m5stopwatch-render-c
heck\\.cmake\\api\\v1\\reply\\target-apidoc-7d562b8317ffbc07cd83.json' 
Please manually remove the file `C:\Users\wararyo\Git\M5StopWatch-wararyoLauncher\.pio\build\m5stopwatch-render-check\.
cmake\api\v1\reply\target-apidoc-7d562b8317ffbc07cd83.json`
[WinError 3] 指定されたパスが見つかりません。: 'C:\\Users\\wararyo\\Git\\M5StopWatch-wararyoLauncher\\.pio\\build\\m5stopwatch-render-c
heck\\.cmake\\api\\v1\\reply\\target-app-9e83f96156daad7553e0.json' 
Please manually remove the file `C:\Users\wararyo\Git\M5StopWatch-wararyoLauncher\.pio\build\m5stopwatch-render-check\.
cmake\api\v1\reply\target-app-9e83f96156daad7553e0.json`
[WinError 3] 指定されたパスが見つかりません。: 'C:\\Users\\wararyo\\Git\\M5StopWatch-wararyoLauncher\\.pio\\build\\m5stopwatch-render-c
heck\\.cmake\\api\\v1\\reply\\target-app-flash-6a7cdae23c34fe12510d.json' 
Please manually remove the file `C:\Users\wararyo\Git\M5StopWatch-wararyoLauncher\.pio\build\m5stopwatch-render-check\.
cmake\api\v1\reply\target-app-flash-6a7cdae23c34fe12510d.json`
[WinError 3] 指定されたパスが見つかりません。: 'C:\\Users\\wararyo\\Git\\M5StopWatch-wararyoLauncher\\.pio\\build\\m5stopwatch-render-c
heck\\.cmake\\api\\v1\\reply\\target-app_check_size-fc299fd6c2e560c3c5b1.json' 
Please manually remove the file `C:\Users\wararyo\Git\M5StopWatch-wararyoLauncher\.pio\build\m5stopwatch-render-check\.
cmake\api\v1\reply\target-app_check_size-fc299fd6c2e560c3c5b1.json`
[WinError 3] 指定されたパスが見つかりません。: 'C:\\Users\\wararyo\\Git\\M5StopWatch-wararyoLauncher\\.pio\\build\\m5stopwatch-render-c
heck\\.cmake\\api\\v1\\reply\\target-blank_ota_data-92976265bb3b450ca81c.json' 
Please manually remove the file `C:\Users\wararyo\Git\M5StopWatch-wararyoLauncher\.pio\build\m5stopwatch-render-check\.
cmake\api\v1\reply\target-blank_ota_data-92976265bb3b450ca81c.json`
[WinError 3] 指定されたパスが見つかりません。: 'C:\\Users\\wararyo\\Git\\M5StopWatch-wararyoLauncher\\.pio\\build\\m5stopwatch-render-c
heck\\.cmake\\api\\v1\\reply\\target-bootloader-2f13d865c8d1329babb5.json' 
Please manually remove the file `C:\Users\wararyo\Git\M5StopWatch-wararyoLauncher\.pio\build\m5stopwatch-render-check\.
cmake\api\v1\reply\target-bootloader-2f13d865c8d1329babb5.json`
[WinError 3] 指定されたパスが見つかりません。: 'C:\\Users\\wararyo\\Git\\M5StopWatch-wararyoLauncher\\.pio\\build\\m5stopwatch-render-c
heck\\.cmake\\api\\v1\\reply\\target-bootloader-flash-31ba3114f0d44813313b.json' 
Please manually remove the file `C:\Users\wararyo\Git\M5StopWatch-wararyoLauncher\.pio\build\m5stopwatch-render-check\.
cmake\api\v1\reply\target-bootloader-flash-31ba3114f0d44813313b.json`
[WinError 3] 指定されたパスが見つかりません。: 'C:\\Users\\wararyo\\Git\\M5StopWatch-wararyoLauncher\\.pio\\build\\m5stopwatch-render-c
heck\\.cmake\\api\\v1\\reply\\target-confserver-02629b3eca673072774b.json' 
Please manually remove the file `C:\Users\wararyo\Git\M5StopWatch-wararyoLauncher\.pio\build\m5stopwatch-render-check\.
cmake\api\v1\reply\target-confserver-02629b3eca673072774b.json`
[WinError 3] 指定されたパスが見つかりません。: 'C:\\Users\\wararyo\\Git\\M5StopWatch-wararyoLauncher\\.pio\\build\\m5stopwatch-render-c
heck\\.cmake\\api\\v1\\reply\\target-custom_bundle-4a52cb0d4e7ea4a0e037.json' 
Please manually remove the file `C:\Users\wararyo\Git\M5StopWatch-wararyoLauncher\.pio\build\m5stopwatch-render-check\.
cmake\api\v1\reply\target-custom_bundle-4a52cb0d4e7ea4a0e037.json`
[WinError 3] 指定されたパスが見つかりません。: 'C:\\Users\\wararyo\\Git\\M5StopWatch-wararyoLauncher\\.pio\\build\\m5stopwatch-render-c
heck\\.cmake\\api\\v1\\reply\\target-dfu-da26181f7c3fc966bf98.json' 
Please manually remove the file `C:\Users\wararyo\Git\M5StopWatch-wararyoLauncher\.pio\build\m5stopwatch-render-check\.
cmake\api\v1\reply\target-dfu-da26181f7c3fc966bf98.json`
[WinError 3] 指定されたパスが見つかりません。: 'C:\\Users\\wararyo\\Git\\M5StopWatch-wararyoLauncher\\.pio\\build\\m5stopwatch-render-c
heck\\.cmake\\api\\v1\\reply\\target-dfu-flash-a34bf0d2484c5254690c.json' 
Please manually remove the file `C:\Users\wararyo\Git\M5StopWatch-wararyoLauncher\.pio\build\m5stopwatch-render-check\.
cmake\api\v1\reply\target-dfu-flash-a34bf0d2484c5254690c.json`
[WinError 3] 指定されたパスが見つかりません。: 'C:\\Users\\wararyo\\Git\\M5StopWatch-wararyoLauncher\\.pio\\build\\m5stopwatch-render-c
heck\\.cmake\\api\\v1\\reply\\target-dfu-list-d8fb39974be3a89ac130.json' 
Please manually remove the file `C:\Users\wararyo\Git\M5StopWatch-wararyoLauncher\.pio\build\m5stopwatch-render-check\.
cmake\api\v1\reply\target-dfu-list-d8fb39974be3a89ac130.json`
[WinError 3] 指定されたパスが見つかりません。: 'C:\\Users\\wararyo\\Git\\M5StopWatch-wararyoLauncher\\.pio\\build\\m5stopwatch-render-c
heck\\.cmake\\api\\v1\\reply\\target-efuse-common-table-f18cead0cd07e4bf2185.json' 
Please manually remove the file `C:\Users\wararyo\Git\M5StopWatch-wararyoLauncher\.pio\build\m5stopwatch-render-check\.
cmake\api\v1\reply\target-efuse-common-table-f18cead0cd07e4bf2185.json`
[WinError 3] 指定されたパスが見つかりません。: 'C:\\Users\\wararyo\\Git\\M5StopWatch-wararyoLauncher\\.pio\\build\\m5stopwatch-render-c
heck\\.cmake\\api\\v1\\reply\\target-efuse-custom-table-8fc0cdb049b41e1b819d.json' 
Please manually remove the file `C:\Users\wararyo\Git\M5StopWatch-wararyoLauncher\.pio\build\m5stopwatch-render-check\.
cmake\api\v1\reply\target-efuse-custom-table-8fc0cdb049b41e1b819d.json`
[WinError 3] 指定されたパスが見つかりません。: 'C:\\Users\\wararyo\\Git\\M5StopWatch-wararyoLauncher\\.pio\\build\\m5stopwatch-render-c
heck\\.cmake\\api\\v1\\reply\\target-efuse_common_table-036f62c78c8f3dec5a13.json' 
Please manually remove the file `C:\Users\wararyo\Git\M5StopWatch-wararyoLauncher\.pio\build\m5stopwatch-render-check\.
cmake\api\v1\reply\target-efuse_common_table-036f62c78c8f3dec5a13.json`
[WinError 3] 指定されたパスが見つかりません。: 'C:\\Users\\wararyo\\Git\\M5StopWatch-wararyoLauncher\\.pio\\build\\m5stopwatch-render-c
heck\\.cmake\\api\\v1\\reply\\target-efuse_custom_table-ed633f9156a81068af10.json' 
Please manually remove the file `C:\Users\wararyo\Git\M5StopWatch-wararyoLauncher\.pio\build\m5stopwatch-render-check\.
cmake\api\v1\reply\target-efuse_custom_table-ed633f9156a81068af10.json`
[WinError 3] 指定されたパスが見つかりません。: 'C:\\Users\\wararyo\\Git\\M5StopWatch-wararyoLauncher\\.pio\\build\\m5stopwatch-render-c
heck\\.cmake\\api\\v1\\reply\\target-efuse_test_table-dff73f2049da36c2dd0a.json' 
Please manually remove the file `C:\Users\wararyo\Git\M5StopWatch-wararyoLauncher\.pio\build\m5stopwatch-render-check\.
cmake\api\v1\reply\target-efuse_test_table-dff73f2049da36c2dd0a.json`
[WinError 3] 指定されたパスが見つかりません。: 'C:\\Users\\wararyo\\Git\\M5StopWatch-wararyoLauncher\\.pio\\build\\m5stopwatch-render-c
heck\\.cmake\\api\\v1\\reply\\target-encrypted-app-flash-955f2ab45e0e8270da6e.json' 
Please manually remove the file `C:\Users\wararyo\Git\M5StopWatch-wararyoLauncher\.pio\build\m5stopwatch-render-check\.
cmake\api\v1\reply\target-encrypted-app-flash-955f2ab45e0e8270da6e.json`
[WinError 3] 指定されたパスが見つかりません。: 'C:\\Users\\wararyo\\Git\\M5StopWatch-wararyoLauncher\\.pio\\build\\m5stopwatch-render-c
heck\\.cmake\\api\\v1\\reply\\target-encrypted-bootloader-flash-8a6f3608b6f0e1d85ac3.json' 
Please manually remove the file `C:\Users\wararyo\Git\M5StopWatch-wararyoLauncher\.pio\build\m5stopwatch-render-check\.
cmake\api\v1\reply\target-encrypted-bootloader-flash-8a6f3608b6f0e1d85ac3.json`
[WinError 3] 指定されたパスが見つかりません。: 'C:\\Users\\wararyo\\Git\\M5StopWatch-wararyoLauncher\\.pio\\build\\m5stopwatch-render-c
heck\\.cmake\\api\\v1\\reply\\target-encrypted-flash-17fbd3589aa74b8ba964.json' 
Please manually remove the file `C:\Users\wararyo\Git\M5StopWatch-wararyoLauncher\.pio\build\m5stopwatch-render-check\.
cmake\api\v1\reply\target-encrypted-flash-17fbd3589aa74b8ba964.json`
[WinError 3] 指定されたパスが見つかりません。: 'C:\\Users\\wararyo\\Git\\M5StopWatch-wararyoLauncher\\.pio\\build\\m5stopwatch-render-c
heck\\.cmake\\api\\v1\\reply\\target-encrypted-otadata-flash-c01a0a9fae5631f42b59.json' 
Please manually remove the file `C:\Users\wararyo\Git\M5StopWatch-wararyoLauncher\.pio\build\m5stopwatch-render-check\.
cmake\api\v1\reply\target-encrypted-otadata-flash-c01a0a9fae5631f42b59.json`
[WinError 3] 指定されたパスが見つかりません。: 'C:\\Users\\wararyo\\Git\\M5StopWatch-wararyoLauncher\\.pio\\build\\m5stopwatch-render-c
heck\\.cmake\\api\\v1\\reply\\target-encrypted-partition-table-flash-cef836deed253ea453ff.json' 
Please manually remove the file `C:\Users\wararyo\Git\M5StopWatch-wararyoLauncher\.pio\build\m5stopwatch-render-check\.
cmake\api\v1\reply\target-encrypted-partition-table-flash-cef836deed253ea453ff.json`
[WinError 3] 指定されたパスが見つかりません。: 'C:\\Users\\wararyo\\Git\\M5StopWatch-wararyoLauncher\\.pio\\build\\m5stopwatch-render-c
heck\\.cmake\\api\\v1\\reply\\target-erase-otadata-6100453344d7ebbaba92.json' 
Please manually remove the file `C:\Users\wararyo\Git\M5StopWatch-wararyoLauncher\.pio\build\m5stopwatch-render-check\.
cmake\api\v1\reply\target-erase-otadata-6100453344d7ebbaba92.json`
[WinError 3] 指定されたパスが見つかりません。: 'C:\\Users\\wararyo\\Git\\M5StopWatch-wararyoLauncher\\.pio\\build\\m5stopwatch-render-c
heck\\.cmake\\api\\v1\\reply\\target-erase_flash-25f4bf6b54fd6400925d.json' 
Please manually remove the file `C:\Users\wararyo\Git\M5StopWatch-wararyoLauncher\.pio\build\m5stopwatch-render-check\.
cmake\api\v1\reply\target-erase_flash-25f4bf6b54fd6400925d.json`
[WinError 3] 指定されたパスが見つかりません。: 'C:\\Users\\wararyo\\Git\\M5StopWatch-wararyoLauncher\\.pio\\build\\m5stopwatch-render-c
heck\\.cmake\\api\\v1\\reply\\target-erase_otadata-58f79f6203ab432c6233.json' 
Please manually remove the file `C:\Users\wararyo\Git\M5StopWatch-wararyoLauncher\.pio\build\m5stopwatch-render-check\.
cmake\api\v1\reply\target-erase_otadata-58f79f6203ab432c6233.json`
[WinError 3] 指定されたパスが見つかりません。: 'C:\\Users\\wararyo\\Git\\M5StopWatch-wararyoLauncher\\.pio\\build\\m5stopwatch-render-c
heck\\.cmake\\api\\v1\\reply\\target-everest-373c03bac9b65d73e125.json' 
Please manually remove the file `C:\Users\wararyo\Git\M5StopWatch-wararyoLauncher\.pio\build\m5stopwatch-render-check\.
cmake\api\v1\reply\target-everest-373c03bac9b65d73e125.json`
[WinError 3] 指定されたパスが見つかりません。: 'C:\\Users\\wararyo\\Git\\M5StopWatch-wararyoLauncher\\.pio\\build\\m5stopwatch-render-c
heck\\.cmake\\api\\v1\\reply\\target-flash-cb7900c609ac0cf4c71c.json' 
Please manually remove the file `C:\Users\wararyo\Git\M5StopWatch-wararyoLauncher\.pio\build\m5stopwatch-render-check\.
cmake\api\v1\reply\target-flash-cb7900c609ac0cf4c71c.json`
[WinError 3] 指定されたパスが見つかりません。: 'C:\\Users\\wararyo\\Git\\M5StopWatch-wararyoLauncher\\.pio\\build\\m5stopwatch-render-c
heck\\.cmake\\api\\v1\\reply\\target-gen_project_binary-c5732218bafc6b762259.json' 
Please manually remove the file `C:\Users\wararyo\Git\M5StopWatch-wararyoLauncher\.pio\build\m5stopwatch-render-check\.
cmake\api\v1\reply\target-gen_project_binary-c5732218bafc6b762259.json`
[WinError 3] 指定されたパスが見つかりません。: 'C:\\Users\\wararyo\\Git\\M5StopWatch-wararyoLauncher\\.pio\\build\\m5stopwatch-render-c
heck\\.cmake\\api\\v1\\reply\\target-lib-87d20f77567fa82207d0.json' 
Please manually remove the file `C:\Users\wararyo\Git\M5StopWatch-wararyoLauncher\.pio\build\m5stopwatch-render-check\.
cmake\api\v1\reply\target-lib-87d20f77567fa82207d0.json`
[WinError 3] 指定されたパスが見つかりません。: 'C:\\Users\\wararyo\\Git\\M5StopWatch-wararyoLauncher\\.pio\\build\\m5stopwatch-render-c
heck\\.cmake\\api\\v1\\reply\\target-mbedcrypto-30e7952805cfa09352a4.json' 
Please manually remove the file `C:\Users\wararyo\Git\M5StopWatch-wararyoLauncher\.pio\build\m5stopwatch-render-check\.
cmake\api\v1\reply\target-mbedcrypto-30e7952805cfa09352a4.json`
[WinError 3] 指定されたパスが見つかりません。: 'C:\\Users\\wararyo\\Git\\M5StopWatch-wararyoLauncher\\.pio\\build\\m5stopwatch-render-c
heck\\.cmake\\api\\v1\\reply\\target-mbedtls-0bd2b760c46df9d939a4.json' 
Please manually remove the file `C:\Users\wararyo\Git\M5StopWatch-wararyoLauncher\.pio\build\m5stopwatch-render-check\.
cmake\api\v1\reply\target-mbedtls-0bd2b760c46df9d939a4.json`
[WinError 3] 指定されたパスが見つかりません。: 'C:\\Users\\wararyo\\Git\\M5StopWatch-wararyoLauncher\\.pio\\build\\m5stopwatch-render-c
heck\\.cmake\\api\\v1\\reply\\target-mbedx509-de4cc2aa8b43acd9662d.json' 
Please manually remove the file `C:\Users\wararyo\Git\M5StopWatch-wararyoLauncher\.pio\build\m5stopwatch-render-check\.
cmake\api\v1\reply\target-mbedx509-de4cc2aa8b43acd9662d.json`
[WinError 3] 指定されたパスが見つかりません。: 'C:\\Users\\wararyo\\Git\\M5StopWatch-wararyoLauncher\\.pio\\build\\m5stopwatch-render-c
heck\\.cmake\\api\\v1\\reply\\target-memory.ld-00a3aa884cc8e56c05a6.json' 
Please manually remove the file `C:\Users\wararyo\Git\M5StopWatch-wararyoLauncher\.pio\build\m5stopwatch-render-check\.
cmake\api\v1\reply\target-memory.ld-00a3aa884cc8e56c05a6.json`
[WinError 3] 指定されたパスが見つかりません。: 'C:\\Users\\wararyo\\Git\\M5StopWatch-wararyoLauncher\\.pio\\build\\m5stopwatch-render-c
heck\\.cmake\\api\\v1\\reply\\target-menuconfig-bce391f77b7cb4a32305.json' 
Please manually remove the file `C:\Users\wararyo\Git\M5StopWatch-wararyoLauncher\.pio\build\m5stopwatch-render-check\.
cmake\api\v1\reply\target-menuconfig-bce391f77b7cb4a32305.json`
[WinError 3] 指定されたパスが見つかりません。: 'C:\\Users\\wararyo\\Git\\M5StopWatch-wararyoLauncher\\.pio\\build\\m5stopwatch-render-c
heck\\.cmake\\api\\v1\\reply\\target-merge-bin-5ee152134ba9e419edfc.json' 
Please manually remove the file `C:\Users\wararyo\Git\M5StopWatch-wararyoLauncher\.pio\build\m5stopwatch-render-check\.
cmake\api\v1\reply\target-merge-bin-5ee152134ba9e419edfc.json`
[WinError 3] 指定されたパスが見つかりません。: 'C:\\Users\\wararyo\\Git\\M5StopWatch-wararyoLauncher\\.pio\\build\\m5stopwatch-render-c
heck\\.cmake\\api\\v1\\reply\\target-monitor-f4c7f5b2df06aa613d75.json' 
Please manually remove the file `C:\Users\wararyo\Git\M5StopWatch-wararyoLauncher\.pio\build\m5stopwatch-render-check\.
cmake\api\v1\reply\target-monitor-f4c7f5b2df06aa613d75.json`
[WinError 3] 指定されたパスが見つかりません。: 'C:\\Users\\wararyo\\Git\\M5StopWatch-wararyoLauncher\\.pio\\build\\m5stopwatch-render-c
heck\\.cmake\\api\\v1\\reply\\target-otadata-flash-97d38f66189c65fc0796.json' 
Please manually remove the file `C:\Users\wararyo\Git\M5StopWatch-wararyoLauncher\.pio\build\m5stopwatch-render-check\.
cmake\api\v1\reply\target-otadata-flash-97d38f66189c65fc0796.json`
[WinError 3] 指定されたパスが見つかりません。: 'C:\\Users\\wararyo\\Git\\M5StopWatch-wararyoLauncher\\.pio\\build\\m5stopwatch-render-c
heck\\.cmake\\api\\v1\\reply\\target-p256m-48d01b98fda69d8aea60.json' 
Please manually remove the file `C:\Users\wararyo\Git\M5StopWatch-wararyoLauncher\.pio\build\m5stopwatch-render-check\.
cmake\api\v1\reply\target-p256m-48d01b98fda69d8aea60.json`
[WinError 3] 指定されたパスが見つかりません。: 'C:\\Users\\wararyo\\Git\\M5StopWatch-wararyoLauncher\\.pio\\build\\m5stopwatch-render-c
heck\\.cmake\\api\\v1\\reply\\target-partition-table-2e189c128adacfbc2a1f.json' 
Please manually remove the file `C:\Users\wararyo\Git\M5StopWatch-wararyoLauncher\.pio\build\m5stopwatch-render-check\.
cmake\api\v1\reply\target-partition-table-2e189c128adacfbc2a1f.json`
[WinError 3] 指定されたパスが見つかりません。: 'C:\\Users\\wararyo\\Git\\M5StopWatch-wararyoLauncher\\.pio\\build\\m5stopwatch-render-c
heck\\.cmake\\api\\v1\\reply\\target-partition-table-flash-d48c5eafb19218e4fec4.json' 
Please manually remove the file `C:\Users\wararyo\Git\M5StopWatch-wararyoLauncher\.pio\build\m5stopwatch-render-check\.
cmake\api\v1\reply\target-partition-table-flash-d48c5eafb19218e4fec4.json`
[WinError 3] 指定されたパスが見つかりません。: 'C:\\Users\\wararyo\\Git\\M5StopWatch-wararyoLauncher\\.pio\\build\\m5stopwatch-render-c
heck\\.cmake\\api\\v1\\reply\\target-partition_table-878c3b13fd3204c145b2.json' 
Please manually remove the file `C:\Users\wararyo\Git\M5StopWatch-wararyoLauncher\.pio\build\m5stopwatch-render-check\.
cmake\api\v1\reply\target-partition_table-878c3b13fd3204c145b2.json`
[WinError 3] 指定されたパスが見つかりません。: 'C:\\Users\\wararyo\\Git\\M5StopWatch-wararyoLauncher\\.pio\\build\\m5stopwatch-render-c
heck\\.cmake\\api\\v1\\reply\\target-partition_table-flash-2f6d6100195715f469d8.json' 
Please manually remove the file `C:\Users\wararyo\Git\M5StopWatch-wararyoLauncher\.pio\build\m5stopwatch-render-check\.
cmake\api\v1\reply\target-partition_table-flash-2f6d6100195715f469d8.json`
[WinError 3] 指定されたパスが見つかりません。: 'C:\\Users\\wararyo\\Git\\M5StopWatch-wararyoLauncher\\.pio\\build\\m5stopwatch-render-c
heck\\.cmake\\api\\v1\\reply\\target-partition_table_bin-2d1823ab402936af4cf0.json' 
Please manually remove the file `C:\Users\wararyo\Git\M5StopWatch-wararyoLauncher\.pio\build\m5stopwatch-render-check\.
cmake\api\v1\reply\target-partition_table_bin-2d1823ab402936af4cf0.json`
[WinError 3] 指定されたパスが見つかりません。: 'C:\\Users\\wararyo\\Git\\M5StopWatch-wararyoLauncher\\.pio\\build\\m5stopwatch-render-c
heck\\.cmake\\api\\v1\\reply\\target-read-otadata-7ad2f02c5ec07de17375.json' 
Please manually remove the file `C:\Users\wararyo\Git\M5StopWatch-wararyoLauncher\.pio\build\m5stopwatch-render-check\.
cmake\api\v1\reply\target-read-otadata-7ad2f02c5ec07de17375.json`
[WinError 3] 指定されたパスが見つかりません。: 'C:\\Users\\wararyo\\Git\\M5StopWatch-wararyoLauncher\\.pio\\build\\m5stopwatch-render-c
heck\\.cmake\\api\\v1\\reply\\target-read_otadata-83aa53c9f1dbc2ba504f.json' 
Please manually remove the file `C:\Users\wararyo\Git\M5StopWatch-wararyoLauncher\.pio\build\m5stopwatch-render-check\.
cmake\api\v1\reply\target-read_otadata-83aa53c9f1dbc2ba504f.json`
[WinError 3] 指定されたパスが見つかりません。: 'C:\\Users\\wararyo\\Git\\M5StopWatch-wararyoLauncher\\.pio\\build\\m5stopwatch-render-c
heck\\.cmake\\api\\v1\\reply\\target-save-defconfig-6b1021fd87a5c20636d2.json' 
Please manually remove the file `C:\Users\wararyo\Git\M5StopWatch-wararyoLauncher\.pio\build\m5stopwatch-render-check\.
cmake\api\v1\reply\target-save-defconfig-6b1021fd87a5c20636d2.json`
[WinError 3] 指定されたパスが見つかりません。: 'C:\\Users\\wararyo\\Git\\M5StopWatch-wararyoLauncher\\.pio\\build\\m5stopwatch-render-c
heck\\.cmake\\api\\v1\\reply\\target-sections.ld.in-8e259e53c8a7d8fe3cdd.json' 
Please manually remove the file `C:\Users\wararyo\Git\M5StopWatch-wararyoLauncher\.pio\build\m5stopwatch-render-check\.
cmake\api\v1\reply\target-sections.ld.in-8e259e53c8a7d8fe3cdd.json`
[WinError 3] 指定されたパスが見つかりません。: 'C:\\Users\\wararyo\\Git\\M5StopWatch-wararyoLauncher\\.pio\\build\\m5stopwatch-render-c
heck\\.cmake\\api\\v1\\reply\\target-show-efuse-table-35bd520acadd4181975d.json' 
Please manually remove the file `C:\Users\wararyo\Git\M5StopWatch-wararyoLauncher\.pio\build\m5stopwatch-render-check\.
cmake\api\v1\reply\target-show-efuse-table-35bd520acadd4181975d.json`
[WinError 3] 指定されたパスが見つかりません。: 'C:\\Users\\wararyo\\Git\\M5StopWatch-wararyoLauncher\\.pio\\build\\m5stopwatch-render-c
heck\\.cmake\\api\\v1\\reply\\target-show_efuse_table-8ba7a0d82a561c092cda.json' 
Please manually remove the file `C:\Users\wararyo\Git\M5StopWatch-wararyoLauncher\.pio\build\m5stopwatch-render-check\.
cmake\api\v1\reply\target-show_efuse_table-8ba7a0d82a561c092cda.json`
[WinError 3] 指定されたパスが見つかりません。: 'C:\\Users\\wararyo\\Git\\M5StopWatch-wararyoLauncher\\.pio\\build\\m5stopwatch-render-c
heck\\.cmake\\api\\v1\\reply\\target-size-components-f4928ad498cb0d34753b.json' 
Please manually remove the file `C:\Users\wararyo\Git\M5StopWatch-wararyoLauncher\.pio\build\m5stopwatch-render-check\.
cmake\api\v1\reply\target-size-components-f4928ad498cb0d34753b.json`
[WinError 3] 指定されたパスが見つかりません。: 'C:\\Users\\wararyo\\Git\\M5StopWatch-wararyoLauncher\\.pio\\build\\m5stopwatch-render-c
heck\\.cmake\\api\\v1\\reply\\target-size-f1bef0210fbef47ffe2f.json' 
Please manually remove the file `C:\Users\wararyo\Git\M5StopWatch-wararyoLauncher\.pio\build\m5stopwatch-render-check\.
cmake\api\v1\reply\target-size-f1bef0210fbef47ffe2f.json`
[WinError 3] 指定されたパスが見つかりません。: 'C:\\Users\\wararyo\\Git\\M5StopWatch-wararyoLauncher\\.pio\\build\\m5stopwatch-render-c
heck\\.cmake\\api\\v1\\reply\\target-size-files-c85c6944bc5a03b5ebc5.json' 
Please manually remove the file `C:\Users\wararyo\Git\M5StopWatch-wararyoLauncher\.pio\build\m5stopwatch-render-check\.
cmake\api\v1\reply\target-size-files-c85c6944bc5a03b5ebc5.json`
[WinError 3] 指定されたパスが見つかりません。: 'C:\\Users\\wararyo\\Git\\M5StopWatch-wararyoLauncher\\.pio\\build\\m5stopwatch-render-c
heck\\.cmake\\api\\v1\\reply\\target-uf2-37a3b8b6ab9f2b71f8d8.json' 
Please manually remove the file `C:\Users\wararyo\Git\M5StopWatch-wararyoLauncher\.pio\build\m5stopwatch-render-check\.
cmake\api\v1\reply\target-uf2-37a3b8b6ab9f2b71f8d8.json`
[WinError 3] 指定されたパスが見つかりません。: 'C:\\Users\\wararyo\\Git\\M5StopWatch-wararyoLauncher\\.pio\\build\\m5stopwatch-render-c
heck\\.cmake\\api\\v1\\reply\\target-uf2-app-baf9d453520a3ceaf0e4.json' 
Please manually remove the file `C:\Users\wararyo\Git\M5StopWatch-wararyoLauncher\.pio\build\m5stopwatch-render-check\.
cmake\api\v1\reply\target-uf2-app-baf9d453520a3ceaf0e4.json`
[WinError 3] 指定されたパスが見つかりません。: 'C:\\Users\\wararyo\\Git\\M5StopWatch-wararyoLauncher\\.pio\\build\\m5stopwatch-render-c
heck\\.cmake\\api\\v1\\reply\\target-wararyoLauncher.elf-c09a090a11e5aba1955a.json' 
Please manually remove the file `C:\Users\wararyo\Git\M5StopWatch-wararyoLauncher\.pio\build\m5stopwatch-render-check\.
cmake\api\v1\reply\target-wararyoLauncher.elf-c09a090a11e5aba1955a.json`
[WinError 3] 指定されたパスが見つかりません。: 'C:\\Users\\wararyo\\Git\\M5StopWatch-wararyoLauncher\\.pio\\build\\m5stopwatch-render-c
heck\\.cmake\\api\\v1\\reply\\target-_project_elf_src-0bca2918f7569d918ae0.json' 
Please manually remove the file `C:\Users\wararyo\Git\M5StopWatch-wararyoLauncher\.pio\build\m5stopwatch-render-check\.
cmake\api\v1\reply\target-_project_elf_src-0bca2918f7569d918ae0.json`
[WinError 3] 指定されたパスが見つかりません。: 'C:\\Users\\wararyo\\Git\\M5StopWatch-wararyoLauncher\\.pio\\build\\m5stopwatch-render-c
heck\\.cmake\\api\\v1\\reply\\target-__idf_app_trace-d167cf554c4eed771b02.json' 
Please manually remove the file `C:\Users\wararyo\Git\M5StopWatch-wararyoLauncher\.pio\build\m5stopwatch-render-check\.
cmake\api\v1\reply\target-__idf_app_trace-d167cf554c4eed771b02.json`
[WinError 3] 指定されたパスが見つかりません。: 'C:\\Users\\wararyo\\Git\\M5StopWatch-wararyoLauncher\\.pio\\build\\m5stopwatch-render-c
heck\\.cmake\\api\\v1\\reply\\target-__idf_app_update-4e7542dbfe1124848fa8.json' 
Please manually remove the file `C:\Users\wararyo\Git\M5StopWatch-wararyoLauncher\.pio\build\m5stopwatch-render-check\.
cmake\api\v1\reply\target-__idf_app_update-4e7542dbfe1124848fa8.json`
[WinError 3] 指定されたパスが見つかりません。: 'C:\\Users\\wararyo\\Git\\M5StopWatch-wararyoLauncher\\.pio\\build\\m5stopwatch-render-c
heck\\.cmake\\api\\v1\\reply\\target-__idf_bootloader_support-8bd3a5b9a559cbcc6106.json' 
Please manually remove the file `C:\Users\wararyo\Git\M5StopWatch-wararyoLauncher\.pio\build\m5stopwatch-render-check\.
cmake\api\v1\reply\target-__idf_bootloader_support-8bd3a5b9a559cbcc6106.json`
[WinError 3] 指定されたパスが見つかりません。: 'C:\\Users\\wararyo\\Git\\M5StopWatch-wararyoLauncher\\.pio\\build\\m5stopwatch-render-c
heck\\.cmake\\api\\v1\\reply\\target-__idf_cmock-ad7d833c63a630f42735.json' 
Please manually remove the file `C:\Users\wararyo\Git\M5StopWatch-wararyoLauncher\.pio\build\m5stopwatch-render-check\.
cmake\api\v1\reply\target-__idf_cmock-ad7d833c63a630f42735.json`
[WinError 3] 指定されたパスが見つかりません。: 'C:\\Users\\wararyo\\Git\\M5StopWatch-wararyoLauncher\\.pio\\build\\m5stopwatch-render-c
heck\\.cmake\\api\\v1\\reply\\target-__idf_console-69e4659f6e7bdd7328a5.json' 
Please manually remove the file `C:\Users\wararyo\Git\M5StopWatch-wararyoLauncher\.pio\build\m5stopwatch-render-check\.
cmake\api\v1\reply\target-__idf_console-69e4659f6e7bdd7328a5.json`
[WinError 3] 指定されたパスが見つかりません。: 'C:\\Users\\wararyo\\Git\\M5StopWatch-wararyoLauncher\\.pio\\build\\m5stopwatch-render-c
heck\\.cmake\\api\\v1\\reply\\target-__idf_cxx-640eece57ae0acccf836.json' 
Please manually remove the file `C:\Users\wararyo\Git\M5StopWatch-wararyoLauncher\.pio\build\m5stopwatch-render-check\.
cmake\api\v1\reply\target-__idf_cxx-640eece57ae0acccf836.json`
[WinError 3] 指定されたパスが見つかりません。: 'C:\\Users\\wararyo\\Git\\M5StopWatch-wararyoLauncher\\.pio\\build\\m5stopwatch-render-c
heck\\.cmake\\api\\v1\\reply\\target-__idf_driver-3542c17456c332406208.json' 
Please manually remove the file `C:\Users\wararyo\Git\M5StopWatch-wararyoLauncher\.pio\build\m5stopwatch-render-check\.
cmake\api\v1\reply\target-__idf_driver-3542c17456c332406208.json`
[WinError 3] 指定されたパスが見つかりません。: 'C:\\Users\\wararyo\\Git\\M5StopWatch-wararyoLauncher\\.pio\\build\\m5stopwatch-render-c
heck\\.cmake\\api\\v1\\reply\\target-__idf_efuse-7e7f1ee40dac3c20d81e.json' 
Please manually remove the file `C:\Users\wararyo\Git\M5StopWatch-wararyoLauncher\.pio\build\m5stopwatch-render-check\.
cmake\api\v1\reply\target-__idf_efuse-7e7f1ee40dac3c20d81e.json`
[WinError 3] 指定されたパスが見つかりません。: 'C:\\Users\\wararyo\\Git\\M5StopWatch-wararyoLauncher\\.pio\\build\\m5stopwatch-render-c
heck\\.cmake\\api\\v1\\reply\\target-__idf_esp-tls-b9ba46fcfc2621249724.json' 
Please manually remove the file `C:\Users\wararyo\Git\M5StopWatch-wararyoLauncher\.pio\build\m5stopwatch-render-check\.
cmake\api\v1\reply\target-__idf_esp-tls-b9ba46fcfc2621249724.json`
[WinError 3] 指定されたパスが見つかりません。: 'C:\\Users\\wararyo\\Git\\M5StopWatch-wararyoLauncher\\.pio\\build\\m5stopwatch-render-c
heck\\.cmake\\api\\v1\\reply\\target-__idf_espcoredump-6f3c7a7d28e4a5c003bb.json' 
Please manually remove the file `C:\Users\wararyo\Git\M5StopWatch-wararyoLauncher\.pio\build\m5stopwatch-render-check\.
cmake\api\v1\reply\target-__idf_espcoredump-6f3c7a7d28e4a5c003bb.json`
[WinError 3] 指定されたパスが見つかりません。: 'C:\\Users\\wararyo\\Git\\M5StopWatch-wararyoLauncher\\.pio\\build\\m5stopwatch-render-c
heck\\.cmake\\api\\v1\\reply\\target-__idf_esp_adc-e18125cc1b220eb2fb16.json' 
Please manually remove the file `C:\Users\wararyo\Git\M5StopWatch-wararyoLauncher\.pio\build\m5stopwatch-render-check\.
cmake\api\v1\reply\target-__idf_esp_adc-e18125cc1b220eb2fb16.json`
[WinError 3] 指定されたパスが見つかりません。: 'C:\\Users\\wararyo\\Git\\M5StopWatch-wararyoLauncher\\.pio\\build\\m5stopwatch-render-c
heck\\.cmake\\api\\v1\\reply\\target-__idf_esp_app_format-4ca1595e04364b8b6ca9.json' 
Please manually remove the file `C:\Users\wararyo\Git\M5StopWatch-wararyoLauncher\.pio\build\m5stopwatch-render-check\.
cmake\api\v1\reply\target-__idf_esp_app_format-4ca1595e04364b8b6ca9.json`
[WinError 3] 指定されたパスが見つかりません。: 'C:\\Users\\wararyo\\Git\\M5StopWatch-wararyoLauncher\\.pio\\build\\m5stopwatch-render-c
heck\\.cmake\\api\\v1\\reply\\target-__idf_esp_bootloader_format-32744fcdd32e66c94d41.json' 
Please manually remove the file `C:\Users\wararyo\Git\M5StopWatch-wararyoLauncher\.pio\build\m5stopwatch-render-check\.
cmake\api\v1\reply\target-__idf_esp_bootloader_format-32744fcdd32e66c94d41.json`
[WinError 3] 指定されたパスが見つかりません。: 'C:\\Users\\wararyo\\Git\\M5StopWatch-wararyoLauncher\\.pio\\build\\m5stopwatch-render-c
heck\\.cmake\\api\\v1\\reply\\target-__idf_esp_coex-e4725d310a7be9b2c609.json' 
Please manually remove the file `C:\Users\wararyo\Git\M5StopWatch-wararyoLauncher\.pio\build\m5stopwatch-render-check\.
cmake\api\v1\reply\target-__idf_esp_coex-e4725d310a7be9b2c609.json`
[WinError 3] 指定されたパスが見つかりません。: 'C:\\Users\\wararyo\\Git\\M5StopWatch-wararyoLauncher\\.pio\\build\\m5stopwatch-render-c
heck\\.cmake\\api\\v1\\reply\\target-__idf_esp_common-875daf795bd1f6ada135.json' 
Please manually remove the file `C:\Users\wararyo\Git\M5StopWatch-wararyoLauncher\.pio\build\m5stopwatch-render-check\.
cmake\api\v1\reply\target-__idf_esp_common-875daf795bd1f6ada135.json`
[WinError 3] 指定されたパスが見つかりません。: 'C:\\Users\\wararyo\\Git\\M5StopWatch-wararyoLauncher\\.pio\\build\\m5stopwatch-render-c
heck\\.cmake\\api\\v1\\reply\\target-__idf_esp_driver_cam-b50bff8c15d78f493552.json' 
Please manually remove the file `C:\Users\wararyo\Git\M5StopWatch-wararyoLauncher\.pio\build\m5stopwatch-render-check\.
cmake\api\v1\reply\target-__idf_esp_driver_cam-b50bff8c15d78f493552.json`
[WinError 3] 指定されたパスが見つかりません。: 'C:\\Users\\wararyo\\Git\\M5StopWatch-wararyoLauncher\\.pio\\build\\m5stopwatch-render-c
heck\\.cmake\\api\\v1\\reply\\target-__idf_esp_driver_gpio-87c8516be831777cf4a6.json' 
Please manually remove the file `C:\Users\wararyo\Git\M5StopWatch-wararyoLauncher\.pio\build\m5stopwatch-render-check\.
cmake\api\v1\reply\target-__idf_esp_driver_gpio-87c8516be831777cf4a6.json`
[WinError 3] 指定されたパスが見つかりません。: 'C:\\Users\\wararyo\\Git\\M5StopWatch-wararyoLauncher\\.pio\\build\\m5stopwatch-render-c
heck\\.cmake\\api\\v1\\reply\\target-__idf_esp_driver_gptimer-66bd0c44f23e75c84bac.json' 
Please manually remove the file `C:\Users\wararyo\Git\M5StopWatch-wararyoLauncher\.pio\build\m5stopwatch-render-check\.
cmake\api\v1\reply\target-__idf_esp_driver_gptimer-66bd0c44f23e75c84bac.json`
[WinError 3] 指定されたパスが見つかりません。: 'C:\\Users\\wararyo\\Git\\M5StopWatch-wararyoLauncher\\.pio\\build\\m5stopwatch-render-c
heck\\.cmake\\api\\v1\\reply\\target-__idf_esp_driver_i2c-012eb7dfb770cb794bd6.json' 
Please manually remove the file `C:\Users\wararyo\Git\M5StopWatch-wararyoLauncher\.pio\build\m5stopwatch-render-check\.
cmake\api\v1\reply\target-__idf_esp_driver_i2c-012eb7dfb770cb794bd6.json`
[WinError 3] 指定されたパスが見つかりません。: 'C:\\Users\\wararyo\\Git\\M5StopWatch-wararyoLauncher\\.pio\\build\\m5stopwatch-render-c
heck\\.cmake\\api\\v1\\reply\\target-__idf_esp_driver_i2s-5bfccfedf26b9d28f0e1.json' 
Please manually remove the file `C:\Users\wararyo\Git\M5StopWatch-wararyoLauncher\.pio\build\m5stopwatch-render-check\.
cmake\api\v1\reply\target-__idf_esp_driver_i2s-5bfccfedf26b9d28f0e1.json`
[WinError 3] 指定されたパスが見つかりません。: 'C:\\Users\\wararyo\\Git\\M5StopWatch-wararyoLauncher\\.pio\\build\\m5stopwatch-render-c
heck\\.cmake\\api\\v1\\reply\\target-__idf_esp_driver_ledc-ab3a5d67d71dbb1a2e0b.json' 
Please manually remove the file `C:\Users\wararyo\Git\M5StopWatch-wararyoLauncher\.pio\build\m5stopwatch-render-check\.
cmake\api\v1\reply\target-__idf_esp_driver_ledc-ab3a5d67d71dbb1a2e0b.json`
[WinError 3] 指定されたパスが見つかりません。: 'C:\\Users\\wararyo\\Git\\M5StopWatch-wararyoLauncher\\.pio\\build\\m5stopwatch-render-c
heck\\.cmake\\api\\v1\\reply\\target-__idf_esp_driver_mcpwm-793c17f30d24c2604df0.json' 
Please manually remove the file `C:\Users\wararyo\Git\M5StopWatch-wararyoLauncher\.pio\build\m5stopwatch-render-check\.
cmake\api\v1\reply\target-__idf_esp_driver_mcpwm-793c17f30d24c2604df0.json`
[WinError 3] 指定されたパスが見つかりません。: 'C:\\Users\\wararyo\\Git\\M5StopWatch-wararyoLauncher\\.pio\\build\\m5stopwatch-render-c
heck\\.cmake\\api\\v1\\reply\\target-__idf_esp_driver_pcnt-f67aab1259c3d4e5ba3e.json' 
Please manually remove the file `C:\Users\wararyo\Git\M5StopWatch-wararyoLauncher\.pio\build\m5stopwatch-render-check\.
cmake\api\v1\reply\target-__idf_esp_driver_pcnt-f67aab1259c3d4e5ba3e.json`
[WinError 3] 指定されたパスが見つかりません。: 'C:\\Users\\wararyo\\Git\\M5StopWatch-wararyoLauncher\\.pio\\build\\m5stopwatch-render-c
heck\\.cmake\\api\\v1\\reply\\target-__idf_esp_driver_rmt-a92b2a6743e9fc34a8ab.json' 
Please manually remove the file `C:\Users\wararyo\Git\M5StopWatch-wararyoLauncher\.pio\build\m5stopwatch-render-check\.
cmake\api\v1\reply\target-__idf_esp_driver_rmt-a92b2a6743e9fc34a8ab.json`
[WinError 3] 指定されたパスが見つかりません。: 'C:\\Users\\wararyo\\Git\\M5StopWatch-wararyoLauncher\\.pio\\build\\m5stopwatch-render-c
heck\\.cmake\\api\\v1\\reply\\target-__idf_esp_driver_sdm-d0639ed6664ea9dc64d2.json' 
Please manually remove the file `C:\Users\wararyo\Git\M5StopWatch-wararyoLauncher\.pio\build\m5stopwatch-render-check\.
cmake\api\v1\reply\target-__idf_esp_driver_sdm-d0639ed6664ea9dc64d2.json`
[WinError 3] 指定されたパスが見つかりません。: 'C:\\Users\\wararyo\\Git\\M5StopWatch-wararyoLauncher\\.pio\\build\\m5stopwatch-render-c
heck\\.cmake\\api\\v1\\reply\\target-__idf_esp_driver_sdmmc-266a31053599289db6b6.json' 
Please manually remove the file `C:\Users\wararyo\Git\M5StopWatch-wararyoLauncher\.pio\build\m5stopwatch-render-check\.
cmake\api\v1\reply\target-__idf_esp_driver_sdmmc-266a31053599289db6b6.json`
[WinError 3] 指定されたパスが見つかりません。: 'C:\\Users\\wararyo\\Git\\M5StopWatch-wararyoLauncher\\.pio\\build\\m5stopwatch-render-c
heck\\.cmake\\api\\v1\\reply\\target-__idf_esp_driver_sdspi-61b276068744555b7ce6.json' 
Please manually remove the file `C:\Users\wararyo\Git\M5StopWatch-wararyoLauncher\.pio\build\m5stopwatch-render-check\.
cmake\api\v1\reply\target-__idf_esp_driver_sdspi-61b276068744555b7ce6.json`
[WinError 3] 指定されたパスが見つかりません。: 'C:\\Users\\wararyo\\Git\\M5StopWatch-wararyoLauncher\\.pio\\build\\m5stopwatch-render-c
heck\\.cmake\\api\\v1\\reply\\target-__idf_esp_driver_spi-9eb9d0bb1b95c71705dc.json' 
Please manually remove the file `C:\Users\wararyo\Git\M5StopWatch-wararyoLauncher\.pio\build\m5stopwatch-render-check\.
cmake\api\v1\reply\target-__idf_esp_driver_spi-9eb9d0bb1b95c71705dc.json`
[WinError 3] 指定されたパスが見つかりません。: 'C:\\Users\\wararyo\\Git\\M5StopWatch-wararyoLauncher\\.pio\\build\\m5stopwatch-render-c
heck\\.cmake\\api\\v1\\reply\\target-__idf_esp_driver_touch_sens-77ab33198805c0b315fc.json' 
Please manually remove the file `C:\Users\wararyo\Git\M5StopWatch-wararyoLauncher\.pio\build\m5stopwatch-render-check\.
cmake\api\v1\reply\target-__idf_esp_driver_touch_sens-77ab33198805c0b315fc.json`
[WinError 3] 指定されたパスが見つかりません。: 'C:\\Users\\wararyo\\Git\\M5StopWatch-wararyoLauncher\\.pio\\build\\m5stopwatch-render-c
heck\\.cmake\\api\\v1\\reply\\target-__idf_esp_driver_tsens-3c1d1a785d969a6c92dd.json' 
Please manually remove the file `C:\Users\wararyo\Git\M5StopWatch-wararyoLauncher\.pio\build\m5stopwatch-render-check\.
cmake\api\v1\reply\target-__idf_esp_driver_tsens-3c1d1a785d969a6c92dd.json`
[WinError 3] 指定されたパスが見つかりません。: 'C:\\Users\\wararyo\\Git\\M5StopWatch-wararyoLauncher\\.pio\\build\\m5stopwatch-render-c
heck\\.cmake\\api\\v1\\reply\\target-__idf_esp_driver_twai-62afebb97dfd6af3f0eb.json' 
Please manually remove the file `C:\Users\wararyo\Git\M5StopWatch-wararyoLauncher\.pio\build\m5stopwatch-render-check\.
cmake\api\v1\reply\target-__idf_esp_driver_twai-62afebb97dfd6af3f0eb.json`
[WinError 3] 指定されたパスが見つかりません。: 'C:\\Users\\wararyo\\Git\\M5StopWatch-wararyoLauncher\\.pio\\build\\m5stopwatch-render-c
heck\\.cmake\\api\\v1\\reply\\target-__idf_esp_driver_uart-2e8e9a444712584066fe.json' 
Please manually remove the file `C:\Users\wararyo\Git\M5StopWatch-wararyoLauncher\.pio\build\m5stopwatch-render-check\.
cmake\api\v1\reply\target-__idf_esp_driver_uart-2e8e9a444712584066fe.json`
[WinError 3] 指定されたパスが見つかりません。: 'C:\\Users\\wararyo\\Git\\M5StopWatch-wararyoLauncher\\.pio\\build\\m5stopwatch-render-c
heck\\.cmake\\api\\v1\\reply\\target-__idf_esp_driver_usb_serial_jtag-e2c11d68cd42aac6e650.json' 
Please manually remove the file `C:\Users\wararyo\Git\M5StopWatch-wararyoLauncher\.pio\build\m5stopwatch-render-check\.
cmake\api\v1\reply\target-__idf_esp_driver_usb_serial_jtag-e2c11d68cd42aac6e650.json`
[WinError 3] 指定されたパスが見つかりません。: 'C:\\Users\\wararyo\\Git\\M5StopWatch-wararyoLauncher\\.pio\\build\\m5stopwatch-render-c
heck\\.cmake\\api\\v1\\reply\\target-__idf_esp_eth-cc9633a8f7992a54c388.json' 
Please manually remove the file `C:\Users\wararyo\Git\M5StopWatch-wararyoLauncher\.pio\build\m5stopwatch-render-check\.
cmake\api\v1\reply\target-__idf_esp_eth-cc9633a8f7992a54c388.json`
[WinError 3] 指定されたパスが見つかりません。: 'C:\\Users\\wararyo\\Git\\M5StopWatch-wararyoLauncher\\.pio\\build\\m5stopwatch-render-c
heck\\.cmake\\api\\v1\\reply\\target-__idf_esp_event-12eb5b95d13671349e92.json' 
Please manually remove the file `C:\Users\wararyo\Git\M5StopWatch-wararyoLauncher\.pio\build\m5stopwatch-render-check\.
cmake\api\v1\reply\target-__idf_esp_event-12eb5b95d13671349e92.json`
[WinError 3] 指定されたパスが見つかりません。: 'C:\\Users\\wararyo\\Git\\M5StopWatch-wararyoLauncher\\.pio\\build\\m5stopwatch-render-c
heck\\.cmake\\api\\v1\\reply\\target-__idf_esp_gdbstub-3bce3e277ff9cfb3ae8a.json' 
Please manually remove the file `C:\Users\wararyo\Git\M5StopWatch-wararyoLauncher\.pio\build\m5stopwatch-render-check\.
cmake\api\v1\reply\target-__idf_esp_gdbstub-3bce3e277ff9cfb3ae8a.json`
[WinError 3] 指定されたパスが見つかりません。: 'C:\\Users\\wararyo\\Git\\M5StopWatch-wararyoLauncher\\.pio\\build\\m5stopwatch-render-c
heck\\.cmake\\api\\v1\\reply\\target-__idf_esp_hid-a2f4d86f3a421c4e2630.json' 
Please manually remove the file `C:\Users\wararyo\Git\M5StopWatch-wararyoLauncher\.pio\build\m5stopwatch-render-check\.
cmake\api\v1\reply\target-__idf_esp_hid-a2f4d86f3a421c4e2630.json`
[WinError 3] 指定されたパスが見つかりません。: 'C:\\Users\\wararyo\\Git\\M5StopWatch-wararyoLauncher\\.pio\\build\\m5stopwatch-render-c
heck\\.cmake\\api\\v1\\reply\\target-__idf_esp_https_ota-892510849b55ffabf12d.json' 
Please manually remove the file `C:\Users\wararyo\Git\M5StopWatch-wararyoLauncher\.pio\build\m5stopwatch-render-check\.
cmake\api\v1\reply\target-__idf_esp_https_ota-892510849b55ffabf12d.json`
[WinError 3] 指定されたパスが見つかりません。: 'C:\\Users\\wararyo\\Git\\M5StopWatch-wararyoLauncher\\.pio\\build\\m5stopwatch-render-c
heck\\.cmake\\api\\v1\\reply\\target-__idf_esp_https_server-c692dad414d3c68100cc.json' 
Please manually remove the file `C:\Users\wararyo\Git\M5StopWatch-wararyoLauncher\.pio\build\m5stopwatch-render-check\.
cmake\api\v1\reply\target-__idf_esp_https_server-c692dad414d3c68100cc.json`
[WinError 3] 指定されたパスが見つかりません。: 'C:\\Users\\wararyo\\Git\\M5StopWatch-wararyoLauncher\\.pio\\build\\m5stopwatch-render-c
heck\\.cmake\\api\\v1\\reply\\target-__idf_esp_http_client-b29c66dff86b309ac827.json' 
Please manually remove the file `C:\Users\wararyo\Git\M5StopWatch-wararyoLauncher\.pio\build\m5stopwatch-render-check\.
cmake\api\v1\reply\target-__idf_esp_http_client-b29c66dff86b309ac827.json`
[WinError 3] 指定されたパスが見つかりません。: 'C:\\Users\\wararyo\\Git\\M5StopWatch-wararyoLauncher\\.pio\\build\\m5stopwatch-render-c
heck\\.cmake\\api\\v1\\reply\\target-__idf_esp_http_server-d0c31f7aa6c4b5ab3b7b.json' 
Please manually remove the file `C:\Users\wararyo\Git\M5StopWatch-wararyoLauncher\.pio\build\m5stopwatch-render-check\.
cmake\api\v1\reply\target-__idf_esp_http_server-d0c31f7aa6c4b5ab3b7b.json`
[WinError 3] 指定されたパスが見つかりません。: 'C:\\Users\\wararyo\\Git\\M5StopWatch-wararyoLauncher\\.pio\\build\\m5stopwatch-render-c
heck\\.cmake\\api\\v1\\reply\\target-__idf_esp_hw_support-cd8e7f9f9be0158f8fa5.json' 
Please manually remove the file `C:\Users\wararyo\Git\M5StopWatch-wararyoLauncher\.pio\build\m5stopwatch-render-check\.
cmake\api\v1\reply\target-__idf_esp_hw_support-cd8e7f9f9be0158f8fa5.json`
[WinError 3] 指定されたパスが見つかりません。: 'C:\\Users\\wararyo\\Git\\M5StopWatch-wararyoLauncher\\.pio\\build\\m5stopwatch-render-c
heck\\.cmake\\api\\v1\\reply\\target-__idf_esp_lcd-1b928b1818e3c6d395a7.json' 
Please manually remove the file `C:\Users\wararyo\Git\M5StopWatch-wararyoLauncher\.pio\build\m5stopwatch-render-check\.
cmake\api\v1\reply\target-__idf_esp_lcd-1b928b1818e3c6d395a7.json`
[WinError 3] 指定されたパスが見つかりません。: 'C:\\Users\\wararyo\\Git\\M5StopWatch-wararyoLauncher\\.pio\\build\\m5stopwatch-render-c
heck\\.cmake\\api\\v1\\reply\\target-__idf_esp_local_ctrl-bd9b8cf496216dc89865.json' 
Please manually remove the file `C:\Users\wararyo\Git\M5StopWatch-wararyoLauncher\.pio\build\m5stopwatch-render-check\.
cmake\api\v1\reply\target-__idf_esp_local_ctrl-bd9b8cf496216dc89865.json`
[WinError 3] 指定されたパスが見つかりません。: 'C:\\Users\\wararyo\\Git\\M5StopWatch-wararyoLauncher\\.pio\\build\\m5stopwatch-render-c
heck\\.cmake\\api\\v1\\reply\\target-__idf_esp_mm-9c81ae726142dd58455e.json' 
Please manually remove the file `C:\Users\wararyo\Git\M5StopWatch-wararyoLauncher\.pio\build\m5stopwatch-render-check\.
cmake\api\v1\reply\target-__idf_esp_mm-9c81ae726142dd58455e.json`
[WinError 3] 指定されたパスが見つかりません。: 'C:\\Users\\wararyo\\Git\\M5StopWatch-wararyoLauncher\\.pio\\build\\m5stopwatch-render-c
heck\\.cmake\\api\\v1\\reply\\target-__idf_esp_netif-3a25c8d6ea2a75d60073.json' 
Please manually remove the file `C:\Users\wararyo\Git\M5StopWatch-wararyoLauncher\.pio\build\m5stopwatch-render-check\.
cmake\api\v1\reply\target-__idf_esp_netif-3a25c8d6ea2a75d60073.json`
[WinError 3] 指定されたパスが見つかりません。: 'C:\\Users\\wararyo\\Git\\M5StopWatch-wararyoLauncher\\.pio\\build\\m5stopwatch-render-c
heck\\.cmake\\api\\v1\\reply\\target-__idf_esp_partition-180d3efed5b35e8bcff0.json' 
Please manually remove the file `C:\Users\wararyo\Git\M5StopWatch-wararyoLauncher\.pio\build\m5stopwatch-render-check\.
cmake\api\v1\reply\target-__idf_esp_partition-180d3efed5b35e8bcff0.json`
[WinError 3] 指定されたパスが見つかりません。: 'C:\\Users\\wararyo\\Git\\M5StopWatch-wararyoLauncher\\.pio\\build\\m5stopwatch-render-c
heck\\.cmake\\api\\v1\\reply\\target-__idf_esp_phy-c192920b0d2be38ce393.json' 
Please manually remove the file `C:\Users\wararyo\Git\M5StopWatch-wararyoLauncher\.pio\build\m5stopwatch-render-check\.
cmake\api\v1\reply\target-__idf_esp_phy-c192920b0d2be38ce393.json`
[WinError 3] 指定されたパスが見つかりません。: 'C:\\Users\\wararyo\\Git\\M5StopWatch-wararyoLauncher\\.pio\\build\\m5stopwatch-render-c
heck\\.cmake\\api\\v1\\reply\\target-__idf_esp_pm-2c6123acc567151c0464.json' 
Please manually remove the file `C:\Users\wararyo\Git\M5StopWatch-wararyoLauncher\.pio\build\m5stopwatch-render-check\.
cmake\api\v1\reply\target-__idf_esp_pm-2c6123acc567151c0464.json`
[WinError 3] 指定されたパスが見つかりません。: 'C:\\Users\\wararyo\\Git\\M5StopWatch-wararyoLauncher\\.pio\\build\\m5stopwatch-render-c
heck\\.cmake\\api\\v1\\reply\\target-__idf_esp_psram-c7260aa7c66c990e1abe.json' 
Please manually remove the file `C:\Users\wararyo\Git\M5StopWatch-wararyoLauncher\.pio\build\m5stopwatch-render-check\.
cmake\api\v1\reply\target-__idf_esp_psram-c7260aa7c66c990e1abe.json`
[WinError 3] 指定されたパスが見つかりません。: 'C:\\Users\\wararyo\\Git\\M5StopWatch-wararyoLauncher\\.pio\\build\\m5stopwatch-render-c
heck\\.cmake\\api\\v1\\reply\\target-__idf_esp_ringbuf-1b913d666674c0da6959.json' 
Please manually remove the file `C:\Users\wararyo\Git\M5StopWatch-wararyoLauncher\.pio\build\m5stopwatch-render-check\.
cmake\api\v1\reply\target-__idf_esp_ringbuf-1b913d666674c0da6959.json`
[WinError 3] 指定されたパスが見つかりません。: 'C:\\Users\\wararyo\\Git\\M5StopWatch-wararyoLauncher\\.pio\\build\\m5stopwatch-render-c
heck\\.cmake\\api\\v1\\reply\\target-__idf_esp_rom-6c8e2ce865830d5f249b.json' 
Please manually remove the file `C:\Users\wararyo\Git\M5StopWatch-wararyoLauncher\.pio\build\m5stopwatch-render-check\.
cmake\api\v1\reply\target-__idf_esp_rom-6c8e2ce865830d5f249b.json`
[WinError 3] 指定されたパスが見つかりません。: 'C:\\Users\\wararyo\\Git\\M5StopWatch-wararyoLauncher\\.pio\\build\\m5stopwatch-render-c
heck\\.cmake\\api\\v1\\reply\\target-__idf_esp_security-3ab9475ee0751a5aee20.json' 
Please manually remove the file `C:\Users\wararyo\Git\M5StopWatch-wararyoLauncher\.pio\build\m5stopwatch-render-check\.
cmake\api\v1\reply\target-__idf_esp_security-3ab9475ee0751a5aee20.json`
[WinError 3] 指定されたパスが見つかりません。: 'C:\\Users\\wararyo\\Git\\M5StopWatch-wararyoLauncher\\.pio\\build\\m5stopwatch-render-c
heck\\.cmake\\api\\v1\\reply\\target-__idf_esp_system-11e1e44b74f75d3f5910.json' 
Please manually remove the file `C:\Users\wararyo\Git\M5StopWatch-wararyoLauncher\.pio\build\m5stopwatch-render-check\.
cmake\api\v1\reply\target-__idf_esp_system-11e1e44b74f75d3f5910.json`
[WinError 3] 指定されたパスが見つかりません。: 'C:\\Users\\wararyo\\Git\\M5StopWatch-wararyoLauncher\\.pio\\build\\m5stopwatch-render-c
heck\\.cmake\\api\\v1\\reply\\target-__idf_esp_timer-60ff79a79f5e94707138.json' 
Please manually remove the file `C:\Users\wararyo\Git\M5StopWatch-wararyoLauncher\.pio\build\m5stopwatch-render-check\.
cmake\api\v1\reply\target-__idf_esp_timer-60ff79a79f5e94707138.json`
[WinError 3] 指定されたパスが見つかりません。: 'C:\\Users\\wararyo\\Git\\M5StopWatch-wararyoLauncher\\.pio\\build\\m5stopwatch-render-c
heck\\.cmake\\api\\v1\\reply\\target-__idf_esp_vfs_console-9f496810a5fdea9d9a06.json' 
Please manually remove the file `C:\Users\wararyo\Git\M5StopWatch-wararyoLauncher\.pio\build\m5stopwatch-render-check\.
cmake\api\v1\reply\target-__idf_esp_vfs_console-9f496810a5fdea9d9a06.json`
[WinError 3] 指定されたパスが見つかりません。: 'C:\\Users\\wararyo\\Git\\M5StopWatch-wararyoLauncher\\.pio\\build\\m5stopwatch-render-c
heck\\.cmake\\api\\v1\\reply\\target-__idf_esp_wifi-446b10243de1eec0bf97.json' 
Please manually remove the file `C:\Users\wararyo\Git\M5StopWatch-wararyoLauncher\.pio\build\m5stopwatch-render-check\.
cmake\api\v1\reply\target-__idf_esp_wifi-446b10243de1eec0bf97.json`
[WinError 3] 指定されたパスが見つかりません。: 'C:\\Users\\wararyo\\Git\\M5StopWatch-wararyoLauncher\\.pio\\build\\m5stopwatch-render-c
heck\\.cmake\\api\\v1\\reply\\target-__idf_fatfs-0bb94d16ebc743c82526.json' 
Please manually remove the file `C:\Users\wararyo\Git\M5StopWatch-wararyoLauncher\.pio\build\m5stopwatch-render-check\.
cmake\api\v1\reply\target-__idf_fatfs-0bb94d16ebc743c82526.json`
[WinError 3] 指定されたパスが見つかりません。: 'C:\\Users\\wararyo\\Git\\M5StopWatch-wararyoLauncher\\.pio\\build\\m5stopwatch-render-c
heck\\.cmake\\api\\v1\\reply\\target-__idf_freertos-86452e1851c36213a98e.json' 
Please manually remove the file `C:\Users\wararyo\Git\M5StopWatch-wararyoLauncher\.pio\build\m5stopwatch-render-check\.
cmake\api\v1\reply\target-__idf_freertos-86452e1851c36213a98e.json`
[WinError 3] 指定されたパスが見つかりません。: 'C:\\Users\\wararyo\\Git\\M5StopWatch-wararyoLauncher\\.pio\\build\\m5stopwatch-render-c
heck\\.cmake\\api\\v1\\reply\\target-__idf_hal-736661573a725e7afe63.json' 
Please manually remove the file `C:\Users\wararyo\Git\M5StopWatch-wararyoLauncher\.pio\build\m5stopwatch-render-check\.
cmake\api\v1\reply\target-__idf_hal-736661573a725e7afe63.json`
[WinError 3] 指定されたパスが見つかりません。: 'C:\\Users\\wararyo\\Git\\M5StopWatch-wararyoLauncher\\.pio\\build\\m5stopwatch-render-c
heck\\.cmake\\api\\v1\\reply\\target-__idf_heap-c7b8afed7345bd13a807.json' 
Please manually remove the file `C:\Users\wararyo\Git\M5StopWatch-wararyoLauncher\.pio\build\m5stopwatch-render-check\.
cmake\api\v1\reply\target-__idf_heap-c7b8afed7345bd13a807.json`
[WinError 3] 指定されたパスが見つかりません。: 'C:\\Users\\wararyo\\Git\\M5StopWatch-wararyoLauncher\\.pio\\build\\m5stopwatch-render-c
heck\\.cmake\\api\\v1\\reply\\target-__idf_http_parser-6ff12f7eb5c88b3161f8.json' 
Please manually remove the file `C:\Users\wararyo\Git\M5StopWatch-wararyoLauncher\.pio\build\m5stopwatch-render-check\.
cmake\api\v1\reply\target-__idf_http_parser-6ff12f7eb5c88b3161f8.json`
[WinError 3] 指定されたパスが見つかりません。: 'C:\\Users\\wararyo\\Git\\M5StopWatch-wararyoLauncher\\.pio\\build\\m5stopwatch-render-c
heck\\.cmake\\api\\v1\\reply\\target-__idf_json-14b7e8f1e2d044d8cbb5.json' 
Please manually remove the file `C:\Users\wararyo\Git\M5StopWatch-wararyoLauncher\.pio\build\m5stopwatch-render-check\.
cmake\api\v1\reply\target-__idf_json-14b7e8f1e2d044d8cbb5.json`
[WinError 3] 指定されたパスが見つかりません。: 'C:\\Users\\wararyo\\Git\\M5StopWatch-wararyoLauncher\\.pio\\build\\m5stopwatch-render-c
heck\\.cmake\\api\\v1\\reply\\target-__idf_log-065f246476b990a9094b.json' 
Please manually remove the file `C:\Users\wararyo\Git\M5StopWatch-wararyoLauncher\.pio\build\m5stopwatch-render-check\.
cmake\api\v1\reply\target-__idf_log-065f246476b990a9094b.json`
[WinError 3] 指定されたパスが見つかりません。: 'C:\\Users\\wararyo\\Git\\M5StopWatch-wararyoLauncher\\.pio\\build\\m5stopwatch-render-c
heck\\.cmake\\api\\v1\\reply\\target-__idf_lwip-ff295394218dfd3d5666.json' 
Please manually remove the file `C:\Users\wararyo\Git\M5StopWatch-wararyoLauncher\.pio\build\m5stopwatch-render-check\.
cmake\api\v1\reply\target-__idf_lwip-ff295394218dfd3d5666.json`
[WinError 3] 指定されたパスが見つかりません。: 'C:\\Users\\wararyo\\Git\\M5StopWatch-wararyoLauncher\\.pio\\build\\m5stopwatch-render-c
heck\\.cmake\\api\\v1\\reply\\target-__idf_mbedtls-e5365707dafa96d04970.json' 
Please manually remove the file `C:\Users\wararyo\Git\M5StopWatch-wararyoLauncher\.pio\build\m5stopwatch-render-check\.
cmake\api\v1\reply\target-__idf_mbedtls-e5365707dafa96d04970.json`
[WinError 3] 指定されたパスが見つかりません。: 'C:\\Users\\wararyo\\Git\\M5StopWatch-wararyoLauncher\\.pio\\build\\m5stopwatch-render-c
heck\\.cmake\\api\\v1\\reply\\target-__idf_mqtt-8ab995582d0d06d8e762.json' 
Please manually remove the file `C:\Users\wararyo\Git\M5StopWatch-wararyoLauncher\.pio\build\m5stopwatch-render-check\.
cmake\api\v1\reply\target-__idf_mqtt-8ab995582d0d06d8e762.json`
[WinError 3] 指定されたパスが見つかりません。: 'C:\\Users\\wararyo\\Git\\M5StopWatch-wararyoLauncher\\.pio\\build\\m5stopwatch-render-c
heck\\.cmake\\api\\v1\\reply\\target-__idf_newlib-9e6736790fe2e87af3c9.json' 
Please manually remove the file `C:\Users\wararyo\Git\M5StopWatch-wararyoLauncher\.pio\build\m5stopwatch-render-check\.
cmake\api\v1\reply\target-__idf_newlib-9e6736790fe2e87af3c9.json`
[WinError 3] 指定されたパスが見つかりません。: 'C:\\Users\\wararyo\\Git\\M5StopWatch-wararyoLauncher\\.pio\\build\\m5stopwatch-render-c
heck\\.cmake\\api\\v1\\reply\\target-__idf_nvs_flash-3096fddd7d8c772ef1b7.json' 
Please manually remove the file `C:\Users\wararyo\Git\M5StopWatch-wararyoLauncher\.pio\build\m5stopwatch-render-check\.
cmake\api\v1\reply\target-__idf_nvs_flash-3096fddd7d8c772ef1b7.json`
[WinError 3] 指定されたパスが見つかりません。: 'C:\\Users\\wararyo\\Git\\M5StopWatch-wararyoLauncher\\.pio\\build\\m5stopwatch-render-c
heck\\.cmake\\api\\v1\\reply\\target-__idf_nvs_sec_provider-4bdb90c5768c430202ff.json' 
Please manually remove the file `C:\Users\wararyo\Git\M5StopWatch-wararyoLauncher\.pio\build\m5stopwatch-render-check\.
cmake\api\v1\reply\target-__idf_nvs_sec_provider-4bdb90c5768c430202ff.json`
[WinError 3] 指定されたパスが見つかりません。: 'C:\\Users\\wararyo\\Git\\M5StopWatch-wararyoLauncher\\.pio\\build\\m5stopwatch-render-c
heck\\.cmake\\api\\v1\\reply\\target-__idf_perfmon-61628eef9e53f80bd4a0.json' 
Please manually remove the file `C:\Users\wararyo\Git\M5StopWatch-wararyoLauncher\.pio\build\m5stopwatch-render-check\.
cmake\api\v1\reply\target-__idf_perfmon-61628eef9e53f80bd4a0.json`
[WinError 3] 指定されたパスが見つかりません。: 'C:\\Users\\wararyo\\Git\\M5StopWatch-wararyoLauncher\\.pio\\build\\m5stopwatch-render-c
heck\\.cmake\\api\\v1\\reply\\target-__idf_protobuf-c-cac1ebd0d83681147ab1.json' 
Please manually remove the file `C:\Users\wararyo\Git\M5StopWatch-wararyoLauncher\.pio\build\m5stopwatch-render-check\.
cmake\api\v1\reply\target-__idf_protobuf-c-cac1ebd0d83681147ab1.json`
[WinError 3] 指定されたパスが見つかりません。: 'C:\\Users\\wararyo\\Git\\M5StopWatch-wararyoLauncher\\.pio\\build\\m5stopwatch-render-c
heck\\.cmake\\api\\v1\\reply\\target-__idf_protocomm-b1a0612a862a51a8550f.json' 
Please manually remove the file `C:\Users\wararyo\Git\M5StopWatch-wararyoLauncher\.pio\build\m5stopwatch-render-check\.
cmake\api\v1\reply\target-__idf_protocomm-b1a0612a862a51a8550f.json`
[WinError 3] 指定されたパスが見つかりません。: 'C:\\Users\\wararyo\\Git\\M5StopWatch-wararyoLauncher\\.pio\\build\\m5stopwatch-render-c
heck\\.cmake\\api\\v1\\reply\\target-__idf_pthread-4a73884b7c621ce8a392.json' 
Please manually remove the file `C:\Users\wararyo\Git\M5StopWatch-wararyoLauncher\.pio\build\m5stopwatch-render-check\.
cmake\api\v1\reply\target-__idf_pthread-4a73884b7c621ce8a392.json`
[WinError 3] 指定されたパスが見つかりません。: 'C:\\Users\\wararyo\\Git\\M5StopWatch-wararyoLauncher\\.pio\\build\\m5stopwatch-render-c
heck\\.cmake\\api\\v1\\reply\\target-__idf_rt-ac73531d1e36645ae5cb.json' 
Please manually remove the file `C:\Users\wararyo\Git\M5StopWatch-wararyoLauncher\.pio\build\m5stopwatch-render-check\.
cmake\api\v1\reply\target-__idf_rt-ac73531d1e36645ae5cb.json`
[WinError 3] 指定されたパスが見つかりません。: 'C:\\Users\\wararyo\\Git\\M5StopWatch-wararyoLauncher\\.pio\\build\\m5stopwatch-render-c
heck\\.cmake\\api\\v1\\reply\\target-__idf_sdmmc-473065b549dbff941ff1.json' 
Please manually remove the file `C:\Users\wararyo\Git\M5StopWatch-wararyoLauncher\.pio\build\m5stopwatch-render-check\.
cmake\api\v1\reply\target-__idf_sdmmc-473065b549dbff941ff1.json`
[WinError 3] 指定されたパスが見つかりません。: 'C:\\Users\\wararyo\\Git\\M5StopWatch-wararyoLauncher\\.pio\\build\\m5stopwatch-render-c
heck\\.cmake\\api\\v1\\reply\\target-__idf_soc-04d7320b200ab364c4eb.json' 
Please manually remove the file `C:\Users\wararyo\Git\M5StopWatch-wararyoLauncher\.pio\build\m5stopwatch-render-check\.
cmake\api\v1\reply\target-__idf_soc-04d7320b200ab364c4eb.json`
[WinError 3] 指定されたパスが見つかりません。: 'C:\\Users\\wararyo\\Git\\M5StopWatch-wararyoLauncher\\.pio\\build\\m5stopwatch-render-c
heck\\.cmake\\api\\v1\\reply\\target-__idf_spiffs-8286871585ea7bc4ac44.json' 
Please manually remove the file `C:\Users\wararyo\Git\M5StopWatch-wararyoLauncher\.pio\build\m5stopwatch-render-check\.
cmake\api\v1\reply\target-__idf_spiffs-8286871585ea7bc4ac44.json`
[WinError 3] 指定されたパスが見つかりません。: 'C:\\Users\\wararyo\\Git\\M5StopWatch-wararyoLauncher\\.pio\\build\\m5stopwatch-render-c
heck\\.cmake\\api\\v1\\reply\\target-__idf_spi_flash-1a05b736919b3c23ef37.json' 
Please manually remove the file `C:\Users\wararyo\Git\M5StopWatch-wararyoLauncher\.pio\build\m5stopwatch-render-check\.
cmake\api\v1\reply\target-__idf_spi_flash-1a05b736919b3c23ef37.json`
[WinError 3] 指定されたパスが見つかりません。: 'C:\\Users\\wararyo\\Git\\M5StopWatch-wararyoLauncher\\.pio\\build\\m5stopwatch-render-c
heck\\.cmake\\api\\v1\\reply\\target-__idf_src-ca1a67179a7c0d02a8e7.json' 
Please manually remove the file `C:\Users\wararyo\Git\M5StopWatch-wararyoLauncher\.pio\build\m5stopwatch-render-check\.
cmake\api\v1\reply\target-__idf_src-ca1a67179a7c0d02a8e7.json`
[WinError 3] 指定されたパスが見つかりません。: 'C:\\Users\\wararyo\\Git\\M5StopWatch-wararyoLauncher\\.pio\\build\\m5stopwatch-render-c
heck\\.cmake\\api\\v1\\reply\\target-__idf_tcp_transport-5886f4edbf132b7afec4.json' 
Please manually remove the file `C:\Users\wararyo\Git\M5StopWatch-wararyoLauncher\.pio\build\m5stopwatch-render-check\.
cmake\api\v1\reply\target-__idf_tcp_transport-5886f4edbf132b7afec4.json`
[WinError 3] 指定されたパスが見つかりません。: 'C:\\Users\\wararyo\\Git\\M5StopWatch-wararyoLauncher\\.pio\\build\\m5stopwatch-render-c
heck\\.cmake\\api\\v1\\reply\\target-__idf_touch_element-296c3f284728579b52cb.json' 
Please manually remove the file `C:\Users\wararyo\Git\M5StopWatch-wararyoLauncher\.pio\build\m5stopwatch-render-check\.
cmake\api\v1\reply\target-__idf_touch_element-296c3f284728579b52cb.json`
[WinError 3] 指定されたパスが見つかりません。: 'C:\\Users\\wararyo\\Git\\M5StopWatch-wararyoLauncher\\.pio\\build\\m5stopwatch-render-c
heck\\.cmake\\api\\v1\\reply\\target-__idf_unity-a6310572a7f3056d7903.json' 
Please manually remove the file `C:\Users\wararyo\Git\M5StopWatch-wararyoLauncher\.pio\build\m5stopwatch-render-check\.
cmake\api\v1\reply\target-__idf_unity-a6310572a7f3056d7903.json`
[WinError 3] 指定されたパスが見つかりません。: 'C:\\Users\\wararyo\\Git\\M5StopWatch-wararyoLauncher\\.pio\\build\\m5stopwatch-render-c
heck\\.cmake\\api\\v1\\reply\\target-__idf_usb-a6fe5e35701a95476e52.json' 
Please manually remove the file `C:\Users\wararyo\Git\M5StopWatch-wararyoLauncher\.pio\build\m5stopwatch-render-check\.
cmake\api\v1\reply\target-__idf_usb-a6fe5e35701a95476e52.json`
[WinError 3] 指定されたパスが見つかりません。: 'C:\\Users\\wararyo\\Git\\M5StopWatch-wararyoLauncher\\.pio\\build\\m5stopwatch-render-c
heck\\.cmake\\api\\v1\\reply\\target-__idf_vfs-f5e9b4bca34180a50b92.json' 
Please manually remove the file `C:\Users\wararyo\Git\M5StopWatch-wararyoLauncher\.pio\build\m5stopwatch-render-check\.
cmake\api\v1\reply\target-__idf_vfs-f5e9b4bca34180a50b92.json`
[WinError 3] 指定されたパスが見つかりません。: 'C:\\Users\\wararyo\\Git\\M5StopWatch-wararyoLauncher\\.pio\\build\\m5stopwatch-render-c
heck\\.cmake\\api\\v1\\reply\\target-__idf_wear_levelling-cdd6b8fac3b16fbb0d9b.json' 
Please manually remove the file `C:\Users\wararyo\Git\M5StopWatch-wararyoLauncher\.pio\build\m5stopwatch-render-check\.
cmake\api\v1\reply\target-__idf_wear_levelling-cdd6b8fac3b16fbb0d9b.json`
[WinError 3] 指定されたパスが見つかりません。: 'C:\\Users\\wararyo\\Git\\M5StopWatch-wararyoLauncher\\.pio\\build\\m5stopwatch-render-c
heck\\.cmake\\api\\v1\\reply\\target-__idf_wifi_provisioning-bcba957b7d94e65cc78c.json' 
Please manually remove the file `C:\Users\wararyo\Git\M5StopWatch-wararyoLauncher\.pio\build\m5stopwatch-render-check\.
cmake\api\v1\reply\target-__idf_wifi_provisioning-bcba957b7d94e65cc78c.json`
[WinError 3] 指定されたパスが見つかりません。: 'C:\\Users\\wararyo\\Git\\M5StopWatch-wararyoLauncher\\.pio\\build\\m5stopwatch-render-c
heck\\.cmake\\api\\v1\\reply\\target-__idf_wpa_supplicant-afbb97790d7e631d0757.json' 
Please manually remove the file `C:\Users\wararyo\Git\M5StopWatch-wararyoLauncher\.pio\build\m5stopwatch-render-check\.
cmake\api\v1\reply\target-__idf_wpa_supplicant-afbb97790d7e631d0757.json`
[WinError 3] 指定されたパスが見つかりません。: 'C:\\Users\\wararyo\\Git\\M5StopWatch-wararyoLauncher\\.pio\\build\\m5stopwatch-render-c
heck\\.cmake\\api\\v1\\reply\\target-__idf_xtensa-d9c510f0c3cafa0dc1a2.json' 
Please manually remove the file `C:\Users\wararyo\Git\M5StopWatch-wararyoLauncher\.pio\build\m5stopwatch-render-check\.
cmake\api\v1\reply\target-__idf_xtensa-d9c510f0c3cafa0dc1a2.json`
[WinError 3] 指定されたパスが見つかりません。: 'C:\\Users\\wararyo\\Git\\M5StopWatch-wararyoLauncher\\.pio\\build\\m5stopwatch-render-c
heck\\.cmake\\api\\v1\\reply\\target-__idf___pio_env-a1fe7567213c89bb1864.json' 
Please manually remove the file `C:\Users\wararyo\Git\M5StopWatch-wararyoLauncher\.pio\build\m5stopwatch-render-check\.
cmake\api\v1\reply\target-__idf___pio_env-a1fe7567213c89bb1864.json`
[WinError 3] 指定されたパスが見つかりません。: 'C:\\Users\\wararyo\\Git\\M5StopWatch-wararyoLauncher\\.pio\\build\\m5stopwatch-render-c
heck\\.cmake\\api\\v1\\reply\\target-__ldgen_output_sections.ld-5da1ae9687ea84a99750.json' 
Please manually remove the file `C:\Users\wararyo\Git\M5StopWatch-wararyoLauncher\.pio\build\m5stopwatch-render-check\.
cmake\api\v1\reply\target-__ldgen_output_sections.ld-5da1ae9687ea84a99750.json`
[WinError 3] 指定されたパスが見つかりません。: 'C:\\Users\\wararyo\\Git\\M5StopWatch-wararyoLauncher\\.pio\\build\\m5stopwatch-render-c
heck\\.cmake\\api\\v1\\reply' 
Please manually remove the file `C:\Users\wararyo\Git\M5StopWatch-wararyoLauncher\.pio\build\m5stopwatch-render-check\.
cmake\api\v1\reply`
[WinError 3] 指定されたパスが見つかりません。: 'C:\\Users\\wararyo\\Git\\M5StopWatch-wararyoLauncher\\.pio\\build\\m5stopwatch-render-c
heck\\.cmake\\api\\v1' 
Please manually remove the file `C:\Users\wararyo\Git\M5StopWatch-wararyoLauncher\.pio\build\m5stopwatch-render-check\.
cmake\api\v1`
[WinError 3] 指定されたパスが見つかりません。: 'C:\\Users\\wararyo\\Git\\M5StopWatch-wararyoLauncher\\.pio\\build\\m5stopwatch-render-c
heck\\.cmake\\api' 
Please manually remove the file `C:\Users\wararyo\Git\M5StopWatch-wararyoLauncher\.pio\build\m5stopwatch-render-check\.
cmake\api`
[WinError 2] 指定されたファイルが見つかりません。: 'C:\\Users\\wararyo\\Git\\M5StopWatch-wararyoLauncher\\.pio\\build\\m5stopwatch-render
-check\\.cmake' 
Please manually remove the file `C:\Users\wararyo\Git\M5StopWatch-wararyoLauncher\.pio\build\m5stopwatch-render-check\.
cmake`
[WinError 2] 指定されたファイルが見つかりません。: 'C:\\Users\\wararyo\\Git\\M5StopWatch-wararyoLauncher\\.pio\\build\\m5stopwatch-render
-check\\.pio' 
Please manually remove the file `C:\Users\wararyo\Git\M5StopWatch-wararyoLauncher\.pio\build\m5stopwatch-render-check\.
pio`
[WinError 2] 指定されたファイルが見つかりません。: 'C:\\Users\\wararyo\\Git\\M5StopWatch-wararyoLauncher\\.pio\\build\\m5stopwatch-render
-check\\.pio' 
Please manually remove the file `C:\Users\wararyo\Git\M5StopWatch-wararyoLauncher\.pio\build\m5stopwatch-render-check\.
pio`
[WinError 2] 指定されたファイルが見つかりません。: 'C:\\Users\\wararyo\\Git\\M5StopWatch-wararyoLauncher\\.pio\\build\\m5stopwatch-render
-check\\.sconsign311.dblite' 
Please manually remove the file `C:\Users\wararyo\Git\M5StopWatch-wararyoLauncher\.pio\build\m5stopwatch-render-check\.
sconsign311.dblite`
[WinError 2] 指定されたファイルが見つかりません。: 'C:\\Users\\wararyo\\Git\\M5StopWatch-wararyoLauncher\\.pio\\build\\m5stopwatch-render
-check\\app-flash_args' 
Please manually remove the file `C:\Users\wararyo\Git\M5StopWatch-wararyoLauncher\.pio\build\m5stopwatch-render-check\a
pp-flash_args`
[WinError 2] 指定されたファイルが見つかりません。: 'C:\\Users\\wararyo\\Git\\M5StopWatch-wararyoLauncher\\.pio\\build\\m5stopwatch-render
-check\\AppIcons.bin.S' 
Please manually remove the file `C:\Users\wararyo\Git\M5StopWatch-wararyoLauncher\.pio\build\m5stopwatch-render-check\A
ppIcons.bin.S`
[WinError 2] 指定されたファイルが見つかりません。: 'C:\\Users\\wararyo\\Git\\M5StopWatch-wararyoLauncher\\.pio\\build\\m5stopwatch-render
-check\\app_trace' 
Please manually remove the file `C:\Users\wararyo\Git\M5StopWatch-wararyoLauncher\.pio\build\m5stopwatch-render-check\a
pp_trace`
[WinError 2] 指定されたファイルが見つかりません。: 'C:\\Users\\wararyo\\Git\\M5StopWatch-wararyoLauncher\\.pio\\build\\m5stopwatch-render
-check\\app_trace' 
Please manually remove the file `C:\Users\wararyo\Git\M5StopWatch-wararyoLauncher\.pio\build\m5stopwatch-render-check\a
pp_trace`
[WinError 2] 指定されたファイルが見つかりません。: 'C:\\Users\\wararyo\\Git\\M5StopWatch-wararyoLauncher\\.pio\\build\\m5stopwatch-render
-check\\app_update' 
Please manually remove the file `C:\Users\wararyo\Git\M5StopWatch-wararyoLauncher\.pio\build\m5stopwatch-render-check\a
pp_update`
[WinError 2] 指定されたファイルが見つかりません。: 'C:\\Users\\wararyo\\Git\\M5StopWatch-wararyoLauncher\\.pio\\build\\m5stopwatch-render
-check\\app_update' 
Please manually remove the file `C:\Users\wararyo\Git\M5StopWatch-wararyoLauncher\.pio\build\m5stopwatch-render-check\a
pp_update`
[WinError 2] 指定されたファイルが見つかりません。: 'C:\\Users\\wararyo\\Git\\M5StopWatch-wararyoLauncher\\.pio\\build\\m5stopwatch-render
-check\\bootloader\\hal' 
Please manually remove the file `C:\Users\wararyo\Git\M5StopWatch-wararyoLauncher\.pio\build\m5stopwatch-render-check\b
ootloader\hal`
[WinError 2] 指定されたファイルが見つかりません。: 'C:\\Users\\wararyo\\Git\\M5StopWatch-wararyoLauncher\\.pio\\build\\m5stopwatch-render
-check\\bootloader\\kconfigs.in' 
Please manually remove the file `C:\Users\wararyo\Git\M5StopWatch-wararyoLauncher\.pio\build\m5stopwatch-render-check\b
ootloader\kconfigs.in`
[WinError 2] 指定されたファイルが見つかりません。: 'C:\\Users\\wararyo\\Git\\M5StopWatch-wararyoLauncher\\.pio\\build\\m5stopwatch-render
-check\\bootloader\\kconfigs_projbuild.in' 
Please manually remove the file `C:\Users\wararyo\Git\M5StopWatch-wararyoLauncher\.pio\build\m5stopwatch-render-check\b
ootloader\kconfigs_projbuild.in`
[WinError 2] 指定されたファイルが見つかりません。: 'C:\\Users\\wararyo\\Git\\M5StopWatch-wararyoLauncher\\.pio\\build\\m5stopwatch-render
-check\\bootloader\\log\\src\\log.c.o' 
Please manually remove the file `C:\Users\wararyo\Git\M5StopWatch-wararyoLauncher\.pio\build\m5stopwatch-render-check\b
ootloader\log\src\log.c.o`
[WinError 2] 指定されたファイルが見つかりません。: 'C:\\Users\\wararyo\\Git\\M5StopWatch-wararyoLauncher\\.pio\\build\\m5stopwatch-render
-check\\bootloader\\log\\src\\log_format_text.c.o' 
Please manually remove the file `C:\Users\wararyo\Git\M5StopWatch-wararyoLauncher\.pio\build\m5stopwatch-render-check\b
ootloader\log\src\log_format_text.c.o`
[WinError 2] 指定されたファイルが見つかりません。: 'C:\\Users\\wararyo\\Git\\M5StopWatch-wararyoLauncher\\.pio\\build\\m5stopwatch-render
-check\\bootloader\\log\\src\\log_print.c.o' 
Please manually remove the file `C:\Users\wararyo\Git\M5StopWatch-wararyoLauncher\.pio\build\m5stopwatch-render-check\b
ootloader\log\src\log_print.c.o`
[WinError 2] 指定されたファイルが見つかりません。: 'C:\\Users\\wararyo\\Git\\M5StopWatch-wararyoLauncher\\.pio\\build\\m5stopwatch-render
-check\\bootloader\\log\\src\\log_timestamp_common.c.o' 
Please manually remove the file `C:\Users\wararyo\Git\M5StopWatch-wararyoLauncher\.pio\build\m5stopwatch-render-check\b
ootloader\log\src\log_timestamp_common.c.o`
[WinError 2] 指定されたファイルが見つかりません。: 'C:\\Users\\wararyo\\Git\\M5StopWatch-wararyoLauncher\\.pio\\build\\m5stopwatch-render
-check\\bootloader\\log\\src\\noos\\log_lock.c.o' 
Please manually remove the file `C:\Users\wararyo\Git\M5StopWatch-wararyoLauncher\.pio\build\m5stopwatch-render-check\b
ootloader\log\src\noos\log_lock.c.o`
[WinError 2] 指定されたファイルが見つかりません。: 'C:\\Users\\wararyo\\Git\\M5StopWatch-wararyoLauncher\\.pio\\build\\m5stopwatch-render
-check\\bootloader\\log\\src\\noos\\log_timestamp.c.o' 
Please manually remove the file `C:\Users\wararyo\Git\M5StopWatch-wararyoLauncher\.pio\build\m5stopwatch-render-check\b
ootloader\log\src\noos\log_timestamp.c.o`
[WinError 2] 指定されたファイルが見つかりません。: 'C:\\Users\\wararyo\\Git\\M5StopWatch-wararyoLauncher\\.pio\\build\\m5stopwatch-render
-check\\bootloader\\log\\src\\noos\\util.c.o' 
Please manually remove the file `C:\Users\wararyo\Git\M5StopWatch-wararyoLauncher\.pio\build\m5stopwatch-render-check\b
ootloader\log\src\noos\util.c.o`
[WinError 2] 指定されたファイルが見つかりません。: 'C:\\Users\\wararyo\\Git\\M5StopWatch-wararyoLauncher\\.pio\\build\\m5stopwatch-render
-check\\bootloader\\log\\src\\noos' 
Please manually remove the file `C:\Users\wararyo\Git\M5StopWatch-wararyoLauncher\.pio\build\m5stopwatch-render-check\b
ootloader\log\src\noos`
[WinError 2] 指定されたファイルが見つかりません。: 'C:\\Users\\wararyo\\Git\\M5StopWatch-wararyoLauncher\\.pio\\build\\m5stopwatch-render
-check\\bootloader\\log' 
Please manually remove the file `C:\Users\wararyo\Git\M5StopWatch-wararyoLauncher\.pio\build\m5stopwatch-render-check\b
ootloader\log`
[WinError 2] 指定されたファイルが見つかりません。: 'C:\\Users\\wararyo\\Git\\M5StopWatch-wararyoLauncher\\.pio\\build\\m5stopwatch-render
-check\\bootloader\\main\\bootloader_start.c.o' 
Please manually remove the file `C:\Users\wararyo\Git\M5StopWatch-wararyoLauncher\.pio\build\m5stopwatch-render-check\b
ootloader\main\bootloader_start.c.o`
[WinError 2] 指定されたファイルが見つかりません。: 'C:\\Users\\wararyo\\Git\\M5StopWatch-wararyoLauncher\\.pio\\build\\m5stopwatch-render
-check\\bootloader\\main' 
Please manually remove the file `C:\Users\wararyo\Git\M5StopWatch-wararyoLauncher\.pio\build\m5stopwatch-render-check\b
ootloader\main`
[WinError 2] 指定されたファイルが見つかりません。: 'C:\\Users\\wararyo\\Git\\M5StopWatch-wararyoLauncher\\.pio\\build\\m5stopwatch-render
-check\\bootloader\\project_description.json' 
Please manually remove the file `C:\Users\wararyo\Git\M5StopWatch-wararyoLauncher\.pio\build\m5stopwatch-render-check\b
ootloader\project_description.json`
[WinError 2] 指定されたファイルが見つかりません。: 'C:\\Users\\wararyo\\Git\\M5StopWatch-wararyoLauncher\\.pio\\build\\m5stopwatch-render
-check\\bootloader\\soc\\dport_access_common.c.o' 
Please manually remove the file `C:\Users\wararyo\Git\M5StopWatch-wararyoLauncher\.pio\build\m5stopwatch-render-check\b
ootloader\soc\dport_access_common.c.o`
[WinError 2] 指定されたファイルが見つかりません。: 'C:\\Users\\wararyo\\Git\\M5StopWatch-wararyoLauncher\\.pio\\build\\m5stopwatch-render
-check\\bootloader\\soc\\esp32s3\\dedic_gpio_periph.c.o' 
Please manually remove the file `C:\Users\wararyo\Git\M5StopWatch-wararyoLauncher\.pio\build\m5stopwatch-render-check\b
ootloader\soc\esp32s3\dedic_gpio_periph.c.o`
[WinError 2] 指定されたファイルが見つかりません。: 'C:\\Users\\wararyo\\Git\\M5StopWatch-wararyoLauncher\\.pio\\build\\m5stopwatch-render
-check\\bootloader\\soc\\esp32s3\\gdma_periph.c.o' 
Please manually remove the file `C:\Users\wararyo\Git\M5StopWatch-wararyoLauncher\.pio\build\m5stopwatch-render-check\b
ootloader\soc\esp32s3\gdma_periph.c.o`
[WinError 2] 指定されたファイルが見つかりません。: 'C:\\Users\\wararyo\\Git\\M5StopWatch-wararyoLauncher\\.pio\\build\\m5stopwatch-render
-check\\bootloader\\soc\\esp32s3\\gpio_periph.c.o' 
Please manually remove the file `C:\Users\wararyo\Git\M5StopWatch-wararyoLauncher\.pio\build\m5stopwatch-render-check\b
ootloader\soc\esp32s3\gpio_periph.c.o`
[WinError 2] 指定されたファイルが見つかりません。: 'C:\\Users\\wararyo\\Git\\M5StopWatch-wararyoLauncher\\.pio\\build\\m5stopwatch-render
-check\\bootloader\\soc\\esp32s3\\i2c_periph.c.o' 
Please manually remove the file `C:\Users\wararyo\Git\M5StopWatch-wararyoLauncher\.pio\build\m5stopwatch-render-check\b
ootloader\soc\esp32s3\i2c_periph.c.o`
[WinError 2] 指定されたファイルが見つかりません。: 'C:\\Users\\wararyo\\Git\\M5StopWatch-wararyoLauncher\\.pio\\build\\m5stopwatch-render
-check\\bootloader\\soc\\esp32s3\\i2s_periph.c.o' 
Please manually remove the file `C:\Users\wararyo\Git\M5StopWatch-wararyoLauncher\.pio\build\m5stopwatch-render-check\b
ootloader\soc\esp32s3\i2s_periph.c.o`
[WinError 2] 指定されたファイルが見つかりません。: 'C:\\Users\\wararyo\\Git\\M5StopWatch-wararyoLauncher\\.pio\\build\\m5stopwatch-render
-check\\bootloader\\soc\\esp32s3\\interrupts.c.o' 
Please manually remove the file `C:\Users\wararyo\Git\M5StopWatch-wararyoLauncher\.pio\build\m5stopwatch-render-check\b
ootloader\soc\esp32s3\interrupts.c.o`
[WinError 2] 指定されたファイルが見つかりません。: 'C:\\Users\\wararyo\\Git\\M5StopWatch-wararyoLauncher\\.pio\\build\\m5stopwatch-render
-check\\bootloader\\soc\\esp32s3\\lcd_periph.c.o' 
Please manually remove the file `C:\Users\wararyo\Git\M5StopWatch-wararyoLauncher\.pio\build\m5stopwatch-render-check\b
ootloader\soc\esp32s3\lcd_periph.c.o`
[WinError 2] 指定されたファイルが見つかりません。: 'C:\\Users\\wararyo\\Git\\M5StopWatch-wararyoLauncher\\.pio\\build\\m5stopwatch-render
-check\\bootloader\\soc\\esp32s3\\ledc_periph.c.o' 
Please manually remove the file `C:\Users\wararyo\Git\M5StopWatch-wararyoLauncher\.pio\build\m5stopwatch-render-check\b
ootloader\soc\esp32s3\ledc_periph.c.o`
[WinError 2] 指定されたファイルが見つかりません。: 'C:\\Users\\wararyo\\Git\\M5StopWatch-wararyoLauncher\\.pio\\build\\m5stopwatch-render
-check\\bootloader\\soc\\esp32s3\\mcpwm_periph.c.o' 
Please manually remove the file `C:\Users\wararyo\Git\M5StopWatch-wararyoLauncher\.pio\build\m5stopwatch-render-check\b
ootloader\soc\esp32s3\mcpwm_periph.c.o`
[WinError 2] 指定されたファイルが見つかりません。: 'C:\\Users\\wararyo\\Git\\M5StopWatch-wararyoLauncher\\.pio\\build\\m5stopwatch-render
-check\\bootloader\\soc\\esp32s3\\mpi_periph.c.o' 
Please manually remove the file `C:\Users\wararyo\Git\M5StopWatch-wararyoLauncher\.pio\build\m5stopwatch-render-check\b
ootloader\soc\esp32s3\mpi_periph.c.o`
[WinError 2] 指定されたファイルが見つかりません。: 'C:\\Users\\wararyo\\Git\\M5StopWatch-wararyoLauncher\\.pio\\build\\m5stopwatch-render
-check\\bootloader\\soc\\esp32s3\\pcnt_periph.c.o' 
Please manually remove the file `C:\Users\wararyo\Git\M5StopWatch-wararyoLauncher\.pio\build\m5stopwatch-render-check\b
ootloader\soc\esp32s3\pcnt_periph.c.o`
[WinError 2] 指定されたファイルが見つかりません。: 'C:\\Users\\wararyo\\Git\\M5StopWatch-wararyoLauncher\\.pio\\build\\m5stopwatch-render
-check\\bootloader\\soc\\esp32s3\\power_supply_periph.c.o' 
Please manually remove the file `C:\Users\wararyo\Git\M5StopWatch-wararyoLauncher\.pio\build\m5stopwatch-render-check\b
ootloader\soc\esp32s3\power_supply_periph.c.o`
[WinError 2] 指定されたファイルが見つかりません。: 'C:\\Users\\wararyo\\Git\\M5StopWatch-wararyoLauncher\\.pio\\build\\m5stopwatch-render
-check\\bootloader\\soc\\esp32s3\\rmt_periph.c.o' 
Please manually remove the file `C:\Users\wararyo\Git\M5StopWatch-wararyoLauncher\.pio\build\m5stopwatch-render-check\b
ootloader\soc\esp32s3\rmt_periph.c.o`
[WinError 2] 指定されたファイルが見つかりません。: 'C:\\Users\\wararyo\\Git\\M5StopWatch-wararyoLauncher\\.pio\\build\\m5stopwatch-render
-check\\bootloader\\soc\\esp32s3\\rtc_io_periph.c.o' 
Please manually remove the file `C:\Users\wararyo\Git\M5StopWatch-wararyoLauncher\.pio\build\m5stopwatch-render-check\b
ootloader\soc\esp32s3\rtc_io_periph.c.o`
[WinError 2] 指定されたファイルが見つかりません。: 'C:\\Users\\wararyo\\Git\\M5StopWatch-wararyoLauncher\\.pio\\build\\m5stopwatch-render
-check\\bootloader\\soc\\esp32s3\\sdmmc_periph.c.o' 
Please manually remove the file `C:\Users\wararyo\Git\M5StopWatch-wararyoLauncher\.pio\build\m5stopwatch-render-check\b
ootloader\soc\esp32s3\sdmmc_periph.c.o`
[WinError 2] 指定されたファイルが見つかりません。: 'C:\\Users\\wararyo\\Git\\M5StopWatch-wararyoLauncher\\.pio\\build\\m5stopwatch-render
-check\\bootloader\\soc\\esp32s3\\spi_periph.c.o' 
Please manually remove the file `C:\Users\wararyo\Git\M5StopWatch-wararyoLauncher\.pio\build\m5stopwatch-render-check\b
ootloader\soc\esp32s3\spi_periph.c.o`
[WinError 2] 指定されたファイルが見つかりません。: 'C:\\Users\\wararyo\\Git\\M5StopWatch-wararyoLauncher\\.pio\\build\\m5stopwatch-render
-check\\bootloader\\soc\\esp32s3\\temperature_sensor_periph.c.o' 
Please manually remove the file `C:\Users\wararyo\Git\M5StopWatch-wararyoLauncher\.pio\build\m5stopwatch-render-check\b
ootloader\soc\esp32s3\temperature_sensor_periph.c.o`
[WinError 2] 指定されたファイルが見つかりません。: 'C:\\Users\\wararyo\\Git\\M5StopWatch-wararyoLauncher\\.pio\\build\\m5stopwatch-render
-check\\bootloader\\soc\\esp32s3\\timer_periph.c.o' 
Please manually remove the file `C:\Users\wararyo\Git\M5StopWatch-wararyoLauncher\.pio\build\m5stopwatch-render-check\b
ootloader\soc\esp32s3\timer_periph.c.o`
[WinError 2] 指定されたファイルが見つかりません。: 'C:\\Users\\wararyo\\Git\\M5StopWatch-wararyoLauncher\\.pio\\build\\m5stopwatch-render
-check\\bootloader\\soc\\esp32s3\\touch_sensor_periph.c.o' 
Please manually remove the file `C:\Users\wararyo\Git\M5StopWatch-wararyoLauncher\.pio\build\m5stopwatch-render-check\b
ootloader\soc\esp32s3\touch_sensor_periph.c.o`
[WinError 2] 指定されたファイルが見つかりません。: 'C:\\Users\\wararyo\\Git\\M5StopWatch-wararyoLauncher\\.pio\\build\\m5stopwatch-render
-check\\bootloader\\soc\\esp32s3\\twai_periph.c.o' 
Please manually remove the file `C:\Users\wararyo\Git\M5StopWatch-wararyoLauncher\.pio\build\m5stopwatch-render-check\b
ootloader\soc\esp32s3\twai_periph.c.o`
[WinError 2] 指定されたファイルが見つかりません。: 'C:\\Users\\wararyo\\Git\\M5StopWatch-wararyoLauncher\\.pio\\build\\m5stopwatch-render
-check\\bootloader\\soc\\esp32s3\\uart_periph.c.o' 
Please manually remove the file `C:\Users\wararyo\Git\M5StopWatch-wararyoLauncher\.pio\build\m5stopwatch-render-check\b
ootloader\soc\esp32s3\uart_periph.c.o`
[WinError 2] 指定されたファイルが見つかりません。: 'C:\\Users\\wararyo\\Git\\M5StopWatch-wararyoLauncher\\.pio\\build\\m5stopwatch-render
-check\\bootloader\\soc\\esp32s3\\usb_dwc_periph.c.o' 
Please manually remove the file `C:\Users\wararyo\Git\M5StopWatch-wararyoLauncher\.pio\build\m5stopwatch-render-check\b
ootloader\soc\esp32s3\usb_dwc_periph.c.o`
[WinError 2] 指定されたファイルが見つかりません。: 'C:\\Users\\wararyo\\Git\\M5StopWatch-wararyoLauncher\\.pio\\build\\m5stopwatch-render
-check\\bootloader\\soc\\esp32s3\\wdt_periph.c.o' 
Please manually remove the file `C:\Users\wararyo\Git\M5StopWatch-wararyoLauncher\.pio\build\m5stopwatch-render-check\b
ootloader\soc\esp32s3\wdt_periph.c.o`
[WinError 2] 指定されたファイルが見つかりません。: 'C:\\Users\\wararyo\\Git\\M5StopWatch-wararyoLauncher\\.pio\\build\\m5stopwatch-render
-check\\bootloader\\soc\\esp32s3' 
Please manually remove the file `C:\Users\wararyo\Git\M5StopWatch-wararyoLauncher\.pio\build\m5stopwatch-render-check\b
ootloader\soc\esp32s3`
[WinError 2] 指定されたファイルが見つかりません。: 'C:\\Users\\wararyo\\Git\\M5StopWatch-wararyoLauncher\\.pio\\build\\m5stopwatch-render
-check\\bootloader\\soc\\lldesc.c.o' 
Please manually remove the file `C:\Users\wararyo\Git\M5StopWatch-wararyoLauncher\.pio\build\m5stopwatch-render-check\b
ootloader\soc\lldesc.c.o`
[WinError 2] 指定されたファイルが見つかりません。: 'C:\\Users\\wararyo\\Git\\M5StopWatch-wararyoLauncher\\.pio\\build\\m5stopwatch-render
-check\\bootloader\\soc' 
Please manually remove the file `C:\Users\wararyo\Git\M5StopWatch-wararyoLauncher\.pio\build\m5stopwatch-render-check\b
ootloader\soc`
[WinError 3] 指定されたパスが見つかりません。: 'C:\\Users\\wararyo\\Git\\M5StopWatch-wararyoLauncher\\.pio\\build\\m5stopwatch-render-c
heck\\bootloader\\spi_flash\\spi_flash_wrap.c.o' 
Please manually remove the file `C:\Users\wararyo\Git\M5StopWatch-wararyoLauncher\.pio\build\m5stopwatch-render-check\b
ootloader\spi_flash\spi_flash_wrap.c.o`
[WinError 2] 指定されたファイルが見つかりません。: 'C:\\Users\\wararyo\\Git\\M5StopWatch-wararyoLauncher\\.pio\\build\\m5stopwatch-render
-check\\bootloader\\spi_flash' 
Please manually remove the file `C:\Users\wararyo\Git\M5StopWatch-wararyoLauncher\.pio\build\m5stopwatch-render-check\b
ootloader\spi_flash`
[WinError 2] 指定されたファイルが見つかりません。: 'C:\\Users\\wararyo\\Git\\M5StopWatch-wararyoLauncher\\.pio\\build\\m5stopwatch-render
-check\\bootloader\\xtensa\\xt_trax.c.o' 
Please manually remove the file `C:\Users\wararyo\Git\M5StopWatch-wararyoLauncher\.pio\build\m5stopwatch-render-check\b
ootloader\xtensa\xt_trax.c.o`
[WinError 2] 指定されたファイルが見つかりません。: 'C:\\Users\\wararyo\\Git\\M5StopWatch-wararyoLauncher\\.pio\\build\\m5stopwatch-render
-check\\bootloader\\xtensa' 
Please manually remove the file `C:\Users\wararyo\Git\M5StopWatch-wararyoLauncher\.pio\build\m5stopwatch-render-check\b
ootloader\xtensa`
[WinError 2] 指定されたファイルが見つかりません。: 'C:\\Users\\wararyo\\Git\\M5StopWatch-wararyoLauncher\\.pio\\build\\m5stopwatch-render
-check\\bootloader' 
Please manually remove the file `C:\Users\wararyo\Git\M5StopWatch-wararyoLauncher\.pio\build\m5stopwatch-render-check\b
ootloader`
[WinError 2] 指定されたファイルが見つかりません。: 'C:\\Users\\wararyo\\Git\\M5StopWatch-wararyoLauncher\\.pio\\build\\m5stopwatch-render
-check\\bootloader-flash_args' 
Please manually remove the file `C:\Users\wararyo\Git\M5StopWatch-wararyoLauncher\.pio\build\m5stopwatch-render-check\b
ootloader-flash_args`
[WinError 2] 指定されたファイルが見つかりません。: 'C:\\Users\\wararyo\\Git\\M5StopWatch-wararyoLauncher\\.pio\\build\\m5stopwatch-render
-check\\bootloader-prefix\\src\\bootloader-stamp\\bootloader-source_dirinfo.txt' 
Please manually remove the file `C:\Users\wararyo\Git\M5StopWatch-wararyoLauncher\.pio\build\m5stopwatch-render-check\b
ootloader-prefix\src\bootloader-stamp\bootloader-source_dirinfo.txt`
[WinError 2] 指定されたファイルが見つかりません。: 'C:\\Users\\wararyo\\Git\\M5StopWatch-wararyoLauncher\\.pio\\build\\m5stopwatch-render
-check\\bootloader-prefix\\src\\bootloader-stamp\\bootloader-update-info.txt' 
Please manually remove the file `C:\Users\wararyo\Git\M5StopWatch-wararyoLauncher\.pio\build\m5stopwatch-render-check\b
ootloader-prefix\src\bootloader-stamp\bootloader-update-info.txt`
[WinError 3] 指定されたパスが見つかりません。: 'C:\\Users\\wararyo\\Git\\M5StopWatch-wararyoLauncher\\.pio\\build\\m5stopwatch-render-c
heck\\bootloader-prefix\\src\\bootloader-stamp' 
Please manually remove the file `C:\Users\wararyo\Git\M5StopWatch-wararyoLauncher\.pio\build\m5stopwatch-render-check\b
ootloader-prefix\src\bootloader-stamp`
[WinError 2] 指定されたファイルが見つかりません。: 'C:\\Users\\wararyo\\Git\\M5StopWatch-wararyoLauncher\\.pio\\build\\m5stopwatch-render
-check\\bootloader-prefix\\src' 
Please manually remove the file `C:\Users\wararyo\Git\M5StopWatch-wararyoLauncher\.pio\build\m5stopwatch-render-check\b
ootloader-prefix\src`
[WinError 2] 指定されたファイルが見つかりません。: 'C:\\Users\\wararyo\\Git\\M5StopWatch-wararyoLauncher\\.pio\\build\\m5stopwatch-render
-check\\bootloader-prefix\\tmp\\bootloader-mkdirs.cmake' 
Please manually remove the file `C:\Users\wararyo\Git\M5StopWatch-wararyoLauncher\.pio\build\m5stopwatch-render-check\b
ootloader-prefix\tmp\bootloader-mkdirs.cmake`
[WinError 2] 指定されたファイルが見つかりません。: 'C:\\Users\\wararyo\\Git\\M5StopWatch-wararyoLauncher\\.pio\\build\\m5stopwatch-render
-check\\bootloader-prefix\\tmp' 
Please manually remove the file `C:\Users\wararyo\Git\M5StopWatch-wararyoLauncher\.pio\build\m5stopwatch-render-check\b
ootloader-prefix\tmp`
[WinError 2] 指定されたファイルが見つかりません。: 'C:\\Users\\wararyo\\Git\\M5StopWatch-wararyoLauncher\\.pio\\build\\m5stopwatch-render
-check\\bootloader-prefix' 
Please manually remove the file `C:\Users\wararyo\Git\M5StopWatch-wararyoLauncher\.pio\build\m5stopwatch-render-check\b
ootloader-prefix`
[WinError 2] 指定されたファイルが見つかりません。: 'C:\\Users\\wararyo\\Git\\M5StopWatch-wararyoLauncher\\.pio\\build\\m5stopwatch-render
-check\\bootloader.bin' 
Please manually remove the file `C:\Users\wararyo\Git\M5StopWatch-wararyoLauncher\.pio\build\m5stopwatch-render-check\b
ootloader.bin`
[WinError 2] 指定されたファイルが見つかりません。: 'C:\\Users\\wararyo\\Git\\M5StopWatch-wararyoLauncher\\.pio\\build\\m5stopwatch-render
-check\\bootloader.elf' 
Please manually remove the file `C:\Users\wararyo\Git\M5StopWatch-wararyoLauncher\.pio\build\m5stopwatch-render-check\b
ootloader.elf`
[WinError 2] 指定されたファイルが見つかりません。: 'C:\\Users\\wararyo\\Git\\M5StopWatch-wararyoLauncher\\.pio\\build\\m5stopwatch-render
-check\\bootloader_support\\bootloader_flash\\src\\bootloader_flash.c.o' 
Please manually remove the file `C:\Users\wararyo\Git\M5StopWatch-wararyoLauncher\.pio\build\m5stopwatch-render-check\b
ootloader_support\bootloader_flash\src\bootloader_flash.c.o`
[WinError 2] 指定されたファイルが見つかりません。: 'C:\\Users\\wararyo\\Git\\M5StopWatch-wararyoLauncher\\.pio\\build\\m5stopwatch-render
-check\\bootloader_support\\bootloader_flash\\src\\bootloader_flash_config_esp32s3.c.o' 
Please manually remove the file `C:\Users\wararyo\Git\M5StopWatch-wararyoLauncher\.pio\build\m5stopwatch-render-check\b
ootloader_support\bootloader_flash\src\bootloader_flash_config_esp32s3.c.o`
[WinError 3] 指定されたパスが見つかりません。: 'C:\\Users\\wararyo\\Git\\M5StopWatch-wararyoLauncher\\.pio\\build\\m5stopwatch-render-c
heck\\bootloader_support\\bootloader_flash\\src\\flash_qio_mode.c.o' 
Please manually remove the file `C:\Users\wararyo\Git\M5StopWatch-wararyoLauncher\.pio\build\m5stopwatch-render-check\b
ootloader_support\bootloader_flash\src\flash_qio_mode.c.o`
[WinError 3] 指定されたパスが見つかりません。: 'C:\\Users\\wararyo\\Git\\M5StopWatch-wararyoLauncher\\.pio\\build\\m5stopwatch-render-c
heck\\bootloader_support\\bootloader_flash\\src' 
Please manually remove the file `C:\Users\wararyo\Git\M5StopWatch-wararyoLauncher\.pio\build\m5stopwatch-render-check\b
ootloader_support\bootloader_flash\src`
[WinError 2] 指定されたファイルが見つかりません。: 'C:\\Users\\wararyo\\Git\\M5StopWatch-wararyoLauncher\\.pio\\build\\m5stopwatch-render
-check\\bootloader_support\\bootloader_flash' 
Please manually remove the file `C:\Users\wararyo\Git\M5StopWatch-wararyoLauncher\.pio\build\m5stopwatch-render-check\b
ootloader_support\bootloader_flash`
[WinError 2] 指定されたファイルが見つかりません。: 'C:\\Users\\wararyo\\Git\\M5StopWatch-wararyoLauncher\\.pio\\build\\m5stopwatch-render
-check\\bootloader_support\\src\\bootloader_clock_init.c.o' 
Please manually remove the file `C:\Users\wararyo\Git\M5StopWatch-wararyoLauncher\.pio\build\m5stopwatch-render-check\b
ootloader_support\src\bootloader_clock_init.c.o`
[WinError 2] 指定されたファイルが見つかりません。: 'C:\\Users\\wararyo\\Git\\M5StopWatch-wararyoLauncher\\.pio\\build\\m5stopwatch-render
-check\\bootloader_support\\src\\bootloader_common.c.o' 
Please manually remove the file `C:\Users\wararyo\Git\M5StopWatch-wararyoLauncher\.pio\build\m5stopwatch-render-check\b
ootloader_support\src\bootloader_common.c.o`
[WinError 2] 指定されたファイルが見つかりません。: 'C:\\Users\\wararyo\\Git\\M5StopWatch-wararyoLauncher\\.pio\\build\\m5stopwatch-render
-check\\bootloader_support\\src\\bootloader_common_loader.c.o' 
Please manually remove the file `C:\Users\wararyo\Git\M5StopWatch-wararyoLauncher\.pio\build\m5stopwatch-render-check\b
ootloader_support\src\bootloader_common_loader.c.o`
[WinError 2] 指定されたファイルが見つかりません。: 'C:\\Users\\wararyo\\Git\\M5StopWatch-wararyoLauncher\\.pio\\build\\m5stopwatch-render
-check\\bootloader_support\\src\\bootloader_efuse.c.o' 
Please manually remove the file `C:\Users\wararyo\Git\M5StopWatch-wararyoLauncher\.pio\build\m5stopwatch-render-check\b
ootloader_support\src\bootloader_efuse.c.o`
[WinError 2] 指定されたファイルが見つかりません。: 'C:\\Users\\wararyo\\Git\\M5StopWatch-wararyoLauncher\\.pio\\build\\m5stopwatch-render
-check\\bootloader_support\\src\\bootloader_mem.c.o' 
Please manually remove the file `C:\Users\wararyo\Git\M5StopWatch-wararyoLauncher\.pio\build\m5stopwatch-render-check\b
ootloader_support\src\bootloader_mem.c.o`
[WinError 2] 指定されたファイルが見つかりません。: 'C:\\Users\\wararyo\\Git\\M5StopWatch-wararyoLauncher\\.pio\\build\\m5stopwatch-render
-check\\bootloader_support\\src\\bootloader_random.c.o' 
Please manually remove the file `C:\Users\wararyo\Git\M5StopWatch-wararyoLauncher\.pio\build\m5stopwatch-render-check\b
ootloader_support\src\bootloader_random.c.o`
[WinError 2] 指定されたファイルが見つかりません。: 'C:\\Users\\wararyo\\Git\\M5StopWatch-wararyoLauncher\\.pio\\build\\m5stopwatch-render
-check\\bootloader_support\\src\\bootloader_random_esp32s3.c.o' 
Please manually remove the file `C:\Users\wararyo\Git\M5StopWatch-wararyoLauncher\.pio\build\m5stopwatch-render-check\b
ootloader_support\src\bootloader_random_esp32s3.c.o`
[WinError 2] 指定されたファイルが見つかりません。: 'C:\\Users\\wararyo\\Git\\M5StopWatch-wararyoLauncher\\.pio\\build\\m5stopwatch-render
-check\\bootloader_support\\src\\bootloader_sha.c.o' 
Please manually remove the file `C:\Users\wararyo\Git\M5StopWatch-wararyoLauncher\.pio\build\m5stopwatch-render-check\b
ootloader_support\src\bootloader_sha.c.o`
[WinError 2] 指定されたファイルが見つかりません。: 'C:\\Users\\wararyo\\Git\\M5StopWatch-wararyoLauncher\\.pio\\build\\m5stopwatch-render
-check\\bootloader_support\\src\\bootloader_utility.c.o' 
Please manually remove the file `C:\Users\wararyo\Git\M5StopWatch-wararyoLauncher\.pio\build\m5stopwatch-render-check\b
ootloader_support\src\bootloader_utility.c.o`
[WinError 2] 指定されたファイルが見つかりません。: 'C:\\Users\\wararyo\\Git\\M5StopWatch-wararyoLauncher\\.pio\\build\\m5stopwatch-render
-check\\bootloader_support\\src\\esp32s3\\secure_boot_secure_features.c.o' 
Please manually remove the file `C:\Users\wararyo\Git\M5StopWatch-wararyoLauncher\.pio\build\m5stopwatch-render-check\b
ootloader_support\src\esp32s3\secure_boot_secure_features.c.o`
[WinError 2] 指定されたファイルが見つかりません。: 'C:\\Users\\wararyo\\Git\\M5StopWatch-wararyoLauncher\\.pio\\build\\m5stopwatch-render
-check\\bootloader_support\\src\\esp32s3' 
Please manually remove the file `C:\Users\wararyo\Git\M5StopWatch-wararyoLauncher\.pio\build\m5stopwatch-render-check\b
ootloader_support\src\esp32s3`
[WinError 2] 指定されたファイルが見つかりません。: 'C:\\Users\\wararyo\\Git\\M5StopWatch-wararyoLauncher\\.pio\\build\\m5stopwatch-render
-check\\bootloader_support\\src\\esp_image_format.c.o' 
Please manually remove the file `C:\Users\wararyo\Git\M5StopWatch-wararyoLauncher\.pio\build\m5stopwatch-render-check\b
ootloader_support\src\esp_image_format.c.o`
[WinError 2] 指定されたファイルが見つかりません。: 'C:\\Users\\wararyo\\Git\\M5StopWatch-wararyoLauncher\\.pio\\build\\m5stopwatch-render
-check\\bootloader_support\\src\\flash_encrypt.c.o' 
Please manually remove the file `C:\Users\wararyo\Git\M5StopWatch-wararyoLauncher\.pio\build\m5stopwatch-render-check\b
ootloader_support\src\flash_encrypt.c.o`
[WinError 2] 指定されたファイルが見つかりません。: 'C:\\Users\\wararyo\\Git\\M5StopWatch-wararyoLauncher\\.pio\\build\\m5stopwatch-render
-check\\bootloader_support\\src\\flash_partitions.c.o' 
Please manually remove the file `C:\Users\wararyo\Git\M5StopWatch-wararyoLauncher\.pio\build\m5stopwatch-render-check\b
ootloader_support\src\flash_partitions.c.o`
[WinError 2] 指定されたファイルが見つかりません。: 'C:\\Users\\wararyo\\Git\\M5StopWatch-wararyoLauncher\\.pio\\build\\m5stopwatch-render
-check\\bootloader_support\\src\\secure_boot.c.o' 
Please manually remove the file `C:\Users\wararyo\Git\M5StopWatch-wararyoLauncher\.pio\build\m5stopwatch-render-check\b
ootloader_support\src\secure_boot.c.o`
[WinError 2] 指定されたファイルが見つかりません。: 'C:\\Users\\wararyo\\Git\\M5StopWatch-wararyoLauncher\\.pio\\build\\m5stopwatch-render
-check\\bootloader_support\\src' 
Please manually remove the file `C:\Users\wararyo\Git\M5StopWatch-wararyoLauncher\.pio\build\m5stopwatch-render-check\b
ootloader_support\src`
[WinError 2] 指定されたファイルが見つかりません。: 'C:\\Users\\wararyo\\Git\\M5StopWatch-wararyoLauncher\\.pio\\build\\m5stopwatch-render
-check\\bootloader_support' 
Please manually remove the file `C:\Users\wararyo\Git\M5StopWatch-wararyoLauncher\.pio\build\m5stopwatch-render-check\b
ootloader_support`
[WinError 2] 指定されたファイルが見つかりません。: 'C:\\Users\\wararyo\\Git\\M5StopWatch-wararyoLauncher\\.pio\\build\\m5stopwatch-render
-check\\build.ninja' 
Please manually remove the file `C:\Users\wararyo\Git\M5StopWatch-wararyoLauncher\.pio\build\m5stopwatch-render-check\b
uild.ninja`
[WinError 2] 指定されたファイルが見つかりません。: 'C:\\Users\\wararyo\\Git\\M5StopWatch-wararyoLauncher\\.pio\\build\\m5stopwatch-render
-check\\CMakeCache.txt' 
Please manually remove the file `C:\Users\wararyo\Git\M5StopWatch-wararyoLauncher\.pio\build\m5stopwatch-render-check\C
MakeCache.txt`
[WinError 2] 指定されたファイルが見つかりません。: 'C:\\Users\\wararyo\\Git\\M5StopWatch-wararyoLauncher\\.pio\\build\\m5stopwatch-render
-check\\CMakeFiles\\3.30.2\\CMakeASMCompiler.cmake' 
Please manually remove the file `C:\Users\wararyo\Git\M5StopWatch-wararyoLauncher\.pio\build\m5stopwatch-render-check\C
MakeFiles\3.30.2\CMakeASMCompiler.cmake`
[WinError 2] 指定されたファイルが見つかりません。: 'C:\\Users\\wararyo\\Git\\M5StopWatch-wararyoLauncher\\.pio\\build\\m5stopwatch-render
-check\\CMakeFiles\\3.30.2\\CMakeCCompiler.cmake' 
Please manually remove the file `C:\Users\wararyo\Git\M5StopWatch-wararyoLauncher\.pio\build\m5stopwatch-render-check\C
MakeFiles\3.30.2\CMakeCCompiler.cmake`
[WinError 2] 指定されたファイルが見つかりません。: 'C:\\Users\\wararyo\\Git\\M5StopWatch-wararyoLauncher\\.pio\\build\\m5stopwatch-render
-check\\CMakeFiles\\3.30.2\\CMakeCXXCompiler.cmake' 
Please manually remove the file `C:\Users\wararyo\Git\M5StopWatch-wararyoLauncher\.pio\build\m5stopwatch-render-check\C
MakeFiles\3.30.2\CMakeCXXCompiler.cmake`
[WinError 2] 指定されたファイルが見つかりません。: 'C:\\Users\\wararyo\\Git\\M5StopWatch-wararyoLauncher\\.pio\\build\\m5stopwatch-render
-check\\CMakeFiles\\3.30.2\\CMakeDetermineCompilerABI_C.bin' 
Please manually remove the file `C:\Users\wararyo\Git\M5StopWatch-wararyoLauncher\.pio\build\m5stopwatch-render-check\C
MakeFiles\3.30.2\CMakeDetermineCompilerABI_C.bin`
[WinError 2] 指定されたファイルが見つかりません。: 'C:\\Users\\wararyo\\Git\\M5StopWatch-wararyoLauncher\\.pio\\build\\m5stopwatch-render
-check\\CMakeFiles\\3.30.2\\CMakeDetermineCompilerABI_CXX.bin' 
Please manually remove the file `C:\Users\wararyo\Git\M5StopWatch-wararyoLauncher\.pio\build\m5stopwatch-render-check\C
MakeFiles\3.30.2\CMakeDetermineCompilerABI_CXX.bin`
[WinError 2] 指定されたファイルが見つかりません。: 'C:\\Users\\wararyo\\Git\\M5StopWatch-wararyoLauncher\\.pio\\build\\m5stopwatch-render
-check\\CMakeFiles\\3.30.2\\CMakeSystem.cmake' 
Please manually remove the file `C:\Users\wararyo\Git\M5StopWatch-wararyoLauncher\.pio\build\m5stopwatch-render-check\C
MakeFiles\3.30.2\CMakeSystem.cmake`
[WinError 2] 指定されたファイルが見つかりません。: 'C:\\Users\\wararyo\\Git\\M5StopWatch-wararyoLauncher\\.pio\\build\\m5stopwatch-render
-check\\CMakeFiles\\3.30.2\\CompilerIdASM' 
Please manually remove the file `C:\Users\wararyo\Git\M5StopWatch-wararyoLauncher\.pio\build\m5stopwatch-render-check\C
MakeFiles\3.30.2\CompilerIdASM`
[WinError 2] 指定されたファイルが見つかりません。: 'C:\\Users\\wararyo\\Git\\M5StopWatch-wararyoLauncher\\.pio\\build\\m5stopwatch-render
-check\\CMakeFiles\\3.30.2\\CompilerIdC' 
Please manually remove the file `C:\Users\wararyo\Git\M5StopWatch-wararyoLauncher\.pio\build\m5stopwatch-render-check\C
MakeFiles\3.30.2\CompilerIdC`
[WinError 2] 指定されたファイルが見つかりません。: 'C:\\Users\\wararyo\\Git\\M5StopWatch-wararyoLauncher\\.pio\\build\\m5stopwatch-render
-check\\CMakeFiles\\3.30.2\\CompilerIdCXX\\CMakeCXXCompilerId.cpp' 
Please manually remove the file `C:\Users\wararyo\Git\M5StopWatch-wararyoLauncher\.pio\build\m5stopwatch-render-check\C
MakeFiles\3.30.2\CompilerIdCXX\CMakeCXXCompilerId.cpp`
[WinError 2] 指定されたファイルが見つかりません。: 'C:\\Users\\wararyo\\Git\\M5StopWatch-wararyoLauncher\\.pio\\build\\m5stopwatch-render
-check\\CMakeFiles\\3.30.2\\CompilerIdCXX\\tmp' 
Please manually remove the file `C:\Users\wararyo\Git\M5StopWatch-wararyoLauncher\.pio\build\m5stopwatch-render-check\C
MakeFiles\3.30.2\CompilerIdCXX\tmp`
[WinError 3] 指定されたパスが見つかりません。: 'C:\\Users\\wararyo\\Git\\M5StopWatch-wararyoLauncher\\.pio\\build\\m5stopwatch-render-c
heck\\CMakeFiles\\3.30.2\\CompilerIdCXX\\tmp' 
Please manually remove the file `C:\Users\wararyo\Git\M5StopWatch-wararyoLauncher\.pio\build\m5stopwatch-render-check\C
MakeFiles\3.30.2\CompilerIdCXX\tmp`
[WinError 3] 指定されたパスが見つかりません。: 'C:\\Users\\wararyo\\Git\\M5StopWatch-wararyoLauncher\\.pio\\build\\m5stopwatch-render-c
heck\\CMakeFiles\\3.30.2\\CompilerIdCXX' 
Please manually remove the file `C:\Users\wararyo\Git\M5StopWatch-wararyoLauncher\.pio\build\m5stopwatch-render-check\C
MakeFiles\3.30.2\CompilerIdCXX`
[WinError 2] 指定されたファイルが見つかりません。: 'C:\\Users\\wararyo\\Git\\M5StopWatch-wararyoLauncher\\.pio\\build\\m5stopwatch-render
-check\\CMakeFiles\\3.30.2' 
Please manually remove the file `C:\Users\wararyo\Git\M5StopWatch-wararyoLauncher\.pio\build\m5stopwatch-render-check\C
MakeFiles\3.30.2`
[WinError 2] 指定されたファイルが見つかりません。: 'C:\\Users\\wararyo\\Git\\M5StopWatch-wararyoLauncher\\.pio\\build\\m5stopwatch-render
-check\\CMakeFiles\\bootloader.dir\\Labels.json' 
Please manually remove the file `C:\Users\wararyo\Git\M5StopWatch-wararyoLauncher\.pio\build\m5stopwatch-render-check\C
MakeFiles\bootloader.dir\Labels.json`
[WinError 3] 指定されたパスが見つかりません。: 'C:\\Users\\wararyo\\Git\\M5StopWatch-wararyoLauncher\\.pio\\build\\m5stopwatch-render-c
heck\\CMakeFiles\\bootloader.dir\\Labels.txt' 
Please manually remove the file `C:\Users\wararyo\Git\M5StopWatch-wararyoLauncher\.pio\build\m5stopwatch-render-check\C
MakeFiles\bootloader.dir\Labels.txt`
[WinError 2] 指定されたファイルが見つかりません。: 'C:\\Users\\wararyo\\Git\\M5StopWatch-wararyoLauncher\\.pio\\build\\m5stopwatch-render
-check\\CMakeFiles\\bootloader.dir' 
Please manually remove the file `C:\Users\wararyo\Git\M5StopWatch-wararyoLauncher\.pio\build\m5stopwatch-render-check\C
MakeFiles\bootloader.dir`
[WinError 2] 指定されたファイルが見つかりません。: 'C:\\Users\\wararyo\\Git\\M5StopWatch-wararyoLauncher\\.pio\\build\\m5stopwatch-render
-check\\CMakeFiles\\clean_additional.cmake' 
Please manually remove the file `C:\Users\wararyo\Git\M5StopWatch-wararyoLauncher\.pio\build\m5stopwatch-render-check\C
MakeFiles\clean_additional.cmake`
[WinError 2] 指定されたファイルが見つかりません。: 'C:\\Users\\wararyo\\Git\\M5StopWatch-wararyoLauncher\\.pio\\build\\m5stopwatch-render
-check\\CMakeFiles\\cmake.check_cache' 
Please manually remove the file `C:\Users\wararyo\Git\M5StopWatch-wararyoLauncher\.pio\build\m5stopwatch-render-check\C
MakeFiles\cmake.check_cache`
[WinError 2] 指定されたファイルが見つかりません。: 'C:\\Users\\wararyo\\Git\\M5StopWatch-wararyoLauncher\\.pio\\build\\m5stopwatch-render
-check\\CMakeFiles\\CMakeConfigureLog.yaml' 
Please manually remove the file `C:\Users\wararyo\Git\M5StopWatch-wararyoLauncher\.pio\build\m5stopwatch-render-check\C
MakeFiles\CMakeConfigureLog.yaml`
[WinError 2] 指定されたファイルが見つかりません。: 'C:\\Users\\wararyo\\Git\\M5StopWatch-wararyoLauncher\\.pio\\build\\m5stopwatch-render
-check\\CMakeFiles\\CMakeScratch' 
Please manually remove the file `C:\Users\wararyo\Git\M5StopWatch-wararyoLauncher\.pio\build\m5stopwatch-render-check\C
MakeFiles\CMakeScratch`
[WinError 2] 指定されたファイルが見つかりません。: 'C:\\Users\\wararyo\\Git\\M5StopWatch-wararyoLauncher\\.pio\\build\\m5stopwatch-render
-check\\CMakeFiles\\CMakeScratch' 
Please manually remove the file `C:\Users\wararyo\Git\M5StopWatch-wararyoLauncher\.pio\build\m5stopwatch-render-check\C
MakeFiles\CMakeScratch`
[WinError 2] 指定されたファイルが見つかりません。: 'C:\\Users\\wararyo\\Git\\M5StopWatch-wararyoLauncher\\.pio\\build\\m5stopwatch-render
-check\\CMakeFiles\\pkgRedirects' 
Please manually remove the file `C:\Users\wararyo\Git\M5StopWatch-wararyoLauncher\.pio\build\m5stopwatch-render-check\C
MakeFiles\pkgRedirects`
[WinError 2] 指定されたファイルが見つかりません。: 'C:\\Users\\wararyo\\Git\\M5StopWatch-wararyoLauncher\\.pio\\build\\m5stopwatch-render
-check\\CMakeFiles\\rules.ninja' 
Please manually remove the file `C:\Users\wararyo\Git\M5StopWatch-wararyoLauncher\.pio\build\m5stopwatch-render-check\C
MakeFiles\rules.ninja`
[WinError 2] 指定されたファイルが見つかりません。: 'C:\\Users\\wararyo\\Git\\M5StopWatch-wararyoLauncher\\.pio\\build\\m5stopwatch-render
-check\\CMakeFiles\\sections.ld-d65dc84.bat' 
Please manually remove the file `C:\Users\wararyo\Git\M5StopWatch-wararyoLauncher\.pio\build\m5stopwatch-render-check\C
MakeFiles\sections.ld-d65dc84.bat`
[WinError 2] 指定されたファイルが見つかりません。: 'C:\\Users\\wararyo\\Git\\M5StopWatch-wararyoLauncher\\.pio\\build\\m5stopwatch-render
-check\\CMakeFiles\\TargetDirectories.txt' 
Please manually remove the file `C:\Users\wararyo\Git\M5StopWatch-wararyoLauncher\.pio\build\m5stopwatch-render-check\C
MakeFiles\TargetDirectories.txt`
[WinError 2] 指定されたファイルが見つかりません。: 'C:\\Users\\wararyo\\Git\\M5StopWatch-wararyoLauncher\\.pio\\build\\m5stopwatch-render
-check\\CMakeFiles\\wararyoLauncher.elf.dir' 
Please manually remove the file `C:\Users\wararyo\Git\M5StopWatch-wararyoLauncher\.pio\build\m5stopwatch-render-check\C
MakeFiles\wararyoLauncher.elf.dir`
[WinError 3] 指定されたパスが見つかりません。: 'C:\\Users\\wararyo\\Git\\M5StopWatch-wararyoLauncher\\.pio\\build\\m5stopwatch-render-c
heck\\CMakeFiles\\wararyoLauncher.elf.dir' 
Please manually remove the file `C:\Users\wararyo\Git\M5StopWatch-wararyoLauncher\.pio\build\m5stopwatch-render-check\C
MakeFiles\wararyoLauncher.elf.dir`
[WinError 2] 指定されたファイルが見つかりません。: 'C:\\Users\\wararyo\\Git\\M5StopWatch-wararyoLauncher\\.pio\\build\\m5stopwatch-render
-check\\CMakeFiles' 
Please manually remove the file `C:\Users\wararyo\Git\M5StopWatch-wararyoLauncher\.pio\build\m5stopwatch-render-check\C
MakeFiles`
[WinError 2] 指定されたファイルが見つかりません。: 'C:\\Users\\wararyo\\Git\\M5StopWatch-wararyoLauncher\\.pio\\build\\m5stopwatch-render
-check\\cmake_install.cmake' 
Please manually remove the file `C:\Users\wararyo\Git\M5StopWatch-wararyoLauncher\.pio\build\m5stopwatch-render-check\c
make_install.cmake`
[WinError 3] 指定されたパスが見つかりません。: 'C:\\Users\\wararyo\\Git\\M5StopWatch-wararyoLauncher\\.pio\\build\\m5stopwatch-render-c
heck\\cmock\\CMock\\src\\cmock.c.o' 
Please manually remove the file `C:\Users\wararyo\Git\M5StopWatch-wararyoLauncher\.pio\build\m5stopwatch-render-check\c
mock\CMock\src\cmock.c.o`
[WinError 3] 指定されたパスが見つかりません。: 'C:\\Users\\wararyo\\Git\\M5StopWatch-wararyoLauncher\\.pio\\build\\m5stopwatch-render-c
heck\\cmock\\CMock\\src' 
Please manually remove the file `C:\Users\wararyo\Git\M5StopWatch-wararyoLauncher\.pio\build\m5stopwatch-render-check\c
mock\CMock\src`
[WinError 3] 指定されたパスが見つかりません。: 'C:\\Users\\wararyo\\Git\\M5StopWatch-wararyoLauncher\\.pio\\build\\m5stopwatch-render-c
heck\\cmock\\CMock' 
Please manually remove the file `C:\Users\wararyo\Git\M5StopWatch-wararyoLauncher\.pio\build\m5stopwatch-render-check\c
mock\CMock`
[WinError 2] 指定されたファイルが見つかりません。: 'C:\\Users\\wararyo\\Git\\M5StopWatch-wararyoLauncher\\.pio\\build\\m5stopwatch-render
-check\\cmock' 
Please manually remove the file `C:\Users\wararyo\Git\M5StopWatch-wararyoLauncher\.pio\build\m5stopwatch-render-check\c
mock`
[WinError 2] 指定されたファイルが見つかりません。: 'C:\\Users\\wararyo\\Git\\M5StopWatch-wararyoLauncher\\.pio\\build\\m5stopwatch-render
-check\\compile_commands.json' 
Please manually remove the file `C:\Users\wararyo\Git\M5StopWatch-wararyoLauncher\.pio\build\m5stopwatch-render-check\c
ompile_commands.json`
[WinError 2] 指定されたファイルが見つかりません。: 'C:\\Users\\wararyo\\Git\\M5StopWatch-wararyoLauncher\\.pio\\build\\m5stopwatch-render
-check\\components_with_manifests_list.temp.overrides' 
Please manually remove the file `C:\Users\wararyo\Git\M5StopWatch-wararyoLauncher\.pio\build\m5stopwatch-render-check\c
omponents_with_manifests_list.temp.overrides`
[WinError 2] 指定されたファイルが見つかりません。: 'C:\\Users\\wararyo\\Git\\M5StopWatch-wararyoLauncher\\.pio\\build\\m5stopwatch-render
-check\\config\\kconfig_menus.json' 
Please manually remove the file `C:\Users\wararyo\Git\M5StopWatch-wararyoLauncher\.pio\build\m5stopwatch-render-check\c
onfig\kconfig_menus.json`
[WinError 2] 指定されたファイルが見つかりません。: 'C:\\Users\\wararyo\\Git\\M5StopWatch-wararyoLauncher\\.pio\\build\\m5stopwatch-render
-check\\config\\sdkconfig.cmake' 
Please manually remove the file `C:\Users\wararyo\Git\M5StopWatch-wararyoLauncher\.pio\build\m5stopwatch-render-check\c
onfig\sdkconfig.cmake`
[WinError 2] 指定されたファイルが見つかりません。: 'C:\\Users\\wararyo\\Git\\M5StopWatch-wararyoLauncher\\.pio\\build\\m5stopwatch-render
-check\\config\\sdkconfig.h' 
Please manually remove the file `C:\Users\wararyo\Git\M5StopWatch-wararyoLauncher\.pio\build\m5stopwatch-render-check\c
onfig\sdkconfig.h`
[WinError 3] 指定されたパスが見つかりません。: 'C:\\Users\\wararyo\\Git\\M5StopWatch-wararyoLauncher\\.pio\\build\\m5stopwatch-render-c
heck\\config\\sdkconfig.json' 
Please manually remove the file `C:\Users\wararyo\Git\M5StopWatch-wararyoLauncher\.pio\build\m5stopwatch-render-check\c
onfig\sdkconfig.json`
[WinError 2] 指定されたファイルが見つかりません。: 'C:\\Users\\wararyo\\Git\\M5StopWatch-wararyoLauncher\\.pio\\build\\m5stopwatch-render
-check\\config' 
Please manually remove the file `C:\Users\wararyo\Git\M5StopWatch-wararyoLauncher\.pio\build\m5stopwatch-render-check\c
onfig`
[WinError 2] 指定されたファイルが見つかりません。: 'C:\\Users\\wararyo\\Git\\M5StopWatch-wararyoLauncher\\.pio\\build\\m5stopwatch-render
-check\\config.env' 
Please manually remove the file `C:\Users\wararyo\Git\M5StopWatch-wararyoLauncher\.pio\build\m5stopwatch-render-check\c
onfig.env`
[WinError 2] 指定されたファイルが見つかりません。: 'C:\\Users\\wararyo\\Git\\M5StopWatch-wararyoLauncher\\.pio\\build\\m5stopwatch-render
-check\\console\\argtable3\\arg_cmd.c.o' 
Please manually remove the file `C:\Users\wararyo\Git\M5StopWatch-wararyoLauncher\.pio\build\m5stopwatch-render-check\c
onsole\argtable3\arg_cmd.c.o`
[WinError 2] 指定されたファイルが見つかりません。: 'C:\\Users\\wararyo\\Git\\M5StopWatch-wararyoLauncher\\.pio\\build\\m5stopwatch-render
-check\\console\\argtable3\\arg_date.c.o' 
Please manually remove the file `C:\Users\wararyo\Git\M5StopWatch-wararyoLauncher\.pio\build\m5stopwatch-render-check\c
onsole\argtable3\arg_date.c.o`
[WinError 2] 指定されたファイルが見つかりません。: 'C:\\Users\\wararyo\\Git\\M5StopWatch-wararyoLauncher\\.pio\\build\\m5stopwatch-render
-check\\console\\argtable3\\arg_dbl.c.o' 
Please manually remove the file `C:\Users\wararyo\Git\M5StopWatch-wararyoLauncher\.pio\build\m5stopwatch-render-check\c
onsole\argtable3\arg_dbl.c.o`
[WinError 2] 指定されたファイルが見つかりません。: 'C:\\Users\\wararyo\\Git\\M5StopWatch-wararyoLauncher\\.pio\\build\\m5stopwatch-render
-check\\console\\argtable3\\arg_dstr.c.o' 
Please manually remove the file `C:\Users\wararyo\Git\M5StopWatch-wararyoLauncher\.pio\build\m5stopwatch-render-check\c
onsole\argtable3\arg_dstr.c.o`
[WinError 2] 指定されたファイルが見つかりません。: 'C:\\Users\\wararyo\\Git\\M5StopWatch-wararyoLauncher\\.pio\\build\\m5stopwatch-render
-check\\console\\argtable3\\arg_end.c.o' 
Please manually remove the file `C:\Users\wararyo\Git\M5StopWatch-wararyoLauncher\.pio\build\m5stopwatch-render-check\c
onsole\argtable3\arg_end.c.o`
[WinError 2] 指定されたファイルが見つかりません。: 'C:\\Users\\wararyo\\Git\\M5StopWatch-wararyoLauncher\\.pio\\build\\m5stopwatch-render
-check\\console\\argtable3\\arg_file.c.o' 
Please manually remove the file `C:\Users\wararyo\Git\M5StopWatch-wararyoLauncher\.pio\build\m5stopwatch-render-check\c
onsole\argtable3\arg_file.c.o`
[WinError 2] 指定されたファイルが見つかりません。: 'C:\\Users\\wararyo\\Git\\M5StopWatch-wararyoLauncher\\.pio\\build\\m5stopwatch-render
-check\\console\\argtable3\\arg_hashtable.c.o' 
Please manually remove the file `C:\Users\wararyo\Git\M5StopWatch-wararyoLauncher\.pio\build\m5stopwatch-render-check\c
onsole\argtable3\arg_hashtable.c.o`
[WinError 2] 指定されたファイルが見つかりません。: 'C:\\Users\\wararyo\\Git\\M5StopWatch-wararyoLauncher\\.pio\\build\\m5stopwatch-render
-check\\console\\argtable3\\arg_int.c.o' 
Please manually remove the file `C:\Users\wararyo\Git\M5StopWatch-wararyoLauncher\.pio\build\m5stopwatch-render-check\c
onsole\argtable3\arg_int.c.o`
[WinError 2] 指定されたファイルが見つかりません。: 'C:\\Users\\wararyo\\Git\\M5StopWatch-wararyoLauncher\\.pio\\build\\m5stopwatch-render
-check\\console\\argtable3\\arg_lit.c.o' 
Please manually remove the file `C:\Users\wararyo\Git\M5StopWatch-wararyoLauncher\.pio\build\m5stopwatch-render-check\c
onsole\argtable3\arg_lit.c.o`
[WinError 2] 指定されたファイルが見つかりません。: 'C:\\Users\\wararyo\\Git\\M5StopWatch-wararyoLauncher\\.pio\\build\\m5stopwatch-render
-check\\console\\argtable3\\arg_rem.c.o' 
Please manually remove the file `C:\Users\wararyo\Git\M5StopWatch-wararyoLauncher\.pio\build\m5stopwatch-render-check\c
onsole\argtable3\arg_rem.c.o`
[WinError 2] 指定されたファイルが見つかりません。: 'C:\\Users\\wararyo\\Git\\M5StopWatch-wararyoLauncher\\.pio\\build\\m5stopwatch-render
-check\\console\\argtable3\\arg_rex.c.o' 
Please manually remove the file `C:\Users\wararyo\Git\M5StopWatch-wararyoLauncher\.pio\build\m5stopwatch-render-check\c
onsole\argtable3\arg_rex.c.o`
[WinError 2] 指定されたファイルが見つかりません。: 'C:\\Users\\wararyo\\Git\\M5StopWatch-wararyoLauncher\\.pio\\build\\m5stopwatch-render
-check\\console\\argtable3\\arg_str.c.o' 
Please manually remove the file `C:\Users\wararyo\Git\M5StopWatch-wararyoLauncher\.pio\build\m5stopwatch-render-check\c
onsole\argtable3\arg_str.c.o`
[WinError 3] 指定されたパスが見つかりません。: 'C:\\Users\\wararyo\\Git\\M5StopWatch-wararyoLauncher\\.pio\\build\\m5stopwatch-render-c
heck\\console\\argtable3\\arg_utils.c.o' 
Please manually remove the file `C:\Users\wararyo\Git\M5StopWatch-wararyoLauncher\.pio\build\m5stopwatch-render-check\c
onsole\argtable3\arg_utils.c.o`
[WinError 2] 指定されたファイルが見つかりません。: 'C:\\Users\\wararyo\\Git\\M5StopWatch-wararyoLauncher\\.pio\\build\\m5stopwatch-render
-check\\console\\argtable3' 
Please manually remove the file `C:\Users\wararyo\Git\M5StopWatch-wararyoLauncher\.pio\build\m5stopwatch-render-check\c
onsole\argtable3`
[WinError 2] 指定されたファイルが見つかりません。: 'C:\\Users\\wararyo\\Git\\M5StopWatch-wararyoLauncher\\.pio\\build\\m5stopwatch-render
-check\\console\\commands.c.o' 
Please manually remove the file `C:\Users\wararyo\Git\M5StopWatch-wararyoLauncher\.pio\build\m5stopwatch-render-check\c
onsole\commands.c.o`
[WinError 2] 指定されたファイルが見つかりません。: 'C:\\Users\\wararyo\\Git\\M5StopWatch-wararyoLauncher\\.pio\\build\\m5stopwatch-render
-check\\console\\esp_console_common.c.o' 
Please manually remove the file `C:\Users\wararyo\Git\M5StopWatch-wararyoLauncher\.pio\build\m5stopwatch-render-check\c
onsole\esp_console_common.c.o`
[WinError 2] 指定されたファイルが見つかりません。: 'C:\\Users\\wararyo\\Git\\M5StopWatch-wararyoLauncher\\.pio\\build\\m5stopwatch-render
-check\\console\\esp_console_repl_chip.c.o' 
Please manually remove the file `C:\Users\wararyo\Git\M5StopWatch-wararyoLauncher\.pio\build\m5stopwatch-render-check\c
onsole\esp_console_repl_chip.c.o`
[WinError 2] 指定されたファイルが見つかりません。: 'C:\\Users\\wararyo\\Git\\M5StopWatch-wararyoLauncher\\.pio\\build\\m5stopwatch-render
-check\\console\\esp_console_repl_internal.c.o' 
Please manually remove the file `C:\Users\wararyo\Git\M5StopWatch-wararyoLauncher\.pio\build\m5stopwatch-render-check\c
onsole\esp_console_repl_internal.c.o`
[WinError 2] 指定されたファイルが見つかりません。: 'C:\\Users\\wararyo\\Git\\M5StopWatch-wararyoLauncher\\.pio\\build\\m5stopwatch-render
-check\\console\\linenoise\\linenoise.c.o' 
Please manually remove the file `C:\Users\wararyo\Git\M5StopWatch-wararyoLauncher\.pio\build\m5stopwatch-render-check\c
onsole\linenoise\linenoise.c.o`
[WinError 2] 指定されたファイルが見つかりません。: 'C:\\Users\\wararyo\\Git\\M5StopWatch-wararyoLauncher\\.pio\\build\\m5stopwatch-render
-check\\console\\linenoise' 
Please manually remove the file `C:\Users\wararyo\Git\M5StopWatch-wararyoLauncher\.pio\build\m5stopwatch-render-check\c
onsole\linenoise`
[WinError 3] 指定されたパスが見つかりません。: 'C:\\Users\\wararyo\\Git\\M5StopWatch-wararyoLauncher\\.pio\\build\\m5stopwatch-render-c
heck\\console\\split_argv.c.o' 
Please manually remove the file `C:\Users\wararyo\Git\M5StopWatch-wararyoLauncher\.pio\build\m5stopwatch-render-check\c
onsole\split_argv.c.o`
[WinError 2] 指定されたファイルが見つかりません。: 'C:\\Users\\wararyo\\Git\\M5StopWatch-wararyoLauncher\\.pio\\build\\m5stopwatch-render
-check\\console' 
Please manually remove the file `C:\Users\wararyo\Git\M5StopWatch-wararyoLauncher\.pio\build\m5stopwatch-render-check\c
onsole`
[WinError 2] 指定されたファイルが見つかりません。: 'C:\\Users\\wararyo\\Git\\M5StopWatch-wararyoLauncher\\.pio\\build\\m5stopwatch-render
-check\\cxx\\cxx_guards.cpp.o' 
Please manually remove the file `C:\Users\wararyo\Git\M5StopWatch-wararyoLauncher\.pio\build\m5stopwatch-render-check\c
xx\cxx_guards.cpp.o`
[WinError 3] 指定されたパスが見つかりません。: 'C:\\Users\\wararyo\\Git\\M5StopWatch-wararyoLauncher\\.pio\\build\\m5stopwatch-render-c
heck\\cxx\\cxx_init.cpp.o' 
Please manually remove the file `C:\Users\wararyo\Git\M5StopWatch-wararyoLauncher\.pio\build\m5stopwatch-render-check\c
xx\cxx_init.cpp.o`
[WinError 2] 指定されたファイルが見つかりません。: 'C:\\Users\\wararyo\\Git\\M5StopWatch-wararyoLauncher\\.pio\\build\\m5stopwatch-render
-check\\cxx' 
Please manually remove the file `C:\Users\wararyo\Git\M5StopWatch-wararyoLauncher\.pio\build\m5stopwatch-render-check\c
xx`
[WinError 2] 指定されたファイルが見つかりません。: 'C:\\Users\\wararyo\\Git\\M5StopWatch-wararyoLauncher\\.pio\\build\\m5stopwatch-render
-check\\driver\\deprecated\\adc_legacy.c.o' 
Please manually remove the file `C:\Users\wararyo\Git\M5StopWatch-wararyoLauncher\.pio\build\m5stopwatch-render-check\d
river\deprecated\adc_legacy.c.o`
[WinError 2] 指定されたファイルが見つかりません。: 'C:\\Users\\wararyo\\Git\\M5StopWatch-wararyoLauncher\\.pio\\build\\m5stopwatch-render
-check\\driver\\deprecated\\i2s_legacy.c.o' 
Please manually remove the file `C:\Users\wararyo\Git\M5StopWatch-wararyoLauncher\.pio\build\m5stopwatch-render-check\d
river\deprecated\i2s_legacy.c.o`
[WinError 2] 指定されたファイルが見つかりません。: 'C:\\Users\\wararyo\\Git\\M5StopWatch-wararyoLauncher\\.pio\\build\\m5stopwatch-render
-check\\driver\\deprecated\\mcpwm_legacy.c.o' 
Please manually remove the file `C:\Users\wararyo\Git\M5StopWatch-wararyoLauncher\.pio\build\m5stopwatch-render-check\d
river\deprecated\mcpwm_legacy.c.o`
[WinError 2] 指定されたファイルが見つかりません。: 'C:\\Users\\wararyo\\Git\\M5StopWatch-wararyoLauncher\\.pio\\build\\m5stopwatch-render
-check\\driver\\deprecated\\pcnt_legacy.c.o' 
Please manually remove the file `C:\Users\wararyo\Git\M5StopWatch-wararyoLauncher\.pio\build\m5stopwatch-render-check\d
river\deprecated\pcnt_legacy.c.o`
[WinError 2] 指定されたファイルが見つかりません。: 'C:\\Users\\wararyo\\Git\\M5StopWatch-wararyoLauncher\\.pio\\build\\m5stopwatch-render
-check\\driver\\deprecated\\rmt_legacy.c.o' 
Please manually remove the file `C:\Users\wararyo\Git\M5StopWatch-wararyoLauncher\.pio\build\m5stopwatch-render-check\d
river\deprecated\rmt_legacy.c.o`
[WinError 2] 指定されたファイルが見つかりません。: 'C:\\Users\\wararyo\\Git\\M5StopWatch-wararyoLauncher\\.pio\\build\\m5stopwatch-render
-check\\driver\\deprecated\\rtc_temperature_legacy.c.o' 
Please manually remove the file `C:\Users\wararyo\Git\M5StopWatch-wararyoLauncher\.pio\build\m5stopwatch-render-check\d
river\deprecated\rtc_temperature_legacy.c.o`
[WinError 2] 指定されたファイルが見つかりません。: 'C:\\Users\\wararyo\\Git\\M5StopWatch-wararyoLauncher\\.pio\\build\\m5stopwatch-render
-check\\driver\\deprecated\\sigma_delta_legacy.c.o' 
Please manually remove the file `C:\Users\wararyo\Git\M5StopWatch-wararyoLauncher\.pio\build\m5stopwatch-render-check\d
river\deprecated\sigma_delta_legacy.c.o`
[WinError 3] 指定されたパスが見つかりません。: 'C:\\Users\\wararyo\\Git\\M5StopWatch-wararyoLauncher\\.pio\\build\\m5stopwatch-render-c
heck\\driver\\deprecated\\timer_legacy.c.o' 
Please manually remove the file `C:\Users\wararyo\Git\M5StopWatch-wararyoLauncher\.pio\build\m5stopwatch-render-check\d
river\deprecated\timer_legacy.c.o`
[WinError 2] 指定されたファイルが見つかりません。: 'C:\\Users\\wararyo\\Git\\M5StopWatch-wararyoLauncher\\.pio\\build\\m5stopwatch-render
-check\\driver\\deprecated' 
Please manually remove the file `C:\Users\wararyo\Git\M5StopWatch-wararyoLauncher\.pio\build\m5stopwatch-render-check\d
river\deprecated`
[WinError 2] 指定されたファイルが見つかりません。: 'C:\\Users\\wararyo\\Git\\M5StopWatch-wararyoLauncher\\.pio\\build\\m5stopwatch-render
-check\\driver\\i2c' 
Please manually remove the file `C:\Users\wararyo\Git\M5StopWatch-wararyoLauncher\.pio\build\m5stopwatch-render-check\d
river\i2c`
[WinError 3] 指定されたパスが見つかりません。: 'C:\\Users\\wararyo\\Git\\M5StopWatch-wararyoLauncher\\.pio\\build\\m5stopwatch-render-c
heck\\driver\\touch_sensor\\esp32s3\\touch_sensor.c.o' 
Please manually remove the file `C:\Users\wararyo\Git\M5StopWatch-wararyoLauncher\.pio\build\m5stopwatch-render-check\d
river\touch_sensor\esp32s3\touch_sensor.c.o`
[WinError 2] 指定されたファイルが見つかりません。: 'C:\\Users\\wararyo\\Git\\M5StopWatch-wararyoLauncher\\.pio\\build\\m5stopwatch-render
-check\\driver\\touch_sensor\\esp32s3' 
Please manually remove the file `C:\Users\wararyo\Git\M5StopWatch-wararyoLauncher\.pio\build\m5stopwatch-render-check\d
river\touch_sensor\esp32s3`
[WinError 3] 指定されたパスが見つかりません。: 'C:\\Users\\wararyo\\Git\\M5StopWatch-wararyoLauncher\\.pio\\build\\m5stopwatch-render-c
heck\\driver\\touch_sensor\\touch_sensor_common.c.o' 
Please manually remove the file `C:\Users\wararyo\Git\M5StopWatch-wararyoLauncher\.pio\build\m5stopwatch-render-check\d
river\touch_sensor\touch_sensor_common.c.o`
[WinError 2] 指定されたファイルが見つかりません。: 'C:\\Users\\wararyo\\Git\\M5StopWatch-wararyoLauncher\\.pio\\build\\m5stopwatch-render
-check\\driver\\touch_sensor' 
Please manually remove the file `C:\Users\wararyo\Git\M5StopWatch-wararyoLauncher\.pio\build\m5stopwatch-render-check\d
river\touch_sensor`
[WinError 2] 指定されたファイルが見つかりません。: 'C:\\Users\\wararyo\\Git\\M5StopWatch-wararyoLauncher\\.pio\\build\\m5stopwatch-render
-check\\driver' 
Please manually remove the file `C:\Users\wararyo\Git\M5StopWatch-wararyoLauncher\.pio\build\m5stopwatch-render-check\d
river`
[WinError 2] 指定されたファイルが見つかりません。: 'C:\\Users\\wararyo\\Git\\M5StopWatch-wararyoLauncher\\.pio\\build\\m5stopwatch-render
-check\\efuse\\esp32s3\\esp_efuse_table.c.o' 
Please manually remove the file `C:\Users\wararyo\Git\M5StopWatch-wararyoLauncher\.pio\build\m5stopwatch-render-check\e
fuse\esp32s3\esp_efuse_table.c.o`
[WinError 2] 指定されたファイルが見つかりません。: 'C:\\Users\\wararyo\\Git\\M5StopWatch-wararyoLauncher\\.pio\\build\\m5stopwatch-render
-check\\efuse\\esp32s3\\esp_efuse_utility.c.o' 
Please manually remove the file `C:\Users\wararyo\Git\M5StopWatch-wararyoLauncher\.pio\build\m5stopwatch-render-check\e
fuse\esp32s3\esp_efuse_utility.c.o`
[WinError 2] 指定されたファイルが見つかりません。: 'C:\\Users\\wararyo\\Git\\M5StopWatch-wararyoLauncher\\.pio\\build\\m5stopwatch-render
-check\\efuse\\esp32s3' 
Please manually remove the file `C:\Users\wararyo\Git\M5StopWatch-wararyoLauncher\.pio\build\m5stopwatch-render-check\e
fuse\esp32s3`
[WinError 3] 指定されたパスが見つかりません。: 'C:\\Users\\wararyo\\Git\\M5StopWatch-wararyoLauncher\\.pio\\build\\m5stopwatch-render-c
heck\\efuse\\src\\efuse_controller\\keys\\with_key_purposes' 
Please manually remove the file `C:\Users\wararyo\Git\M5StopWatch-wararyoLauncher\.pio\build\m5stopwatch-render-check\e
fuse\src\efuse_controller\keys\with_key_purposes`
[WinError 3] 指定されたパスが見つかりません。: 'C:\\Users\\wararyo\\Git\\M5StopWatch-wararyoLauncher\\.pio\\build\\m5stopwatch-render-c
heck\\efuse\\src\\efuse_controller\\keys' 
Please manually remove the file `C:\Users\wararyo\Git\M5StopWatch-wararyoLauncher\.pio\build\m5stopwatch-render-check\e
fuse\src\efuse_controller\keys`
[WinError 2] 指定されたファイルが見つかりません。: 'C:\\Users\\wararyo\\Git\\M5StopWatch-wararyoLauncher\\.pio\\build\\m5stopwatch-render
-check\\efuse\\src\\efuse_controller' 
Please manually remove the file `C:\Users\wararyo\Git\M5StopWatch-wararyoLauncher\.pio\build\m5stopwatch-render-check\e
fuse\src\efuse_controller`
[WinError 2] 指定されたファイルが見つかりません。: 'C:\\Users\\wararyo\\Git\\M5StopWatch-wararyoLauncher\\.pio\\build\\m5stopwatch-render
-check\\efuse\\src\\esp_efuse_api.c.o' 
Please manually remove the file `C:\Users\wararyo\Git\M5StopWatch-wararyoLauncher\.pio\build\m5stopwatch-render-check\e
fuse\src\esp_efuse_api.c.o`
[WinError 2] 指定されたファイルが見つかりません。: 'C:\\Users\\wararyo\\Git\\M5StopWatch-wararyoLauncher\\.pio\\build\\m5stopwatch-render
-check\\efuse\\src\\esp_efuse_fields.c.o' 
Please manually remove the file `C:\Users\wararyo\Git\M5StopWatch-wararyoLauncher\.pio\build\m5stopwatch-render-check\e
fuse\src\esp_efuse_fields.c.o`
[WinError 2] 指定されたファイルが見つかりません。: 'C:\\Users\\wararyo\\Git\\M5StopWatch-wararyoLauncher\\.pio\\build\\m5stopwatch-render
-check\\efuse\\src\\esp_efuse_startup.c.o' 
Please manually remove the file `C:\Users\wararyo\Git\M5StopWatch-wararyoLauncher\.pio\build\m5stopwatch-render-check\e
fuse\src\esp_efuse_startup.c.o`
[WinError 3] 指定されたパスが見つかりません。: 'C:\\Users\\wararyo\\Git\\M5StopWatch-wararyoLauncher\\.pio\\build\\m5stopwatch-render-c
heck\\efuse\\src\\esp_efuse_utility.c.o' 
Please manually remove the file `C:\Users\wararyo\Git\M5StopWatch-wararyoLauncher\.pio\build\m5stopwatch-render-check\e
fuse\src\esp_efuse_utility.c.o`
[WinError 3] 指定されたパスが見つかりません。: 'C:\\Users\\wararyo\\Git\\M5StopWatch-wararyoLauncher\\.pio\\build\\m5stopwatch-render-c
heck\\efuse\\src' 
Please manually remove the file `C:\Users\wararyo\Git\M5StopWatch-wararyoLauncher\.pio\build\m5stopwatch-render-check\e
fuse\src`
[WinError 2] 指定されたファイルが見つかりません。: 'C:\\Users\\wararyo\\Git\\M5StopWatch-wararyoLauncher\\.pio\\build\\m5stopwatch-render
-check\\efuse' 
Please manually remove the file `C:\Users\wararyo\Git\M5StopWatch-wararyoLauncher\.pio\build\m5stopwatch-render-check\e
fuse`
[WinError 3] 指定されたパスが見つかりません。: 'C:\\Users\\wararyo\\Git\\M5StopWatch-wararyoLauncher\\.pio\\build\\m5stopwatch-render-c
heck\\esp-idf\\app_trace\\CMakeFiles\\__idf_app_trace.dir' 
Please manually remove the file `C:\Users\wararyo\Git\M5StopWatch-wararyoLauncher\.pio\build\m5stopwatch-render-check\e
sp-idf\app_trace\CMakeFiles\__idf_app_trace.dir`
[WinError 2] 指定されたファイルが見つかりません。: 'C:\\Users\\wararyo\\Git\\M5StopWatch-wararyoLauncher\\.pio\\build\\m5stopwatch-render
-check\\esp-idf\\app_trace\\CMakeFiles' 
Please manually remove the file `C:\Users\wararyo\Git\M5StopWatch-wararyoLauncher\.pio\build\m5stopwatch-render-check\e
sp-idf\app_trace\CMakeFiles`
[WinError 3] 指定されたパスが見つかりません。: 'C:\\Users\\wararyo\\Git\\M5StopWatch-wararyoLauncher\\.pio\\build\\m5stopwatch-render-c
heck\\esp-idf\\app_trace\\cmake_install.cmake' 
Please manually remove the file `C:\Users\wararyo\Git\M5StopWatch-wararyoLauncher\.pio\build\m5stopwatch-render-check\e
sp-idf\app_trace\cmake_install.cmake`
[WinError 3] 指定されたパスが見つかりません。: 'C:\\Users\\wararyo\\Git\\M5StopWatch-wararyoLauncher\\.pio\\build\\m5stopwatch-render-c
heck\\esp-idf\\app_trace\\libapp_trace.a' 
Please manually remove the file `C:\Users\wararyo\Git\M5StopWatch-wararyoLauncher\.pio\build\m5stopwatch-render-check\e
sp-idf\app_trace\libapp_trace.a`
[WinError 2] 指定されたファイルが見つかりません。: 'C:\\Users\\wararyo\\Git\\M5StopWatch-wararyoLauncher\\.pio\\build\\m5stopwatch-render
-check\\esp-idf\\app_trace' 
Please manually remove the file `C:\Users\wararyo\Git\M5StopWatch-wararyoLauncher\.pio\build\m5stopwatch-render-check\e
sp-idf\app_trace`
[WinError 2] 指定されたファイルが見つかりません。: 'C:\\Users\\wararyo\\Git\\M5StopWatch-wararyoLauncher\\.pio\\build\\m5stopwatch-render
-check\\esp-idf\\app_update\\CMakeFiles' 
Please manually remove the file `C:\Users\wararyo\Git\M5StopWatch-wararyoLauncher\.pio\build\m5stopwatch-render-check\e
sp-idf\app_update\CMakeFiles`
[WinError 2] 指定されたファイルが見つかりません。: 'C:\\Users\\wararyo\\Git\\M5StopWatch-wararyoLauncher\\.pio\\build\\m5stopwatch-render
-check\\esp-idf\\app_update\\cmake_install.cmake' 
Please manually remove the file `C:\Users\wararyo\Git\M5StopWatch-wararyoLauncher\.pio\build\m5stopwatch-render-check\e
sp-idf\app_update\cmake_install.cmake`
[WinError 2] 指定されたファイルが見つかりません。: 'C:\\Users\\wararyo\\Git\\M5StopWatch-wararyoLauncher\\.pio\\build\\m5stopwatch-render
-check\\esp-idf\\app_update\\libapp_update.a' 
Please manually remove the file `C:\Users\wararyo\Git\M5StopWatch-wararyoLauncher\.pio\build\m5stopwatch-render-check\e
sp-idf\app_update\libapp_update.a`
[WinError 2] 指定されたファイルが見つかりません。: 'C:\\Users\\wararyo\\Git\\M5StopWatch-wararyoLauncher\\.pio\\build\\m5stopwatch-render
-check\\esp-idf\\app_update\\otadata-flash_args.in' 
Please manually remove the file `C:\Users\wararyo\Git\M5StopWatch-wararyoLauncher\.pio\build\m5stopwatch-render-check\e
sp-idf\app_update\otadata-flash_args.in`
[WinError 2] 指定されたファイルが見つかりません。: 'C:\\Users\\wararyo\\Git\\M5StopWatch-wararyoLauncher\\.pio\\build\\m5stopwatch-render
-check\\esp-idf\\app_update' 
Please manually remove the file `C:\Users\wararyo\Git\M5StopWatch-wararyoLauncher\.pio\build\m5stopwatch-render-check\e
sp-idf\app_update`
[WinError 2] 指定されたファイルが見つかりません。: 'C:\\Users\\wararyo\\Git\\M5StopWatch-wararyoLauncher\\.pio\\build\\m5stopwatch-render
-check\\esp-idf\\bootloader\\bootloader-flash_args.in' 
Please manually remove the file `C:\Users\wararyo\Git\M5StopWatch-wararyoLauncher\.pio\build\m5stopwatch-render-check\e
sp-idf\bootloader\bootloader-flash_args.in`
[WinError 2] 指定されたファイルが見つかりません。: 'C:\\Users\\wararyo\\Git\\M5StopWatch-wararyoLauncher\\.pio\\build\\m5stopwatch-render
-check\\esp-idf\\bootloader\\CMakeFiles' 
Please manually remove the file `C:\Users\wararyo\Git\M5StopWatch-wararyoLauncher\.pio\build\m5stopwatch-render-check\e
sp-idf\bootloader\CMakeFiles`
[WinError 2] 指定されたファイルが見つかりません。: 'C:\\Users\\wararyo\\Git\\M5StopWatch-wararyoLauncher\\.pio\\build\\m5stopwatch-render
-check\\esp-idf\\bootloader\\CMakeFiles' 
Please manually remove the file `C:\Users\wararyo\Git\M5StopWatch-wararyoLauncher\.pio\build\m5stopwatch-render-check\e
sp-idf\bootloader\CMakeFiles`
[WinError 2] 指定されたファイルが見つかりません。: 'C:\\Users\\wararyo\\Git\\M5StopWatch-wararyoLauncher\\.pio\\build\\m5stopwatch-render
-check\\esp-idf\\bootloader\\cmake_install.cmake' 
Please manually remove the file `C:\Users\wararyo\Git\M5StopWatch-wararyoLauncher\.pio\build\m5stopwatch-render-check\e
sp-idf\bootloader\cmake_install.cmake`
[WinError 2] 指定されたファイルが見つかりません。: 'C:\\Users\\wararyo\\Git\\M5StopWatch-wararyoLauncher\\.pio\\build\\m5stopwatch-render
-check\\esp-idf\\bootloader' 
Please manually remove the file `C:\Users\wararyo\Git\M5StopWatch-wararyoLauncher\.pio\build\m5stopwatch-render-check\e
sp-idf\bootloader`
[WinError 2] 指定されたファイルが見つかりません。: 'C:\\Users\\wararyo\\Git\\M5StopWatch-wararyoLauncher\\.pio\\build\\m5stopwatch-render
-check\\esp-idf\\bootloader_support\\CMakeFiles\\__idf_bootloader_support.dir\\bootloader_flash' 
Please manually remove the file `C:\Users\wararyo\Git\M5StopWatch-wararyoLauncher\.pio\build\m5stopwatch-render-check\e
sp-idf\bootloader_support\CMakeFiles\__idf_bootloader_support.dir\bootloader_flash`
[WinError 2] 指定されたファイルが見つかりません。: 'C:\\Users\\wararyo\\Git\\M5StopWatch-wararyoLauncher\\.pio\\build\\m5stopwatch-render
-check\\esp-idf\\bootloader_support\\CMakeFiles\\__idf_bootloader_support.dir\\src\\esp32s3' 
Please manually remove the file `C:\Users\wararyo\Git\M5StopWatch-wararyoLauncher\.pio\build\m5stopwatch-render-check\e
sp-idf\bootloader_support\CMakeFiles\__idf_bootloader_support.dir\src\esp32s3`
[WinError 3] 指定されたパスが見つかりません。: 'C:\\Users\\wararyo\\Git\\M5StopWatch-wararyoLauncher\\.pio\\build\\m5stopwatch-render-c
heck\\esp-idf\\bootloader_support\\CMakeFiles\\__idf_bootloader_support.dir\\src\\esp32s3' 
Please manually remove the file `C:\Users\wararyo\Git\M5StopWatch-wararyoLauncher\.pio\build\m5stopwatch-render-check\e
sp-idf\bootloader_support\CMakeFiles\__idf_bootloader_support.dir\src\esp32s3`
[WinError 3] 指定されたパスが見つかりません。: 'C:\\Users\\wararyo\\Git\\M5StopWatch-wararyoLauncher\\.pio\\build\\m5stopwatch-render-c
heck\\esp-idf\\bootloader_support\\CMakeFiles\\__idf_bootloader_support.dir\\src' 
Please manually remove the file `C:\Users\wararyo\Git\M5StopWatch-wararyoLauncher\.pio\build\m5stopwatch-render-check\e
sp-idf\bootloader_support\CMakeFiles\__idf_bootloader_support.dir\src`
[WinError 3] 指定されたパスが見つかりません。: 'C:\\Users\\wararyo\\Git\\M5StopWatch-wararyoLauncher\\.pio\\build\\m5stopwatch-render-c
heck\\esp-idf\\bootloader_support\\CMakeFiles\\__idf_bootloader_support.dir' 
Please manually remove the file `C:\Users\wararyo\Git\M5StopWatch-wararyoLauncher\.pio\build\m5stopwatch-render-check\e
sp-idf\bootloader_support\CMakeFiles\__idf_bootloader_support.dir`
[WinError 2] 指定されたファイルが見つかりません。: 'C:\\Users\\wararyo\\Git\\M5StopWatch-wararyoLauncher\\.pio\\build\\m5stopwatch-render
-check\\esp-idf\\bootloader_support\\CMakeFiles' 
Please manually remove the file `C:\Users\wararyo\Git\M5StopWatch-wararyoLauncher\.pio\build\m5stopwatch-render-check\e
sp-idf\bootloader_support\CMakeFiles`
[WinError 2] 指定されたファイルが見つかりません。: 'C:\\Users\\wararyo\\Git\\M5StopWatch-wararyoLauncher\\.pio\\build\\m5stopwatch-render
-check\\esp-idf\\bootloader_support\\cmake_install.cmake' 
Please manually remove the file `C:\Users\wararyo\Git\M5StopWatch-wararyoLauncher\.pio\build\m5stopwatch-render-check\e
sp-idf\bootloader_support\cmake_install.cmake`
[WinError 3] 指定されたパスが見つかりません。: 'C:\\Users\\wararyo\\Git\\M5StopWatch-wararyoLauncher\\.pio\\build\\m5stopwatch-render-c
heck\\esp-idf\\bootloader_support\\libbootloader_support.a' 
Please manually remove the file `C:\Users\wararyo\Git\M5StopWatch-wararyoLauncher\.pio\build\m5stopwatch-render-check\e
sp-idf\bootloader_support\libbootloader_support.a`
[WinError 2] 指定されたファイルが見つかりません。: 'C:\\Users\\wararyo\\Git\\M5StopWatch-wararyoLauncher\\.pio\\build\\m5stopwatch-render
-check\\esp-idf\\bootloader_support' 
Please manually remove the file `C:\Users\wararyo\Git\M5StopWatch-wararyoLauncher\.pio\build\m5stopwatch-render-check\e
sp-idf\bootloader_support`
[WinError 3] 指定されたパスが見つかりません。: 'C:\\Users\\wararyo\\Git\\M5StopWatch-wararyoLauncher\\.pio\\build\\m5stopwatch-render-c
heck\\esp-idf\\bt\\cmake_install.cmake' 
Please manually remove the file `C:\Users\wararyo\Git\M5StopWatch-wararyoLauncher\.pio\build\m5stopwatch-render-check\e
sp-idf\bt\cmake_install.cmake`
[WinError 2] 指定されたファイルが見つかりません。: 'C:\\Users\\wararyo\\Git\\M5StopWatch-wararyoLauncher\\.pio\\build\\m5stopwatch-render
-check\\esp-idf\\bt' 
Please manually remove the file `C:\Users\wararyo\Git\M5StopWatch-wararyoLauncher\.pio\build\m5stopwatch-render-check\e
sp-idf\bt`
[WinError 2] 指定されたファイルが見つかりません。: 'C:\\Users\\wararyo\\Git\\M5StopWatch-wararyoLauncher\\.pio\\build\\m5stopwatch-render
-check\\esp-idf\\CMakeFiles' 
Please manually remove the file `C:\Users\wararyo\Git\M5StopWatch-wararyoLauncher\.pio\build\m5stopwatch-render-check\e
sp-idf\CMakeFiles`
[WinError 2] 指定されたファイルが見つかりません。: 'C:\\Users\\wararyo\\Git\\M5StopWatch-wararyoLauncher\\.pio\\build\\m5stopwatch-render
-check\\esp-idf\\CMakeFiles' 
Please manually remove the file `C:\Users\wararyo\Git\M5StopWatch-wararyoLauncher\.pio\build\m5stopwatch-render-check\e
sp-idf\CMakeFiles`
[WinError 2] 指定されたファイルが見つかりません。: 'C:\\Users\\wararyo\\Git\\M5StopWatch-wararyoLauncher\\.pio\\build\\m5stopwatch-render
-check\\esp-idf\\cmake_install.cmake' 
Please manually remove the file `C:\Users\wararyo\Git\M5StopWatch-wararyoLauncher\.pio\build\m5stopwatch-render-check\e
sp-idf\cmake_install.cmake`
[WinError 2] 指定されたファイルが見つかりません。: 'C:\\Users\\wararyo\\Git\\M5StopWatch-wararyoLauncher\\.pio\\build\\m5stopwatch-render
-check\\esp-idf\\cmock\\CMakeFiles\\__idf_cmock.dir\\CMock' 
Please manually remove the file `C:\Users\wararyo\Git\M5StopWatch-wararyoLauncher\.pio\build\m5stopwatch-render-check\e
sp-idf\cmock\CMakeFiles\__idf_cmock.dir\CMock`
[WinError 3] 指定されたパスが見つかりません。: 'C:\\Users\\wararyo\\Git\\M5StopWatch-wararyoLauncher\\.pio\\build\\m5stopwatch-render-c
heck\\esp-idf\\cmock\\CMakeFiles\\__idf_cmock.dir\\CMock' 
Please manually remove the file `C:\Users\wararyo\Git\M5StopWatch-wararyoLauncher\.pio\build\m5stopwatch-render-check\e
sp-idf\cmock\CMakeFiles\__idf_cmock.dir\CMock`
[WinError 3] 指定されたパスが見つかりません。: 'C:\\Users\\wararyo\\Git\\M5StopWatch-wararyoLauncher\\.pio\\build\\m5stopwatch-render-c
heck\\esp-idf\\cmock\\CMakeFiles\\__idf_cmock.dir' 
Please manually remove the file `C:\Users\wararyo\Git\M5StopWatch-wararyoLauncher\.pio\build\m5stopwatch-render-check\e
sp-idf\cmock\CMakeFiles\__idf_cmock.dir`
[WinError 2] 指定されたファイルが見つかりません。: 'C:\\Users\\wararyo\\Git\\M5StopWatch-wararyoLauncher\\.pio\\build\\m5stopwatch-render
-check\\esp-idf\\cmock\\CMakeFiles' 
Please manually remove the file `C:\Users\wararyo\Git\M5StopWatch-wararyoLauncher\.pio\build\m5stopwatch-render-check\e
sp-idf\cmock\CMakeFiles`
[WinError 2] 指定されたファイルが見つかりません。: 'C:\\Users\\wararyo\\Git\\M5StopWatch-wararyoLauncher\\.pio\\build\\m5stopwatch-render
-check\\esp-idf\\cmock\\cmake_install.cmake' 
Please manually remove the file `C:\Users\wararyo\Git\M5StopWatch-wararyoLauncher\.pio\build\m5stopwatch-render-check\e
sp-idf\cmock\cmake_install.cmake`
[WinError 3] 指定されたパスが見つかりません。: 'C:\\Users\\wararyo\\Git\\M5StopWatch-wararyoLauncher\\.pio\\build\\m5stopwatch-render-c
heck\\esp-idf\\cmock\\libcmock.a' 
Please manually remove the file `C:\Users\wararyo\Git\M5StopWatch-wararyoLauncher\.pio\build\m5stopwatch-render-check\e
sp-idf\cmock\libcmock.a`
[WinError 2] 指定されたファイルが見つかりません。: 'C:\\Users\\wararyo\\Git\\M5StopWatch-wararyoLauncher\\.pio\\build\\m5stopwatch-render
-check\\esp-idf\\cmock' 
Please manually remove the file `C:\Users\wararyo\Git\M5StopWatch-wararyoLauncher\.pio\build\m5stopwatch-render-check\e
sp-idf\cmock`
[WinError 3] 指定されたパスが見つかりません。: 'C:\\Users\\wararyo\\Git\\M5StopWatch-wararyoLauncher\\.pio\\build\\m5stopwatch-render-c
heck\\esp-idf\\console\\CMakeFiles\\__idf_console.dir\\linenoise' 
Please manually remove the file `C:\Users\wararyo\Git\M5StopWatch-wararyoLauncher\.pio\build\m5stopwatch-render-check\e
sp-idf\console\CMakeFiles\__idf_console.dir\linenoise`
[WinError 3] 指定されたパスが見つかりません。: 'C:\\Users\\wararyo\\Git\\M5StopWatch-wararyoLauncher\\.pio\\build\\m5stopwatch-render-c
heck\\esp-idf\\console\\CMakeFiles\\__idf_console.dir' 
Please manually remove the file `C:\Users\wararyo\Git\M5StopWatch-wararyoLauncher\.pio\build\m5stopwatch-render-check\e
sp-idf\console\CMakeFiles\__idf_console.dir`
[WinError 2] 指定されたファイルが見つかりません。: 'C:\\Users\\wararyo\\Git\\M5StopWatch-wararyoLauncher\\.pio\\build\\m5stopwatch-render
-check\\esp-idf\\console\\CMakeFiles' 
Please manually remove the file `C:\Users\wararyo\Git\M5StopWatch-wararyoLauncher\.pio\build\m5stopwatch-render-check\e
sp-idf\console\CMakeFiles`
[WinError 3] 指定されたパスが見つかりません。: 'C:\\Users\\wararyo\\Git\\M5StopWatch-wararyoLauncher\\.pio\\build\\m5stopwatch-render-c
heck\\esp-idf\\console\\cmake_install.cmake' 
Please manually remove the file `C:\Users\wararyo\Git\M5StopWatch-wararyoLauncher\.pio\build\m5stopwatch-render-check\e
sp-idf\console\cmake_install.cmake`
[WinError 3] 指定されたパスが見つかりません。: 'C:\\Users\\wararyo\\Git\\M5StopWatch-wararyoLauncher\\.pio\\build\\m5stopwatch-render-c
heck\\esp-idf\\console\\libconsole.a' 
Please manually remove the file `C:\Users\wararyo\Git\M5StopWatch-wararyoLauncher\.pio\build\m5stopwatch-render-check\e
sp-idf\console\libconsole.a`
[WinError 2] 指定されたファイルが見つかりません。: 'C:\\Users\\wararyo\\Git\\M5StopWatch-wararyoLauncher\\.pio\\build\\m5stopwatch-render
-check\\esp-idf\\console' 
Please manually remove the file `C:\Users\wararyo\Git\M5StopWatch-wararyoLauncher\.pio\build\m5stopwatch-render-check\e
sp-idf\console`
[WinError 2] 指定されたファイルが見つかりません。: 'C:\\Users\\wararyo\\Git\\M5StopWatch-wararyoLauncher\\.pio\\build\\m5stopwatch-render
-check\\esp-idf\\cxx\\CMakeFiles' 
Please manually remove the file `C:\Users\wararyo\Git\M5StopWatch-wararyoLauncher\.pio\build\m5stopwatch-render-check\e
sp-idf\cxx\CMakeFiles`
[WinError 2] 指定されたファイルが見つかりません。: 'C:\\Users\\wararyo\\Git\\M5StopWatch-wararyoLauncher\\.pio\\build\\m5stopwatch-render
-check\\esp-idf\\cxx\\cmake_install.cmake' 
Please manually remove the file `C:\Users\wararyo\Git\M5StopWatch-wararyoLauncher\.pio\build\m5stopwatch-render-check\e
sp-idf\cxx\cmake_install.cmake`
[WinError 2] 指定されたファイルが見つかりません。: 'C:\\Users\\wararyo\\Git\\M5StopWatch-wararyoLauncher\\.pio\\build\\m5stopwatch-render
-check\\esp-idf\\cxx\\libcxx.a' 
Please manually remove the file `C:\Users\wararyo\Git\M5StopWatch-wararyoLauncher\.pio\build\m5stopwatch-render-check\e
sp-idf\cxx\libcxx.a`
[WinError 2] 指定されたファイルが見つかりません。: 'C:\\Users\\wararyo\\Git\\M5StopWatch-wararyoLauncher\\.pio\\build\\m5stopwatch-render
-check\\esp-idf\\driver\\CMakeFiles\\__idf_driver.dir\\deprecated' 
Please manually remove the file `C:\Users\wararyo\Git\M5StopWatch-wararyoLauncher\.pio\build\m5stopwatch-render-check\e
sp-idf\driver\CMakeFiles\__idf_driver.dir\deprecated`
[WinError 2] 指定されたファイルが見つかりません。: 'C:\\Users\\wararyo\\Git\\M5StopWatch-wararyoLauncher\\.pio\\build\\m5stopwatch-render
-check\\esp-idf\\driver\\CMakeFiles\\__idf_driver.dir\\i2c' 
Please manually remove the file `C:\Users\wararyo\Git\M5StopWatch-wararyoLauncher\.pio\build\m5stopwatch-render-check\e
sp-idf\driver\CMakeFiles\__idf_driver.dir\i2c`
[WinError 2] 指定されたファイルが見つかりません。: 'C:\\Users\\wararyo\\Git\\M5StopWatch-wararyoLauncher\\.pio\\build\\m5stopwatch-render
-check\\esp-idf\\driver\\CMakeFiles\\__idf_driver.dir\\touch_sensor' 
Please manually remove the file `C:\Users\wararyo\Git\M5StopWatch-wararyoLauncher\.pio\build\m5stopwatch-render-check\e
sp-idf\driver\CMakeFiles\__idf_driver.dir\touch_sensor`
[WinError 3] 指定されたパスが見つかりません。: 'C:\\Users\\wararyo\\Git\\M5StopWatch-wararyoLauncher\\.pio\\build\\m5stopwatch-render-c
heck\\esp-idf\\driver\\CMakeFiles\\__idf_driver.dir\\twai' 
Please manually remove the file `C:\Users\wararyo\Git\M5StopWatch-wararyoLauncher\.pio\build\m5stopwatch-render-check\e
sp-idf\driver\CMakeFiles\__idf_driver.dir\twai`
[WinError 3] 指定されたパスが見つかりません。: 'C:\\Users\\wararyo\\Git\\M5StopWatch-wararyoLauncher\\.pio\\build\\m5stopwatch-render-c
heck\\esp-idf\\driver\\CMakeFiles\\__idf_driver.dir' 
Please manually remove the file `C:\Users\wararyo\Git\M5StopWatch-wararyoLauncher\.pio\build\m5stopwatch-render-check\e
sp-idf\driver\CMakeFiles\__idf_driver.dir`
[WinError 2] 指定されたファイルが見つかりません。: 'C:\\Users\\wararyo\\Git\\M5StopWatch-wararyoLauncher\\.pio\\build\\m5stopwatch-render
-check\\esp-idf\\driver\\CMakeFiles' 
Please manually remove the file `C:\Users\wararyo\Git\M5StopWatch-wararyoLauncher\.pio\build\m5stopwatch-render-check\e
sp-idf\driver\CMakeFiles`
[WinError 2] 指定されたファイルが見つかりません。: 'C:\\Users\\wararyo\\Git\\M5StopWatch-wararyoLauncher\\.pio\\build\\m5stopwatch-render
-check\\esp-idf\\driver\\cmake_install.cmake' 
Please manually remove the file `C:\Users\wararyo\Git\M5StopWatch-wararyoLauncher\.pio\build\m5stopwatch-render-check\e
sp-idf\driver\cmake_install.cmake`
[WinError 2] 指定されたファイルが見つかりません。: 'C:\\Users\\wararyo\\Git\\M5StopWatch-wararyoLauncher\\.pio\\build\\m5stopwatch-render
-check\\esp-idf\\driver\\libdriver.a' 
Please manually remove the file `C:\Users\wararyo\Git\M5StopWatch-wararyoLauncher\.pio\build\m5stopwatch-render-check\e
sp-idf\driver\libdriver.a`
[WinError 2] 指定されたファイルが見つかりません。: 'C:\\Users\\wararyo\\Git\\M5StopWatch-wararyoLauncher\\.pio\\build\\m5stopwatch-render
-check\\esp-idf\\driver' 
Please manually remove the file `C:\Users\wararyo\Git\M5StopWatch-wararyoLauncher\.pio\build\m5stopwatch-render-check\e
sp-idf\driver`
[WinError 2] 指定されたファイルが見つかりません。: 'C:\\Users\\wararyo\\Git\\M5StopWatch-wararyoLauncher\\.pio\\build\\m5stopwatch-render
-check\\esp-idf\\efuse\\CMakeFiles\\__idf_efuse.dir\\esp32s3' 
Please manually remove the file `C:\Users\wararyo\Git\M5StopWatch-wararyoLauncher\.pio\build\m5stopwatch-render-check\e
sp-idf\efuse\CMakeFiles\__idf_efuse.dir\esp32s3`
[WinError 2] 指定されたファイルが見つかりません。: 'C:\\Users\\wararyo\\Git\\M5StopWatch-wararyoLauncher\\.pio\\build\\m5stopwatch-render
-check\\esp-idf\\efuse\\CMakeFiles\\__idf_efuse.dir\\esp32s3' 
Please manually remove the file `C:\Users\wararyo\Git\M5StopWatch-wararyoLauncher\.pio\build\m5stopwatch-render-check\e
sp-idf\efuse\CMakeFiles\__idf_efuse.dir\esp32s3`
[WinError 2] 指定されたファイルが見つかりません。: 'C:\\Users\\wararyo\\Git\\M5StopWatch-wararyoLauncher\\.pio\\build\\m5stopwatch-render
-check\\esp-idf\\efuse\\CMakeFiles\\__idf_efuse.dir\\src\\efuse_controller\\keys' 
Please manually remove the file `C:\Users\wararyo\Git\M5StopWatch-wararyoLauncher\.pio\build\m5stopwatch-render-check\e
sp-idf\efuse\CMakeFiles\__idf_efuse.dir\src\efuse_controller\keys`
[WinError 3] 指定されたパスが見つかりません。: 'C:\\Users\\wararyo\\Git\\M5StopWatch-wararyoLauncher\\.pio\\build\\m5stopwatch-render-c
heck\\esp-idf\\efuse\\CMakeFiles\\__idf_efuse.dir\\src\\efuse_controller\\keys' 
Please manually remove the file `C:\Users\wararyo\Git\M5StopWatch-wararyoLauncher\.pio\build\m5stopwatch-render-check\e
sp-idf\efuse\CMakeFiles\__idf_efuse.dir\src\efuse_controller\keys`
[WinError 3] 指定されたパスが見つかりません。: 'C:\\Users\\wararyo\\Git\\M5StopWatch-wararyoLauncher\\.pio\\build\\m5stopwatch-render-c
heck\\esp-idf\\efuse\\CMakeFiles\\__idf_efuse.dir\\src\\efuse_controller' 
Please manually remove the file `C:\Users\wararyo\Git\M5StopWatch-wararyoLauncher\.pio\build\m5stopwatch-render-check\e
sp-idf\efuse\CMakeFiles\__idf_efuse.dir\src\efuse_controller`
[WinError 3] 指定されたパスが見つかりません。: 'C:\\Users\\wararyo\\Git\\M5StopWatch-wararyoLauncher\\.pio\\build\\m5stopwatch-render-c
heck\\esp-idf\\efuse\\CMakeFiles\\__idf_efuse.dir\\src' 
Please manually remove the file `C:\Users\wararyo\Git\M5StopWatch-wararyoLauncher\.pio\build\m5stopwatch-render-check\e
sp-idf\efuse\CMakeFiles\__idf_efuse.dir\src`
[WinError 3] 指定されたパスが見つかりません。: 'C:\\Users\\wararyo\\Git\\M5StopWatch-wararyoLauncher\\.pio\\build\\m5stopwatch-render-c
heck\\esp-idf\\efuse\\CMakeFiles\\__idf_efuse.dir' 
Please manually remove the file `C:\Users\wararyo\Git\M5StopWatch-wararyoLauncher\.pio\build\m5stopwatch-render-check\e
sp-idf\efuse\CMakeFiles\__idf_efuse.dir`
[WinError 2] 指定されたファイルが見つかりません。: 'C:\\Users\\wararyo\\Git\\M5StopWatch-wararyoLauncher\\.pio\\build\\m5stopwatch-render
-check\\esp-idf\\efuse\\CMakeFiles' 
Please manually remove the file `C:\Users\wararyo\Git\M5StopWatch-wararyoLauncher\.pio\build\m5stopwatch-render-check\e
sp-idf\efuse\CMakeFiles`
[WinError 2] 指定されたファイルが見つかりません。: 'C:\\Users\\wararyo\\Git\\M5StopWatch-wararyoLauncher\\.pio\\build\\m5stopwatch-render
-check\\esp-idf\\efuse\\cmake_install.cmake' 
Please manually remove the file `C:\Users\wararyo\Git\M5StopWatch-wararyoLauncher\.pio\build\m5stopwatch-render-check\e
sp-idf\efuse\cmake_install.cmake`
[WinError 3] 指定されたパスが見つかりません。: 'C:\\Users\\wararyo\\Git\\M5StopWatch-wararyoLauncher\\.pio\\build\\m5stopwatch-render-c
heck\\esp-idf\\efuse\\libefuse.a' 
Please manually remove the file `C:\Users\wararyo\Git\M5StopWatch-wararyoLauncher\.pio\build\m5stopwatch-render-check\e
sp-idf\efuse\libefuse.a`
[WinError 2] 指定されたファイルが見つかりません。: 'C:\\Users\\wararyo\\Git\\M5StopWatch-wararyoLauncher\\.pio\\build\\m5stopwatch-render
-check\\esp-idf\\efuse' 
Please manually remove the file `C:\Users\wararyo\Git\M5StopWatch-wararyoLauncher\.pio\build\m5stopwatch-render-check\e
sp-idf\efuse`
[WinError 3] 指定されたパスが見つかりません。: 'C:\\Users\\wararyo\\Git\\M5StopWatch-wararyoLauncher\\.pio\\build\\m5stopwatch-render-c
heck\\esp-idf\\esp-tls\\CMakeFiles\\__idf_esp-tls.dir' 
Please manually remove the file `C:\Users\wararyo\Git\M5StopWatch-wararyoLauncher\.pio\build\m5stopwatch-render-check\e
sp-idf\esp-tls\CMakeFiles\__idf_esp-tls.dir`
[WinError 2] 指定されたファイルが見つかりません。: 'C:\\Users\\wararyo\\Git\\M5StopWatch-wararyoLauncher\\.pio\\build\\m5stopwatch-render
-check\\esp-idf\\esp-tls\\CMakeFiles' 
Please manually remove the file `C:\Users\wararyo\Git\M5StopWatch-wararyoLauncher\.pio\build\m5stopwatch-render-check\e
sp-idf\esp-tls\CMakeFiles`
[WinError 2] 指定されたファイルが見つかりません。: 'C:\\Users\\wararyo\\Git\\M5StopWatch-wararyoLauncher\\.pio\\build\\m5stopwatch-render
-check\\esp-idf\\esp-tls\\cmake_install.cmake' 
Please manually remove the file `C:\Users\wararyo\Git\M5StopWatch-wararyoLauncher\.pio\build\m5stopwatch-render-check\e
sp-idf\esp-tls\cmake_install.cmake`
[WinError 3] 指定されたパスが見つかりません。: 'C:\\Users\\wararyo\\Git\\M5StopWatch-wararyoLauncher\\.pio\\build\\m5stopwatch-render-c
heck\\esp-idf\\esp-tls\\libesp-tls.a' 
Please manually remove the file `C:\Users\wararyo\Git\M5StopWatch-wararyoLauncher\.pio\build\m5stopwatch-render-check\e
sp-idf\esp-tls\libesp-tls.a`
[WinError 2] 指定されたファイルが見つかりません。: 'C:\\Users\\wararyo\\Git\\M5StopWatch-wararyoLauncher\\.pio\\build\\m5stopwatch-render
-check\\esp-idf\\esp-tls' 
Please manually remove the file `C:\Users\wararyo\Git\M5StopWatch-wararyoLauncher\.pio\build\m5stopwatch-render-check\e
sp-idf\esp-tls`
[WinError 3] 指定されたパスが見つかりません。: 'C:\\Users\\wararyo\\Git\\M5StopWatch-wararyoLauncher\\.pio\\build\\m5stopwatch-render-c
heck\\esp-idf\\espcoredump\\CMakeFiles\\__idf_espcoredump.dir\\src\\port' 
Please manually remove the file `C:\Users\wararyo\Git\M5StopWatch-wararyoLauncher\.pio\build\m5stopwatch-render-check\e
sp-idf\espcoredump\CMakeFiles\__idf_espcoredump.dir\src\port`
[WinError 3] 指定されたパスが見つかりません。: 'C:\\Users\\wararyo\\Git\\M5StopWatch-wararyoLauncher\\.pio\\build\\m5stopwatch-render-c
heck\\esp-idf\\espcoredump\\CMakeFiles\\__idf_espcoredump.dir\\src' 
Please manually remove the file `C:\Users\wararyo\Git\M5StopWatch-wararyoLauncher\.pio\build\m5stopwatch-render-check\e
sp-idf\espcoredump\CMakeFiles\__idf_espcoredump.dir\src`
[WinError 3] 指定されたパスが見つかりません。: 'C:\\Users\\wararyo\\Git\\M5StopWatch-wararyoLauncher\\.pio\\build\\m5stopwatch-render-c
heck\\esp-idf\\espcoredump\\CMakeFiles\\__idf_espcoredump.dir' 
Please manually remove the file `C:\Users\wararyo\Git\M5StopWatch-wararyoLauncher\.pio\build\m5stopwatch-render-check\e
sp-idf\espcoredump\CMakeFiles\__idf_espcoredump.dir`
[WinError 2] 指定されたファイルが見つかりません。: 'C:\\Users\\wararyo\\Git\\M5StopWatch-wararyoLauncher\\.pio\\build\\m5stopwatch-render
-check\\esp-idf\\espcoredump\\CMakeFiles' 
Please manually remove the file `C:\Users\wararyo\Git\M5StopWatch-wararyoLauncher\.pio\build\m5stopwatch-render-check\e
sp-idf\espcoredump\CMakeFiles`
[WinError 3] 指定されたパスが見つかりません。: 'C:\\Users\\wararyo\\Git\\M5StopWatch-wararyoLauncher\\.pio\\build\\m5stopwatch-render-c
heck\\esp-idf\\espcoredump\\cmake_install.cmake' 
Please manually remove the file `C:\Users\wararyo\Git\M5StopWatch-wararyoLauncher\.pio\build\m5stopwatch-render-check\e
sp-idf\espcoredump\cmake_install.cmake`
[WinError 3] 指定されたパスが見つかりません。: 'C:\\Users\\wararyo\\Git\\M5StopWatch-wararyoLauncher\\.pio\\build\\m5stopwatch-render-c
heck\\esp-idf\\espcoredump\\libespcoredump.a' 
Please manually remove the file `C:\Users\wararyo\Git\M5StopWatch-wararyoLauncher\.pio\build\m5stopwatch-render-check\e
sp-idf\espcoredump\libespcoredump.a`
[WinError 2] 指定されたファイルが見つかりません。: 'C:\\Users\\wararyo\\Git\\M5StopWatch-wararyoLauncher\\.pio\\build\\m5stopwatch-render
-check\\esp-idf\\espcoredump' 
Please manually remove the file `C:\Users\wararyo\Git\M5StopWatch-wararyoLauncher\.pio\build\m5stopwatch-render-check\e
sp-idf\espcoredump`
[WinError 2] 指定されたファイルが見つかりません。: 'C:\\Users\\wararyo\\Git\\M5StopWatch-wararyoLauncher\\.pio\\build\\m5stopwatch-render
-check\\esp-idf\\esptool_py\\CMakeFiles' 
Please manually remove the file `C:\Users\wararyo\Git\M5StopWatch-wararyoLauncher\.pio\build\m5stopwatch-render-check\e
sp-idf\esptool_py\CMakeFiles`
[WinError 2] 指定されたファイルが見つかりません。: 'C:\\Users\\wararyo\\Git\\M5StopWatch-wararyoLauncher\\.pio\\build\\m5stopwatch-render
-check\\esp-idf\\esptool_py\\CMakeFiles' 
Please manually remove the file `C:\Users\wararyo\Git\M5StopWatch-wararyoLauncher\.pio\build\m5stopwatch-render-check\e
sp-idf\esptool_py\CMakeFiles`
[WinError 3] 指定されたパスが見つかりません。: 'C:\\Users\\wararyo\\Git\\M5StopWatch-wararyoLauncher\\.pio\\build\\m5stopwatch-render-c
heck\\esp-idf\\esptool_py\\cmake_install.cmake' 
Please manually remove the file `C:\Users\wararyo\Git\M5StopWatch-wararyoLauncher\.pio\build\m5stopwatch-render-check\e
sp-idf\esptool_py\cmake_install.cmake`
[WinError 3] 指定されたパスが見つかりません。: 'C:\\Users\\wararyo\\Git\\M5StopWatch-wararyoLauncher\\.pio\\build\\m5stopwatch-render-c
heck\\esp-idf\\esptool_py\\flasher_args.json.in' 
Please manually remove the file `C:\Users\wararyo\Git\M5StopWatch-wararyoLauncher\.pio\build\m5stopwatch-render-check\e
sp-idf\esptool_py\flasher_args.json.in`
[WinError 2] 指定されたファイルが見つかりません。: 'C:\\Users\\wararyo\\Git\\M5StopWatch-wararyoLauncher\\.pio\\build\\m5stopwatch-render
-check\\esp-idf\\esptool_py' 
Please manually remove the file `C:\Users\wararyo\Git\M5StopWatch-wararyoLauncher\.pio\build\m5stopwatch-render-check\e
sp-idf\esptool_py`
[WinError 2] 指定されたファイルが見つかりません。: 'C:\\Users\\wararyo\\Git\\M5StopWatch-wararyoLauncher\\.pio\\build\\m5stopwatch-render
-check\\esp-idf\\esp_adc\\CMakeFiles\\__idf_esp_adc.dir\\esp32s3' 
Please manually remove the file `C:\Users\wararyo\Git\M5StopWatch-wararyoLauncher\.pio\build\m5stopwatch-render-check\e
sp-idf\esp_adc\CMakeFiles\__idf_esp_adc.dir\esp32s3`
[WinError 2] 指定されたファイルが見つかりません。: 'C:\\Users\\wararyo\\Git\\M5StopWatch-wararyoLauncher\\.pio\\build\\m5stopwatch-render
-check\\esp-idf\\esp_adc\\CMakeFiles\\__idf_esp_adc.dir\\gdma' 
Please manually remove the file `C:\Users\wararyo\Git\M5StopWatch-wararyoLauncher\.pio\build\m5stopwatch-render-check\e
sp-idf\esp_adc\CMakeFiles\__idf_esp_adc.dir\gdma`
[WinError 3] 指定されたパスが見つかりません。: 'C:\\Users\\wararyo\\Git\\M5StopWatch-wararyoLauncher\\.pio\\build\\m5stopwatch-render-c
heck\\esp-idf\\esp_adc\\CMakeFiles\\__idf_esp_adc.dir\\gdma' 
Please manually remove the file `C:\Users\wararyo\Git\M5StopWatch-wararyoLauncher\.pio\build\m5stopwatch-render-check\e
sp-idf\esp_adc\CMakeFiles\__idf_esp_adc.dir\gdma`
[WinError 3] 指定されたパスが見つかりません。: 'C:\\Users\\wararyo\\Git\\M5StopWatch-wararyoLauncher\\.pio\\build\\m5stopwatch-render-c
heck\\esp-idf\\esp_adc\\CMakeFiles\\__idf_esp_adc.dir' 
Please manually remove the file `C:\Users\wararyo\Git\M5StopWatch-wararyoLauncher\.pio\build\m5stopwatch-render-check\e
sp-idf\esp_adc\CMakeFiles\__idf_esp_adc.dir`
[WinError 2] 指定されたファイルが見つかりません。: 'C:\\Users\\wararyo\\Git\\M5StopWatch-wararyoLauncher\\.pio\\build\\m5stopwatch-render
-check\\esp-idf\\esp_adc\\CMakeFiles' 
Please manually remove the file `C:\Users\wararyo\Git\M5StopWatch-wararyoLauncher\.pio\build\m5stopwatch-render-check\e
sp-idf\esp_adc\CMakeFiles`
[WinError 2] 指定されたファイルが見つかりません。: 'C:\\Users\\wararyo\\Git\\M5StopWatch-wararyoLauncher\\.pio\\build\\m5stopwatch-render
-check\\esp-idf\\esp_adc\\cmake_install.cmake' 
Please manually remove the file `C:\Users\wararyo\Git\M5StopWatch-wararyoLauncher\.pio\build\m5stopwatch-render-check\e
sp-idf\esp_adc\cmake_install.cmake`
[WinError 2] 指定されたファイルが見つかりません。: 'C:\\Users\\wararyo\\Git\\M5StopWatch-wararyoLauncher\\.pio\\build\\m5stopwatch-render
-check\\esp-idf\\esp_adc\\libesp_adc.a' 
Please manually remove the file `C:\Users\wararyo\Git\M5StopWatch-wararyoLauncher\.pio\build\m5stopwatch-render-check\e
sp-idf\esp_adc\libesp_adc.a`
[WinError 2] 指定されたファイルが見つかりません。: 'C:\\Users\\wararyo\\Git\\M5StopWatch-wararyoLauncher\\.pio\\build\\m5stopwatch-render
-check\\esp-idf\\esp_adc' 
Please manually remove the file `C:\Users\wararyo\Git\M5StopWatch-wararyoLauncher\.pio\build\m5stopwatch-render-check\e
sp-idf\esp_adc`
[WinError 2] 指定されたファイルが見つかりません。: 'C:\\Users\\wararyo\\Git\\M5StopWatch-wararyoLauncher\\.pio\\build\\m5stopwatch-render
-check\\esp-idf\\esp_app_format\\CMakeFiles' 
Please manually remove the file `C:\Users\wararyo\Git\M5StopWatch-wararyoLauncher\.pio\build\m5stopwatch-render-check\e
sp-idf\esp_app_format\CMakeFiles`
[WinError 2] 指定されたファイルが見つかりません。: 'C:\\Users\\wararyo\\Git\\M5StopWatch-wararyoLauncher\\.pio\\build\\m5stopwatch-render
-check\\esp-idf\\esp_app_format\\cmake_install.cmake' 
Please manually remove the file `C:\Users\wararyo\Git\M5StopWatch-wararyoLauncher\.pio\build\m5stopwatch-render-check\e
sp-idf\esp_app_format\cmake_install.cmake`
[WinError 2] 指定されたファイルが見つかりません。: 'C:\\Users\\wararyo\\Git\\M5StopWatch-wararyoLauncher\\.pio\\build\\m5stopwatch-render
-check\\esp-idf\\esp_app_format\\libesp_app_format.a' 
Please manually remove the file `C:\Users\wararyo\Git\M5StopWatch-wararyoLauncher\.pio\build\m5stopwatch-render-check\e
sp-idf\esp_app_format\libesp_app_format.a`
[WinError 2] 指定されたファイルが見つかりません。: 'C:\\Users\\wararyo\\Git\\M5StopWatch-wararyoLauncher\\.pio\\build\\m5stopwatch-render
-check\\esp-idf\\esp_app_format' 
Please manually remove the file `C:\Users\wararyo\Git\M5StopWatch-wararyoLauncher\.pio\build\m5stopwatch-render-check\e
sp-idf\esp_app_format`
[WinError 2] 指定されたファイルが見つかりません。: 'C:\\Users\\wararyo\\Git\\M5StopWatch-wararyoLauncher\\.pio\\build\\m5stopwatch-render
-check\\esp-idf\\esp_bootloader_format\\CMakeFiles' 
Please manually remove the file `C:\Users\wararyo\Git\M5StopWatch-wararyoLauncher\.pio\build\m5stopwatch-render-check\e
sp-idf\esp_bootloader_format\CMakeFiles`
[WinError 2] 指定されたファイルが見つかりません。: 'C:\\Users\\wararyo\\Git\\M5StopWatch-wararyoLauncher\\.pio\\build\\m5stopwatch-render
-check\\esp-idf\\esp_bootloader_format\\cmake_install.cmake' 
Please manually remove the file `C:\Users\wararyo\Git\M5StopWatch-wararyoLauncher\.pio\build\m5stopwatch-render-check\e
sp-idf\esp_bootloader_format\cmake_install.cmake`
[WinError 2] 指定されたファイルが見つかりません。: 'C:\\Users\\wararyo\\Git\\M5StopWatch-wararyoLauncher\\.pio\\build\\m5stopwatch-render
-check\\esp-idf\\esp_bootloader_format\\libesp_bootloader_format.a' 
Please manually remove the file `C:\Users\wararyo\Git\M5StopWatch-wararyoLauncher\.pio\build\m5stopwatch-render-check\e
sp-idf\esp_bootloader_format\libesp_bootloader_format.a`
[WinError 2] 指定されたファイルが見つかりません。: 'C:\\Users\\wararyo\\Git\\M5StopWatch-wararyoLauncher\\.pio\\build\\m5stopwatch-render
-check\\esp-idf\\esp_bootloader_format' 
Please manually remove the file `C:\Users\wararyo\Git\M5StopWatch-wararyoLauncher\.pio\build\m5stopwatch-render-check\e
sp-idf\esp_bootloader_format`
[WinError 2] 指定されたファイルが見つかりません。: 'C:\\Users\\wararyo\\Git\\M5StopWatch-wararyoLauncher\\.pio\\build\\m5stopwatch-render
-check\\esp-idf\\esp_coex\\CMakeFiles\\__idf_esp_coex.dir\\src' 
Please manually remove the file `C:\Users\wararyo\Git\M5StopWatch-wararyoLauncher\.pio\build\m5stopwatch-render-check\e
sp-idf\esp_coex\CMakeFiles\__idf_esp_coex.dir\src`
[WinError 3] 指定されたパスが見つかりません。: 'C:\\Users\\wararyo\\Git\\M5StopWatch-wararyoLauncher\\.pio\\build\\m5stopwatch-render-c
heck\\esp-idf\\esp_coex\\CMakeFiles\\__idf_esp_coex.dir' 
Please manually remove the file `C:\Users\wararyo\Git\M5StopWatch-wararyoLauncher\.pio\build\m5stopwatch-render-check\e
sp-idf\esp_coex\CMakeFiles\__idf_esp_coex.dir`
[WinError 2] 指定されたファイルが見つかりません。: 'C:\\Users\\wararyo\\Git\\M5StopWatch-wararyoLauncher\\.pio\\build\\m5stopwatch-render
-check\\esp-idf\\esp_coex\\CMakeFiles' 
Please manually remove the file `C:\Users\wararyo\Git\M5StopWatch-wararyoLauncher\.pio\build\m5stopwatch-render-check\e
sp-idf\esp_coex\CMakeFiles`
[WinError 2] 指定されたファイルが見つかりません。: 'C:\\Users\\wararyo\\Git\\M5StopWatch-wararyoLauncher\\.pio\\build\\m5stopwatch-render
-check\\esp-idf\\esp_coex\\cmake_install.cmake' 
Please manually remove the file `C:\Users\wararyo\Git\M5StopWatch-wararyoLauncher\.pio\build\m5stopwatch-render-check\e
sp-idf\esp_coex\cmake_install.cmake`
[WinError 3] 指定されたパスが見つかりません。: 'C:\\Users\\wararyo\\Git\\M5StopWatch-wararyoLauncher\\.pio\\build\\m5stopwatch-render-c
heck\\esp-idf\\esp_coex\\libesp_coex.a' 
Please manually remove the file `C:\Users\wararyo\Git\M5StopWatch-wararyoLauncher\.pio\build\m5stopwatch-render-check\e
sp-idf\esp_coex\libesp_coex.a`
[WinError 2] 指定されたファイルが見つかりません。: 'C:\\Users\\wararyo\\Git\\M5StopWatch-wararyoLauncher\\.pio\\build\\m5stopwatch-render
-check\\esp-idf\\esp_coex' 
Please manually remove the file `C:\Users\wararyo\Git\M5StopWatch-wararyoLauncher\.pio\build\m5stopwatch-render-check\e
sp-idf\esp_coex`
[WinError 2] 指定されたファイルが見つかりません。: 'C:\\Users\\wararyo\\Git\\M5StopWatch-wararyoLauncher\\.pio\\build\\m5stopwatch-render
-check\\esp-idf\\esp_common\\cmake_install.cmake' 
Please manually remove the file `C:\Users\wararyo\Git\M5StopWatch-wararyoLauncher\.pio\build\m5stopwatch-render-check\e
sp-idf\esp_common\cmake_install.cmake`
[WinError 3] 指定されたパスが見つかりません。: 'C:\\Users\\wararyo\\Git\\M5StopWatch-wararyoLauncher\\.pio\\build\\m5stopwatch-render-c
heck\\esp-idf\\esp_common\\libesp_common.a' 
Please manually remove the file `C:\Users\wararyo\Git\M5StopWatch-wararyoLauncher\.pio\build\m5stopwatch-render-check\e
sp-idf\esp_common\libesp_common.a`
[WinError 2] 指定されたファイルが見つかりません。: 'C:\\Users\\wararyo\\Git\\M5StopWatch-wararyoLauncher\\.pio\\build\\m5stopwatch-render
-check\\esp-idf\\esp_common' 
Please manually remove the file `C:\Users\wararyo\Git\M5StopWatch-wararyoLauncher\.pio\build\m5stopwatch-render-check\e
sp-idf\esp_common`
[WinError 2] 指定されたファイルが見つかりません。: 'C:\\Users\\wararyo\\Git\\M5StopWatch-wararyoLauncher\\.pio\\build\\m5stopwatch-render
-check\\esp-idf\\esp_driver_ana_cmpr\\cmake_install.cmake' 
Please manually remove the file `C:\Users\wararyo\Git\M5StopWatch-wararyoLauncher\.pio\build\m5stopwatch-render-check\e
sp-idf\esp_driver_ana_cmpr\cmake_install.cmake`
[WinError 2] 指定されたファイルが見つかりません。: 'C:\\Users\\wararyo\\Git\\M5StopWatch-wararyoLauncher\\.pio\\build\\m5stopwatch-render
-check\\esp-idf\\esp_driver_ana_cmpr' 
Please manually remove the file `C:\Users\wararyo\Git\M5StopWatch-wararyoLauncher\.pio\build\m5stopwatch-render-check\e
sp-idf\esp_driver_ana_cmpr`
[WinError 2] 指定されたファイルが見つかりません。: 'C:\\Users\\wararyo\\Git\\M5StopWatch-wararyoLauncher\\.pio\\build\\m5stopwatch-render
-check\\esp-idf\\esp_driver_bitscrambler\\CMakeFiles' 
Please manually remove the file `C:\Users\wararyo\Git\M5StopWatch-wararyoLauncher\.pio\build\m5stopwatch-render-check\e
sp-idf\esp_driver_bitscrambler\CMakeFiles`
[WinError 2] 指定されたファイルが見つかりません。: 'C:\\Users\\wararyo\\Git\\M5StopWatch-wararyoLauncher\\.pio\\build\\m5stopwatch-render
-check\\esp-idf\\esp_driver_bitscrambler\\CMakeFiles' 
Please manually remove the file `C:\Users\wararyo\Git\M5StopWatch-wararyoLauncher\.pio\build\m5stopwatch-render-check\e
sp-idf\esp_driver_bitscrambler\CMakeFiles`
[WinError 2] 指定されたファイルが見つかりません。: 'C:\\Users\\wararyo\\Git\\M5StopWatch-wararyoLauncher\\.pio\\build\\m5stopwatch-render
-check\\esp-idf\\esp_driver_bitscrambler\\cmake_install.cmake' 
Please manually remove the file `C:\Users\wararyo\Git\M5StopWatch-wararyoLauncher\.pio\build\m5stopwatch-render-check\e
sp-idf\esp_driver_bitscrambler\cmake_install.cmake`
[WinError 2] 指定されたファイルが見つかりません。: 'C:\\Users\\wararyo\\Git\\M5StopWatch-wararyoLauncher\\.pio\\build\\m5stopwatch-render
-check\\esp-idf\\esp_driver_bitscrambler' 
Please manually remove the file `C:\Users\wararyo\Git\M5StopWatch-wararyoLauncher\.pio\build\m5stopwatch-render-check\e
sp-idf\esp_driver_bitscrambler`
[WinError 2] 指定されたファイルが見つかりません。: 'C:\\Users\\wararyo\\Git\\M5StopWatch-wararyoLauncher\\.pio\\build\\m5stopwatch-render
-check\\esp-idf\\esp_driver_cam\\CMakeFiles\\__idf_esp_driver_cam.dir' 
Please manually remove the file `C:\Users\wararyo\Git\M5StopWatch-wararyoLauncher\.pio\build\m5stopwatch-render-check\e
sp-idf\esp_driver_cam\CMakeFiles\__idf_esp_driver_cam.dir`
[WinError 2] 指定されたファイルが見つかりません。: 'C:\\Users\\wararyo\\Git\\M5StopWatch-wararyoLauncher\\.pio\\build\\m5stopwatch-render
-check\\esp-idf\\esp_driver_cam\\CMakeFiles' 
Please manually remove the file `C:\Users\wararyo\Git\M5StopWatch-wararyoLauncher\.pio\build\m5stopwatch-render-check\e
sp-idf\esp_driver_cam\CMakeFiles`
[WinError 2] 指定されたファイルが見つかりません。: 'C:\\Users\\wararyo\\Git\\M5StopWatch-wararyoLauncher\\.pio\\build\\m5stopwatch-render
-check\\esp-idf\\esp_driver_cam\\cmake_install.cmake' 
Please manually remove the file `C:\Users\wararyo\Git\M5StopWatch-wararyoLauncher\.pio\build\m5stopwatch-render-check\e
sp-idf\esp_driver_cam\cmake_install.cmake`
[WinError 2] 指定されたファイルが見つかりません。: 'C:\\Users\\wararyo\\Git\\M5StopWatch-wararyoLauncher\\.pio\\build\\m5stopwatch-render
-check\\esp-idf\\esp_driver_cam\\libesp_driver_cam.a' 
Please manually remove the file `C:\Users\wararyo\Git\M5StopWatch-wararyoLauncher\.pio\build\m5stopwatch-render-check\e
sp-idf\esp_driver_cam\libesp_driver_cam.a`
[WinError 2] 指定されたファイルが見つかりません。: 'C:\\Users\\wararyo\\Git\\M5StopWatch-wararyoLauncher\\.pio\\build\\m5stopwatch-render
-check\\esp-idf\\esp_driver_cam' 
Please manually remove the file `C:\Users\wararyo\Git\M5StopWatch-wararyoLauncher\.pio\build\m5stopwatch-render-check\e
sp-idf\esp_driver_cam`
[WinError 2] 指定されたファイルが見つかりません。: 'C:\\Users\\wararyo\\Git\\M5StopWatch-wararyoLauncher\\.pio\\build\\m5stopwatch-render
-check\\esp-idf\\esp_driver_dac\\CMakeFiles' 
Please manually remove the file `C:\Users\wararyo\Git\M5StopWatch-wararyoLauncher\.pio\build\m5stopwatch-render-check\e
sp-idf\esp_driver_dac\CMakeFiles`
[WinError 2] 指定されたファイルが見つかりません。: 'C:\\Users\\wararyo\\Git\\M5StopWatch-wararyoLauncher\\.pio\\build\\m5stopwatch-render
-check\\esp-idf\\esp_driver_dac\\CMakeFiles' 
Please manually remove the file `C:\Users\wararyo\Git\M5StopWatch-wararyoLauncher\.pio\build\m5stopwatch-render-check\e
sp-idf\esp_driver_dac\CMakeFiles`
[WinError 2] 指定されたファイルが見つかりません。: 'C:\\Users\\wararyo\\Git\\M5StopWatch-wararyoLauncher\\.pio\\build\\m5stopwatch-render
-check\\esp-idf\\esp_driver_dac\\cmake_install.cmake' 
Please manually remove the file `C:\Users\wararyo\Git\M5StopWatch-wararyoLauncher\.pio\build\m5stopwatch-render-check\e
sp-idf\esp_driver_dac\cmake_install.cmake`
[WinError 2] 指定されたファイルが見つかりません。: 'C:\\Users\\wararyo\\Git\\M5StopWatch-wararyoLauncher\\.pio\\build\\m5stopwatch-render
-check\\esp-idf\\esp_driver_dac' 
Please manually remove the file `C:\Users\wararyo\Git\M5StopWatch-wararyoLauncher\.pio\build\m5stopwatch-render-check\e
sp-idf\esp_driver_dac`
[WinError 2] 指定されたファイルが見つかりません。: 'C:\\Users\\wararyo\\Git\\M5StopWatch-wararyoLauncher\\.pio\\build\\m5stopwatch-render
-check\\esp-idf\\esp_driver_gpio\\CMakeFiles\\__idf_esp_driver_gpio.dir\\src' 
Please manually remove the file `C:\Users\wararyo\Git\M5StopWatch-wararyoLauncher\.pio\build\m5stopwatch-render-check\e
sp-idf\esp_driver_gpio\CMakeFiles\__idf_esp_driver_gpio.dir\src`
[WinError 3] 指定されたパスが見つかりません。: 'C:\\Users\\wararyo\\Git\\M5StopWatch-wararyoLauncher\\.pio\\build\\m5stopwatch-render-c
heck\\esp-idf\\esp_driver_gpio\\CMakeFiles\\__idf_esp_driver_gpio.dir\\src' 
Please manually remove the file `C:\Users\wararyo\Git\M5StopWatch-wararyoLauncher\.pio\build\m5stopwatch-render-check\e
sp-idf\esp_driver_gpio\CMakeFiles\__idf_esp_driver_gpio.dir\src`
[WinError 3] 指定されたパスが見つかりません。: 'C:\\Users\\wararyo\\Git\\M5StopWatch-wararyoLauncher\\.pio\\build\\m5stopwatch-render-c
heck\\esp-idf\\esp_driver_gpio\\CMakeFiles\\__idf_esp_driver_gpio.dir' 
Please manually remove the file `C:\Users\wararyo\Git\M5StopWatch-wararyoLauncher\.pio\build\m5stopwatch-render-check\e
sp-idf\esp_driver_gpio\CMakeFiles\__idf_esp_driver_gpio.dir`
[WinError 2] 指定されたファイルが見つかりません。: 'C:\\Users\\wararyo\\Git\\M5StopWatch-wararyoLauncher\\.pio\\build\\m5stopwatch-render
-check\\esp-idf\\esp_driver_gpio\\CMakeFiles' 
Please manually remove the file `C:\Users\wararyo\Git\M5StopWatch-wararyoLauncher\.pio\build\m5stopwatch-render-check\e
sp-idf\esp_driver_gpio\CMakeFiles`
[WinError 2] 指定されたファイルが見つかりません。: 'C:\\Users\\wararyo\\Git\\M5StopWatch-wararyoLauncher\\.pio\\build\\m5stopwatch-render
-check\\esp-idf\\esp_driver_gpio\\cmake_install.cmake' 
Please manually remove the file `C:\Users\wararyo\Git\M5StopWatch-wararyoLauncher\.pio\build\m5stopwatch-render-check\e
sp-idf\esp_driver_gpio\cmake_install.cmake`
[WinError 3] 指定されたパスが見つかりません。: 'C:\\Users\\wararyo\\Git\\M5StopWatch-wararyoLauncher\\.pio\\build\\m5stopwatch-render-c
heck\\esp-idf\\esp_driver_gpio\\libesp_driver_gpio.a' 
Please manually remove the file `C:\Users\wararyo\Git\M5StopWatch-wararyoLauncher\.pio\build\m5stopwatch-render-check\e
sp-idf\esp_driver_gpio\libesp_driver_gpio.a`
[WinError 2] 指定されたファイルが見つかりません。: 'C:\\Users\\wararyo\\Git\\M5StopWatch-wararyoLauncher\\.pio\\build\\m5stopwatch-render
-check\\esp-idf\\esp_driver_gpio' 
Please manually remove the file `C:\Users\wararyo\Git\M5StopWatch-wararyoLauncher\.pio\build\m5stopwatch-render-check\e
sp-idf\esp_driver_gpio`
[WinError 2] 指定されたファイルが見つかりません。: 'C:\\Users\\wararyo\\Git\\M5StopWatch-wararyoLauncher\\.pio\\build\\m5stopwatch-render
-check\\esp-idf\\esp_driver_gptimer\\CMakeFiles\\__idf_esp_driver_gptimer.dir' 
Please manually remove the file `C:\Users\wararyo\Git\M5StopWatch-wararyoLauncher\.pio\build\m5stopwatch-render-check\e
sp-idf\esp_driver_gptimer\CMakeFiles\__idf_esp_driver_gptimer.dir`
[WinError 2] 指定されたファイルが見つかりません。: 'C:\\Users\\wararyo\\Git\\M5StopWatch-wararyoLauncher\\.pio\\build\\m5stopwatch-render
-check\\esp-idf\\esp_driver_gptimer\\CMakeFiles' 
Please manually remove the file `C:\Users\wararyo\Git\M5StopWatch-wararyoLauncher\.pio\build\m5stopwatch-render-check\e
sp-idf\esp_driver_gptimer\CMakeFiles`
[WinError 2] 指定されたファイルが見つかりません。: 'C:\\Users\\wararyo\\Git\\M5StopWatch-wararyoLauncher\\.pio\\build\\m5stopwatch-render
-check\\esp-idf\\esp_driver_gptimer\\cmake_install.cmake' 
Please manually remove the file `C:\Users\wararyo\Git\M5StopWatch-wararyoLauncher\.pio\build\m5stopwatch-render-check\e
sp-idf\esp_driver_gptimer\cmake_install.cmake`
[WinError 3] 指定されたパスが見つかりません。: 'C:\\Users\\wararyo\\Git\\M5StopWatch-wararyoLauncher\\.pio\\build\\m5stopwatch-render-c
heck\\esp-idf\\esp_driver_gptimer\\libesp_driver_gptimer.a' 
Please manually remove the file `C:\Users\wararyo\Git\M5StopWatch-wararyoLauncher\.pio\build\m5stopwatch-render-check\e
sp-idf\esp_driver_gptimer\libesp_driver_gptimer.a`
[WinError 2] 指定されたファイルが見つかりません。: 'C:\\Users\\wararyo\\Git\\M5StopWatch-wararyoLauncher\\.pio\\build\\m5stopwatch-render
-check\\esp-idf\\esp_driver_gptimer' 
Please manually remove the file `C:\Users\wararyo\Git\M5StopWatch-wararyoLauncher\.pio\build\m5stopwatch-render-check\e
sp-idf\esp_driver_gptimer`
[WinError 2] 指定されたファイルが見つかりません。: 'C:\\Users\\wararyo\\Git\\M5StopWatch-wararyoLauncher\\.pio\\build\\m5stopwatch-render
-check\\esp-idf\\esp_driver_i2c\\cmake_install.cmake' 
Please manually remove the file `C:\Users\wararyo\Git\M5StopWatch-wararyoLauncher\.pio\build\m5stopwatch-render-check\e
sp-idf\esp_driver_i2c\cmake_install.cmake`
[WinError 3] 指定されたパスが見つかりません。: 'C:\\Users\\wararyo\\Git\\M5StopWatch-wararyoLauncher\\.pio\\build\\m5stopwatch-render-c
heck\\esp-idf\\esp_driver_i2c\\libesp_driver_i2c.a' 
Please manually remove the file `C:\Users\wararyo\Git\M5StopWatch-wararyoLauncher\.pio\build\m5stopwatch-render-check\e
sp-idf\esp_driver_i2c\libesp_driver_i2c.a`
[WinError 2] 指定されたファイルが見つかりません。: 'C:\\Users\\wararyo\\Git\\M5StopWatch-wararyoLauncher\\.pio\\build\\m5stopwatch-render
-check\\esp-idf\\esp_driver_i2c' 
Please manually remove the file `C:\Users\wararyo\Git\M5StopWatch-wararyoLauncher\.pio\build\m5stopwatch-render-check\e
sp-idf\esp_driver_i2c`
[WinError 2] 指定されたファイルが見つかりません。: 'C:\\Users\\wararyo\\Git\\M5StopWatch-wararyoLauncher\\.pio\\build\\m5stopwatch-render
-check\\esp-idf\\esp_driver_i2s\\CMakeFiles' 
Please manually remove the file `C:\Users\wararyo\Git\M5StopWatch-wararyoLauncher\.pio\build\m5stopwatch-render-check\e
sp-idf\esp_driver_i2s\CMakeFiles`
[WinError 2] 指定されたファイルが見つかりません。: 'C:\\Users\\wararyo\\Git\\M5StopWatch-wararyoLauncher\\.pio\\build\\m5stopwatch-render
-check\\esp-idf\\esp_driver_i2s\\CMakeFiles' 
Please manually remove the file `C:\Users\wararyo\Git\M5StopWatch-wararyoLauncher\.pio\build\m5stopwatch-render-check\e
sp-idf\esp_driver_i2s\CMakeFiles`
[WinError 2] 指定されたファイルが見つかりません。: 'C:\\Users\\wararyo\\Git\\M5StopWatch-wararyoLauncher\\.pio\\build\\m5stopwatch-render
-check\\esp-idf\\esp_driver_i2s\\cmake_install.cmake' 
Please manually remove the file `C:\Users\wararyo\Git\M5StopWatch-wararyoLauncher\.pio\build\m5stopwatch-render-check\e
sp-idf\esp_driver_i2s\cmake_install.cmake`
[WinError 3] 指定されたパスが見つかりません。: 'C:\\Users\\wararyo\\Git\\M5StopWatch-wararyoLauncher\\.pio\\build\\m5stopwatch-render-c
heck\\esp-idf\\esp_driver_i2s\\libesp_driver_i2s.a' 
Please manually remove the file `C:\Users\wararyo\Git\M5StopWatch-wararyoLauncher\.pio\build\m5stopwatch-render-check\e
sp-idf\esp_driver_i2s\libesp_driver_i2s.a`
[WinError 2] 指定されたファイルが見つかりません。: 'C:\\Users\\wararyo\\Git\\M5StopWatch-wararyoLauncher\\.pio\\build\\m5stopwatch-render
-check\\esp-idf\\esp_driver_i2s' 
Please manually remove the file `C:\Users\wararyo\Git\M5StopWatch-wararyoLauncher\.pio\build\m5stopwatch-render-check\e
sp-idf\esp_driver_i2s`
[WinError 2] 指定されたファイルが見つかりません。: 'C:\\Users\\wararyo\\Git\\M5StopWatch-wararyoLauncher\\.pio\\build\\m5stopwatch-render
-check\\esp-idf\\esp_driver_isp\\cmake_install.cmake' 
Please manually remove the file `C:\Users\wararyo\Git\M5StopWatch-wararyoLauncher\.pio\build\m5stopwatch-render-check\e
sp-idf\esp_driver_isp\cmake_install.cmake`
[WinError 2] 指定されたファイルが見つかりません。: 'C:\\Users\\wararyo\\Git\\M5StopWatch-wararyoLauncher\\.pio\\build\\m5stopwatch-render
-check\\esp-idf\\esp_driver_isp' 
Please manually remove the file `C:\Users\wararyo\Git\M5StopWatch-wararyoLauncher\.pio\build\m5stopwatch-render-check\e
sp-idf\esp_driver_isp`
[WinError 2] 指定されたファイルが見つかりません。: 'C:\\Users\\wararyo\\Git\\M5StopWatch-wararyoLauncher\\.pio\\build\\m5stopwatch-render
-check\\esp-idf\\esp_driver_jpeg\\CMakeFiles' 
Please manually remove the file `C:\Users\wararyo\Git\M5StopWatch-wararyoLauncher\.pio\build\m5stopwatch-render-check\e
sp-idf\esp_driver_jpeg\CMakeFiles`
[WinError 2] 指定されたファイルが見つかりません。: 'C:\\Users\\wararyo\\Git\\M5StopWatch-wararyoLauncher\\.pio\\build\\m5stopwatch-render
-check\\esp-idf\\esp_driver_jpeg\\cmake_install.cmake' 
Please manually remove the file `C:\Users\wararyo\Git\M5StopWatch-wararyoLauncher\.pio\build\m5stopwatch-render-check\e
sp-idf\esp_driver_jpeg\cmake_install.cmake`
[WinError 2] 指定されたファイルが見つかりません。: 'C:\\Users\\wararyo\\Git\\M5StopWatch-wararyoLauncher\\.pio\\build\\m5stopwatch-render
-check\\esp-idf\\esp_driver_jpeg' 
Please manually remove the file `C:\Users\wararyo\Git\M5StopWatch-wararyoLauncher\.pio\build\m5stopwatch-render-check\e
sp-idf\esp_driver_jpeg`
[WinError 2] 指定されたファイルが見つかりません。: 'C:\\Users\\wararyo\\Git\\M5StopWatch-wararyoLauncher\\.pio\\build\\m5stopwatch-render
-check\\esp-idf\\esp_driver_ledc\\CMakeFiles\\__idf_esp_driver_ledc.dir' 
Please manually remove the file `C:\Users\wararyo\Git\M5StopWatch-wararyoLauncher\.pio\build\m5stopwatch-render-check\e
sp-idf\esp_driver_ledc\CMakeFiles\__idf_esp_driver_ledc.dir`
[WinError 2] 指定されたファイルが見つかりません。: 'C:\\Users\\wararyo\\Git\\M5StopWatch-wararyoLauncher\\.pio\\build\\m5stopwatch-render
-check\\esp-idf\\esp_driver_ledc\\CMakeFiles' 
Please manually remove the file `C:\Users\wararyo\Git\M5StopWatch-wararyoLauncher\.pio\build\m5stopwatch-render-check\e
sp-idf\esp_driver_ledc\CMakeFiles`
[WinError 2] 指定されたファイルが見つかりません。: 'C:\\Users\\wararyo\\Git\\M5StopWatch-wararyoLauncher\\.pio\\build\\m5stopwatch-render
-check\\esp-idf\\esp_driver_ledc\\libesp_driver_ledc.a' 
Please manually remove the file `C:\Users\wararyo\Git\M5StopWatch-wararyoLauncher\.pio\build\m5stopwatch-render-check\e
sp-idf\esp_driver_ledc\libesp_driver_ledc.a`
[WinError 2] 指定されたファイルが見つかりません。: 'C:\\Users\\wararyo\\Git\\M5StopWatch-wararyoLauncher\\.pio\\build\\m5stopwatch-render
-check\\esp-idf\\esp_driver_ledc' 
Please manually remove the file `C:\Users\wararyo\Git\M5StopWatch-wararyoLauncher\.pio\build\m5stopwatch-render-check\e
sp-idf\esp_driver_ledc`
[WinError 3] 指定されたパスが見つかりません。: 'C:\\Users\\wararyo\\Git\\M5StopWatch-wararyoLauncher\\.pio\\build\\m5stopwatch-render-c
heck\\esp-idf\\esp_driver_mcpwm\\CMakeFiles\\__idf_esp_driver_mcpwm.dir\\src' 
Please manually remove the file `C:\Users\wararyo\Git\M5StopWatch-wararyoLauncher\.pio\build\m5stopwatch-render-check\e
sp-idf\esp_driver_mcpwm\CMakeFiles\__idf_esp_driver_mcpwm.dir\src`
[WinError 3] 指定されたパスが見つかりません。: 'C:\\Users\\wararyo\\Git\\M5StopWatch-wararyoLauncher\\.pio\\build\\m5stopwatch-render-c
heck\\esp-idf\\esp_driver_mcpwm\\CMakeFiles\\__idf_esp_driver_mcpwm.dir' 
Please manually remove the file `C:\Users\wararyo\Git\M5StopWatch-wararyoLauncher\.pio\build\m5stopwatch-render-check\e
sp-idf\esp_driver_mcpwm\CMakeFiles\__idf_esp_driver_mcpwm.dir`
[WinError 2] 指定されたファイルが見つかりません。: 'C:\\Users\\wararyo\\Git\\M5StopWatch-wararyoLauncher\\.pio\\build\\m5stopwatch-render
-check\\esp-idf\\esp_driver_mcpwm\\CMakeFiles' 
Please manually remove the file `C:\Users\wararyo\Git\M5StopWatch-wararyoLauncher\.pio\build\m5stopwatch-render-check\e
sp-idf\esp_driver_mcpwm\CMakeFiles`
[WinError 2] 指定されたファイルが見つかりません。: 'C:\\Users\\wararyo\\Git\\M5StopWatch-wararyoLauncher\\.pio\\build\\m5stopwatch-render
-check\\esp-idf\\esp_driver_mcpwm\\cmake_install.cmake' 
Please manually remove the file `C:\Users\wararyo\Git\M5StopWatch-wararyoLauncher\.pio\build\m5stopwatch-render-check\e
sp-idf\esp_driver_mcpwm\cmake_install.cmake`
[WinError 3] 指定されたパスが見つかりません。: 'C:\\Users\\wararyo\\Git\\M5StopWatch-wararyoLauncher\\.pio\\build\\m5stopwatch-render-c
heck\\esp-idf\\esp_driver_mcpwm\\libesp_driver_mcpwm.a' 
Please manually remove the file `C:\Users\wararyo\Git\M5StopWatch-wararyoLauncher\.pio\build\m5stopwatch-render-check\e
sp-idf\esp_driver_mcpwm\libesp_driver_mcpwm.a`
[WinError 2] 指定されたファイルが見つかりません。: 'C:\\Users\\wararyo\\Git\\M5StopWatch-wararyoLauncher\\.pio\\build\\m5stopwatch-render
-check\\esp-idf\\esp_driver_mcpwm' 
Please manually remove the file `C:\Users\wararyo\Git\M5StopWatch-wararyoLauncher\.pio\build\m5stopwatch-render-check\e
sp-idf\esp_driver_mcpwm`
[WinError 2] 指定されたファイルが見つかりません。: 'C:\\Users\\wararyo\\Git\\M5StopWatch-wararyoLauncher\\.pio\\build\\m5stopwatch-render
-check\\esp-idf\\esp_driver_parlio\\cmake_install.cmake' 
Please manually remove the file `C:\Users\wararyo\Git\M5StopWatch-wararyoLauncher\.pio\build\m5stopwatch-render-check\e
sp-idf\esp_driver_parlio\cmake_install.cmake`
[WinError 2] 指定されたファイルが見つかりません。: 'C:\\Users\\wararyo\\Git\\M5StopWatch-wararyoLauncher\\.pio\\build\\m5stopwatch-render
-check\\esp-idf\\esp_driver_parlio' 
Please manually remove the file `C:\Users\wararyo\Git\M5StopWatch-wararyoLauncher\.pio\build\m5stopwatch-render-check\e
sp-idf\esp_driver_parlio`
[WinError 2] 指定されたファイルが見つかりません。: 'C:\\Users\\wararyo\\Git\\M5StopWatch-wararyoLauncher\\.pio\\build\\m5stopwatch-render
-check\\esp-idf\\esp_driver_pcnt\\CMakeFiles\\__idf_esp_driver_pcnt.dir\\src' 
Please manually remove the file `C:\Users\wararyo\Git\M5StopWatch-wararyoLauncher\.pio\build\m5stopwatch-render-check\e
sp-idf\esp_driver_pcnt\CMakeFiles\__idf_esp_driver_pcnt.dir\src`
[WinError 3] 指定されたパスが見つかりません。: 'C:\\Users\\wararyo\\Git\\M5StopWatch-wararyoLauncher\\.pio\\build\\m5stopwatch-render-c
heck\\esp-idf\\esp_driver_pcnt\\CMakeFiles\\__idf_esp_driver_pcnt.dir' 
Please manually remove the file `C:\Users\wararyo\Git\M5StopWatch-wararyoLauncher\.pio\build\m5stopwatch-render-check\e
sp-idf\esp_driver_pcnt\CMakeFiles\__idf_esp_driver_pcnt.dir`
[WinError 2] 指定されたファイルが見つかりません。: 'C:\\Users\\wararyo\\Git\\M5StopWatch-wararyoLauncher\\.pio\\build\\m5stopwatch-render
-check\\esp-idf\\esp_driver_pcnt\\CMakeFiles' 
Please manually remove the file `C:\Users\wararyo\Git\M5StopWatch-wararyoLauncher\.pio\build\m5stopwatch-render-check\e
sp-idf\esp_driver_pcnt\CMakeFiles`
[WinError 2] 指定されたファイルが見つかりません。: 'C:\\Users\\wararyo\\Git\\M5StopWatch-wararyoLauncher\\.pio\\build\\m5stopwatch-render
-check\\esp-idf\\esp_driver_pcnt\\cmake_install.cmake' 
Please manually remove the file `C:\Users\wararyo\Git\M5StopWatch-wararyoLauncher\.pio\build\m5stopwatch-render-check\e
sp-idf\esp_driver_pcnt\cmake_install.cmake`
[WinError 3] 指定されたパスが見つかりません。: 'C:\\Users\\wararyo\\Git\\M5StopWatch-wararyoLauncher\\.pio\\build\\m5stopwatch-render-c
heck\\esp-idf\\esp_driver_pcnt\\libesp_driver_pcnt.a' 
Please manually remove the file `C:\Users\wararyo\Git\M5StopWatch-wararyoLauncher\.pio\build\m5stopwatch-render-check\e
sp-idf\esp_driver_pcnt\libesp_driver_pcnt.a`
[WinError 2] 指定されたファイルが見つかりません。: 'C:\\Users\\wararyo\\Git\\M5StopWatch-wararyoLauncher\\.pio\\build\\m5stopwatch-render
-check\\esp-idf\\esp_driver_pcnt' 
Please manually remove the file `C:\Users\wararyo\Git\M5StopWatch-wararyoLauncher\.pio\build\m5stopwatch-render-check\e
sp-idf\esp_driver_pcnt`
[WinError 3] 指定されたパスが見つかりません。: 'C:\\Users\\wararyo\\Git\\M5StopWatch-wararyoLauncher\\.pio\\build\\m5stopwatch-render-c
heck\\esp-idf\\esp_driver_ppa\\cmake_install.cmake' 
Please manually remove the file `C:\Users\wararyo\Git\M5StopWatch-wararyoLauncher\.pio\build\m5stopwatch-render-check\e
sp-idf\esp_driver_ppa\cmake_install.cmake`
[WinError 2] 指定されたファイルが見つかりません。: 'C:\\Users\\wararyo\\Git\\M5StopWatch-wararyoLauncher\\.pio\\build\\m5stopwatch-render
-check\\esp-idf\\esp_driver_ppa' 
Please manually remove the file `C:\Users\wararyo\Git\M5StopWatch-wararyoLauncher\.pio\build\m5stopwatch-render-check\e
sp-idf\esp_driver_ppa`
[WinError 2] 指定されたファイルが見つかりません。: 'C:\\Users\\wararyo\\Git\\M5StopWatch-wararyoLauncher\\.pio\\build\\m5stopwatch-render
-check\\esp-idf\\esp_driver_rmt\\CMakeFiles\\__idf_esp_driver_rmt.dir' 
Please manually remove the file `C:\Users\wararyo\Git\M5StopWatch-wararyoLauncher\.pio\build\m5stopwatch-render-check\e
sp-idf\esp_driver_rmt\CMakeFiles\__idf_esp_driver_rmt.dir`
[WinError 2] 指定されたファイルが見つかりません。: 'C:\\Users\\wararyo\\Git\\M5StopWatch-wararyoLauncher\\.pio\\build\\m5stopwatch-render
-check\\esp-idf\\esp_driver_rmt\\CMakeFiles' 
Please manually remove the file `C:\Users\wararyo\Git\M5StopWatch-wararyoLauncher\.pio\build\m5stopwatch-render-check\e
sp-idf\esp_driver_rmt\CMakeFiles`
[WinError 2] 指定されたファイルが見つかりません。: 'C:\\Users\\wararyo\\Git\\M5StopWatch-wararyoLauncher\\.pio\\build\\m5stopwatch-render
-check\\esp-idf\\esp_driver_rmt\\cmake_install.cmake' 
Please manually remove the file `C:\Users\wararyo\Git\M5StopWatch-wararyoLauncher\.pio\build\m5stopwatch-render-check\e
sp-idf\esp_driver_rmt\cmake_install.cmake`
[WinError 3] 指定されたパスが見つかりません。: 'C:\\Users\\wararyo\\Git\\M5StopWatch-wararyoLauncher\\.pio\\build\\m5stopwatch-render-c
heck\\esp-idf\\esp_driver_rmt\\libesp_driver_rmt.a' 
Please manually remove the file `C:\Users\wararyo\Git\M5StopWatch-wararyoLauncher\.pio\build\m5stopwatch-render-check\e
sp-idf\esp_driver_rmt\libesp_driver_rmt.a`
[WinError 2] 指定されたファイルが見つかりません。: 'C:\\Users\\wararyo\\Git\\M5StopWatch-wararyoLauncher\\.pio\\build\\m5stopwatch-render
-check\\esp-idf\\esp_driver_rmt' 
Please manually remove the file `C:\Users\wararyo\Git\M5StopWatch-wararyoLauncher\.pio\build\m5stopwatch-render-check\e
sp-idf\esp_driver_rmt`
[WinError 2] 指定されたファイルが見つかりません。: 'C:\\Users\\wararyo\\Git\\M5StopWatch-wararyoLauncher\\.pio\\build\\m5stopwatch-render
-check\\esp-idf\\esp_driver_sdio\\cmake_install.cmake' 
Please manually remove the file `C:\Users\wararyo\Git\M5StopWatch-wararyoLauncher\.pio\build\m5stopwatch-render-check\e
sp-idf\esp_driver_sdio\cmake_install.cmake`
[WinError 2] 指定されたファイルが見つかりません。: 'C:\\Users\\wararyo\\Git\\M5StopWatch-wararyoLauncher\\.pio\\build\\m5stopwatch-render
-check\\esp-idf\\esp_driver_sdio' 
Please manually remove the file `C:\Users\wararyo\Git\M5StopWatch-wararyoLauncher\.pio\build\m5stopwatch-render-check\e
sp-idf\esp_driver_sdio`
[WinError 3] 指定されたパスが見つかりません。: 'C:\\Users\\wararyo\\Git\\M5StopWatch-wararyoLauncher\\.pio\\build\\m5stopwatch-render-c
heck\\esp-idf\\esp_driver_sdm\\CMakeFiles\\__idf_esp_driver_sdm.dir\\src' 
Please manually remove the file `C:\Users\wararyo\Git\M5StopWatch-wararyoLauncher\.pio\build\m5stopwatch-render-check\e
sp-idf\esp_driver_sdm\CMakeFiles\__idf_esp_driver_sdm.dir\src`
[WinError 3] 指定されたパスが見つかりません。: 'C:\\Users\\wararyo\\Git\\M5StopWatch-wararyoLauncher\\.pio\\build\\m5stopwatch-render-c
heck\\esp-idf\\esp_driver_sdm\\CMakeFiles\\__idf_esp_driver_sdm.dir' 
Please manually remove the file `C:\Users\wararyo\Git\M5StopWatch-wararyoLauncher\.pio\build\m5stopwatch-render-check\e
sp-idf\esp_driver_sdm\CMakeFiles\__idf_esp_driver_sdm.dir`
[WinError 2] 指定されたファイルが見つかりません。: 'C:\\Users\\wararyo\\Git\\M5StopWatch-wararyoLauncher\\.pio\\build\\m5stopwatch-render
-check\\esp-idf\\esp_driver_sdm\\CMakeFiles' 
Please manually remove the file `C:\Users\wararyo\Git\M5StopWatch-wararyoLauncher\.pio\build\m5stopwatch-render-check\e
sp-idf\esp_driver_sdm\CMakeFiles`
[WinError 2] 指定されたファイルが見つかりません。: 'C:\\Users\\wararyo\\Git\\M5StopWatch-wararyoLauncher\\.pio\\build\\m5stopwatch-render
-check\\esp-idf\\esp_driver_sdm\\cmake_install.cmake' 
Please manually remove the file `C:\Users\wararyo\Git\M5StopWatch-wararyoLauncher\.pio\build\m5stopwatch-render-check\e
sp-idf\esp_driver_sdm\cmake_install.cmake`
[WinError 3] 指定されたパスが見つかりません。: 'C:\\Users\\wararyo\\Git\\M5StopWatch-wararyoLauncher\\.pio\\build\\m5stopwatch-render-c
heck\\esp-idf\\esp_driver_sdm\\libesp_driver_sdm.a' 
Please manually remove the file `C:\Users\wararyo\Git\M5StopWatch-wararyoLauncher\.pio\build\m5stopwatch-render-check\e
sp-idf\esp_driver_sdm\libesp_driver_sdm.a`
[WinError 2] 指定されたファイルが見つかりません。: 'C:\\Users\\wararyo\\Git\\M5StopWatch-wararyoLauncher\\.pio\\build\\m5stopwatch-render
-check\\esp-idf\\esp_driver_sdm' 
Please manually remove the file `C:\Users\wararyo\Git\M5StopWatch-wararyoLauncher\.pio\build\m5stopwatch-render-check\e
sp-idf\esp_driver_sdm`
[WinError 2] 指定されたファイルが見つかりません。: 'C:\\Users\\wararyo\\Git\\M5StopWatch-wararyoLauncher\\.pio\\build\\m5stopwatch-render
-check\\esp-idf\\esp_driver_sdmmc\\CMakeFiles\\__idf_esp_driver_sdmmc.dir' 
Please manually remove the file `C:\Users\wararyo\Git\M5StopWatch-wararyoLauncher\.pio\build\m5stopwatch-render-check\e
sp-idf\esp_driver_sdmmc\CMakeFiles\__idf_esp_driver_sdmmc.dir`
[WinError 2] 指定されたファイルが見つかりません。: 'C:\\Users\\wararyo\\Git\\M5StopWatch-wararyoLauncher\\.pio\\build\\m5stopwatch-render
-check\\esp-idf\\esp_driver_sdmmc\\CMakeFiles' 
Please manually remove the file `C:\Users\wararyo\Git\M5StopWatch-wararyoLauncher\.pio\build\m5stopwatch-render-check\e
sp-idf\esp_driver_sdmmc\CMakeFiles`
[WinError 2] 指定されたファイルが見つかりません。: 'C:\\Users\\wararyo\\Git\\M5StopWatch-wararyoLauncher\\.pio\\build\\m5stopwatch-render
-check\\esp-idf\\esp_driver_sdmmc\\cmake_install.cmake' 
Please manually remove the file `C:\Users\wararyo\Git\M5StopWatch-wararyoLauncher\.pio\build\m5stopwatch-render-check\e
sp-idf\esp_driver_sdmmc\cmake_install.cmake`
[WinError 3] 指定されたパスが見つかりません。: 'C:\\Users\\wararyo\\Git\\M5StopWatch-wararyoLauncher\\.pio\\build\\m5stopwatch-render-c
heck\\esp-idf\\esp_driver_sdmmc\\libesp_driver_sdmmc.a' 
Please manually remove the file `C:\Users\wararyo\Git\M5StopWatch-wararyoLauncher\.pio\build\m5stopwatch-render-check\e
sp-idf\esp_driver_sdmmc\libesp_driver_sdmmc.a`
[WinError 2] 指定されたファイルが見つかりません。: 'C:\\Users\\wararyo\\Git\\M5StopWatch-wararyoLauncher\\.pio\\build\\m5stopwatch-render
-check\\esp-idf\\esp_driver_sdmmc' 
Please manually remove the file `C:\Users\wararyo\Git\M5StopWatch-wararyoLauncher\.pio\build\m5stopwatch-render-check\e
sp-idf\esp_driver_sdmmc`
[WinError 3] 指定されたパスが見つかりません。: 'C:\\Users\\wararyo\\Git\\M5StopWatch-wararyoLauncher\\.pio\\build\\m5stopwatch-render-c
heck\\esp-idf\\esp_driver_sdspi\\CMakeFiles\\__idf_esp_driver_sdspi.dir\\src' 
Please manually remove the file `C:\Users\wararyo\Git\M5StopWatch-wararyoLauncher\.pio\build\m5stopwatch-render-check\e
sp-idf\esp_driver_sdspi\CMakeFiles\__idf_esp_driver_sdspi.dir\src`
[WinError 3] 指定されたパスが見つかりません。: 'C:\\Users\\wararyo\\Git\\M5StopWatch-wararyoLauncher\\.pio\\build\\m5stopwatch-render-c
heck\\esp-idf\\esp_driver_sdspi\\CMakeFiles\\__idf_esp_driver_sdspi.dir' 
Please manually remove the file `C:\Users\wararyo\Git\M5StopWatch-wararyoLauncher\.pio\build\m5stopwatch-render-check\e
sp-idf\esp_driver_sdspi\CMakeFiles\__idf_esp_driver_sdspi.dir`
[WinError 2] 指定されたファイルが見つかりません。: 'C:\\Users\\wararyo\\Git\\M5StopWatch-wararyoLauncher\\.pio\\build\\m5stopwatch-render
-check\\esp-idf\\esp_driver_sdspi\\CMakeFiles' 
Please manually remove the file `C:\Users\wararyo\Git\M5StopWatch-wararyoLauncher\.pio\build\m5stopwatch-render-check\e
sp-idf\esp_driver_sdspi\CMakeFiles`
[WinError 2] 指定されたファイルが見つかりません。: 'C:\\Users\\wararyo\\Git\\M5StopWatch-wararyoLauncher\\.pio\\build\\m5stopwatch-render
-check\\esp-idf\\esp_driver_sdspi\\cmake_install.cmake' 
Please manually remove the file `C:\Users\wararyo\Git\M5StopWatch-wararyoLauncher\.pio\build\m5stopwatch-render-check\e
sp-idf\esp_driver_sdspi\cmake_install.cmake`
[WinError 2] 指定されたファイルが見つかりません。: 'C:\\Users\\wararyo\\Git\\M5StopWatch-wararyoLauncher\\.pio\\build\\m5stopwatch-render
-check\\esp-idf\\esp_driver_sdspi\\libesp_driver_sdspi.a' 
Please manually remove the file `C:\Users\wararyo\Git\M5StopWatch-wararyoLauncher\.pio\build\m5stopwatch-render-check\e
sp-idf\esp_driver_sdspi\libesp_driver_sdspi.a`
[WinError 2] 指定されたファイルが見つかりません。: 'C:\\Users\\wararyo\\Git\\M5StopWatch-wararyoLauncher\\.pio\\build\\m5stopwatch-render
-check\\esp-idf\\esp_driver_sdspi' 
Please manually remove the file `C:\Users\wararyo\Git\M5StopWatch-wararyoLauncher\.pio\build\m5stopwatch-render-check\e
sp-idf\esp_driver_sdspi`
[WinError 3] 指定されたパスが見つかりません。: 'C:\\Users\\wararyo\\Git\\M5StopWatch-wararyoLauncher\\.pio\\build\\m5stopwatch-render-c
heck\\esp-idf\\esp_driver_spi\\CMakeFiles\\__idf_esp_driver_spi.dir\\src\\gpspi' 
Please manually remove the file `C:\Users\wararyo\Git\M5StopWatch-wararyoLauncher\.pio\build\m5stopwatch-render-check\e
sp-idf\esp_driver_spi\CMakeFiles\__idf_esp_driver_spi.dir\src\gpspi`
[WinError 3] 指定されたパスが見つかりません。: 'C:\\Users\\wararyo\\Git\\M5StopWatch-wararyoLauncher\\.pio\\build\\m5stopwatch-render-c
heck\\esp-idf\\esp_driver_spi\\CMakeFiles\\__idf_esp_driver_spi.dir\\src' 
Please manually remove the file `C:\Users\wararyo\Git\M5StopWatch-wararyoLauncher\.pio\build\m5stopwatch-render-check\e
sp-idf\esp_driver_spi\CMakeFiles\__idf_esp_driver_spi.dir\src`
[WinError 3] 指定されたパスが見つかりません。: 'C:\\Users\\wararyo\\Git\\M5StopWatch-wararyoLauncher\\.pio\\build\\m5stopwatch-render-c
heck\\esp-idf\\esp_driver_spi\\CMakeFiles\\__idf_esp_driver_spi.dir' 
Please manually remove the file `C:\Users\wararyo\Git\M5StopWatch-wararyoLauncher\.pio\build\m5stopwatch-render-check\e
sp-idf\esp_driver_spi\CMakeFiles\__idf_esp_driver_spi.dir`
[WinError 2] 指定されたファイルが見つかりません。: 'C:\\Users\\wararyo\\Git\\M5StopWatch-wararyoLauncher\\.pio\\build\\m5stopwatch-render
-check\\esp-idf\\esp_driver_spi\\CMakeFiles' 
Please manually remove the file `C:\Users\wararyo\Git\M5StopWatch-wararyoLauncher\.pio\build\m5stopwatch-render-check\e
sp-idf\esp_driver_spi\CMakeFiles`
[WinError 3] 指定されたパスが見つかりません。: 'C:\\Users\\wararyo\\Git\\M5StopWatch-wararyoLauncher\\.pio\\build\\m5stopwatch-render-c
heck\\esp-idf\\esp_driver_spi\\cmake_install.cmake' 
Please manually remove the file `C:\Users\wararyo\Git\M5StopWatch-wararyoLauncher\.pio\build\m5stopwatch-render-check\e
sp-idf\esp_driver_spi\cmake_install.cmake`
[WinError 3] 指定されたパスが見つかりません。: 'C:\\Users\\wararyo\\Git\\M5StopWatch-wararyoLauncher\\.pio\\build\\m5stopwatch-render-c
heck\\esp-idf\\esp_driver_spi\\libesp_driver_spi.a' 
Please manually remove the file `C:\Users\wararyo\Git\M5StopWatch-wararyoLauncher\.pio\build\m5stopwatch-render-check\e
sp-idf\esp_driver_spi\libesp_driver_spi.a`
[WinError 2] 指定されたファイルが見つかりません。: 'C:\\Users\\wararyo\\Git\\M5StopWatch-wararyoLauncher\\.pio\\build\\m5stopwatch-render
-check\\esp-idf\\esp_driver_spi' 
Please manually remove the file `C:\Users\wararyo\Git\M5StopWatch-wararyoLauncher\.pio\build\m5stopwatch-render-check\e
sp-idf\esp_driver_spi`
[WinError 3] 指定されたパスが見つかりません。: 'C:\\Users\\wararyo\\Git\\M5StopWatch-wararyoLauncher\\.pio\\build\\m5stopwatch-render-c
heck\\esp-idf\\esp_driver_tsens\\CMakeFiles\\__idf_esp_driver_tsens.dir\\src' 
Please manually remove the file `C:\Users\wararyo\Git\M5StopWatch-wararyoLauncher\.pio\build\m5stopwatch-render-check\e
sp-idf\esp_driver_tsens\CMakeFiles\__idf_esp_driver_tsens.dir\src`
[WinError 3] 指定されたパスが見つかりません。: 'C:\\Users\\wararyo\\Git\\M5StopWatch-wararyoLauncher\\.pio\\build\\m5stopwatch-render-c
heck\\esp-idf\\esp_driver_tsens\\CMakeFiles\\__idf_esp_driver_tsens.dir' 
Please manually remove the file `C:\Users\wararyo\Git\M5StopWatch-wararyoLauncher\.pio\build\m5stopwatch-render-check\e
sp-idf\esp_driver_tsens\CMakeFiles\__idf_esp_driver_tsens.dir`
[WinError 2] 指定されたファイルが見つかりません。: 'C:\\Users\\wararyo\\Git\\M5StopWatch-wararyoLauncher\\.pio\\build\\m5stopwatch-render
-check\\esp-idf\\esp_driver_tsens\\CMakeFiles' 
Please manually remove the file `C:\Users\wararyo\Git\M5StopWatch-wararyoLauncher\.pio\build\m5stopwatch-render-check\e
sp-idf\esp_driver_tsens\CMakeFiles`
[WinError 2] 指定されたファイルが見つかりません。: 'C:\\Users\\wararyo\\Git\\M5StopWatch-wararyoLauncher\\.pio\\build\\m5stopwatch-render
-check\\esp-idf\\esp_driver_tsens\\cmake_install.cmake' 
Please manually remove the file `C:\Users\wararyo\Git\M5StopWatch-wararyoLauncher\.pio\build\m5stopwatch-render-check\e
sp-idf\esp_driver_tsens\cmake_install.cmake`
[WinError 3] 指定されたパスが見つかりません。: 'C:\\Users\\wararyo\\Git\\M5StopWatch-wararyoLauncher\\.pio\\build\\m5stopwatch-render-c
heck\\esp-idf\\esp_driver_tsens\\libesp_driver_tsens.a' 
Please manually remove the file `C:\Users\wararyo\Git\M5StopWatch-wararyoLauncher\.pio\build\m5stopwatch-render-check\e
sp-idf\esp_driver_tsens\libesp_driver_tsens.a`
[WinError 2] 指定されたファイルが見つかりません。: 'C:\\Users\\wararyo\\Git\\M5StopWatch-wararyoLauncher\\.pio\\build\\m5stopwatch-render
-check\\esp-idf\\esp_driver_tsens' 
Please manually remove the file `C:\Users\wararyo\Git\M5StopWatch-wararyoLauncher\.pio\build\m5stopwatch-render-check\e
sp-idf\esp_driver_tsens`
[WinError 2] 指定されたファイルが見つかりません。: 'C:\\Users\\wararyo\\Git\\M5StopWatch-wararyoLauncher\\.pio\\build\\m5stopwatch-render
-check\\esp-idf\\esp_driver_twai\\CMakeFiles' 
Please manually remove the file `C:\Users\wararyo\Git\M5StopWatch-wararyoLauncher\.pio\build\m5stopwatch-render-check\e
sp-idf\esp_driver_twai\CMakeFiles`
[WinError 2] 指定されたファイルが見つかりません。: 'C:\\Users\\wararyo\\Git\\M5StopWatch-wararyoLauncher\\.pio\\build\\m5stopwatch-render
-check\\esp-idf\\esp_driver_twai\\CMakeFiles' 
Please manually remove the file `C:\Users\wararyo\Git\M5StopWatch-wararyoLauncher\.pio\build\m5stopwatch-render-check\e
sp-idf\esp_driver_twai\CMakeFiles`
[WinError 2] 指定されたファイルが見つかりません。: 'C:\\Users\\wararyo\\Git\\M5StopWatch-wararyoLauncher\\.pio\\build\\m5stopwatch-render
-check\\esp-idf\\esp_driver_twai\\cmake_install.cmake' 
Please manually remove the file `C:\Users\wararyo\Git\M5StopWatch-wararyoLauncher\.pio\build\m5stopwatch-render-check\e
sp-idf\esp_driver_twai\cmake_install.cmake`
[WinError 3] 指定されたパスが見つかりません。: 'C:\\Users\\wararyo\\Git\\M5StopWatch-wararyoLauncher\\.pio\\build\\m5stopwatch-render-c
heck\\esp-idf\\esp_driver_twai\\libesp_driver_twai.a' 
Please manually remove the file `C:\Users\wararyo\Git\M5StopWatch-wararyoLauncher\.pio\build\m5stopwatch-render-check\e
sp-idf\esp_driver_twai\libesp_driver_twai.a`
[WinError 2] 指定されたファイルが見つかりません。: 'C:\\Users\\wararyo\\Git\\M5StopWatch-wararyoLauncher\\.pio\\build\\m5stopwatch-render
-check\\esp-idf\\esp_driver_twai' 
Please manually remove the file `C:\Users\wararyo\Git\M5StopWatch-wararyoLauncher\.pio\build\m5stopwatch-render-check\e
sp-idf\esp_driver_twai`
[WinError 3] 指定されたパスが見つかりません。: 'C:\\Users\\wararyo\\Git\\M5StopWatch-wararyoLauncher\\.pio\\build\\m5stopwatch-render-c
heck\\esp-idf\\esp_driver_uart\\CMakeFiles\\__idf_esp_driver_uart.dir' 
Please manually remove the file `C:\Users\wararyo\Git\M5StopWatch-wararyoLauncher\.pio\build\m5stopwatch-render-check\e
sp-idf\esp_driver_uart\CMakeFiles\__idf_esp_driver_uart.dir`
[WinError 2] 指定されたファイルが見つかりません。: 'C:\\Users\\wararyo\\Git\\M5StopWatch-wararyoLauncher\\.pio\\build\\m5stopwatch-render
-check\\esp-idf\\esp_driver_uart\\CMakeFiles' 
Please manually remove the file `C:\Users\wararyo\Git\M5StopWatch-wararyoLauncher\.pio\build\m5stopwatch-render-check\e
sp-idf\esp_driver_uart\CMakeFiles`
[WinError 2] 指定されたファイルが見つかりません。: 'C:\\Users\\wararyo\\Git\\M5StopWatch-wararyoLauncher\\.pio\\build\\m5stopwatch-render
-check\\esp-idf\\esp_driver_uart\\cmake_install.cmake' 
Please manually remove the file `C:\Users\wararyo\Git\M5StopWatch-wararyoLauncher\.pio\build\m5stopwatch-render-check\e
sp-idf\esp_driver_uart\cmake_install.cmake`
[WinError 3] 指定されたパスが見つかりません。: 'C:\\Users\\wararyo\\Git\\M5StopWatch-wararyoLauncher\\.pio\\build\\m5stopwatch-render-c
heck\\esp-idf\\esp_driver_uart\\libesp_driver_uart.a' 
Please manually remove the file `C:\Users\wararyo\Git\M5StopWatch-wararyoLauncher\.pio\build\m5stopwatch-render-check\e
sp-idf\esp_driver_uart\libesp_driver_uart.a`
[WinError 2] 指定されたファイルが見つかりません。: 'C:\\Users\\wararyo\\Git\\M5StopWatch-wararyoLauncher\\.pio\\build\\m5stopwatch-render
-check\\esp-idf\\esp_driver_uart' 
Please manually remove the file `C:\Users\wararyo\Git\M5StopWatch-wararyoLauncher\.pio\build\m5stopwatch-render-check\e
sp-idf\esp_driver_uart`
[WinError 2] 指定されたファイルが見つかりません。: 'C:\\Users\\wararyo\\Git\\M5StopWatch-wararyoLauncher\\.pio\\build\\m5stopwatch-render
-check\\esp-idf\\esp_driver_usb_serial_jtag\\CMakeFiles\\__idf_esp_driver_usb_serial_jtag.dir' 
Please manually remove the file `C:\Users\wararyo\Git\M5StopWatch-wararyoLauncher\.pio\build\m5stopwatch-render-check\e
sp-idf\esp_driver_usb_serial_jtag\CMakeFiles\__idf_esp_driver_usb_serial_jtag.dir`
[WinError 2] 指定されたファイルが見つかりません。: 'C:\\Users\\wararyo\\Git\\M5StopWatch-wararyoLauncher\\.pio\\build\\m5stopwatch-render
-check\\esp-idf\\esp_driver_usb_serial_jtag\\CMakeFiles' 
Please manually remove the file `C:\Users\wararyo\Git\M5StopWatch-wararyoLauncher\.pio\build\m5stopwatch-render-check\e
sp-idf\esp_driver_usb_serial_jtag\CMakeFiles`
[WinError 2] 指定されたファイルが見つかりません。: 'C:\\Users\\wararyo\\Git\\M5StopWatch-wararyoLauncher\\.pio\\build\\m5stopwatch-render
-check\\esp-idf\\esp_driver_usb_serial_jtag\\cmake_install.cmake' 
Please manually remove the file `C:\Users\wararyo\Git\M5StopWatch-wararyoLauncher\.pio\build\m5stopwatch-render-check\e
sp-idf\esp_driver_usb_serial_jtag\cmake_install.cmake`
[WinError 3] 指定されたパスが見つかりません。: 'C:\\Users\\wararyo\\Git\\M5StopWatch-wararyoLauncher\\.pio\\build\\m5stopwatch-render-c
heck\\esp-idf\\esp_driver_usb_serial_jtag\\libesp_driver_usb_serial_jtag.a' 
Please manually remove the file `C:\Users\wararyo\Git\M5StopWatch-wararyoLauncher\.pio\build\m5stopwatch-render-check\e
sp-idf\esp_driver_usb_serial_jtag\libesp_driver_usb_serial_jtag.a`
[WinError 2] 指定されたファイルが見つかりません。: 'C:\\Users\\wararyo\\Git\\M5StopWatch-wararyoLauncher\\.pio\\build\\m5stopwatch-render
-check\\esp-idf\\esp_driver_usb_serial_jtag' 
Please manually remove the file `C:\Users\wararyo\Git\M5StopWatch-wararyoLauncher\.pio\build\m5stopwatch-render-check\e
sp-idf\esp_driver_usb_serial_jtag`
[WinError 2] 指定されたファイルが見つかりません。: 'C:\\Users\\wararyo\\Git\\M5StopWatch-wararyoLauncher\\.pio\\build\\m5stopwatch-render
-check\\esp-idf\\esp_eth\\CMakeFiles\\__idf_esp_eth.dir\\src\\phy' 
Please manually remove the file `C:\Users\wararyo\Git\M5StopWatch-wararyoLauncher\.pio\build\m5stopwatch-render-check\e
sp-idf\esp_eth\CMakeFiles\__idf_esp_eth.dir\src\phy`
[WinError 3] 指定されたパスが見つかりません。: 'C:\\Users\\wararyo\\Git\\M5StopWatch-wararyoLauncher\\.pio\\build\\m5stopwatch-render-c
heck\\esp-idf\\esp_eth\\CMakeFiles\\__idf_esp_eth.dir\\src\\phy' 
Please manually remove the file `C:\Users\wararyo\Git\M5StopWatch-wararyoLauncher\.pio\build\m5stopwatch-render-check\e
sp-idf\esp_eth\CMakeFiles\__idf_esp_eth.dir\src\phy`
[WinError 2] 指定されたファイルが見つかりません。: 'C:\\Users\\wararyo\\Git\\M5StopWatch-wararyoLauncher\\.pio\\build\\m5stopwatch-render
-check\\esp-idf\\esp_eth\\CMakeFiles\\__idf_esp_eth.dir\\src' 
Please manually remove the file `C:\Users\wararyo\Git\M5StopWatch-wararyoLauncher\.pio\build\m5stopwatch-render-check\e
sp-idf\esp_eth\CMakeFiles\__idf_esp_eth.dir\src`
[WinError 2] 指定されたファイルが見つかりません。: 'C:\\Users\\wararyo\\Git\\M5StopWatch-wararyoLauncher\\.pio\\build\\m5stopwatch-render
-check\\esp-idf\\esp_eth\\CMakeFiles\\__idf_esp_eth.dir' 
Please manually remove the file `C:\Users\wararyo\Git\M5StopWatch-wararyoLauncher\.pio\build\m5stopwatch-render-check\e
sp-idf\esp_eth\CMakeFiles\__idf_esp_eth.dir`
[WinError 2] 指定されたファイルが見つかりません。: 'C:\\Users\\wararyo\\Git\\M5StopWatch-wararyoLauncher\\.pio\\build\\m5stopwatch-render
-check\\esp-idf\\esp_eth\\cmake_install.cmake' 
Please manually remove the file `C:\Users\wararyo\Git\M5StopWatch-wararyoLauncher\.pio\build\m5stopwatch-render-check\e
sp-idf\esp_eth\cmake_install.cmake`
[WinError 2] 指定されたファイルが見つかりません。: 'C:\\Users\\wararyo\\Git\\M5StopWatch-wararyoLauncher\\.pio\\build\\m5stopwatch-render
-check\\esp-idf\\esp_eth\\libesp_eth.a' 
Please manually remove the file `C:\Users\wararyo\Git\M5StopWatch-wararyoLauncher\.pio\build\m5stopwatch-render-check\e
sp-idf\esp_eth\libesp_eth.a`
[WinError 2] 指定されたファイルが見つかりません。: 'C:\\Users\\wararyo\\Git\\M5StopWatch-wararyoLauncher\\.pio\\build\\m5stopwatch-render
-check\\esp-idf\\esp_eth' 
Please manually remove the file `C:\Users\wararyo\Git\M5StopWatch-wararyoLauncher\.pio\build\m5stopwatch-render-check\e
sp-idf\esp_eth`
[WinError 2] 指定されたファイルが見つかりません。: 'C:\\Users\\wararyo\\Git\\M5StopWatch-wararyoLauncher\\.pio\\build\\m5stopwatch-render
-check\\esp-idf\\esp_event\\CMakeFiles\\__idf_esp_event.dir' 
Please manually remove the file `C:\Users\wararyo\Git\M5StopWatch-wararyoLauncher\.pio\build\m5stopwatch-render-check\e
sp-idf\esp_event\CMakeFiles\__idf_esp_event.dir`
[WinError 2] 指定されたファイルが見つかりません。: 'C:\\Users\\wararyo\\Git\\M5StopWatch-wararyoLauncher\\.pio\\build\\m5stopwatch-render
-check\\esp-idf\\esp_event\\CMakeFiles' 
Please manually remove the file `C:\Users\wararyo\Git\M5StopWatch-wararyoLauncher\.pio\build\m5stopwatch-render-check\e
sp-idf\esp_event\CMakeFiles`
[WinError 3] 指定されたパスが見つかりません。: 'C:\\Users\\wararyo\\Git\\M5StopWatch-wararyoLauncher\\.pio\\build\\m5stopwatch-render-c
heck\\esp-idf\\esp_event\\libesp_event.a' 
Please manually remove the file `C:\Users\wararyo\Git\M5StopWatch-wararyoLauncher\.pio\build\m5stopwatch-render-check\e
sp-idf\esp_event\libesp_event.a`
[WinError 2] 指定されたファイルが見つかりません。: 'C:\\Users\\wararyo\\Git\\M5StopWatch-wararyoLauncher\\.pio\\build\\m5stopwatch-render
-check\\esp-idf\\esp_event' 
Please manually remove the file `C:\Users\wararyo\Git\M5StopWatch-wararyoLauncher\.pio\build\m5stopwatch-render-check\e
sp-idf\esp_event`
[WinError 3] 指定されたパスが見つかりません。: 'C:\\Users\\wararyo\\Git\\M5StopWatch-wararyoLauncher\\.pio\\build\\m5stopwatch-render-c
heck\\esp-idf\\esp_gdbstub\\CMakeFiles\\__idf_esp_gdbstub.dir\\src\\port' 
Please manually remove the file `C:\Users\wararyo\Git\M5StopWatch-wararyoLauncher\.pio\build\m5stopwatch-render-check\e
sp-idf\esp_gdbstub\CMakeFiles\__idf_esp_gdbstub.dir\src\port`
[WinError 3] 指定されたパスが見つかりません。: 'C:\\Users\\wararyo\\Git\\M5StopWatch-wararyoLauncher\\.pio\\build\\m5stopwatch-render-c
heck\\esp-idf\\esp_gdbstub\\CMakeFiles\\__idf_esp_gdbstub.dir\\src' 
Please manually remove the file `C:\Users\wararyo\Git\M5StopWatch-wararyoLauncher\.pio\build\m5stopwatch-render-check\e
sp-idf\esp_gdbstub\CMakeFiles\__idf_esp_gdbstub.dir\src`
[WinError 2] 指定されたファイルが見つかりません。: 'C:\\Users\\wararyo\\Git\\M5StopWatch-wararyoLauncher\\.pio\\build\\m5stopwatch-render
-check\\esp-idf\\esp_gdbstub\\CMakeFiles\\__idf_esp_gdbstub.dir' 
Please manually remove the file `C:\Users\wararyo\Git\M5StopWatch-wararyoLauncher\.pio\build\m5stopwatch-render-check\e
sp-idf\esp_gdbstub\CMakeFiles\__idf_esp_gdbstub.dir`
[WinError 2] 指定されたファイルが見つかりません。: 'C:\\Users\\wararyo\\Git\\M5StopWatch-wararyoLauncher\\.pio\\build\\m5stopwatch-render
-check\\esp-idf\\esp_gdbstub\\cmake_install.cmake' 
Please manually remove the file `C:\Users\wararyo\Git\M5StopWatch-wararyoLauncher\.pio\build\m5stopwatch-render-check\e
sp-idf\esp_gdbstub\cmake_install.cmake`
[WinError 2] 指定されたファイルが見つかりません。: 'C:\\Users\\wararyo\\Git\\M5StopWatch-wararyoLauncher\\.pio\\build\\m5stopwatch-render
-check\\esp-idf\\esp_gdbstub\\libesp_gdbstub.a' 
Please manually remove the file `C:\Users\wararyo\Git\M5StopWatch-wararyoLauncher\.pio\build\m5stopwatch-render-check\e
sp-idf\esp_gdbstub\libesp_gdbstub.a`
[WinError 2] 指定されたファイルが見つかりません。: 'C:\\Users\\wararyo\\Git\\M5StopWatch-wararyoLauncher\\.pio\\build\\m5stopwatch-render
-check\\esp-idf\\esp_hid\\CMakeFiles\\__idf_esp_hid.dir\\src' 
Please manually remove the file `C:\Users\wararyo\Git\M5StopWatch-wararyoLauncher\.pio\build\m5stopwatch-render-check\e
sp-idf\esp_hid\CMakeFiles\__idf_esp_hid.dir\src`
[WinError 2] 指定されたファイルが見つかりません。: 'C:\\Users\\wararyo\\Git\\M5StopWatch-wararyoLauncher\\.pio\\build\\m5stopwatch-render
-check\\esp-idf\\esp_hid\\CMakeFiles\\__idf_esp_hid.dir' 
Please manually remove the file `C:\Users\wararyo\Git\M5StopWatch-wararyoLauncher\.pio\build\m5stopwatch-render-check\e
sp-idf\esp_hid\CMakeFiles\__idf_esp_hid.dir`
[WinError 2] 指定されたファイルが見つかりません。: 'C:\\Users\\wararyo\\Git\\M5StopWatch-wararyoLauncher\\.pio\\build\\m5stopwatch-render
-check\\esp-idf\\esp_hid\\CMakeFiles' 
Please manually remove the file `C:\Users\wararyo\Git\M5StopWatch-wararyoLauncher\.pio\build\m5stopwatch-render-check\e
sp-idf\esp_hid\CMakeFiles`
[WinError 2] 指定されたファイルが見つかりません。: 'C:\\Users\\wararyo\\Git\\M5StopWatch-wararyoLauncher\\.pio\\build\\m5stopwatch-render
-check\\esp-idf\\esp_hid\\cmake_install.cmake' 
Please manually remove the file `C:\Users\wararyo\Git\M5StopWatch-wararyoLauncher\.pio\build\m5stopwatch-render-check\e
sp-idf\esp_hid\cmake_install.cmake`
[WinError 3] 指定されたパスが見つかりません。: 'C:\\Users\\wararyo\\Git\\M5StopWatch-wararyoLauncher\\.pio\\build\\m5stopwatch-render-c
heck\\esp-idf\\esp_hid\\libesp_hid.a' 
Please manually remove the file `C:\Users\wararyo\Git\M5StopWatch-wararyoLauncher\.pio\build\m5stopwatch-render-check\e
sp-idf\esp_hid\libesp_hid.a`
[WinError 2] 指定されたファイルが見つかりません。: 'C:\\Users\\wararyo\\Git\\M5StopWatch-wararyoLauncher\\.pio\\build\\m5stopwatch-render
-check\\esp-idf\\esp_hid' 
Please manually remove the file `C:\Users\wararyo\Git\M5StopWatch-wararyoLauncher\.pio\build\m5stopwatch-render-check\e
sp-idf\esp_hid`
[WinError 3] 指定されたパスが見つかりません。: 'C:\\Users\\wararyo\\Git\\M5StopWatch-wararyoLauncher\\.pio\\build\\m5stopwatch-render-c
heck\\esp-idf\\esp_https_ota\\CMakeFiles\\__idf_esp_https_ota.dir' 
Please manually remove the file `C:\Users\wararyo\Git\M5StopWatch-wararyoLauncher\.pio\build\m5stopwatch-render-check\e
sp-idf\esp_https_ota\CMakeFiles\__idf_esp_https_ota.dir`
[WinError 2] 指定されたファイルが見つかりません。: 'C:\\Users\\wararyo\\Git\\M5StopWatch-wararyoLauncher\\.pio\\build\\m5stopwatch-render
-check\\esp-idf\\esp_https_ota\\CMakeFiles' 
Please manually remove the file `C:\Users\wararyo\Git\M5StopWatch-wararyoLauncher\.pio\build\m5stopwatch-render-check\e
sp-idf\esp_https_ota\CMakeFiles`
[WinError 3] 指定されたパスが見つかりません。: 'C:\\Users\\wararyo\\Git\\M5StopWatch-wararyoLauncher\\.pio\\build\\m5stopwatch-render-c
heck\\esp-idf\\esp_https_ota\\cmake_install.cmake' 
Please manually remove the file `C:\Users\wararyo\Git\M5StopWatch-wararyoLauncher\.pio\build\m5stopwatch-render-check\e
sp-idf\esp_https_ota\cmake_install.cmake`
[WinError 3] 指定されたパスが見つかりません。: 'C:\\Users\\wararyo\\Git\\M5StopWatch-wararyoLauncher\\.pio\\build\\m5stopwatch-render-c
heck\\esp-idf\\esp_https_ota\\libesp_https_ota.a' 
Please manually remove the file `C:\Users\wararyo\Git\M5StopWatch-wararyoLauncher\.pio\build\m5stopwatch-render-check\e
sp-idf\esp_https_ota\libesp_https_ota.a`
[WinError 2] 指定されたファイルが見つかりません。: 'C:\\Users\\wararyo\\Git\\M5StopWatch-wararyoLauncher\\.pio\\build\\m5stopwatch-render
-check\\esp-idf\\esp_https_ota' 
Please manually remove the file `C:\Users\wararyo\Git\M5StopWatch-wararyoLauncher\.pio\build\m5stopwatch-render-check\e
sp-idf\esp_https_ota`
[WinError 2] 指定されたファイルが見つかりません。: 'C:\\Users\\wararyo\\Git\\M5StopWatch-wararyoLauncher\\.pio\\build\\m5stopwatch-render
-check\\esp-idf\\esp_https_server\\CMakeFiles' 
Please manually remove the file `C:\Users\wararyo\Git\M5StopWatch-wararyoLauncher\.pio\build\m5stopwatch-render-check\e
sp-idf\esp_https_server\CMakeFiles`
[WinError 2] 指定されたファイルが見つかりません。: 'C:\\Users\\wararyo\\Git\\M5StopWatch-wararyoLauncher\\.pio\\build\\m5stopwatch-render
-check\\esp-idf\\esp_https_server\\cmake_install.cmake' 
Please manually remove the file `C:\Users\wararyo\Git\M5StopWatch-wararyoLauncher\.pio\build\m5stopwatch-render-check\e
sp-idf\esp_https_server\cmake_install.cmake`
[WinError 3] 指定されたパスが見つかりません。: 'C:\\Users\\wararyo\\Git\\M5StopWatch-wararyoLauncher\\.pio\\build\\m5stopwatch-render-c
heck\\esp-idf\\esp_https_server\\libesp_https_server.a' 
Please manually remove the file `C:\Users\wararyo\Git\M5StopWatch-wararyoLauncher\.pio\build\m5stopwatch-render-check\e
sp-idf\esp_https_server\libesp_https_server.a`
[WinError 2] 指定されたファイルが見つかりません。: 'C:\\Users\\wararyo\\Git\\M5StopWatch-wararyoLauncher\\.pio\\build\\m5stopwatch-render
-check\\esp-idf\\esp_https_server' 
Please manually remove the file `C:\Users\wararyo\Git\M5StopWatch-wararyoLauncher\.pio\build\m5stopwatch-render-check\e
sp-idf\esp_https_server`
[WinError 2] 指定されたファイルが見つかりません。: 'C:\\Users\\wararyo\\Git\\M5StopWatch-wararyoLauncher\\.pio\\build\\m5stopwatch-render
-check\\esp-idf\\esp_http_client\\CMakeFiles\\__idf_esp_http_client.dir' 
Please manually remove the file `C:\Users\wararyo\Git\M5StopWatch-wararyoLauncher\.pio\build\m5stopwatch-render-check\e
sp-idf\esp_http_client\CMakeFiles\__idf_esp_http_client.dir`
[WinError 2] 指定されたファイルが見つかりません。: 'C:\\Users\\wararyo\\Git\\M5StopWatch-wararyoLauncher\\.pio\\build\\m5stopwatch-render
-check\\esp-idf\\esp_http_client\\CMakeFiles' 
Please manually remove the file `C:\Users\wararyo\Git\M5StopWatch-wararyoLauncher\.pio\build\m5stopwatch-render-check\e
sp-idf\esp_http_client\CMakeFiles`
[WinError 2] 指定されたファイルが見つかりません。: 'C:\\Users\\wararyo\\Git\\M5StopWatch-wararyoLauncher\\.pio\\build\\m5stopwatch-render
-check\\esp-idf\\esp_http_client\\cmake_install.cmake' 
Please manually remove the file `C:\Users\wararyo\Git\M5StopWatch-wararyoLauncher\.pio\build\m5stopwatch-render-check\e
sp-idf\esp_http_client\cmake_install.cmake`
[WinError 3] 指定されたパスが見つかりません。: 'C:\\Users\\wararyo\\Git\\M5StopWatch-wararyoLauncher\\.pio\\build\\m5stopwatch-render-c
heck\\esp-idf\\esp_http_client\\libesp_http_client.a' 
Please manually remove the file `C:\Users\wararyo\Git\M5StopWatch-wararyoLauncher\.pio\build\m5stopwatch-render-check\e
sp-idf\esp_http_client\libesp_http_client.a`
[WinError 2] 指定されたファイルが見つかりません。: 'C:\\Users\\wararyo\\Git\\M5StopWatch-wararyoLauncher\\.pio\\build\\m5stopwatch-render
-check\\esp-idf\\esp_http_client' 
Please manually remove the file `C:\Users\wararyo\Git\M5StopWatch-wararyoLauncher\.pio\build\m5stopwatch-render-check\e
sp-idf\esp_http_client`
[WinError 2] 指定されたファイルが見つかりません。: 'C:\\Users\\wararyo\\Git\\M5StopWatch-wararyoLauncher\\.pio\\build\\m5stopwatch-render
-check\\esp-idf\\esp_http_server\\CMakeFiles\\__idf_esp_http_server.dir\\src\\util' 
Please manually remove the file `C:\Users\wararyo\Git\M5StopWatch-wararyoLauncher\.pio\build\m5stopwatch-render-check\e
sp-idf\esp_http_server\CMakeFiles\__idf_esp_http_server.dir\src\util`
[WinError 3] 指定されたパスが見つかりません。: 'C:\\Users\\wararyo\\Git\\M5StopWatch-wararyoLauncher\\.pio\\build\\m5stopwatch-render-c
heck\\esp-idf\\esp_http_server\\CMakeFiles\\__idf_esp_http_server.dir\\src\\util' 
Please manually remove the file `C:\Users\wararyo\Git\M5StopWatch-wararyoLauncher\.pio\build\m5stopwatch-render-check\e
sp-idf\esp_http_server\CMakeFiles\__idf_esp_http_server.dir\src\util`
[WinError 3] 指定されたパスが見つかりません。: 'C:\\Users\\wararyo\\Git\\M5StopWatch-wararyoLauncher\\.pio\\build\\m5stopwatch-render-c
heck\\esp-idf\\esp_http_server\\CMakeFiles\\__idf_esp_http_server.dir\\src' 
Please manually remove the file `C:\Users\wararyo\Git\M5StopWatch-wararyoLauncher\.pio\build\m5stopwatch-render-check\e
sp-idf\esp_http_server\CMakeFiles\__idf_esp_http_server.dir\src`
[WinError 3] 指定されたパスが見つかりません。: 'C:\\Users\\wararyo\\Git\\M5StopWatch-wararyoLauncher\\.pio\\build\\m5stopwatch-render-c
heck\\esp-idf\\esp_http_server\\CMakeFiles\\__idf_esp_http_server.dir' 
Please manually remove the file `C:\Users\wararyo\Git\M5StopWatch-wararyoLauncher\.pio\build\m5stopwatch-render-check\e
sp-idf\esp_http_server\CMakeFiles\__idf_esp_http_server.dir`
[WinError 2] 指定されたファイルが見つかりません。: 'C:\\Users\\wararyo\\Git\\M5StopWatch-wararyoLauncher\\.pio\\build\\m5stopwatch-render
-check\\esp-idf\\esp_http_server\\CMakeFiles' 
Please manually remove the file `C:\Users\wararyo\Git\M5StopWatch-wararyoLauncher\.pio\build\m5stopwatch-render-check\e
sp-idf\esp_http_server\CMakeFiles`
[WinError 2] 指定されたファイルが見つかりません。: 'C:\\Users\\wararyo\\Git\\M5StopWatch-wararyoLauncher\\.pio\\build\\m5stopwatch-render
-check\\esp-idf\\esp_http_server\\cmake_install.cmake' 
Please manually remove the file `C:\Users\wararyo\Git\M5StopWatch-wararyoLauncher\.pio\build\m5stopwatch-render-check\e
sp-idf\esp_http_server\cmake_install.cmake`
[WinError 2] 指定されたファイルが見つかりません。: 'C:\\Users\\wararyo\\Git\\M5StopWatch-wararyoLauncher\\.pio\\build\\m5stopwatch-render
-check\\esp-idf\\esp_http_server\\libesp_http_server.a' 
Please manually remove the file `C:\Users\wararyo\Git\M5StopWatch-wararyoLauncher\.pio\build\m5stopwatch-render-check\e
sp-idf\esp_http_server\libesp_http_server.a`
[WinError 2] 指定されたファイルが見つかりません。: 'C:\\Users\\wararyo\\Git\\M5StopWatch-wararyoLauncher\\.pio\\build\\m5stopwatch-render
-check\\esp-idf\\esp_http_server' 
Please manually remove the file `C:\Users\wararyo\Git\M5StopWatch-wararyoLauncher\.pio\build\m5stopwatch-render-check\e
sp-idf\esp_http_server`
[WinError 2] 指定されたファイルが見つかりません。: 'C:\\Users\\wararyo\\Git\\M5StopWatch-wararyoLauncher\\.pio\\build\\m5stopwatch-render
-check\\esp-idf\\esp_hw_support\\CMakeFiles\\__idf_esp_hw_support.dir\\deprecated' 
Please manually remove the file `C:\Users\wararyo\Git\M5StopWatch-wararyoLauncher\.pio\build\m5stopwatch-render-check\e
sp-idf\esp_hw_support\CMakeFiles\__idf_esp_hw_support.dir\deprecated`
[WinError 2] 指定されたファイルが見つかりません。: 'C:\\Users\\wararyo\\Git\\M5StopWatch-wararyoLauncher\\.pio\\build\\m5stopwatch-render
-check\\esp-idf\\esp_hw_support\\CMakeFiles\\__idf_esp_hw_support.dir\\deprecated' 
Please manually remove the file `C:\Users\wararyo\Git\M5StopWatch-wararyoLauncher\.pio\build\m5stopwatch-render-check\e
sp-idf\esp_hw_support\CMakeFiles\__idf_esp_hw_support.dir\deprecated`
[WinError 2] 指定されたファイルが見つかりません。: 'C:\\Users\\wararyo\\Git\\M5StopWatch-wararyoLauncher\\.pio\\build\\m5stopwatch-render
-check\\esp-idf\\esp_hw_support\\CMakeFiles\\__idf_esp_hw_support.dir\\dma' 
Please manually remove the file `C:\Users\wararyo\Git\M5StopWatch-wararyoLauncher\.pio\build\m5stopwatch-render-check\e
sp-idf\esp_hw_support\CMakeFiles\__idf_esp_hw_support.dir\dma`
[WinError 2] 指定されたファイルが見つかりません。: 'C:\\Users\\wararyo\\Git\\M5StopWatch-wararyoLauncher\\.pio\\build\\m5stopwatch-render
-check\\esp-idf\\esp_hw_support\\CMakeFiles\\__idf_esp_hw_support.dir\\lowpower' 
Please manually remove the file `C:\Users\wararyo\Git\M5StopWatch-wararyoLauncher\.pio\build\m5stopwatch-render-check\e
sp-idf\esp_hw_support\CMakeFiles\__idf_esp_hw_support.dir\lowpower`
[WinError 2] 指定されたファイルが見つかりません。: 'C:\\Users\\wararyo\\Git\\M5StopWatch-wararyoLauncher\\.pio\\build\\m5stopwatch-render
-check\\esp-idf\\esp_hw_support\\CMakeFiles\\__idf_esp_hw_support.dir\\mspi_timing_tuning' 
Please manually remove the file `C:\Users\wararyo\Git\M5StopWatch-wararyoLauncher\.pio\build\m5stopwatch-render-check\e
sp-idf\esp_hw_support\CMakeFiles\__idf_esp_hw_support.dir\mspi_timing_tuning`
[WinError 2] 指定されたファイルが見つかりません。: 'C:\\Users\\wararyo\\Git\\M5StopWatch-wararyoLauncher\\.pio\\build\\m5stopwatch-render
-check\\esp-idf\\esp_hw_support\\CMakeFiles\\__idf_esp_hw_support.dir\\port\\esp32s3' 
Please manually remove the file `C:\Users\wararyo\Git\M5StopWatch-wararyoLauncher\.pio\build\m5stopwatch-render-check\e
sp-idf\esp_hw_support\CMakeFiles\__idf_esp_hw_support.dir\port\esp32s3`
[WinError 3] 指定されたパスが見つかりません。: 'C:\\Users\\wararyo\\Git\\M5StopWatch-wararyoLauncher\\.pio\\build\\m5stopwatch-render-c
heck\\esp-idf\\esp_hw_support\\CMakeFiles\\__idf_esp_hw_support.dir\\port\\esp32s3' 
Please manually remove the file `C:\Users\wararyo\Git\M5StopWatch-wararyoLauncher\.pio\build\m5stopwatch-render-check\e
sp-idf\esp_hw_support\CMakeFiles\__idf_esp_hw_support.dir\port\esp32s3`
[WinError 2] 指定されたファイルが見つかりません。: 'C:\\Users\\wararyo\\Git\\M5StopWatch-wararyoLauncher\\.pio\\build\\m5stopwatch-render
-check\\esp-idf\\esp_hw_support\\CMakeFiles\\__idf_esp_hw_support.dir\\port' 
Please manually remove the file `C:\Users\wararyo\Git\M5StopWatch-wararyoLauncher\.pio\build\m5stopwatch-render-check\e
sp-idf\esp_hw_support\CMakeFiles\__idf_esp_hw_support.dir\port`
[WinError 3] 指定されたパスが見つかりません。: 'C:\\Users\\wararyo\\Git\\M5StopWatch-wararyoLauncher\\.pio\\build\\m5stopwatch-render-c
heck\\esp-idf\\esp_hw_support\\CMakeFiles\\__idf_esp_hw_support.dir\\power_supply' 
Please manually remove the file `C:\Users\wararyo\Git\M5StopWatch-wararyoLauncher\.pio\build\m5stopwatch-render-check\e
sp-idf\esp_hw_support\CMakeFiles\__idf_esp_hw_support.dir\power_supply`
[WinError 3] 指定されたパスが見つかりません。: 'C:\\Users\\wararyo\\Git\\M5StopWatch-wararyoLauncher\\.pio\\build\\m5stopwatch-render-c
heck\\esp-idf\\esp_hw_support\\CMakeFiles\\__idf_esp_hw_support.dir\\power_supply' 
Please manually remove the file `C:\Users\wararyo\Git\M5StopWatch-wararyoLauncher\.pio\build\m5stopwatch-render-check\e
sp-idf\esp_hw_support\CMakeFiles\__idf_esp_hw_support.dir\power_supply`
[WinError 3] 指定されたパスが見つかりません。: 'C:\\Users\\wararyo\\Git\\M5StopWatch-wararyoLauncher\\.pio\\build\\m5stopwatch-render-c
heck\\esp-idf\\esp_hw_support\\CMakeFiles\\__idf_esp_hw_support.dir' 
Please manually remove the file `C:\Users\wararyo\Git\M5StopWatch-wararyoLauncher\.pio\build\m5stopwatch-render-check\e
sp-idf\esp_hw_support\CMakeFiles\__idf_esp_hw_support.dir`
[WinError 2] 指定されたファイルが見つかりません。: 'C:\\Users\\wararyo\\Git\\M5StopWatch-wararyoLauncher\\.pio\\build\\m5stopwatch-render
-check\\esp-idf\\esp_hw_support\\CMakeFiles' 
Please manually remove the file `C:\Users\wararyo\Git\M5StopWatch-wararyoLauncher\.pio\build\m5stopwatch-render-check\e
sp-idf\esp_hw_support\CMakeFiles`
[WinError 2] 指定されたファイルが見つかりません。: 'C:\\Users\\wararyo\\Git\\M5StopWatch-wararyoLauncher\\.pio\\build\\m5stopwatch-render
-check\\esp-idf\\esp_hw_support\\cmake_install.cmake' 
Please manually remove the file `C:\Users\wararyo\Git\M5StopWatch-wararyoLauncher\.pio\build\m5stopwatch-render-check\e
sp-idf\esp_hw_support\cmake_install.cmake`
[WinError 2] 指定されたファイルが見つかりません。: 'C:\\Users\\wararyo\\Git\\M5StopWatch-wararyoLauncher\\.pio\\build\\m5stopwatch-render
-check\\esp-idf\\esp_hw_support\\libesp_hw_support.a' 
Please manually remove the file `C:\Users\wararyo\Git\M5StopWatch-wararyoLauncher\.pio\build\m5stopwatch-render-check\e
sp-idf\esp_hw_support\libesp_hw_support.a`
[WinError 2] 指定されたファイルが見つかりません。: 'C:\\Users\\wararyo\\Git\\M5StopWatch-wararyoLauncher\\.pio\\build\\m5stopwatch-render
-check\\esp-idf\\esp_hw_support\\lowpower\\CMakeFiles' 
Please manually remove the file `C:\Users\wararyo\Git\M5StopWatch-wararyoLauncher\.pio\build\m5stopwatch-render-check\e
sp-idf\esp_hw_support\lowpower\CMakeFiles`
[WinError 2] 指定されたファイルが見つかりません。: 'C:\\Users\\wararyo\\Git\\M5StopWatch-wararyoLauncher\\.pio\\build\\m5stopwatch-render
-check\\esp-idf\\esp_hw_support\\lowpower\\CMakeFiles' 
Please manually remove the file `C:\Users\wararyo\Git\M5StopWatch-wararyoLauncher\.pio\build\m5stopwatch-render-check\e
sp-idf\esp_hw_support\lowpower\CMakeFiles`
[WinError 3] 指定されたパスが見つかりません。: 'C:\\Users\\wararyo\\Git\\M5StopWatch-wararyoLauncher\\.pio\\build\\m5stopwatch-render-c
heck\\esp-idf\\esp_hw_support\\lowpower\\cmake_install.cmake' 
Please manually remove the file `C:\Users\wararyo\Git\M5StopWatch-wararyoLauncher\.pio\build\m5stopwatch-render-check\e
sp-idf\esp_hw_support\lowpower\cmake_install.cmake`
[WinError 2] 指定されたファイルが見つかりません。: 'C:\\Users\\wararyo\\Git\\M5StopWatch-wararyoLauncher\\.pio\\build\\m5stopwatch-render
-check\\esp-idf\\esp_hw_support\\lowpower' 
Please manually remove the file `C:\Users\wararyo\Git\M5StopWatch-wararyoLauncher\.pio\build\m5stopwatch-render-check\e
sp-idf\esp_hw_support\lowpower`
[WinError 2] 指定されたファイルが見つかりません。: 'C:\\Users\\wararyo\\Git\\M5StopWatch-wararyoLauncher\\.pio\\build\\m5stopwatch-render
-check\\esp-idf\\esp_hw_support\\mspi_timing_tuning\\port\\esp32s3\\cmake_install.cmake' 
Please manually remove the file `C:\Users\wararyo\Git\M5StopWatch-wararyoLauncher\.pio\build\m5stopwatch-render-check\e
sp-idf\esp_hw_support\mspi_timing_tuning\port\esp32s3\cmake_install.cmake`
[WinError 2] 指定されたファイルが見つかりません。: 'C:\\Users\\wararyo\\Git\\M5StopWatch-wararyoLauncher\\.pio\\build\\m5stopwatch-render
-check\\esp-idf\\esp_hw_support\\mspi_timing_tuning\\port\\esp32s3' 
Please manually remove the file `C:\Users\wararyo\Git\M5StopWatch-wararyoLauncher\.pio\build\m5stopwatch-render-check\e
sp-idf\esp_hw_support\mspi_timing_tuning\port\esp32s3`
[WinError 2] 指定されたファイルが見つかりません。: 'C:\\Users\\wararyo\\Git\\M5StopWatch-wararyoLauncher\\.pio\\build\\m5stopwatch-render
-check\\esp-idf\\esp_hw_support\\mspi_timing_tuning\\port' 
Please manually remove the file `C:\Users\wararyo\Git\M5StopWatch-wararyoLauncher\.pio\build\m5stopwatch-render-check\e
sp-idf\esp_hw_support\mspi_timing_tuning\port`
[WinError 2] 指定されたファイルが見つかりません。: 'C:\\Users\\wararyo\\Git\\M5StopWatch-wararyoLauncher\\.pio\\build\\m5stopwatch-render
-check\\esp-idf\\esp_hw_support\\mspi_timing_tuning' 
Please manually remove the file `C:\Users\wararyo\Git\M5StopWatch-wararyoLauncher\.pio\build\m5stopwatch-render-check\e
sp-idf\esp_hw_support\mspi_timing_tuning`
[WinError 2] 指定されたファイルが見つかりません。: 'C:\\Users\\wararyo\\Git\\M5StopWatch-wararyoLauncher\\.pio\\build\\m5stopwatch-render
-check\\esp-idf\\esp_hw_support\\port\\esp32s3\\CMakeFiles' 
Please manually remove the file `C:\Users\wararyo\Git\M5StopWatch-wararyoLauncher\.pio\build\m5stopwatch-render-check\e
sp-idf\esp_hw_support\port\esp32s3\CMakeFiles`
[WinError 3] 指定されたパスが見つかりません。: 'C:\\Users\\wararyo\\Git\\M5StopWatch-wararyoLauncher\\.pio\\build\\m5stopwatch-render-c
heck\\esp-idf\\esp_hw_support\\port\\esp32s3\\cmake_install.cmake' 
Please manually remove the file `C:\Users\wararyo\Git\M5StopWatch-wararyoLauncher\.pio\build\m5stopwatch-render-check\e
sp-idf\esp_hw_support\port\esp32s3\cmake_install.cmake`
[WinError 3] 指定されたパスが見つかりません。: 'C:\\Users\\wararyo\\Git\\M5StopWatch-wararyoLauncher\\.pio\\build\\m5stopwatch-render-c
heck\\esp-idf\\esp_hw_support\\port\\esp32s3' 
Please manually remove the file `C:\Users\wararyo\Git\M5StopWatch-wararyoLauncher\.pio\build\m5stopwatch-render-check\e
sp-idf\esp_hw_support\port\esp32s3`
[WinError 3] 指定されたパスが見つかりません。: 'C:\\Users\\wararyo\\Git\\M5StopWatch-wararyoLauncher\\.pio\\build\\m5stopwatch-render-c
heck\\esp-idf\\esp_hw_support\\port' 
Please manually remove the file `C:\Users\wararyo\Git\M5StopWatch-wararyoLauncher\.pio\build\m5stopwatch-render-check\e
sp-idf\esp_hw_support\port`
[WinError 2] 指定されたファイルが見つかりません。: 'C:\\Users\\wararyo\\Git\\M5StopWatch-wararyoLauncher\\.pio\\build\\m5stopwatch-render
-check\\esp-idf\\esp_hw_support' 
Please manually remove the file `C:\Users\wararyo\Git\M5StopWatch-wararyoLauncher\.pio\build\m5stopwatch-render-check\e
sp-idf\esp_hw_support`
[WinError 2] 指定されたファイルが見つかりません。: 'C:\\Users\\wararyo\\Git\\M5StopWatch-wararyoLauncher\\.pio\\build\\m5stopwatch-render
-check\\esp-idf\\esp_lcd\\CMakeFiles\\__idf_esp_lcd.dir\\i80' 
Please manually remove the file `C:\Users\wararyo\Git\M5StopWatch-wararyoLauncher\.pio\build\m5stopwatch-render-check\e
sp-idf\esp_lcd\CMakeFiles\__idf_esp_lcd.dir\i80`
[WinError 2] 指定されたファイルが見つかりません。: 'C:\\Users\\wararyo\\Git\\M5StopWatch-wararyoLauncher\\.pio\\build\\m5stopwatch-render
-check\\esp-idf\\esp_lcd\\CMakeFiles\\__idf_esp_lcd.dir\\i80' 
Please manually remove the file `C:\Users\wararyo\Git\M5StopWatch-wararyoLauncher\.pio\build\m5stopwatch-render-check\e
sp-idf\esp_lcd\CMakeFiles\__idf_esp_lcd.dir\i80`
[WinError 2] 指定されたファイルが見つかりません。: 'C:\\Users\\wararyo\\Git\\M5StopWatch-wararyoLauncher\\.pio\\build\\m5stopwatch-render
-check\\esp-idf\\esp_lcd\\CMakeFiles\\__idf_esp_lcd.dir\\rgb' 
Please manually remove the file `C:\Users\wararyo\Git\M5StopWatch-wararyoLauncher\.pio\build\m5stopwatch-render-check\e
sp-idf\esp_lcd\CMakeFiles\__idf_esp_lcd.dir\rgb`
[WinError 2] 指定されたファイルが見つかりません。: 'C:\\Users\\wararyo\\Git\\M5StopWatch-wararyoLauncher\\.pio\\build\\m5stopwatch-render
-check\\esp-idf\\esp_lcd\\CMakeFiles\\__idf_esp_lcd.dir\\rgb' 
Please manually remove the file `C:\Users\wararyo\Git\M5StopWatch-wararyoLauncher\.pio\build\m5stopwatch-render-check\e
sp-idf\esp_lcd\CMakeFiles\__idf_esp_lcd.dir\rgb`
[WinError 2] 指定されたファイルが見つかりません。: 'C:\\Users\\wararyo\\Git\\M5StopWatch-wararyoLauncher\\.pio\\build\\m5stopwatch-render
-check\\esp-idf\\esp_lcd\\CMakeFiles\\__idf_esp_lcd.dir\\spi' 
Please manually remove the file `C:\Users\wararyo\Git\M5StopWatch-wararyoLauncher\.pio\build\m5stopwatch-render-check\e
sp-idf\esp_lcd\CMakeFiles\__idf_esp_lcd.dir\spi`
[WinError 2] 指定されたファイルが見つかりません。: 'C:\\Users\\wararyo\\Git\\M5StopWatch-wararyoLauncher\\.pio\\build\\m5stopwatch-render
-check\\esp-idf\\esp_lcd\\CMakeFiles\\__idf_esp_lcd.dir\\spi' 
Please manually remove the file `C:\Users\wararyo\Git\M5StopWatch-wararyoLauncher\.pio\build\m5stopwatch-render-check\e
sp-idf\esp_lcd\CMakeFiles\__idf_esp_lcd.dir\spi`
[WinError 3] 指定されたパスが見つかりません。: 'C:\\Users\\wararyo\\Git\\M5StopWatch-wararyoLauncher\\.pio\\build\\m5stopwatch-render-c
heck\\esp-idf\\esp_lcd\\CMakeFiles\\__idf_esp_lcd.dir\\src' 
Please manually remove the file `C:\Users\wararyo\Git\M5StopWatch-wararyoLauncher\.pio\build\m5stopwatch-render-check\e
sp-idf\esp_lcd\CMakeFiles\__idf_esp_lcd.dir\src`
[WinError 3] 指定されたパスが見つかりません。: 'C:\\Users\\wararyo\\Git\\M5StopWatch-wararyoLauncher\\.pio\\build\\m5stopwatch-render-c
heck\\esp-idf\\esp_lcd\\CMakeFiles\\__idf_esp_lcd.dir\\src' 
Please manually remove the file `C:\Users\wararyo\Git\M5StopWatch-wararyoLauncher\.pio\build\m5stopwatch-render-check\e
sp-idf\esp_lcd\CMakeFiles\__idf_esp_lcd.dir\src`
[WinError 3] 指定されたパスが見つかりません。: 'C:\\Users\\wararyo\\Git\\M5StopWatch-wararyoLauncher\\.pio\\build\\m5stopwatch-render-c
heck\\esp-idf\\esp_lcd\\CMakeFiles\\__idf_esp_lcd.dir' 
Please manually remove the file `C:\Users\wararyo\Git\M5StopWatch-wararyoLauncher\.pio\build\m5stopwatch-render-check\e
sp-idf\esp_lcd\CMakeFiles\__idf_esp_lcd.dir`
[WinError 3] 指定されたパスが見つかりません。: 'C:\\Users\\wararyo\\Git\\M5StopWatch-wararyoLauncher\\.pio\\build\\m5stopwatch-render-c
heck\\esp-idf\\esp_lcd\\CMakeFiles' 
Please manually remove the file `C:\Users\wararyo\Git\M5StopWatch-wararyoLauncher\.pio\build\m5stopwatch-render-check\e
sp-idf\esp_lcd\CMakeFiles`
[WinError 3] 指定されたパスが見つかりません。: 'C:\\Users\\wararyo\\Git\\M5StopWatch-wararyoLauncher\\.pio\\build\\m5stopwatch-render-c
heck\\esp-idf\\esp_lcd\\cmake_install.cmake' 
Please manually remove the file `C:\Users\wararyo\Git\M5StopWatch-wararyoLauncher\.pio\build\m5stopwatch-render-check\e
sp-idf\esp_lcd\cmake_install.cmake`
[WinError 3] 指定されたパスが見つかりません。: 'C:\\Users\\wararyo\\Git\\M5StopWatch-wararyoLauncher\\.pio\\build\\m5stopwatch-render-c
heck\\esp-idf\\esp_lcd\\libesp_lcd.a' 
Please manually remove the file `C:\Users\wararyo\Git\M5StopWatch-wararyoLauncher\.pio\build\m5stopwatch-render-check\e
sp-idf\esp_lcd\libesp_lcd.a`
[WinError 2] 指定されたファイルが見つかりません。: 'C:\\Users\\wararyo\\Git\\M5StopWatch-wararyoLauncher\\.pio\\build\\m5stopwatch-render
-check\\esp-idf\\esp_lcd' 
Please manually remove the file `C:\Users\wararyo\Git\M5StopWatch-wararyoLauncher\.pio\build\m5stopwatch-render-check\e
sp-idf\esp_lcd`
[WinError 3] 指定されたパスが見つかりません。: 'C:\\Users\\wararyo\\Git\\M5StopWatch-wararyoLauncher\\.pio\\build\\m5stopwatch-render-c
heck\\esp-idf\\esp_local_ctrl\\CMakeFiles\\__idf_esp_local_ctrl.dir' 
Please manually remove the file `C:\Users\wararyo\Git\M5StopWatch-wararyoLauncher\.pio\build\m5stopwatch-render-check\e
sp-idf\esp_local_ctrl\CMakeFiles\__idf_esp_local_ctrl.dir`
[WinError 2] 指定されたファイルが見つかりません。: 'C:\\Users\\wararyo\\Git\\M5StopWatch-wararyoLauncher\\.pio\\build\\m5stopwatch-render
-check\\esp-idf\\esp_local_ctrl\\CMakeFiles' 
Please manually remove the file `C:\Users\wararyo\Git\M5StopWatch-wararyoLauncher\.pio\build\m5stopwatch-render-check\e
sp-idf\esp_local_ctrl\CMakeFiles`
[WinError 3] 指定されたパスが見つかりません。: 'C:\\Users\\wararyo\\Git\\M5StopWatch-wararyoLauncher\\.pio\\build\\m5stopwatch-render-c
heck\\esp-idf\\esp_local_ctrl\\cmake_install.cmake' 
Please manually remove the file `C:\Users\wararyo\Git\M5StopWatch-wararyoLauncher\.pio\build\m5stopwatch-render-check\e
sp-idf\esp_local_ctrl\cmake_install.cmake`
[WinError 3] 指定されたパスが見つかりません。: 'C:\\Users\\wararyo\\Git\\M5StopWatch-wararyoLauncher\\.pio\\build\\m5stopwatch-render-c
heck\\esp-idf\\esp_local_ctrl\\libesp_local_ctrl.a' 
Please manually remove the file `C:\Users\wararyo\Git\M5StopWatch-wararyoLauncher\.pio\build\m5stopwatch-render-check\e
sp-idf\esp_local_ctrl\libesp_local_ctrl.a`
[WinError 2] 指定されたファイルが見つかりません。: 'C:\\Users\\wararyo\\Git\\M5StopWatch-wararyoLauncher\\.pio\\build\\m5stopwatch-render
-check\\esp-idf\\esp_local_ctrl' 
Please manually remove the file `C:\Users\wararyo\Git\M5StopWatch-wararyoLauncher\.pio\build\m5stopwatch-render-check\e
sp-idf\esp_local_ctrl`
[WinError 3] 指定されたパスが見つかりません。: 'C:\\Users\\wararyo\\Git\\M5StopWatch-wararyoLauncher\\.pio\\build\\m5stopwatch-render-c
heck\\esp-idf\\esp_mm\\CMakeFiles\\__idf_esp_mm.dir' 
Please manually remove the file `C:\Users\wararyo\Git\M5StopWatch-wararyoLauncher\.pio\build\m5stopwatch-render-check\e
sp-idf\esp_mm\CMakeFiles\__idf_esp_mm.dir`
[WinError 2] 指定されたファイルが見つかりません。: 'C:\\Users\\wararyo\\Git\\M5StopWatch-wararyoLauncher\\.pio\\build\\m5stopwatch-render
-check\\esp-idf\\esp_mm\\CMakeFiles' 
Please manually remove the file `C:\Users\wararyo\Git\M5StopWatch-wararyoLauncher\.pio\build\m5stopwatch-render-check\e
sp-idf\esp_mm\CMakeFiles`
[WinError 3] 指定されたパスが見つかりません。: 'C:\\Users\\wararyo\\Git\\M5StopWatch-wararyoLauncher\\.pio\\build\\m5stopwatch-render-c
heck\\esp-idf\\esp_mm\\cmake_install.cmake' 
Please manually remove the file `C:\Users\wararyo\Git\M5StopWatch-wararyoLauncher\.pio\build\m5stopwatch-render-check\e
sp-idf\esp_mm\cmake_install.cmake`
[WinError 3] 指定されたパスが見つかりません。: 'C:\\Users\\wararyo\\Git\\M5StopWatch-wararyoLauncher\\.pio\\build\\m5stopwatch-render-c
heck\\esp-idf\\esp_mm\\libesp_mm.a' 
Please manually remove the file `C:\Users\wararyo\Git\M5StopWatch-wararyoLauncher\.pio\build\m5stopwatch-render-check\e
sp-idf\esp_mm\libesp_mm.a`
[WinError 2] 指定されたファイルが見つかりません。: 'C:\\Users\\wararyo\\Git\\M5StopWatch-wararyoLauncher\\.pio\\build\\m5stopwatch-render
-check\\esp-idf\\esp_mm' 
Please manually remove the file `C:\Users\wararyo\Git\M5StopWatch-wararyoLauncher\.pio\build\m5stopwatch-render-check\e
sp-idf\esp_mm`
[WinError 2] 指定されたファイルが見つかりません。: 'C:\\Users\\wararyo\\Git\\M5StopWatch-wararyoLauncher\\.pio\\build\\m5stopwatch-render
-check\\esp-idf\\esp_netif\\CMakeFiles\\__idf_esp_netif.dir\\lwip' 
Please manually remove the file `C:\Users\wararyo\Git\M5StopWatch-wararyoLauncher\.pio\build\m5stopwatch-render-check\e
sp-idf\esp_netif\CMakeFiles\__idf_esp_netif.dir\lwip`
[WinError 3] 指定されたパスが見つかりません。: 'C:\\Users\\wararyo\\Git\\M5StopWatch-wararyoLauncher\\.pio\\build\\m5stopwatch-render-c
heck\\esp-idf\\esp_netif\\CMakeFiles\\__idf_esp_netif.dir' 
Please manually remove the file `C:\Users\wararyo\Git\M5StopWatch-wararyoLauncher\.pio\build\m5stopwatch-render-check\e
sp-idf\esp_netif\CMakeFiles\__idf_esp_netif.dir`
[WinError 2] 指定されたファイルが見つかりません。: 'C:\\Users\\wararyo\\Git\\M5StopWatch-wararyoLauncher\\.pio\\build\\m5stopwatch-render
-check\\esp-idf\\esp_netif\\CMakeFiles' 
Please manually remove the file `C:\Users\wararyo\Git\M5StopWatch-wararyoLauncher\.pio\build\m5stopwatch-render-check\e
sp-idf\esp_netif\CMakeFiles`
[WinError 3] 指定されたパスが見つかりません。: 'C:\\Users\\wararyo\\Git\\M5StopWatch-wararyoLauncher\\.pio\\build\\m5stopwatch-render-c
heck\\esp-idf\\esp_netif\\cmake_install.cmake' 
Please manually remove the file `C:\Users\wararyo\Git\M5StopWatch-wararyoLauncher\.pio\build\m5stopwatch-render-check\e
sp-idf\esp_netif\cmake_install.cmake`
[WinError 3] 指定されたパスが見つかりません。: 'C:\\Users\\wararyo\\Git\\M5StopWatch-wararyoLauncher\\.pio\\build\\m5stopwatch-render-c
heck\\esp-idf\\esp_netif\\libesp_netif.a' 
Please manually remove the file `C:\Users\wararyo\Git\M5StopWatch-wararyoLauncher\.pio\build\m5stopwatch-render-check\e
sp-idf\esp_netif\libesp_netif.a`
[WinError 2] 指定されたファイルが見つかりません。: 'C:\\Users\\wararyo\\Git\\M5StopWatch-wararyoLauncher\\.pio\\build\\m5stopwatch-render
-check\\esp-idf\\esp_netif' 
Please manually remove the file `C:\Users\wararyo\Git\M5StopWatch-wararyoLauncher\.pio\build\m5stopwatch-render-check\e
sp-idf\esp_netif`
[WinError 2] 指定されたファイルが見つかりません。: 'C:\\Users\\wararyo\\Git\\M5StopWatch-wararyoLauncher\\.pio\\build\\m5stopwatch-render
-check\\esp-idf\\esp_netif_stack' 
Please manually remove the file `C:\Users\wararyo\Git\M5StopWatch-wararyoLauncher\.pio\build\m5stopwatch-render-check\e
sp-idf\esp_netif_stack`
[WinError 2] 指定されたファイルが見つかりません。: 'C:\\Users\\wararyo\\Git\\M5StopWatch-wararyoLauncher\\.pio\\build\\m5stopwatch-render
-check\\esp-idf\\esp_partition\\CMakeFiles' 
Please manually remove the file `C:\Users\wararyo\Git\M5StopWatch-wararyoLauncher\.pio\build\m5stopwatch-render-check\e
sp-idf\esp_partition\CMakeFiles`
[WinError 2] 指定されたファイルが見つかりません。: 'C:\\Users\\wararyo\\Git\\M5StopWatch-wararyoLauncher\\.pio\\build\\m5stopwatch-render
-check\\esp-idf\\esp_partition\\cmake_install.cmake' 
Please manually remove the file `C:\Users\wararyo\Git\M5StopWatch-wararyoLauncher\.pio\build\m5stopwatch-render-check\e
sp-idf\esp_partition\cmake_install.cmake`
[WinError 2] 指定されたファイルが見つかりません。: 'C:\\Users\\wararyo\\Git\\M5StopWatch-wararyoLauncher\\.pio\\build\\m5stopwatch-render
-check\\esp-idf\\esp_partition\\libesp_partition.a' 
Please manually remove the file `C:\Users\wararyo\Git\M5StopWatch-wararyoLauncher\.pio\build\m5stopwatch-render-check\e
sp-idf\esp_partition\libesp_partition.a`
[WinError 2] 指定されたファイルが見つかりません。: 'C:\\Users\\wararyo\\Git\\M5StopWatch-wararyoLauncher\\.pio\\build\\m5stopwatch-render
-check\\esp-idf\\esp_partition' 
Please manually remove the file `C:\Users\wararyo\Git\M5StopWatch-wararyoLauncher\.pio\build\m5stopwatch-render-check\e
sp-idf\esp_partition`
[WinError 2] 指定されたファイルが見つかりません。: 'C:\\Users\\wararyo\\Git\\M5StopWatch-wararyoLauncher\\.pio\\build\\m5stopwatch-render
-check\\esp-idf\\esp_phy\\CMakeFiles\\__idf_esp_phy.dir\\esp32s3' 
Please manually remove the file `C:\Users\wararyo\Git\M5StopWatch-wararyoLauncher\.pio\build\m5stopwatch-render-check\e
sp-idf\esp_phy\CMakeFiles\__idf_esp_phy.dir\esp32s3`
[WinError 3] 指定されたパスが見つかりません。: 'C:\\Users\\wararyo\\Git\\M5StopWatch-wararyoLauncher\\.pio\\build\\m5stopwatch-render-c
heck\\esp-idf\\esp_phy\\CMakeFiles\\__idf_esp_phy.dir\\src' 
Please manually remove the file `C:\Users\wararyo\Git\M5StopWatch-wararyoLauncher\.pio\build\m5stopwatch-render-check\e
sp-idf\esp_phy\CMakeFiles\__idf_esp_phy.dir\src`
[WinError 3] 指定されたパスが見つかりません。: 'C:\\Users\\wararyo\\Git\\M5StopWatch-wararyoLauncher\\.pio\\build\\m5stopwatch-render-c
heck\\esp-idf\\esp_phy\\CMakeFiles\\__idf_esp_phy.dir\\src' 
Please manually remove the file `C:\Users\wararyo\Git\M5StopWatch-wararyoLauncher\.pio\build\m5stopwatch-render-check\e
sp-idf\esp_phy\CMakeFiles\__idf_esp_phy.dir\src`
[WinError 3] 指定されたパスが見つかりません。: 'C:\\Users\\wararyo\\Git\\M5StopWatch-wararyoLauncher\\.pio\\build\\m5stopwatch-render-c
heck\\esp-idf\\esp_phy\\CMakeFiles\\__idf_esp_phy.dir' 
Please manually remove the file `C:\Users\wararyo\Git\M5StopWatch-wararyoLauncher\.pio\build\m5stopwatch-render-check\e
sp-idf\esp_phy\CMakeFiles\__idf_esp_phy.dir`
[WinError 2] 指定されたファイルが見つかりません。: 'C:\\Users\\wararyo\\Git\\M5StopWatch-wararyoLauncher\\.pio\\build\\m5stopwatch-render
-check\\esp-idf\\esp_phy\\CMakeFiles' 
Please manually remove the file `C:\Users\wararyo\Git\M5StopWatch-wararyoLauncher\.pio\build\m5stopwatch-render-check\e
sp-idf\esp_phy\CMakeFiles`
[WinError 3] 指定されたパスが見つかりません。: 'C:\\Users\\wararyo\\Git\\M5StopWatch-wararyoLauncher\\.pio\\build\\m5stopwatch-render-c
heck\\esp-idf\\esp_phy\\cmake_install.cmake' 
Please manually remove the file `C:\Users\wararyo\Git\M5StopWatch-wararyoLauncher\.pio\build\m5stopwatch-render-check\e
sp-idf\esp_phy\cmake_install.cmake`
[WinError 3] 指定されたパスが見つかりません。: 'C:\\Users\\wararyo\\Git\\M5StopWatch-wararyoLauncher\\.pio\\build\\m5stopwatch-render-c
heck\\esp-idf\\esp_phy\\libesp_phy.a' 
Please manually remove the file `C:\Users\wararyo\Git\M5StopWatch-wararyoLauncher\.pio\build\m5stopwatch-render-check\e
sp-idf\esp_phy\libesp_phy.a`
[WinError 2] 指定されたファイルが見つかりません。: 'C:\\Users\\wararyo\\Git\\M5StopWatch-wararyoLauncher\\.pio\\build\\m5stopwatch-render
-check\\esp-idf\\esp_phy' 
Please manually remove the file `C:\Users\wararyo\Git\M5StopWatch-wararyoLauncher\.pio\build\m5stopwatch-render-check\e
sp-idf\esp_phy`
[WinError 2] 指定されたファイルが見つかりません。: 'C:\\Users\\wararyo\\Git\\M5StopWatch-wararyoLauncher\\.pio\\build\\m5stopwatch-render
-check\\esp-idf\\esp_pm\\CMakeFiles' 
Please manually remove the file `C:\Users\wararyo\Git\M5StopWatch-wararyoLauncher\.pio\build\m5stopwatch-render-check\e
sp-idf\esp_pm\CMakeFiles`
[WinError 2] 指定されたファイルが見つかりません。: 'C:\\Users\\wararyo\\Git\\M5StopWatch-wararyoLauncher\\.pio\\build\\m5stopwatch-render
-check\\esp-idf\\esp_pm\\cmake_install.cmake' 
Please manually remove the file `C:\Users\wararyo\Git\M5StopWatch-wararyoLauncher\.pio\build\m5stopwatch-render-check\e
sp-idf\esp_pm\cmake_install.cmake`
[WinError 3] 指定されたパスが見つかりません。: 'C:\\Users\\wararyo\\Git\\M5StopWatch-wararyoLauncher\\.pio\\build\\m5stopwatch-render-c
heck\\esp-idf\\esp_pm\\libesp_pm.a' 
Please manually remove the file `C:\Users\wararyo\Git\M5StopWatch-wararyoLauncher\.pio\build\m5stopwatch-render-check\e
sp-idf\esp_pm\libesp_pm.a`
[WinError 2] 指定されたファイルが見つかりません。: 'C:\\Users\\wararyo\\Git\\M5StopWatch-wararyoLauncher\\.pio\\build\\m5stopwatch-render
-check\\esp-idf\\esp_pm' 
Please manually remove the file `C:\Users\wararyo\Git\M5StopWatch-wararyoLauncher\.pio\build\m5stopwatch-render-check\e
sp-idf\esp_pm`
[WinError 2] 指定されたファイルが見つかりません。: 'C:\\Users\\wararyo\\Git\\M5StopWatch-wararyoLauncher\\.pio\\build\\m5stopwatch-render
-check\\esp-idf\\esp_psram\\CMakeFiles\\__idf_esp_psram.dir\\system_layer' 
Please manually remove the file `C:\Users\wararyo\Git\M5StopWatch-wararyoLauncher\.pio\build\m5stopwatch-render-check\e
sp-idf\esp_psram\CMakeFiles\__idf_esp_psram.dir\system_layer`
[WinError 3] 指定されたパスが見つかりません。: 'C:\\Users\\wararyo\\Git\\M5StopWatch-wararyoLauncher\\.pio\\build\\m5stopwatch-render-c
heck\\esp-idf\\esp_psram\\CMakeFiles\\__idf_esp_psram.dir\\xip_impl' 
Please manually remove the file `C:\Users\wararyo\Git\M5StopWatch-wararyoLauncher\.pio\build\m5stopwatch-render-check\e
sp-idf\esp_psram\CMakeFiles\__idf_esp_psram.dir\xip_impl`
[WinError 3] 指定されたパスが見つかりません。: 'C:\\Users\\wararyo\\Git\\M5StopWatch-wararyoLauncher\\.pio\\build\\m5stopwatch-render-c
heck\\esp-idf\\esp_psram\\CMakeFiles\\__idf_esp_psram.dir\\xip_impl' 
Please manually remove the file `C:\Users\wararyo\Git\M5StopWatch-wararyoLauncher\.pio\build\m5stopwatch-render-check\e
sp-idf\esp_psram\CMakeFiles\__idf_esp_psram.dir\xip_impl`
[WinError 3] 指定されたパスが見つかりません。: 'C:\\Users\\wararyo\\Git\\M5StopWatch-wararyoLauncher\\.pio\\build\\m5stopwatch-render-c
heck\\esp-idf\\esp_psram\\CMakeFiles\\__idf_esp_psram.dir' 
Please manually remove the file `C:\Users\wararyo\Git\M5StopWatch-wararyoLauncher\.pio\build\m5stopwatch-render-check\e
sp-idf\esp_psram\CMakeFiles\__idf_esp_psram.dir`
[WinError 2] 指定されたファイルが見つかりません。: 'C:\\Users\\wararyo\\Git\\M5StopWatch-wararyoLauncher\\.pio\\build\\m5stopwatch-render
-check\\esp-idf\\esp_psram\\CMakeFiles' 
Please manually remove the file `C:\Users\wararyo\Git\M5StopWatch-wararyoLauncher\.pio\build\m5stopwatch-render-check\e
sp-idf\esp_psram\CMakeFiles`
[WinError 2] 指定されたファイルが見つかりません。: 'C:\\Users\\wararyo\\Git\\M5StopWatch-wararyoLauncher\\.pio\\build\\m5stopwatch-render
-check\\esp-idf\\esp_psram\\cmake_install.cmake' 
Please manually remove the file `C:\Users\wararyo\Git\M5StopWatch-wararyoLauncher\.pio\build\m5stopwatch-render-check\e
sp-idf\esp_psram\cmake_install.cmake`
[WinError 2] 指定されたファイルが見つかりません。: 'C:\\Users\\wararyo\\Git\\M5StopWatch-wararyoLauncher\\.pio\\build\\m5stopwatch-render
-check\\esp-idf\\esp_psram\\device' 
Please manually remove the file `C:\Users\wararyo\Git\M5StopWatch-wararyoLauncher\.pio\build\m5stopwatch-render-check\e
sp-idf\esp_psram\device`
[WinError 2] 指定されたファイルが見つかりません。: 'C:\\Users\\wararyo\\Git\\M5StopWatch-wararyoLauncher\\.pio\\build\\m5stopwatch-render
-check\\esp-idf\\esp_psram\\libesp_psram.a' 
Please manually remove the file `C:\Users\wararyo\Git\M5StopWatch-wararyoLauncher\.pio\build\m5stopwatch-render-check\e
sp-idf\esp_psram\libesp_psram.a`
[WinError 3] 指定されたパスが見つかりません。: 'C:\\Users\\wararyo\\Git\\M5StopWatch-wararyoLauncher\\.pio\\build\\m5stopwatch-render-c
heck\\esp-idf\\esp_psram\\xip_impl\\cmake_install.cmake' 
Please manually remove the file `C:\Users\wararyo\Git\M5StopWatch-wararyoLauncher\.pio\build\m5stopwatch-render-check\e
sp-idf\esp_psram\xip_impl\cmake_install.cmake`
[WinError 3] 指定されたパスが見つかりません。: 'C:\\Users\\wararyo\\Git\\M5StopWatch-wararyoLauncher\\.pio\\build\\m5stopwatch-render-c
heck\\esp-idf\\esp_psram\\xip_impl' 
Please manually remove the file `C:\Users\wararyo\Git\M5StopWatch-wararyoLauncher\.pio\build\m5stopwatch-render-check\e
sp-idf\esp_psram\xip_impl`
[WinError 2] 指定されたファイルが見つかりません。: 'C:\\Users\\wararyo\\Git\\M5StopWatch-wararyoLauncher\\.pio\\build\\m5stopwatch-render
-check\\esp-idf\\esp_psram' 
Please manually remove the file `C:\Users\wararyo\Git\M5StopWatch-wararyoLauncher\.pio\build\m5stopwatch-render-check\e
sp-idf\esp_psram`
[WinError 2] 指定されたファイルが見つかりません。: 'C:\\Users\\wararyo\\Git\\M5StopWatch-wararyoLauncher\\.pio\\build\\m5stopwatch-render
-check\\esp-idf\\esp_ringbuf\\CMakeFiles' 
Please manually remove the file `C:\Users\wararyo\Git\M5StopWatch-wararyoLauncher\.pio\build\m5stopwatch-render-check\e
sp-idf\esp_ringbuf\CMakeFiles`
[WinError 2] 指定されたファイルが見つかりません。: 'C:\\Users\\wararyo\\Git\\M5StopWatch-wararyoLauncher\\.pio\\build\\m5stopwatch-render
-check\\esp-idf\\esp_ringbuf\\CMakeFiles' 
Please manually remove the file `C:\Users\wararyo\Git\M5StopWatch-wararyoLauncher\.pio\build\m5stopwatch-render-check\e
sp-idf\esp_ringbuf\CMakeFiles`
[WinError 2] 指定されたファイルが見つかりません。: 'C:\\Users\\wararyo\\Git\\M5StopWatch-wararyoLauncher\\.pio\\build\\m5stopwatch-render
-check\\esp-idf\\esp_ringbuf\\cmake_install.cmake' 
Please manually remove the file `C:\Users\wararyo\Git\M5StopWatch-wararyoLauncher\.pio\build\m5stopwatch-render-check\e
sp-idf\esp_ringbuf\cmake_install.cmake`
[WinError 3] 指定されたパスが見つかりません。: 'C:\\Users\\wararyo\\Git\\M5StopWatch-wararyoLauncher\\.pio\\build\\m5stopwatch-render-c
heck\\esp-idf\\esp_ringbuf\\libesp_ringbuf.a' 
Please manually remove the file `C:\Users\wararyo\Git\M5StopWatch-wararyoLauncher\.pio\build\m5stopwatch-render-check\e
sp-idf\esp_ringbuf\libesp_ringbuf.a`
[WinError 2] 指定されたファイルが見つかりません。: 'C:\\Users\\wararyo\\Git\\M5StopWatch-wararyoLauncher\\.pio\\build\\m5stopwatch-render
-check\\esp-idf\\esp_ringbuf' 
Please manually remove the file `C:\Users\wararyo\Git\M5StopWatch-wararyoLauncher\.pio\build\m5stopwatch-render-check\e
sp-idf\esp_ringbuf`
[WinError 3] 指定されたパスが見つかりません。: 'C:\\Users\\wararyo\\Git\\M5StopWatch-wararyoLauncher\\.pio\\build\\m5stopwatch-render-c
heck\\esp-idf\\esp_rom\\CMakeFiles\\__idf_esp_rom.dir' 
Please manually remove the file `C:\Users\wararyo\Git\M5StopWatch-wararyoLauncher\.pio\build\m5stopwatch-render-check\e
sp-idf\esp_rom\CMakeFiles\__idf_esp_rom.dir`
[WinError 2] 指定されたファイルが見つかりません。: 'C:\\Users\\wararyo\\Git\\M5StopWatch-wararyoLauncher\\.pio\\build\\m5stopwatch-render
-check\\esp-idf\\esp_rom\\CMakeFiles' 
Please manually remove the file `C:\Users\wararyo\Git\M5StopWatch-wararyoLauncher\.pio\build\m5stopwatch-render-check\e
sp-idf\esp_rom\CMakeFiles`
[WinError 2] 指定されたファイルが見つかりません。: 'C:\\Users\\wararyo\\Git\\M5StopWatch-wararyoLauncher\\.pio\\build\\m5stopwatch-render
-check\\esp-idf\\esp_rom\\cmake_install.cmake' 
Please manually remove the file `C:\Users\wararyo\Git\M5StopWatch-wararyoLauncher\.pio\build\m5stopwatch-render-check\e
sp-idf\esp_rom\cmake_install.cmake`
[WinError 3] 指定されたパスが見つかりません。: 'C:\\Users\\wararyo\\Git\\M5StopWatch-wararyoLauncher\\.pio\\build\\m5stopwatch-render-c
heck\\esp-idf\\esp_security\\CMakeFiles\\__idf_esp_security.dir' 
Please manually remove the file `C:\Users\wararyo\Git\M5StopWatch-wararyoLauncher\.pio\build\m5stopwatch-render-check\e
sp-idf\esp_security\CMakeFiles\__idf_esp_security.dir`
[WinError 2] 指定されたファイルが見つかりません。: 'C:\\Users\\wararyo\\Git\\M5StopWatch-wararyoLauncher\\.pio\\build\\m5stopwatch-render
-check\\esp-idf\\esp_security\\CMakeFiles' 
Please manually remove the file `C:\Users\wararyo\Git\M5StopWatch-wararyoLauncher\.pio\build\m5stopwatch-render-check\e
sp-idf\esp_security\CMakeFiles`
[WinError 2] 指定されたファイルが見つかりません。: 'C:\\Users\\wararyo\\Git\\M5StopWatch-wararyoLauncher\\.pio\\build\\m5stopwatch-render
-check\\esp-idf\\esp_security\\cmake_install.cmake' 
Please manually remove the file `C:\Users\wararyo\Git\M5StopWatch-wararyoLauncher\.pio\build\m5stopwatch-render-check\e
sp-idf\esp_security\cmake_install.cmake`
[WinError 2] 指定されたファイルが見つかりません。: 'C:\\Users\\wararyo\\Git\\M5StopWatch-wararyoLauncher\\.pio\\build\\m5stopwatch-render
-check\\esp-idf\\esp_security\\libesp_security.a' 
Please manually remove the file `C:\Users\wararyo\Git\M5StopWatch-wararyoLauncher\.pio\build\m5stopwatch-render-check\e
sp-idf\esp_security\libesp_security.a`
[WinError 3] 指定されたパスが見つかりません。: 'C:\\Users\\wararyo\\Git\\M5StopWatch-wararyoLauncher\\.pio\\build\\m5stopwatch-render-c
heck\\esp-idf\\esp_system\\CMakeFiles\\__idf_esp_system.dir\\port\\arch\\xtensa' 
Please manually remove the file `C:\Users\wararyo\Git\M5StopWatch-wararyoLauncher\.pio\build\m5stopwatch-render-check\e
sp-idf\esp_system\CMakeFiles\__idf_esp_system.dir\port\arch\xtensa`
[WinError 2] 指定されたファイルが見つかりません。: 'C:\\Users\\wararyo\\Git\\M5StopWatch-wararyoLauncher\\.pio\\build\\m5stopwatch-render
-check\\esp-idf\\esp_system\\CMakeFiles\\__idf_esp_system.dir\\port\\arch' 
Please manually remove the file `C:\Users\wararyo\Git\M5StopWatch-wararyoLauncher\.pio\build\m5stopwatch-render-check\e
sp-idf\esp_system\CMakeFiles\__idf_esp_system.dir\port\arch`
[WinError 3] 指定されたパスが見つかりません。: 'C:\\Users\\wararyo\\Git\\M5StopWatch-wararyoLauncher\\.pio\\build\\m5stopwatch-render-c
heck\\esp-idf\\esp_system\\CMakeFiles\\__idf_esp_system.dir\\port\\soc' 
Please manually remove the file `C:\Users\wararyo\Git\M5StopWatch-wararyoLauncher\.pio\build\m5stopwatch-render-check\e
sp-idf\esp_system\CMakeFiles\__idf_esp_system.dir\port\soc`
[WinError 2] 指定されたファイルが見つかりません。: 'C:\\Users\\wararyo\\Git\\M5StopWatch-wararyoLauncher\\.pio\\build\\m5stopwatch-render
-check\\esp-idf\\esp_system\\CMakeFiles\\__idf_esp_system.dir\\port' 
Please manually remove the file `C:\Users\wararyo\Git\M5StopWatch-wararyoLauncher\.pio\build\m5stopwatch-render-check\e
sp-idf\esp_system\CMakeFiles\__idf_esp_system.dir\port`
[WinError 3] 指定されたパスが見つかりません。: 'C:\\Users\\wararyo\\Git\\M5StopWatch-wararyoLauncher\\.pio\\build\\m5stopwatch-render-c
heck\\esp-idf\\esp_system\\CMakeFiles\\__idf_esp_system.dir\\task_wdt' 
Please manually remove the file `C:\Users\wararyo\Git\M5StopWatch-wararyoLauncher\.pio\build\m5stopwatch-render-check\e
sp-idf\esp_system\CMakeFiles\__idf_esp_system.dir\task_wdt`
[WinError 3] 指定されたパスが見つかりません。: 'C:\\Users\\wararyo\\Git\\M5StopWatch-wararyoLauncher\\.pio\\build\\m5stopwatch-render-c
heck\\esp-idf\\esp_system\\CMakeFiles\\__idf_esp_system.dir\\task_wdt' 
Please manually remove the file `C:\Users\wararyo\Git\M5StopWatch-wararyoLauncher\.pio\build\m5stopwatch-render-check\e
sp-idf\esp_system\CMakeFiles\__idf_esp_system.dir\task_wdt`
[WinError 3] 指定されたパスが見つかりません。: 'C:\\Users\\wararyo\\Git\\M5StopWatch-wararyoLauncher\\.pio\\build\\m5stopwatch-render-c
heck\\esp-idf\\esp_system\\CMakeFiles\\__idf_esp_system.dir' 
Please manually remove the file `C:\Users\wararyo\Git\M5StopWatch-wararyoLauncher\.pio\build\m5stopwatch-render-check\e
sp-idf\esp_system\CMakeFiles\__idf_esp_system.dir`
[WinError 2] 指定されたファイルが見つかりません。: 'C:\\Users\\wararyo\\Git\\M5StopWatch-wararyoLauncher\\.pio\\build\\m5stopwatch-render
-check\\esp-idf\\esp_system\\CMakeFiles' 
Please manually remove the file `C:\Users\wararyo\Git\M5StopWatch-wararyoLauncher\.pio\build\m5stopwatch-render-check\e
sp-idf\esp_system\CMakeFiles`
[WinError 2] 指定されたファイルが見つかりません。: 'C:\\Users\\wararyo\\Git\\M5StopWatch-wararyoLauncher\\.pio\\build\\m5stopwatch-render
-check\\esp-idf\\esp_system\\cmake_install.cmake' 
Please manually remove the file `C:\Users\wararyo\Git\M5StopWatch-wararyoLauncher\.pio\build\m5stopwatch-render-check\e
sp-idf\esp_system\cmake_install.cmake`
[WinError 2] 指定されたファイルが見つかりません。: 'C:\\Users\\wararyo\\Git\\M5StopWatch-wararyoLauncher\\.pio\\build\\m5stopwatch-render
-check\\esp-idf\\esp_system\\ld\\memory.ld.in' 
Please manually remove the file `C:\Users\wararyo\Git\M5StopWatch-wararyoLauncher\.pio\build\m5stopwatch-render-check\e
sp-idf\esp_system\ld\memory.ld.in`
[WinError 3] 指定されたパスが見つかりません。: 'C:\\Users\\wararyo\\Git\\M5StopWatch-wararyoLauncher\\.pio\\build\\m5stopwatch-render-c
heck\\esp-idf\\esp_system\\ld\\sections.ld.in' 
Please manually remove the file `C:\Users\wararyo\Git\M5StopWatch-wararyoLauncher\.pio\build\m5stopwatch-render-check\e
sp-idf\esp_system\ld\sections.ld.in`
[WinError 2] 指定されたファイルが見つかりません。: 'C:\\Users\\wararyo\\Git\\M5StopWatch-wararyoLauncher\\.pio\\build\\m5stopwatch-render
-check\\esp-idf\\esp_system\\ld' 
Please manually remove the file `C:\Users\wararyo\Git\M5StopWatch-wararyoLauncher\.pio\build\m5stopwatch-render-check\e
sp-idf\esp_system\ld`
[WinError 2] 指定されたファイルが見つかりません。: 'C:\\Users\\wararyo\\Git\\M5StopWatch-wararyoLauncher\\.pio\\build\\m5stopwatch-render
-check\\esp-idf\\esp_system\\libesp_system.a' 
Please manually remove the file `C:\Users\wararyo\Git\M5StopWatch-wararyoLauncher\.pio\build\m5stopwatch-render-check\e
sp-idf\esp_system\libesp_system.a`
[WinError 2] 指定されたファイルが見つかりません。: 'C:\\Users\\wararyo\\Git\\M5StopWatch-wararyoLauncher\\.pio\\build\\m5stopwatch-render
-check\\esp-idf\\esp_system\\port\\cmake_install.cmake' 
Please manually remove the file `C:\Users\wararyo\Git\M5StopWatch-wararyoLauncher\.pio\build\m5stopwatch-render-check\e
sp-idf\esp_system\port\cmake_install.cmake`
[WinError 2] 指定されたファイルが見つかりません。: 'C:\\Users\\wararyo\\Git\\M5StopWatch-wararyoLauncher\\.pio\\build\\m5stopwatch-render
-check\\esp-idf\\esp_system\\port\\soc\\esp32s3\\CMakeFiles' 
Please manually remove the file `C:\Users\wararyo\Git\M5StopWatch-wararyoLauncher\.pio\build\m5stopwatch-render-check\e
sp-idf\esp_system\port\soc\esp32s3\CMakeFiles`
[WinError 2] 指定されたファイルが見つかりません。: 'C:\\Users\\wararyo\\Git\\M5StopWatch-wararyoLauncher\\.pio\\build\\m5stopwatch-render
-check\\esp-idf\\esp_system\\port\\soc\\esp32s3\\CMakeFiles' 
Please manually remove the file `C:\Users\wararyo\Git\M5StopWatch-wararyoLauncher\.pio\build\m5stopwatch-render-check\e
sp-idf\esp_system\port\soc\esp32s3\CMakeFiles`
[WinError 3] 指定されたパスが見つかりません。: 'C:\\Users\\wararyo\\Git\\M5StopWatch-wararyoLauncher\\.pio\\build\\m5stopwatch-render-c
heck\\esp-idf\\esp_system\\port\\soc\\esp32s3\\cmake_install.cmake' 
Please manually remove the file `C:\Users\wararyo\Git\M5StopWatch-wararyoLauncher\.pio\build\m5stopwatch-render-check\e
sp-idf\esp_system\port\soc\esp32s3\cmake_install.cmake`
[WinError 3] 指定されたパスが見つかりません。: 'C:\\Users\\wararyo\\Git\\M5StopWatch-wararyoLauncher\\.pio\\build\\m5stopwatch-render-c
heck\\esp-idf\\esp_system\\port\\soc\\esp32s3' 
Please manually remove the file `C:\Users\wararyo\Git\M5StopWatch-wararyoLauncher\.pio\build\m5stopwatch-render-check\e
sp-idf\esp_system\port\soc\esp32s3`
[WinError 3] 指定されたパスが見つかりません。: 'C:\\Users\\wararyo\\Git\\M5StopWatch-wararyoLauncher\\.pio\\build\\m5stopwatch-render-c
heck\\esp-idf\\esp_system\\port\\soc' 
Please manually remove the file `C:\Users\wararyo\Git\M5StopWatch-wararyoLauncher\.pio\build\m5stopwatch-render-check\e
sp-idf\esp_system\port\soc`
[WinError 3] 指定されたパスが見つかりません。: 'C:\\Users\\wararyo\\Git\\M5StopWatch-wararyoLauncher\\.pio\\build\\m5stopwatch-render-c
heck\\esp-idf\\esp_system\\port' 
Please manually remove the file `C:\Users\wararyo\Git\M5StopWatch-wararyoLauncher\.pio\build\m5stopwatch-render-check\e
sp-idf\esp_system\port`
[WinError 2] 指定されたファイルが見つかりません。: 'C:\\Users\\wararyo\\Git\\M5StopWatch-wararyoLauncher\\.pio\\build\\m5stopwatch-render
-check\\esp-idf\\esp_system' 
Please manually remove the file `C:\Users\wararyo\Git\M5StopWatch-wararyoLauncher\.pio\build\m5stopwatch-render-check\e
sp-idf\esp_system`
[WinError 2] 指定されたファイルが見つかりません。: 'C:\\Users\\wararyo\\Git\\M5StopWatch-wararyoLauncher\\.pio\\build\\m5stopwatch-render
-check\\esp-idf\\esp_timer\\CMakeFiles' 
Please manually remove the file `C:\Users\wararyo\Git\M5StopWatch-wararyoLauncher\.pio\build\m5stopwatch-render-check\e
sp-idf\esp_timer\CMakeFiles`
[WinError 2] 指定されたファイルが見つかりません。: 'C:\\Users\\wararyo\\Git\\M5StopWatch-wararyoLauncher\\.pio\\build\\m5stopwatch-render
-check\\esp-idf\\esp_timer\\cmake_install.cmake' 
Please manually remove the file `C:\Users\wararyo\Git\M5StopWatch-wararyoLauncher\.pio\build\m5stopwatch-render-check\e
sp-idf\esp_timer\cmake_install.cmake`
[WinError 2] 指定されたファイルが見つかりません。: 'C:\\Users\\wararyo\\Git\\M5StopWatch-wararyoLauncher\\.pio\\build\\m5stopwatch-render
-check\\esp-idf\\esp_timer\\libesp_timer.a' 
Please manually remove the file `C:\Users\wararyo\Git\M5StopWatch-wararyoLauncher\.pio\build\m5stopwatch-render-check\e
sp-idf\esp_timer\libesp_timer.a`
[WinError 2] 指定されたファイルが見つかりません。: 'C:\\Users\\wararyo\\Git\\M5StopWatch-wararyoLauncher\\.pio\\build\\m5stopwatch-render
-check\\esp-idf\\esp_timer' 
Please manually remove the file `C:\Users\wararyo\Git\M5StopWatch-wararyoLauncher\.pio\build\m5stopwatch-render-check\e
sp-idf\esp_timer`
[WinError 3] 指定されたパスが見つかりません。: 'C:\\Users\\wararyo\\Git\\M5StopWatch-wararyoLauncher\\.pio\\build\\m5stopwatch-render-c
heck\\esp-idf\\esp_vfs_console\\libesp_vfs_console.a' 
Please manually remove the file `C:\Users\wararyo\Git\M5StopWatch-wararyoLauncher\.pio\build\m5stopwatch-render-check\e
sp-idf\esp_vfs_console\libesp_vfs_console.a`
[WinError 2] 指定されたファイルが見つかりません。: 'C:\\Users\\wararyo\\Git\\M5StopWatch-wararyoLauncher\\.pio\\build\\m5stopwatch-render
-check\\esp-idf\\esp_vfs_console' 
Please manually remove the file `C:\Users\wararyo\Git\M5StopWatch-wararyoLauncher\.pio\build\m5stopwatch-render-check\e
sp-idf\esp_vfs_console`
[WinError 2] 指定されたファイルが見つかりません。: 'C:\\Users\\wararyo\\Git\\M5StopWatch-wararyoLauncher\\.pio\\build\\m5stopwatch-render
-check\\esp-idf\\esp_wifi\\CMakeFiles\\__idf_esp_wifi.dir\\src' 
Please manually remove the file `C:\Users\wararyo\Git\M5StopWatch-wararyoLauncher\.pio\build\m5stopwatch-render-check\e
sp-idf\esp_wifi\CMakeFiles\__idf_esp_wifi.dir\src`
[WinError 3] 指定されたパスが見つかりません。: 'C:\\Users\\wararyo\\Git\\M5StopWatch-wararyoLauncher\\.pio\\build\\m5stopwatch-render-c
heck\\esp-idf\\esp_wifi\\CMakeFiles\\__idf_esp_wifi.dir\\src' 
Please manually remove the file `C:\Users\wararyo\Git\M5StopWatch-wararyoLauncher\.pio\build\m5stopwatch-render-check\e
sp-idf\esp_wifi\CMakeFiles\__idf_esp_wifi.dir\src`
[WinError 3] 指定されたパスが見つかりません。: 'C:\\Users\\wararyo\\Git\\M5StopWatch-wararyoLauncher\\.pio\\build\\m5stopwatch-render-c
heck\\esp-idf\\esp_wifi\\CMakeFiles\\__idf_esp_wifi.dir' 
Please manually remove the file `C:\Users\wararyo\Git\M5StopWatch-wararyoLauncher\.pio\build\m5stopwatch-render-check\e
sp-idf\esp_wifi\CMakeFiles\__idf_esp_wifi.dir`
[WinError 3] 指定されたパスが見つかりません。: 'C:\\Users\\wararyo\\Git\\M5StopWatch-wararyoLauncher\\.pio\\build\\m5stopwatch-render-c
heck\\esp-idf\\esp_wifi\\CMakeFiles' 
Please manually remove the file `C:\Users\wararyo\Git\M5StopWatch-wararyoLauncher\.pio\build\m5stopwatch-render-check\e
sp-idf\esp_wifi\CMakeFiles`
[WinError 3] 指定されたパスが見つかりません。: 'C:\\Users\\wararyo\\Git\\M5StopWatch-wararyoLauncher\\.pio\\build\\m5stopwatch-render-c
heck\\esp-idf\\esp_wifi\\cmake_install.cmake' 
Please manually remove the file `C:\Users\wararyo\Git\M5StopWatch-wararyoLauncher\.pio\build\m5stopwatch-render-check\e
sp-idf\esp_wifi\cmake_install.cmake`
[WinError 3] 指定されたパスが見つかりません。: 'C:\\Users\\wararyo\\Git\\M5StopWatch-wararyoLauncher\\.pio\\build\\m5stopwatch-render-c
heck\\esp-idf\\esp_wifi\\libesp_wifi.a' 
Please manually remove the file `C:\Users\wararyo\Git\M5StopWatch-wararyoLauncher\.pio\build\m5stopwatch-render-check\e
sp-idf\esp_wifi\libesp_wifi.a`
[WinError 2] 指定されたファイルが見つかりません。: 'C:\\Users\\wararyo\\Git\\M5StopWatch-wararyoLauncher\\.pio\\build\\m5stopwatch-render
-check\\esp-idf\\esp_wifi' 
Please manually remove the file `C:\Users\wararyo\Git\M5StopWatch-wararyoLauncher\.pio\build\m5stopwatch-render-check\e
sp-idf\esp_wifi`
[WinError 3] 指定されたパスが見つかりません。: 'C:\\Users\\wararyo\\Git\\M5StopWatch-wararyoLauncher\\.pio\\build\\m5stopwatch-render-c
heck\\esp-idf\\fatfs\\CMakeFiles\\__idf_fatfs.dir\\port\\freertos' 
Please manually remove the file `C:\Users\wararyo\Git\M5StopWatch-wararyoLauncher\.pio\build\m5stopwatch-render-check\e
sp-idf\fatfs\CMakeFiles\__idf_fatfs.dir\port\freertos`
[WinError 2] 指定されたファイルが見つかりません。: 'C:\\Users\\wararyo\\Git\\M5StopWatch-wararyoLauncher\\.pio\\build\\m5stopwatch-render
-check\\esp-idf\\fatfs\\CMakeFiles\\__idf_fatfs.dir\\port' 
Please manually remove the file `C:\Users\wararyo\Git\M5StopWatch-wararyoLauncher\.pio\build\m5stopwatch-render-check\e
sp-idf\fatfs\CMakeFiles\__idf_fatfs.dir\port`
[WinError 2] 指定されたファイルが見つかりません。: 'C:\\Users\\wararyo\\Git\\M5StopWatch-wararyoLauncher\\.pio\\build\\m5stopwatch-render
-check\\esp-idf\\fatfs\\CMakeFiles\\__idf_fatfs.dir\\src' 
Please manually remove the file `C:\Users\wararyo\Git\M5StopWatch-wararyoLauncher\.pio\build\m5stopwatch-render-check\e
sp-idf\fatfs\CMakeFiles\__idf_fatfs.dir\src`
[WinError 3] 指定されたパスが見つかりません。: 'C:\\Users\\wararyo\\Git\\M5StopWatch-wararyoLauncher\\.pio\\build\\m5stopwatch-render-c
heck\\esp-idf\\fatfs\\CMakeFiles\\__idf_fatfs.dir\\src' 
Please manually remove the file `C:\Users\wararyo\Git\M5StopWatch-wararyoLauncher\.pio\build\m5stopwatch-render-check\e
sp-idf\fatfs\CMakeFiles\__idf_fatfs.dir\src`
[WinError 3] 指定されたパスが見つかりません。: 'C:\\Users\\wararyo\\Git\\M5StopWatch-wararyoLauncher\\.pio\\build\\m5stopwatch-render-c
heck\\esp-idf\\fatfs\\CMakeFiles\\__idf_fatfs.dir\\vfs' 
Please manually remove the file `C:\Users\wararyo\Git\M5StopWatch-wararyoLauncher\.pio\build\m5stopwatch-render-check\e
sp-idf\fatfs\CMakeFiles\__idf_fatfs.dir\vfs`
[WinError 3] 指定されたパスが見つかりません。: 'C:\\Users\\wararyo\\Git\\M5StopWatch-wararyoLauncher\\.pio\\build\\m5stopwatch-render-c
heck\\esp-idf\\fatfs\\CMakeFiles\\__idf_fatfs.dir\\vfs' 
Please manually remove the file `C:\Users\wararyo\Git\M5StopWatch-wararyoLauncher\.pio\build\m5stopwatch-render-check\e
sp-idf\fatfs\CMakeFiles\__idf_fatfs.dir\vfs`
[WinError 3] 指定されたパスが見つかりません。: 'C:\\Users\\wararyo\\Git\\M5StopWatch-wararyoLauncher\\.pio\\build\\m5stopwatch-render-c
heck\\esp-idf\\fatfs\\CMakeFiles\\__idf_fatfs.dir' 
Please manually remove the file `C:\Users\wararyo\Git\M5StopWatch-wararyoLauncher\.pio\build\m5stopwatch-render-check\e
sp-idf\fatfs\CMakeFiles\__idf_fatfs.dir`
[WinError 3] 指定されたパスが見つかりません。: 'C:\\Users\\wararyo\\Git\\M5StopWatch-wararyoLauncher\\.pio\\build\\m5stopwatch-render-c
heck\\esp-idf\\fatfs\\CMakeFiles' 
Please manually remove the file `C:\Users\wararyo\Git\M5StopWatch-wararyoLauncher\.pio\build\m5stopwatch-render-check\e
sp-idf\fatfs\CMakeFiles`
[WinError 3] 指定されたパスが見つかりません。: 'C:\\Users\\wararyo\\Git\\M5StopWatch-wararyoLauncher\\.pio\\build\\m5stopwatch-render-c
heck\\esp-idf\\fatfs\\cmake_install.cmake' 
Please manually remove the file `C:\Users\wararyo\Git\M5StopWatch-wararyoLauncher\.pio\build\m5stopwatch-render-check\e
sp-idf\fatfs\cmake_install.cmake`
[WinError 3] 指定されたパスが見つかりません。: 'C:\\Users\\wararyo\\Git\\M5StopWatch-wararyoLauncher\\.pio\\build\\m5stopwatch-render-c
heck\\esp-idf\\fatfs\\libfatfs.a' 
Please manually remove the file `C:\Users\wararyo\Git\M5StopWatch-wararyoLauncher\.pio\build\m5stopwatch-render-check\e
sp-idf\fatfs\libfatfs.a`
[WinError 2] 指定されたファイルが見つかりません。: 'C:\\Users\\wararyo\\Git\\M5StopWatch-wararyoLauncher\\.pio\\build\\m5stopwatch-render
-check\\esp-idf\\fatfs' 
Please manually remove the file `C:\Users\wararyo\Git\M5StopWatch-wararyoLauncher\.pio\build\m5stopwatch-render-check\e
sp-idf\fatfs`
[WinError 2] 指定されたファイルが見つかりません。: 'C:\\Users\\wararyo\\Git\\M5StopWatch-wararyoLauncher\\.pio\\build\\m5stopwatch-render
-check\\esp-idf\\freertos\\CMakeFiles\\__idf_freertos.dir\\FreeRTOS-Kernel\\portable' 
Please manually remove the file `C:\Users\wararyo\Git\M5StopWatch-wararyoLauncher\.pio\build\m5stopwatch-render-check\e
sp-idf\freertos\CMakeFiles\__idf_freertos.dir\FreeRTOS-Kernel\portable`
[WinError 3] 指定されたパスが見つかりません。: 'C:\\Users\\wararyo\\Git\\M5StopWatch-wararyoLauncher\\.pio\\build\\m5stopwatch-render-c
heck\\esp-idf\\freertos\\CMakeFiles\\__idf_freertos.dir\\FreeRTOS-Kernel\\portable' 
Please manually remove the file `C:\Users\wararyo\Git\M5StopWatch-wararyoLauncher\.pio\build\m5stopwatch-render-check\e
sp-idf\freertos\CMakeFiles\__idf_freertos.dir\FreeRTOS-Kernel\portable`
[WinError 3] 指定されたパスが見つかりません。: 'C:\\Users\\wararyo\\Git\\M5StopWatch-wararyoLauncher\\.pio\\build\\m5stopwatch-render-c
heck\\esp-idf\\freertos\\CMakeFiles\\__idf_freertos.dir\\FreeRTOS-Kernel' 
Please manually remove the file `C:\Users\wararyo\Git\M5StopWatch-wararyoLauncher\.pio\build\m5stopwatch-render-check\e
sp-idf\freertos\CMakeFiles\__idf_freertos.dir\FreeRTOS-Kernel`
[WinError 3] 指定されたパスが見つかりません。: 'C:\\Users\\wararyo\\Git\\M5StopWatch-wararyoLauncher\\.pio\\build\\m5stopwatch-render-c
heck\\esp-idf\\freertos\\CMakeFiles\\__idf_freertos.dir' 
Please manually remove the file `C:\Users\wararyo\Git\M5StopWatch-wararyoLauncher\.pio\build\m5stopwatch-render-check\e
sp-idf\freertos\CMakeFiles\__idf_freertos.dir`
[WinError 2] 指定されたファイルが見つかりません。: 'C:\\Users\\wararyo\\Git\\M5StopWatch-wararyoLauncher\\.pio\\build\\m5stopwatch-render
-check\\esp-idf\\freertos\\CMakeFiles' 
Please manually remove the file `C:\Users\wararyo\Git\M5StopWatch-wararyoLauncher\.pio\build\m5stopwatch-render-check\e
sp-idf\freertos\CMakeFiles`
[WinError 2] 指定されたファイルが見つかりません。: 'C:\\Users\\wararyo\\Git\\M5StopWatch-wararyoLauncher\\.pio\\build\\m5stopwatch-render
-check\\esp-idf\\freertos\\cmake_install.cmake' 
Please manually remove the file `C:\Users\wararyo\Git\M5StopWatch-wararyoLauncher\.pio\build\m5stopwatch-render-check\e
sp-idf\freertos\cmake_install.cmake`
[WinError 3] 指定されたパスが見つかりません。: 'C:\\Users\\wararyo\\Git\\M5StopWatch-wararyoLauncher\\.pio\\build\\m5stopwatch-render-c
heck\\esp-idf\\freertos\\libfreertos.a' 
Please manually remove the file `C:\Users\wararyo\Git\M5StopWatch-wararyoLauncher\.pio\build\m5stopwatch-render-check\e
sp-idf\freertos\libfreertos.a`
[WinError 2] 指定されたファイルが見つかりません。: 'C:\\Users\\wararyo\\Git\\M5StopWatch-wararyoLauncher\\.pio\\build\\m5stopwatch-render
-check\\esp-idf\\freertos' 
Please manually remove the file `C:\Users\wararyo\Git\M5StopWatch-wararyoLauncher\.pio\build\m5stopwatch-render-check\e
sp-idf\freertos`
[WinError 2] 指定されたファイルが見つかりません。: 'C:\\Users\\wararyo\\Git\\M5StopWatch-wararyoLauncher\\.pio\\build\\m5stopwatch-render
-check\\esp-idf\\hal\\CMakeFiles\\__idf_hal.dir' 
Please manually remove the file `C:\Users\wararyo\Git\M5StopWatch-wararyoLauncher\.pio\build\m5stopwatch-render-check\e
sp-idf\hal\CMakeFiles\__idf_hal.dir`
[WinError 2] 指定されたファイルが見つかりません。: 'C:\\Users\\wararyo\\Git\\M5StopWatch-wararyoLauncher\\.pio\\build\\m5stopwatch-render
-check\\esp-idf\\hal\\CMakeFiles' 
Please manually remove the file `C:\Users\wararyo\Git\M5StopWatch-wararyoLauncher\.pio\build\m5stopwatch-render-check\e
sp-idf\hal\CMakeFiles`
[WinError 2] 指定されたファイルが見つかりません。: 'C:\\Users\\wararyo\\Git\\M5StopWatch-wararyoLauncher\\.pio\\build\\m5stopwatch-render
-check\\esp-idf\\hal\\cmake_install.cmake' 
Please manually remove the file `C:\Users\wararyo\Git\M5StopWatch-wararyoLauncher\.pio\build\m5stopwatch-render-check\e
sp-idf\hal\cmake_install.cmake`
[WinError 3] 指定されたパスが見つかりません。: 'C:\\Users\\wararyo\\Git\\M5StopWatch-wararyoLauncher\\.pio\\build\\m5stopwatch-render-c
heck\\esp-idf\\hal\\libhal.a' 
Please manually remove the file `C:\Users\wararyo\Git\M5StopWatch-wararyoLauncher\.pio\build\m5stopwatch-render-check\e
sp-idf\hal\libhal.a`
[WinError 2] 指定されたファイルが見つかりません。: 'C:\\Users\\wararyo\\Git\\M5StopWatch-wararyoLauncher\\.pio\\build\\m5stopwatch-render
-check\\esp-idf\\hal' 
Please manually remove the file `C:\Users\wararyo\Git\M5StopWatch-wararyoLauncher\.pio\build\m5stopwatch-render-check\e
sp-idf\hal`
[WinError 2] 指定されたファイルが見つかりません。: 'C:\\Users\\wararyo\\Git\\M5StopWatch-wararyoLauncher\\.pio\\build\\m5stopwatch-render
-check\\esp-idf\\heap\\CMakeFiles\\__idf_heap.dir\\tlsf' 
Please manually remove the file `C:\Users\wararyo\Git\M5StopWatch-wararyoLauncher\.pio\build\m5stopwatch-render-check\e
sp-idf\heap\CMakeFiles\__idf_heap.dir\tlsf`
[WinError 2] 指定されたファイルが見つかりません。: 'C:\\Users\\wararyo\\Git\\M5StopWatch-wararyoLauncher\\.pio\\build\\m5stopwatch-render
-check\\esp-idf\\heap\\CMakeFiles\\__idf_heap.dir' 
Please manually remove the file `C:\Users\wararyo\Git\M5StopWatch-wararyoLauncher\.pio\build\m5stopwatch-render-check\e
sp-idf\heap\CMakeFiles\__idf_heap.dir`
[WinError 2] 指定されたファイルが見つかりません。: 'C:\\Users\\wararyo\\Git\\M5StopWatch-wararyoLauncher\\.pio\\build\\m5stopwatch-render
-check\\esp-idf\\heap\\CMakeFiles' 
Please manually remove the file `C:\Users\wararyo\Git\M5StopWatch-wararyoLauncher\.pio\build\m5stopwatch-render-check\e
sp-idf\heap\CMakeFiles`
[WinError 2] 指定されたファイルが見つかりません。: 'C:\\Users\\wararyo\\Git\\M5StopWatch-wararyoLauncher\\.pio\\build\\m5stopwatch-render
-check\\esp-idf\\heap\\cmake_install.cmake' 
Please manually remove the file `C:\Users\wararyo\Git\M5StopWatch-wararyoLauncher\.pio\build\m5stopwatch-render-check\e
sp-idf\heap\cmake_install.cmake`
[WinError 3] 指定されたパスが見つかりません。: 'C:\\Users\\wararyo\\Git\\M5StopWatch-wararyoLauncher\\.pio\\build\\m5stopwatch-render-c
heck\\esp-idf\\heap\\libheap.a' 
Please manually remove the file `C:\Users\wararyo\Git\M5StopWatch-wararyoLauncher\.pio\build\m5stopwatch-render-check\e
sp-idf\heap\libheap.a`
[WinError 2] 指定されたファイルが見つかりません。: 'C:\\Users\\wararyo\\Git\\M5StopWatch-wararyoLauncher\\.pio\\build\\m5stopwatch-render
-check\\esp-idf\\heap' 
Please manually remove the file `C:\Users\wararyo\Git\M5StopWatch-wararyoLauncher\.pio\build\m5stopwatch-render-check\e
sp-idf\heap`
[WinError 2] 指定されたファイルが見つかりません。: 'C:\\Users\\wararyo\\Git\\M5StopWatch-wararyoLauncher\\.pio\\build\\m5stopwatch-render
-check\\esp-idf\\http_parser\\cmake_install.cmake' 
Please manually remove the file `C:\Users\wararyo\Git\M5StopWatch-wararyoLauncher\.pio\build\m5stopwatch-render-check\e
sp-idf\http_parser\cmake_install.cmake`
[WinError 2] 指定されたファイルが見つかりません。: 'C:\\Users\\wararyo\\Git\\M5StopWatch-wararyoLauncher\\.pio\\build\\m5stopwatch-render
-check\\esp-idf\\http_parser\\libhttp_parser.a' 
Please manually remove the file `C:\Users\wararyo\Git\M5StopWatch-wararyoLauncher\.pio\build\m5stopwatch-render-check\e
sp-idf\http_parser\libhttp_parser.a`
[WinError 2] 指定されたファイルが見つかりません。: 'C:\\Users\\wararyo\\Git\\M5StopWatch-wararyoLauncher\\.pio\\build\\m5stopwatch-render
-check\\esp-idf\\http_parser' 
Please manually remove the file `C:\Users\wararyo\Git\M5StopWatch-wararyoLauncher\.pio\build\m5stopwatch-render-check\e
sp-idf\http_parser`
[WinError 2] 指定されたファイルが見つかりません。: 'C:\\Users\\wararyo\\Git\\M5StopWatch-wararyoLauncher\\.pio\\build\\m5stopwatch-render
-check\\esp-idf\\idf_test\\CMakeFiles' 
Please manually remove the file `C:\Users\wararyo\Git\M5StopWatch-wararyoLauncher\.pio\build\m5stopwatch-render-check\e
sp-idf\idf_test\CMakeFiles`
[WinError 3] 指定されたパスが見つかりません。: 'C:\\Users\\wararyo\\Git\\M5StopWatch-wararyoLauncher\\.pio\\build\\m5stopwatch-render-c
heck\\esp-idf\\idf_test\\CMakeFiles' 
Please manually remove the file `C:\Users\wararyo\Git\M5StopWatch-wararyoLauncher\.pio\build\m5stopwatch-render-check\e
sp-idf\idf_test\CMakeFiles`
[WinError 3] 指定されたパスが見つかりません。: 'C:\\Users\\wararyo\\Git\\M5StopWatch-wararyoLauncher\\.pio\\build\\m5stopwatch-render-c
heck\\esp-idf\\idf_test\\cmake_install.cmake' 
Please manually remove the file `C:\Users\wararyo\Git\M5StopWatch-wararyoLauncher\.pio\build\m5stopwatch-render-check\e
sp-idf\idf_test\cmake_install.cmake`
[WinError 2] 指定されたファイルが見つかりません。: 'C:\\Users\\wararyo\\Git\\M5StopWatch-wararyoLauncher\\.pio\\build\\m5stopwatch-render
-check\\esp-idf\\idf_test' 
Please manually remove the file `C:\Users\wararyo\Git\M5StopWatch-wararyoLauncher\.pio\build\m5stopwatch-render-check\e
sp-idf\idf_test`
[WinError 2] 指定されたファイルが見つかりません。: 'C:\\Users\\wararyo\\Git\\M5StopWatch-wararyoLauncher\\.pio\\build\\m5stopwatch-render
-check\\esp-idf\\ieee802154' 
Please manually remove the file `C:\Users\wararyo\Git\M5StopWatch-wararyoLauncher\.pio\build\m5stopwatch-render-check\e
sp-idf\ieee802154`
[WinError 2] 指定されたファイルが見つかりません。: 'C:\\Users\\wararyo\\Git\\M5StopWatch-wararyoLauncher\\.pio\\build\\m5stopwatch-render
-check\\esp-idf\\json\\CMakeFiles' 
Please manually remove the file `C:\Users\wararyo\Git\M5StopWatch-wararyoLauncher\.pio\build\m5stopwatch-render-check\e
sp-idf\json\CMakeFiles`
[WinError 2] 指定されたファイルが見つかりません。: 'C:\\Users\\wararyo\\Git\\M5StopWatch-wararyoLauncher\\.pio\\build\\m5stopwatch-render
-check\\esp-idf\\json\\cmake_install.cmake' 
Please manually remove the file `C:\Users\wararyo\Git\M5StopWatch-wararyoLauncher\.pio\build\m5stopwatch-render-check\e
sp-idf\json\cmake_install.cmake`
[WinError 3] 指定されたパスが見つかりません。: 'C:\\Users\\wararyo\\Git\\M5StopWatch-wararyoLauncher\\.pio\\build\\m5stopwatch-render-c
heck\\esp-idf\\json\\libjson.a' 
Please manually remove the file `C:\Users\wararyo\Git\M5StopWatch-wararyoLauncher\.pio\build\m5stopwatch-render-check\e
sp-idf\json\libjson.a`
[WinError 2] 指定されたファイルが見つかりません。: 'C:\\Users\\wararyo\\Git\\M5StopWatch-wararyoLauncher\\.pio\\build\\m5stopwatch-render
-check\\esp-idf\\json' 
Please manually remove the file `C:\Users\wararyo\Git\M5StopWatch-wararyoLauncher\.pio\build\m5stopwatch-render-check\e
sp-idf\json`
[WinError 2] 指定されたファイルが見つかりません。: 'C:\\Users\\wararyo\\Git\\M5StopWatch-wararyoLauncher\\.pio\\build\\m5stopwatch-render
-check\\esp-idf\\log\\CMakeFiles\\__idf_log.dir\\src\\log_level\\tag_log_level\\cache' 
Please manually remove the file `C:\Users\wararyo\Git\M5StopWatch-wararyoLauncher\.pio\build\m5stopwatch-render-check\e
sp-idf\log\CMakeFiles\__idf_log.dir\src\log_level\tag_log_level\cache`
[WinError 3] 指定されたパスが見つかりません。: 'C:\\Users\\wararyo\\Git\\M5StopWatch-wararyoLauncher\\.pio\\build\\m5stopwatch-render-c
heck\\esp-idf\\log\\CMakeFiles\\__idf_log.dir\\src\\log_level\\tag_log_level\\linked_list' 
Please manually remove the file `C:\Users\wararyo\Git\M5StopWatch-wararyoLauncher\.pio\build\m5stopwatch-render-check\e
sp-idf\log\CMakeFiles\__idf_log.dir\src\log_level\tag_log_level\linked_list`
[WinError 3] 指定されたパスが見つかりません。: 'C:\\Users\\wararyo\\Git\\M5StopWatch-wararyoLauncher\\.pio\\build\\m5stopwatch-render-c
heck\\esp-idf\\log\\CMakeFiles\\__idf_log.dir\\src\\log_level\\tag_log_level\\linked_list' 
Please manually remove the file `C:\Users\wararyo\Git\M5StopWatch-wararyoLauncher\.pio\build\m5stopwatch-render-check\e
sp-idf\log\CMakeFiles\__idf_log.dir\src\log_level\tag_log_level\linked_list`
[WinError 3] 指定されたパスが見つかりません。: 'C:\\Users\\wararyo\\Git\\M5StopWatch-wararyoLauncher\\.pio\\build\\m5stopwatch-render-c
heck\\esp-idf\\log\\CMakeFiles\\__idf_log.dir\\src\\log_level\\tag_log_level' 
Please manually remove the file `C:\Users\wararyo\Git\M5StopWatch-wararyoLauncher\.pio\build\m5stopwatch-render-check\e
sp-idf\log\CMakeFiles\__idf_log.dir\src\log_level\tag_log_level`
[WinError 2] 指定されたファイルが見つかりません。: 'C:\\Users\\wararyo\\Git\\M5StopWatch-wararyoLauncher\\.pio\\build\\m5stopwatch-render
-check\\esp-idf\\log\\CMakeFiles\\__idf_log.dir\\src\\log_level' 
Please manually remove the file `C:\Users\wararyo\Git\M5StopWatch-wararyoLauncher\.pio\build\m5stopwatch-render-check\e
sp-idf\log\CMakeFiles\__idf_log.dir\src\log_level`
[WinError 3] 指定されたパスが見つかりません。: 'C:\\Users\\wararyo\\Git\\M5StopWatch-wararyoLauncher\\.pio\\build\\m5stopwatch-render-c
heck\\esp-idf\\log\\CMakeFiles\\__idf_log.dir\\src\\os' 
Please manually remove the file `C:\Users\wararyo\Git\M5StopWatch-wararyoLauncher\.pio\build\m5stopwatch-render-check\e
sp-idf\log\CMakeFiles\__idf_log.dir\src\os`
[WinError 3] 指定されたパスが見つかりません。: 'C:\\Users\\wararyo\\Git\\M5StopWatch-wararyoLauncher\\.pio\\build\\m5stopwatch-render-c
heck\\esp-idf\\log\\CMakeFiles\\__idf_log.dir\\src\\os' 
Please manually remove the file `C:\Users\wararyo\Git\M5StopWatch-wararyoLauncher\.pio\build\m5stopwatch-render-check\e
sp-idf\log\CMakeFiles\__idf_log.dir\src\os`
[WinError 3] 指定されたパスが見つかりません。: 'C:\\Users\\wararyo\\Git\\M5StopWatch-wararyoLauncher\\.pio\\build\\m5stopwatch-render-c
heck\\esp-idf\\log\\CMakeFiles\\__idf_log.dir\\src' 
Please manually remove the file `C:\Users\wararyo\Git\M5StopWatch-wararyoLauncher\.pio\build\m5stopwatch-render-check\e
sp-idf\log\CMakeFiles\__idf_log.dir\src`
[WinError 3] 指定されたパスが見つかりません。: 'C:\\Users\\wararyo\\Git\\M5StopWatch-wararyoLauncher\\.pio\\build\\m5stopwatch-render-c
heck\\esp-idf\\log\\CMakeFiles\\__idf_log.dir' 
Please manually remove the file `C:\Users\wararyo\Git\M5StopWatch-wararyoLauncher\.pio\build\m5stopwatch-render-check\e
sp-idf\log\CMakeFiles\__idf_log.dir`
[WinError 2] 指定されたファイルが見つかりません。: 'C:\\Users\\wararyo\\Git\\M5StopWatch-wararyoLauncher\\.pio\\build\\m5stopwatch-render
-check\\esp-idf\\log\\CMakeFiles' 
Please manually remove the file `C:\Users\wararyo\Git\M5StopWatch-wararyoLauncher\.pio\build\m5stopwatch-render-check\e
sp-idf\log\CMakeFiles`
[WinError 3] 指定されたパスが見つかりません。: 'C:\\Users\\wararyo\\Git\\M5StopWatch-wararyoLauncher\\.pio\\build\\m5stopwatch-render-c
heck\\esp-idf\\log\\cmake_install.cmake' 
Please manually remove the file `C:\Users\wararyo\Git\M5StopWatch-wararyoLauncher\.pio\build\m5stopwatch-render-check\e
sp-idf\log\cmake_install.cmake`
[WinError 3] 指定されたパスが見つかりません。: 'C:\\Users\\wararyo\\Git\\M5StopWatch-wararyoLauncher\\.pio\\build\\m5stopwatch-render-c
heck\\esp-idf\\log\\liblog.a' 
Please manually remove the file `C:\Users\wararyo\Git\M5StopWatch-wararyoLauncher\.pio\build\m5stopwatch-render-check\e
sp-idf\log\liblog.a`
[WinError 2] 指定されたファイルが見つかりません。: 'C:\\Users\\wararyo\\Git\\M5StopWatch-wararyoLauncher\\.pio\\build\\m5stopwatch-render
-check\\esp-idf\\log' 
Please manually remove the file `C:\Users\wararyo\Git\M5StopWatch-wararyoLauncher\.pio\build\m5stopwatch-render-check\e
sp-idf\log`
[WinError 2] 指定されたファイルが見つかりません。: 'C:\\Users\\wararyo\\Git\\M5StopWatch-wararyoLauncher\\.pio\\build\\m5stopwatch-render
-check\\esp-idf\\lwip\\CMakeFiles\\__idf_lwip.dir\\apps\\ping' 
Please manually remove the file `C:\Users\wararyo\Git\M5StopWatch-wararyoLauncher\.pio\build\m5stopwatch-render-check\e
sp-idf\lwip\CMakeFiles\__idf_lwip.dir\apps\ping`
[WinError 2] 指定されたファイルが見つかりません。: 'C:\\Users\\wararyo\\Git\\M5StopWatch-wararyoLauncher\\.pio\\build\\m5stopwatch-render
-check\\esp-idf\\lwip\\CMakeFiles\\__idf_lwip.dir\\apps\\ping' 
Please manually remove the file `C:\Users\wararyo\Git\M5StopWatch-wararyoLauncher\.pio\build\m5stopwatch-render-check\e
sp-idf\lwip\CMakeFiles\__idf_lwip.dir\apps\ping`
[WinError 3] 指定されたパスが見つかりません。: 'C:\\Users\\wararyo\\Git\\M5StopWatch-wararyoLauncher\\.pio\\build\\m5stopwatch-render-c
heck\\esp-idf\\lwip\\CMakeFiles\\__idf_lwip.dir\\apps\\sntp' 
Please manually remove the file `C:\Users\wararyo\Git\M5StopWatch-wararyoLauncher\.pio\build\m5stopwatch-render-check\e
sp-idf\lwip\CMakeFiles\__idf_lwip.dir\apps\sntp`
[WinError 2] 指定されたファイルが見つかりません。: 'C:\\Users\\wararyo\\Git\\M5StopWatch-wararyoLauncher\\.pio\\build\\m5stopwatch-render
-check\\esp-idf\\lwip\\CMakeFiles\\__idf_lwip.dir\\apps' 
Please manually remove the file `C:\Users\wararyo\Git\M5StopWatch-wararyoLauncher\.pio\build\m5stopwatch-render-check\e
sp-idf\lwip\CMakeFiles\__idf_lwip.dir\apps`
[WinError 3] 指定されたパスが見つかりません。: 'C:\\Users\\wararyo\\Git\\M5StopWatch-wararyoLauncher\\.pio\\build\\m5stopwatch-render-c
heck\\esp-idf\\lwip\\CMakeFiles\\__idf_lwip.dir\\lwip\\src\\apps\\sntp' 
Please manually remove the file `C:\Users\wararyo\Git\M5StopWatch-wararyoLauncher\.pio\build\m5stopwatch-render-check\e
sp-idf\lwip\CMakeFiles\__idf_lwip.dir\lwip\src\apps\sntp`
[WinError 2] 指定されたファイルが見つかりません。: 'C:\\Users\\wararyo\\Git\\M5StopWatch-wararyoLauncher\\.pio\\build\\m5stopwatch-render
-check\\esp-idf\\lwip\\CMakeFiles\\__idf_lwip.dir\\lwip\\src\\apps' 
Please manually remove the file `C:\Users\wararyo\Git\M5StopWatch-wararyoLauncher\.pio\build\m5stopwatch-render-check\e
sp-idf\lwip\CMakeFiles\__idf_lwip.dir\lwip\src\apps`
[WinError 2] 指定されたファイルが見つかりません。: 'C:\\Users\\wararyo\\Git\\M5StopWatch-wararyoLauncher\\.pio\\build\\m5stopwatch-render
-check\\esp-idf\\lwip\\CMakeFiles\\__idf_lwip.dir\\lwip\\src\\core\\ipv4' 
Please manually remove the file `C:\Users\wararyo\Git\M5StopWatch-wararyoLauncher\.pio\build\m5stopwatch-render-check\e
sp-idf\lwip\CMakeFiles\__idf_lwip.dir\lwip\src\core\ipv4`
[WinError 3] 指定されたパスが見つかりません。: 'C:\\Users\\wararyo\\Git\\M5StopWatch-wararyoLauncher\\.pio\\build\\m5stopwatch-render-c
heck\\esp-idf\\lwip\\CMakeFiles\\__idf_lwip.dir\\lwip\\src\\core\\ipv6' 
Please manually remove the file `C:\Users\wararyo\Git\M5StopWatch-wararyoLauncher\.pio\build\m5stopwatch-render-check\e
sp-idf\lwip\CMakeFiles\__idf_lwip.dir\lwip\src\core\ipv6`
[WinError 2] 指定されたファイルが見つかりません。: 'C:\\Users\\wararyo\\Git\\M5StopWatch-wararyoLauncher\\.pio\\build\\m5stopwatch-render
-check\\esp-idf\\lwip\\CMakeFiles\\__idf_lwip.dir\\lwip\\src\\core' 
Please manually remove the file `C:\Users\wararyo\Git\M5StopWatch-wararyoLauncher\.pio\build\m5stopwatch-render-check\e
sp-idf\lwip\CMakeFiles\__idf_lwip.dir\lwip\src\core`
[WinError 3] 指定されたパスが見つかりません。: 'C:\\Users\\wararyo\\Git\\M5StopWatch-wararyoLauncher\\.pio\\build\\m5stopwatch-render-c
heck\\esp-idf\\lwip\\CMakeFiles\\__idf_lwip.dir\\lwip\\src\\netif\\ppp' 
Please manually remove the file `C:\Users\wararyo\Git\M5StopWatch-wararyoLauncher\.pio\build\m5stopwatch-render-check\e
sp-idf\lwip\CMakeFiles\__idf_lwip.dir\lwip\src\netif\ppp`
[WinError 3] 指定されたパスが見つかりません。: 'C:\\Users\\wararyo\\Git\\M5StopWatch-wararyoLauncher\\.pio\\build\\m5stopwatch-render-c
heck\\esp-idf\\lwip\\CMakeFiles\\__idf_lwip.dir\\lwip\\src\\netif' 
Please manually remove the file `C:\Users\wararyo\Git\M5StopWatch-wararyoLauncher\.pio\build\m5stopwatch-render-check\e
sp-idf\lwip\CMakeFiles\__idf_lwip.dir\lwip\src\netif`
[WinError 3] 指定されたパスが見つかりません。: 'C:\\Users\\wararyo\\Git\\M5StopWatch-wararyoLauncher\\.pio\\build\\m5stopwatch-render-c
heck\\esp-idf\\lwip\\CMakeFiles\\__idf_lwip.dir\\lwip\\src' 
Please manually remove the file `C:\Users\wararyo\Git\M5StopWatch-wararyoLauncher\.pio\build\m5stopwatch-render-check\e
sp-idf\lwip\CMakeFiles\__idf_lwip.dir\lwip\src`
[WinError 2] 指定されたファイルが見つかりません。: 'C:\\Users\\wararyo\\Git\\M5StopWatch-wararyoLauncher\\.pio\\build\\m5stopwatch-render
-check\\esp-idf\\lwip\\CMakeFiles\\__idf_lwip.dir\\lwip' 
Please manually remove the file `C:\Users\wararyo\Git\M5StopWatch-wararyoLauncher\.pio\build\m5stopwatch-render-check\e
sp-idf\lwip\CMakeFiles\__idf_lwip.dir\lwip`
[WinError 2] 指定されたファイルが見つかりません。: 'C:\\Users\\wararyo\\Git\\M5StopWatch-wararyoLauncher\\.pio\\build\\m5stopwatch-render
-check\\esp-idf\\lwip\\CMakeFiles\\__idf_lwip.dir\\port\\esp32xx' 
Please manually remove the file `C:\Users\wararyo\Git\M5StopWatch-wararyoLauncher\.pio\build\m5stopwatch-render-check\e
sp-idf\lwip\CMakeFiles\__idf_lwip.dir\port\esp32xx`
[WinError 2] 指定されたファイルが見つかりません。: 'C:\\Users\\wararyo\\Git\\M5StopWatch-wararyoLauncher\\.pio\\build\\m5stopwatch-render
-check\\esp-idf\\lwip\\CMakeFiles\\__idf_lwip.dir\\port\\freertos' 
Please manually remove the file `C:\Users\wararyo\Git\M5StopWatch-wararyoLauncher\.pio\build\m5stopwatch-render-check\e
sp-idf\lwip\CMakeFiles\__idf_lwip.dir\port\freertos`
[WinError 3] 指定されたパスが見つかりません。: 'C:\\Users\\wararyo\\Git\\M5StopWatch-wararyoLauncher\\.pio\\build\\m5stopwatch-render-c
heck\\esp-idf\\lwip\\CMakeFiles\\__idf_lwip.dir\\port\\freertos' 
Please manually remove the file `C:\Users\wararyo\Git\M5StopWatch-wararyoLauncher\.pio\build\m5stopwatch-render-check\e
sp-idf\lwip\CMakeFiles\__idf_lwip.dir\port\freertos`
[WinError 3] 指定されたパスが見つかりません。: 'C:\\Users\\wararyo\\Git\\M5StopWatch-wararyoLauncher\\.pio\\build\\m5stopwatch-render-c
heck\\esp-idf\\lwip\\CMakeFiles\\__idf_lwip.dir\\port\\hooks' 
Please manually remove the file `C:\Users\wararyo\Git\M5StopWatch-wararyoLauncher\.pio\build\m5stopwatch-render-check\e
sp-idf\lwip\CMakeFiles\__idf_lwip.dir\port\hooks`
[WinError 3] 指定されたパスが見つかりません。: 'C:\\Users\\wararyo\\Git\\M5StopWatch-wararyoLauncher\\.pio\\build\\m5stopwatch-render-c
heck\\esp-idf\\lwip\\CMakeFiles\\__idf_lwip.dir\\port\\hooks' 
Please manually remove the file `C:\Users\wararyo\Git\M5StopWatch-wararyoLauncher\.pio\build\m5stopwatch-render-check\e
sp-idf\lwip\CMakeFiles\__idf_lwip.dir\port\hooks`
[WinError 3] 指定されたパスが見つかりません。: 'C:\\Users\\wararyo\\Git\\M5StopWatch-wararyoLauncher\\.pio\\build\\m5stopwatch-render-c
heck\\esp-idf\\lwip\\CMakeFiles\\__idf_lwip.dir\\port' 
Please manually remove the file `C:\Users\wararyo\Git\M5StopWatch-wararyoLauncher\.pio\build\m5stopwatch-render-check\e
sp-idf\lwip\CMakeFiles\__idf_lwip.dir\port`
[WinError 3] 指定されたパスが見つかりません。: 'C:\\Users\\wararyo\\Git\\M5StopWatch-wararyoLauncher\\.pio\\build\\m5stopwatch-render-c
heck\\esp-idf\\lwip\\CMakeFiles\\__idf_lwip.dir' 
Please manually remove the file `C:\Users\wararyo\Git\M5StopWatch-wararyoLauncher\.pio\build\m5stopwatch-render-check\e
sp-idf\lwip\CMakeFiles\__idf_lwip.dir`
[WinError 2] 指定されたファイルが見つかりません。: 'C:\\Users\\wararyo\\Git\\M5StopWatch-wararyoLauncher\\.pio\\build\\m5stopwatch-render
-check\\esp-idf\\lwip\\CMakeFiles' 
Please manually remove the file `C:\Users\wararyo\Git\M5StopWatch-wararyoLauncher\.pio\build\m5stopwatch-render-check\e
sp-idf\lwip\CMakeFiles`
[WinError 3] 指定されたパスが見つかりません。: 'C:\\Users\\wararyo\\Git\\M5StopWatch-wararyoLauncher\\.pio\\build\\m5stopwatch-render-c
heck\\esp-idf\\lwip\\cmake_install.cmake' 
Please manually remove the file `C:\Users\wararyo\Git\M5StopWatch-wararyoLauncher\.pio\build\m5stopwatch-render-check\e
sp-idf\lwip\cmake_install.cmake`
[WinError 3] 指定されたパスが見つかりません。: 'C:\\Users\\wararyo\\Git\\M5StopWatch-wararyoLauncher\\.pio\\build\\m5stopwatch-render-c
heck\\esp-idf\\lwip\\liblwip.a' 
Please manually remove the file `C:\Users\wararyo\Git\M5StopWatch-wararyoLauncher\.pio\build\m5stopwatch-render-check\e
sp-idf\lwip\liblwip.a`
[WinError 2] 指定されたファイルが見つかりません。: 'C:\\Users\\wararyo\\Git\\M5StopWatch-wararyoLauncher\\.pio\\build\\m5stopwatch-render
-check\\esp-idf\\lwip' 
Please manually remove the file `C:\Users\wararyo\Git\M5StopWatch-wararyoLauncher\.pio\build\m5stopwatch-render-check\e
sp-idf\lwip`
[WinError 2] 指定されたファイルが見つかりません。: 'C:\\Users\\wararyo\\Git\\M5StopWatch-wararyoLauncher\\.pio\\build\\m5stopwatch-render
-check\\esp-idf\\mbedtls\\CMakeFiles\\__idf_mbedtls.dir\\__' 
Please manually remove the file `C:\Users\wararyo\Git\M5StopWatch-wararyoLauncher\.pio\build\m5stopwatch-render-check\e
sp-idf\mbedtls\CMakeFiles\__idf_mbedtls.dir\__`
[WinError 2] 指定されたファイルが見つかりません。: 'C:\\Users\\wararyo\\Git\\M5StopWatch-wararyoLauncher\\.pio\\build\\m5stopwatch-render
-check\\esp-idf\\mbedtls\\CMakeFiles\\__idf_mbedtls.dir' 
Please manually remove the file `C:\Users\wararyo\Git\M5StopWatch-wararyoLauncher\.pio\build\m5stopwatch-render-check\e
sp-idf\mbedtls\CMakeFiles\__idf_mbedtls.dir`
[WinError 2] 指定されたファイルが見つかりません。: 'C:\\Users\\wararyo\\Git\\M5StopWatch-wararyoLauncher\\.pio\\build\\m5stopwatch-render
-check\\esp-idf\\mbedtls\\CMakeFiles' 
Please manually remove the file `C:\Users\wararyo\Git\M5StopWatch-wararyoLauncher\.pio\build\m5stopwatch-render-check\e
sp-idf\mbedtls\CMakeFiles`
[WinError 2] 指定されたファイルが見つかりません。: 'C:\\Users\\wararyo\\Git\\M5StopWatch-wararyoLauncher\\.pio\\build\\m5stopwatch-render
-check\\esp-idf\\mbedtls\\cmake_install.cmake' 
Please manually remove the file `C:\Users\wararyo\Git\M5StopWatch-wararyoLauncher\.pio\build\m5stopwatch-render-check\e
sp-idf\mbedtls\cmake_install.cmake`
[WinError 2] 指定されたファイルが見つかりません。: 'C:\\Users\\wararyo\\Git\\M5StopWatch-wararyoLauncher\\.pio\\build\\m5stopwatch-render
-check\\esp-idf\\mbedtls\\libmbedtls.a' 
Please manually remove the file `C:\Users\wararyo\Git\M5StopWatch-wararyoLauncher\.pio\build\m5stopwatch-render-check\e
sp-idf\mbedtls\libmbedtls.a`
[WinError 3] 指定されたパスが見つかりません。: 'C:\\Users\\wararyo\\Git\\M5StopWatch-wararyoLauncher\\.pio\\build\\m5stopwatch-render-c
heck\\esp-idf\\mbedtls\\mbedtls\\3rdparty\\everest\\CMakeFiles\\everest.dir\\library' 
Please manually remove the file `C:\Users\wararyo\Git\M5StopWatch-wararyoLauncher\.pio\build\m5stopwatch-render-check\e
sp-idf\mbedtls\mbedtls\3rdparty\everest\CMakeFiles\everest.dir\library`
[WinError 3] 指定されたパスが見つかりません。: 'C:\\Users\\wararyo\\Git\\M5StopWatch-wararyoLauncher\\.pio\\build\\m5stopwatch-render-c
heck\\esp-idf\\mbedtls\\mbedtls\\3rdparty\\everest\\CMakeFiles\\everest.dir\\library' 
Please manually remove the file `C:\Users\wararyo\Git\M5StopWatch-wararyoLauncher\.pio\build\m5stopwatch-render-check\e
sp-idf\mbedtls\mbedtls\3rdparty\everest\CMakeFiles\everest.dir\library`
[WinError 3] 指定されたパスが見つかりません。: 'C:\\Users\\wararyo\\Git\\M5StopWatch-wararyoLauncher\\.pio\\build\\m5stopwatch-render-c
heck\\esp-idf\\mbedtls\\mbedtls\\3rdparty\\everest\\CMakeFiles\\everest.dir' 
Please manually remove the file `C:\Users\wararyo\Git\M5StopWatch-wararyoLauncher\.pio\build\m5stopwatch-render-check\e
sp-idf\mbedtls\mbedtls\3rdparty\everest\CMakeFiles\everest.dir`
[WinError 2] 指定されたファイルが見つかりません。: 'C:\\Users\\wararyo\\Git\\M5StopWatch-wararyoLauncher\\.pio\\build\\m5stopwatch-render
-check\\esp-idf\\mbedtls\\mbedtls\\3rdparty\\everest\\CMakeFiles' 
Please manually remove the file `C:\Users\wararyo\Git\M5StopWatch-wararyoLauncher\.pio\build\m5stopwatch-render-check\e
sp-idf\mbedtls\mbedtls\3rdparty\everest\CMakeFiles`
[WinError 2] 指定されたファイルが見つかりません。: 'C:\\Users\\wararyo\\Git\\M5StopWatch-wararyoLauncher\\.pio\\build\\m5stopwatch-render
-check\\esp-idf\\mbedtls\\mbedtls\\3rdparty\\everest\\cmake_install.cmake' 
Please manually remove the file `C:\Users\wararyo\Git\M5StopWatch-wararyoLauncher\.pio\build\m5stopwatch-render-check\e
sp-idf\mbedtls\mbedtls\3rdparty\everest\cmake_install.cmake`
[WinError 2] 指定されたファイルが見つかりません。: 'C:\\Users\\wararyo\\Git\\M5StopWatch-wararyoLauncher\\.pio\\build\\m5stopwatch-render
-check\\esp-idf\\mbedtls\\mbedtls\\3rdparty\\everest\\libeverest.a' 
Please manually remove the file `C:\Users\wararyo\Git\M5StopWatch-wararyoLauncher\.pio\build\m5stopwatch-render-check\e
sp-idf\mbedtls\mbedtls\3rdparty\everest\libeverest.a`
[WinError 2] 指定されたファイルが見つかりません。: 'C:\\Users\\wararyo\\Git\\M5StopWatch-wararyoLauncher\\.pio\\build\\m5stopwatch-render
-check\\esp-idf\\mbedtls\\mbedtls\\3rdparty\\everest' 
Please manually remove the file `C:\Users\wararyo\Git\M5StopWatch-wararyoLauncher\.pio\build\m5stopwatch-render-check\e
sp-idf\mbedtls\mbedtls\3rdparty\everest`
[WinError 3] 指定されたパスが見つかりません。: 'C:\\Users\\wararyo\\Git\\M5StopWatch-wararyoLauncher\\.pio\\build\\m5stopwatch-render-c
heck\\esp-idf\\mbedtls\\mbedtls\\3rdparty\\p256-m\\CMakeFiles\\p256m.dir\\p256-m' 
Please manually remove the file `C:\Users\wararyo\Git\M5StopWatch-wararyoLauncher\.pio\build\m5stopwatch-render-check\e
sp-idf\mbedtls\mbedtls\3rdparty\p256-m\CMakeFiles\p256m.dir\p256-m`
[WinError 3] 指定されたパスが見つかりません。: 'C:\\Users\\wararyo\\Git\\M5StopWatch-wararyoLauncher\\.pio\\build\\m5stopwatch-render-c
heck\\esp-idf\\mbedtls\\mbedtls\\3rdparty\\p256-m\\CMakeFiles\\p256m.dir\\p256-m' 
Please manually remove the file `C:\Users\wararyo\Git\M5StopWatch-wararyoLauncher\.pio\build\m5stopwatch-render-check\e
sp-idf\mbedtls\mbedtls\3rdparty\p256-m\CMakeFiles\p256m.dir\p256-m`
[WinError 3] 指定されたパスが見つかりません。: 'C:\\Users\\wararyo\\Git\\M5StopWatch-wararyoLauncher\\.pio\\build\\m5stopwatch-render-c
heck\\esp-idf\\mbedtls\\mbedtls\\3rdparty\\p256-m\\CMakeFiles\\p256m.dir' 
Please manually remove the file `C:\Users\wararyo\Git\M5StopWatch-wararyoLauncher\.pio\build\m5stopwatch-render-check\e
sp-idf\mbedtls\mbedtls\3rdparty\p256-m\CMakeFiles\p256m.dir`
[WinError 2] 指定されたファイルが見つかりません。: 'C:\\Users\\wararyo\\Git\\M5StopWatch-wararyoLauncher\\.pio\\build\\m5stopwatch-render
-check\\esp-idf\\mbedtls\\mbedtls\\3rdparty\\p256-m\\CMakeFiles' 
Please manually remove the file `C:\Users\wararyo\Git\M5StopWatch-wararyoLauncher\.pio\build\m5stopwatch-render-check\e
sp-idf\mbedtls\mbedtls\3rdparty\p256-m\CMakeFiles`
[WinError 2] 指定されたファイルが見つかりません。: 'C:\\Users\\wararyo\\Git\\M5StopWatch-wararyoLauncher\\.pio\\build\\m5stopwatch-render
-check\\esp-idf\\mbedtls\\mbedtls\\3rdparty\\p256-m\\cmake_install.cmake' 
Please manually remove the file `C:\Users\wararyo\Git\M5StopWatch-wararyoLauncher\.pio\build\m5stopwatch-render-check\e
sp-idf\mbedtls\mbedtls\3rdparty\p256-m\cmake_install.cmake`
[WinError 3] 指定されたパスが見つかりません。: 'C:\\Users\\wararyo\\Git\\M5StopWatch-wararyoLauncher\\.pio\\build\\m5stopwatch-render-c
heck\\esp-idf\\mbedtls\\mbedtls\\3rdparty\\p256-m\\libp256m.a' 
Please manually remove the file `C:\Users\wararyo\Git\M5StopWatch-wararyoLauncher\.pio\build\m5stopwatch-render-check\e
sp-idf\mbedtls\mbedtls\3rdparty\p256-m\libp256m.a`
[WinError 2] 指定されたファイルが見つかりません。: 'C:\\Users\\wararyo\\Git\\M5StopWatch-wararyoLauncher\\.pio\\build\\m5stopwatch-render
-check\\esp-idf\\mbedtls\\mbedtls\\3rdparty\\p256-m' 
Please manually remove the file `C:\Users\wararyo\Git\M5StopWatch-wararyoLauncher\.pio\build\m5stopwatch-render-check\e
sp-idf\mbedtls\mbedtls\3rdparty\p256-m`
[WinError 2] 指定されたファイルが見つかりません。: 'C:\\Users\\wararyo\\Git\\M5StopWatch-wararyoLauncher\\.pio\\build\\m5stopwatch-render
-check\\esp-idf\\mbedtls\\mbedtls\\3rdparty' 
Please manually remove the file `C:\Users\wararyo\Git\M5StopWatch-wararyoLauncher\.pio\build\m5stopwatch-render-check\e
sp-idf\mbedtls\mbedtls\3rdparty`
[WinError 2] 指定されたファイルが見つかりません。: 'C:\\Users\\wararyo\\Git\\M5StopWatch-wararyoLauncher\\.pio\\build\\m5stopwatch-render
-check\\esp-idf\\mbedtls\\mbedtls\\CMakeFiles' 
Please manually remove the file `C:\Users\wararyo\Git\M5StopWatch-wararyoLauncher\.pio\build\m5stopwatch-render-check\e
sp-idf\mbedtls\mbedtls\CMakeFiles`
[WinError 2] 指定されたファイルが見つかりません。: 'C:\\Users\\wararyo\\Git\\M5StopWatch-wararyoLauncher\\.pio\\build\\m5stopwatch-render
-check\\esp-idf\\mbedtls\\mbedtls\\CMakeFiles' 
Please manually remove the file `C:\Users\wararyo\Git\M5StopWatch-wararyoLauncher\.pio\build\m5stopwatch-render-check\e
sp-idf\mbedtls\mbedtls\CMakeFiles`
[WinError 2] 指定されたファイルが見つかりません。: 'C:\\Users\\wararyo\\Git\\M5StopWatch-wararyoLauncher\\.pio\\build\\m5stopwatch-render
-check\\esp-idf\\mbedtls\\mbedtls\\cmake_install.cmake' 
Please manually remove the file `C:\Users\wararyo\Git\M5StopWatch-wararyoLauncher\.pio\build\m5stopwatch-render-check\e
sp-idf\mbedtls\mbedtls\cmake_install.cmake`
[WinError 2] 指定されたファイルが見つかりません。: 'C:\\Users\\wararyo\\Git\\M5StopWatch-wararyoLauncher\\.pio\\build\\m5stopwatch-render
-check\\esp-idf\\mbedtls\\mbedtls\\include\\cmake_install.cmake' 
Please manually remove the file `C:\Users\wararyo\Git\M5StopWatch-wararyoLauncher\.pio\build\m5stopwatch-render-check\e
sp-idf\mbedtls\mbedtls\include\cmake_install.cmake`
[WinError 2] 指定されたファイルが見つかりません。: 'C:\\Users\\wararyo\\Git\\M5StopWatch-wararyoLauncher\\.pio\\build\\m5stopwatch-render
-check\\esp-idf\\mbedtls\\mbedtls\\include' 
Please manually remove the file `C:\Users\wararyo\Git\M5StopWatch-wararyoLauncher\.pio\build\m5stopwatch-render-check\e
sp-idf\mbedtls\mbedtls\include`
[WinError 3] 指定されたパスが見つかりません。: 'C:\\Users\\wararyo\\Git\\M5StopWatch-wararyoLauncher\\.pio\\build\\m5stopwatch-render-c
heck\\esp-idf\\mbedtls\\mbedtls\\library\\CMakeFiles\\mbedcrypto.dir\\1e799c960f8e23ff2145fd836c724099\\framework-espid
f\\components\\mbedtls\\port\\aes\\dma' 
Please manually remove the file `C:\Users\wararyo\Git\M5StopWatch-wararyoLauncher\.pio\build\m5stopwatch-render-check\e
sp-idf\mbedtls\mbedtls\library\CMakeFiles\mbedcrypto.dir\1e799c960f8e23ff2145fd836c724099\framework-espidf\components\m
bedtls\port\aes\dma`
[WinError 2] 指定されたファイルが見つかりません。: 'C:\\Users\\wararyo\\Git\\M5StopWatch-wararyoLauncher\\.pio\\build\\m5stopwatch-render
-check\\esp-idf\\mbedtls\\mbedtls\\library\\CMakeFiles\\mbedcrypto.dir\\1e799c960f8e23ff2145fd836c724099\\framework-esp
idf\\components\\mbedtls\\port\\aes' 
Please manually remove the file `C:\Users\wararyo\Git\M5StopWatch-wararyoLauncher\.pio\build\m5stopwatch-render-check\e
sp-idf\mbedtls\mbedtls\library\CMakeFiles\mbedcrypto.dir\1e799c960f8e23ff2145fd836c724099\framework-espidf\components\m
bedtls\port\aes`
[WinError 2] 指定されたファイルが見つかりません。: 'C:\\Users\\wararyo\\Git\\M5StopWatch-wararyoLauncher\\.pio\\build\\m5stopwatch-render
-check\\esp-idf\\mbedtls\\mbedtls\\library\\CMakeFiles\\mbedcrypto.dir\\1e799c960f8e23ff2145fd836c724099\\framework-esp
idf\\components\\mbedtls\\port\\esp_ds' 
Please manually remove the file `C:\Users\wararyo\Git\M5StopWatch-wararyoLauncher\.pio\build\m5stopwatch-render-check\e
sp-idf\mbedtls\mbedtls\library\CMakeFiles\mbedcrypto.dir\1e799c960f8e23ff2145fd836c724099\framework-espidf\components\m
bedtls\port\esp_ds`
[WinError 3] 指定されたパスが見つかりません。: 'C:\\Users\\wararyo\\Git\\M5StopWatch-wararyoLauncher\\.pio\\build\\m5stopwatch-render-c
heck\\esp-idf\\mbedtls\\mbedtls\\library\\CMakeFiles\\mbedcrypto.dir\\1e799c960f8e23ff2145fd836c724099\\framework-espid
f\\components\\mbedtls\\port\\esp_ds' 
Please manually remove the file `C:\Users\wararyo\Git\M5StopWatch-wararyoLauncher\.pio\build\m5stopwatch-render-check\e
sp-idf\mbedtls\mbedtls\library\CMakeFiles\mbedcrypto.dir\1e799c960f8e23ff2145fd836c724099\framework-espidf\components\m
bedtls\port\esp_ds`
[WinError 3] 指定されたパスが見つかりません。: 'C:\\Users\\wararyo\\Git\\M5StopWatch-wararyoLauncher\\.pio\\build\\m5stopwatch-render-c
heck\\esp-idf\\mbedtls\\mbedtls\\library\\CMakeFiles\\mbedcrypto.dir\\1e799c960f8e23ff2145fd836c724099\\framework-espid
f\\components\\mbedtls\\port' 
Please manually remove the file `C:\Users\wararyo\Git\M5StopWatch-wararyoLauncher\.pio\build\m5stopwatch-render-check\e
sp-idf\mbedtls\mbedtls\library\CMakeFiles\mbedcrypto.dir\1e799c960f8e23ff2145fd836c724099\framework-espidf\components\m
bedtls\port`
[WinError 3] 指定されたパスが見つかりません。: 'C:\\Users\\wararyo\\Git\\M5StopWatch-wararyoLauncher\\.pio\\build\\m5stopwatch-render-c
heck\\esp-idf\\mbedtls\\mbedtls\\library\\CMakeFiles\\mbedcrypto.dir\\1e799c960f8e23ff2145fd836c724099\\framework-espid
f\\components\\mbedtls' 
Please manually remove the file `C:\Users\wararyo\Git\M5StopWatch-wararyoLauncher\.pio\build\m5stopwatch-render-check\e
sp-idf\mbedtls\mbedtls\library\CMakeFiles\mbedcrypto.dir\1e799c960f8e23ff2145fd836c724099\framework-espidf\components\m
bedtls`
[WinError 3] 指定されたパスが見つかりません。: 'C:\\Users\\wararyo\\Git\\M5StopWatch-wararyoLauncher\\.pio\\build\\m5stopwatch-render-c
heck\\esp-idf\\mbedtls\\mbedtls\\library\\CMakeFiles\\mbedcrypto.dir\\1e799c960f8e23ff2145fd836c724099\\framework-espid
f\\components' 
Please manually remove the file `C:\Users\wararyo\Git\M5StopWatch-wararyoLauncher\.pio\build\m5stopwatch-render-check\e
sp-idf\mbedtls\mbedtls\library\CMakeFiles\mbedcrypto.dir\1e799c960f8e23ff2145fd836c724099\framework-espidf\components`
[WinError 3] 指定されたパスが見つかりません。: 'C:\\Users\\wararyo\\Git\\M5StopWatch-wararyoLauncher\\.pio\\build\\m5stopwatch-render-c
heck\\esp-idf\\mbedtls\\mbedtls\\library\\CMakeFiles\\mbedcrypto.dir\\1e799c960f8e23ff2145fd836c724099\\framework-espid
f' 
Please manually remove the file `C:\Users\wararyo\Git\M5StopWatch-wararyoLauncher\.pio\build\m5stopwatch-render-check\e
sp-idf\mbedtls\mbedtls\library\CMakeFiles\mbedcrypto.dir\1e799c960f8e23ff2145fd836c724099\framework-espidf`
[WinError 2] 指定されたファイルが見つかりません。: 'C:\\Users\\wararyo\\Git\\M5StopWatch-wararyoLauncher\\.pio\\build\\m5stopwatch-render
-check\\esp-idf\\mbedtls\\mbedtls\\library\\CMakeFiles\\mbedcrypto.dir\\1e799c960f8e23ff2145fd836c724099' 
Please manually remove the file `C:\Users\wararyo\Git\M5StopWatch-wararyoLauncher\.pio\build\m5stopwatch-render-check\e
sp-idf\mbedtls\mbedtls\library\CMakeFiles\mbedcrypto.dir\1e799c960f8e23ff2145fd836c724099`
[WinError 2] 指定されたファイルが見つかりません。: 'C:\\Users\\wararyo\\Git\\M5StopWatch-wararyoLauncher\\.pio\\build\\m5stopwatch-render
-check\\esp-idf\\mbedtls\\mbedtls\\library\\CMakeFiles\\mbedcrypto.dir\\433c70b1f66481b718f903d4639e7e63\\components\\m
bedtls\\port\\sha\\core' 
Please manually remove the file `C:\Users\wararyo\Git\M5StopWatch-wararyoLauncher\.pio\build\m5stopwatch-render-check\e
sp-idf\mbedtls\mbedtls\library\CMakeFiles\mbedcrypto.dir\433c70b1f66481b718f903d4639e7e63\components\mbedtls\port\sha\c
ore`
[WinError 3] 指定されたパスが見つかりません。: 'C:\\Users\\wararyo\\Git\\M5StopWatch-wararyoLauncher\\.pio\\build\\m5stopwatch-render-c
heck\\esp-idf\\mbedtls\\mbedtls\\library\\CMakeFiles\\mbedcrypto.dir\\433c70b1f66481b718f903d4639e7e63\\components\\mbe
dtls\\port\\sha\\core' 
Please manually remove the file `C:\Users\wararyo\Git\M5StopWatch-wararyoLauncher\.pio\build\m5stopwatch-render-check\e
sp-idf\mbedtls\mbedtls\library\CMakeFiles\mbedcrypto.dir\433c70b1f66481b718f903d4639e7e63\components\mbedtls\port\sha\c
ore`
[WinError 3] 指定されたパスが見つかりません。: 'C:\\Users\\wararyo\\Git\\M5StopWatch-wararyoLauncher\\.pio\\build\\m5stopwatch-render-c
heck\\esp-idf\\mbedtls\\mbedtls\\library\\CMakeFiles\\mbedcrypto.dir\\433c70b1f66481b718f903d4639e7e63\\components\\mbe
dtls\\port\\sha' 
Please manually remove the file `C:\Users\wararyo\Git\M5StopWatch-wararyoLauncher\.pio\build\m5stopwatch-render-check\e
sp-idf\mbedtls\mbedtls\library\CMakeFiles\mbedcrypto.dir\433c70b1f66481b718f903d4639e7e63\components\mbedtls\port\sha`
[WinError 3] 指定されたパスが見つかりません。: 'C:\\Users\\wararyo\\Git\\M5StopWatch-wararyoLauncher\\.pio\\build\\m5stopwatch-render-c
heck\\esp-idf\\mbedtls\\mbedtls\\library\\CMakeFiles\\mbedcrypto.dir\\433c70b1f66481b718f903d4639e7e63\\components\\mbe
dtls\\port' 
Please manually remove the file `C:\Users\wararyo\Git\M5StopWatch-wararyoLauncher\.pio\build\m5stopwatch-render-check\e
sp-idf\mbedtls\mbedtls\library\CMakeFiles\mbedcrypto.dir\433c70b1f66481b718f903d4639e7e63\components\mbedtls\port`
[WinError 3] 指定されたパスが見つかりません。: 'C:\\Users\\wararyo\\Git\\M5StopWatch-wararyoLauncher\\.pio\\build\\m5stopwatch-render-c
heck\\esp-idf\\mbedtls\\mbedtls\\library\\CMakeFiles\\mbedcrypto.dir\\433c70b1f66481b718f903d4639e7e63\\components\\mbe
dtls' 
Please manually remove the file `C:\Users\wararyo\Git\M5StopWatch-wararyoLauncher\.pio\build\m5stopwatch-render-check\e
sp-idf\mbedtls\mbedtls\library\CMakeFiles\mbedcrypto.dir\433c70b1f66481b718f903d4639e7e63\components\mbedtls`
[WinError 3] 指定されたパスが見つかりません。: 'C:\\Users\\wararyo\\Git\\M5StopWatch-wararyoLauncher\\.pio\\build\\m5stopwatch-render-c
heck\\esp-idf\\mbedtls\\mbedtls\\library\\CMakeFiles\\mbedcrypto.dir\\433c70b1f66481b718f903d4639e7e63\\components' 
Please manually remove the file `C:\Users\wararyo\Git\M5StopWatch-wararyoLauncher\.pio\build\m5stopwatch-render-check\e
sp-idf\mbedtls\mbedtls\library\CMakeFiles\mbedcrypto.dir\433c70b1f66481b718f903d4639e7e63\components`
[WinError 2] 指定されたファイルが見つかりません。: 'C:\\Users\\wararyo\\Git\\M5StopWatch-wararyoLauncher\\.pio\\build\\m5stopwatch-render
-check\\esp-idf\\mbedtls\\mbedtls\\library\\CMakeFiles\\mbedcrypto.dir\\433c70b1f66481b718f903d4639e7e63' 
Please manually remove the file `C:\Users\wararyo\Git\M5StopWatch-wararyoLauncher\.pio\build\m5stopwatch-render-check\e
sp-idf\mbedtls\mbedtls\library\CMakeFiles\mbedcrypto.dir\433c70b1f66481b718f903d4639e7e63`
[WinError 2] 指定されたファイルが見つかりません。: 'C:\\Users\\wararyo\\Git\\M5StopWatch-wararyoLauncher\\.pio\\build\\m5stopwatch-render
-check\\esp-idf\\mbedtls\\mbedtls\\library\\CMakeFiles\\mbedcrypto.dir\\C_\\Users\\wararyo\\.platformio\\packages\\fram
ework-espidf\\components\\mbedtls\\port\\bignum' 
Please manually remove the file `C:\Users\wararyo\Git\M5StopWatch-wararyoLauncher\.pio\build\m5stopwatch-render-check\e
sp-idf\mbedtls\mbedtls\library\CMakeFiles\mbedcrypto.dir\C_\Users\wararyo\.platformio\packages\framework-espidf\compone
nts\mbedtls\port\bignum`
[WinError 2] 指定されたファイルが見つかりません。: 'C:\\Users\\wararyo\\Git\\M5StopWatch-wararyoLauncher\\.pio\\build\\m5stopwatch-render
-check\\esp-idf\\mbedtls\\mbedtls\\library\\CMakeFiles\\mbedcrypto.dir\\C_\\Users\\wararyo\\.platformio\\packages\\fram
ework-espidf\\components\\mbedtls\\port\\bignum' 
Please manually remove the file `C:\Users\wararyo\Git\M5StopWatch-wararyoLauncher\.pio\build\m5stopwatch-render-check\e
sp-idf\mbedtls\mbedtls\library\CMakeFiles\mbedcrypto.dir\C_\Users\wararyo\.platformio\packages\framework-espidf\compone
nts\mbedtls\port\bignum`
[WinError 2] 指定されたファイルが見つかりません。: 'C:\\Users\\wararyo\\Git\\M5StopWatch-wararyoLauncher\\.pio\\build\\m5stopwatch-render
-check\\esp-idf\\mbedtls\\mbedtls\\library\\CMakeFiles\\mbedcrypto.dir\\C_\\Users\\wararyo\\.platformio\\packages\\fram
ework-espidf\\components\\mbedtls\\port\\md' 
Please manually remove the file `C:\Users\wararyo\Git\M5StopWatch-wararyoLauncher\.pio\build\m5stopwatch-render-check\e
sp-idf\mbedtls\mbedtls\library\CMakeFiles\mbedcrypto.dir\C_\Users\wararyo\.platformio\packages\framework-espidf\compone
nts\mbedtls\port\md`
[WinError 2] 指定されたファイルが見つかりません。: 'C:\\Users\\wararyo\\Git\\M5StopWatch-wararyoLauncher\\.pio\\build\\m5stopwatch-render
-check\\esp-idf\\mbedtls\\mbedtls\\library\\CMakeFiles\\mbedcrypto.dir\\C_\\Users\\wararyo\\.platformio\\packages\\fram
ework-espidf\\components\\mbedtls\\port\\md' 
Please manually remove the file `C:\Users\wararyo\Git\M5StopWatch-wararyoLauncher\.pio\build\m5stopwatch-render-check\e
sp-idf\mbedtls\mbedtls\library\CMakeFiles\mbedcrypto.dir\C_\Users\wararyo\.platformio\packages\framework-espidf\compone
nts\mbedtls\port\md`
[WinError 3] 指定されたパスが見つかりません。: 'C:\\Users\\wararyo\\Git\\M5StopWatch-wararyoLauncher\\.pio\\build\\m5stopwatch-render-c
heck\\esp-idf\\mbedtls\\mbedtls\\library\\CMakeFiles\\mbedcrypto.dir\\C_\\Users\\wararyo\\.platformio\\packages\\framew
ork-espidf\\components\\mbedtls\\port\\sha' 
Please manually remove the file `C:\Users\wararyo\Git\M5StopWatch-wararyoLauncher\.pio\build\m5stopwatch-render-check\e
sp-idf\mbedtls\mbedtls\library\CMakeFiles\mbedcrypto.dir\C_\Users\wararyo\.platformio\packages\framework-espidf\compone
nts\mbedtls\port\sha`
[WinError 3] 指定されたパスが見つかりません。: 'C:\\Users\\wararyo\\Git\\M5StopWatch-wararyoLauncher\\.pio\\build\\m5stopwatch-render-c
heck\\esp-idf\\mbedtls\\mbedtls\\library\\CMakeFiles\\mbedcrypto.dir\\C_\\Users\\wararyo\\.platformio\\packages\\framew
ork-espidf\\components\\mbedtls\\port' 
Please manually remove the file `C:\Users\wararyo\Git\M5StopWatch-wararyoLauncher\.pio\build\m5stopwatch-render-check\e
sp-idf\mbedtls\mbedtls\library\CMakeFiles\mbedcrypto.dir\C_\Users\wararyo\.platformio\packages\framework-espidf\compone
nts\mbedtls\port`
[WinError 3] 指定されたパスが見つかりません。: 'C:\\Users\\wararyo\\Git\\M5StopWatch-wararyoLauncher\\.pio\\build\\m5stopwatch-render-c
heck\\esp-idf\\mbedtls\\mbedtls\\library\\CMakeFiles\\mbedcrypto.dir\\C_\\Users\\wararyo\\.platformio\\packages\\framew
ork-espidf\\components\\mbedtls' 
Please manually remove the file `C:\Users\wararyo\Git\M5StopWatch-wararyoLauncher\.pio\build\m5stopwatch-render-check\e
sp-idf\mbedtls\mbedtls\library\CMakeFiles\mbedcrypto.dir\C_\Users\wararyo\.platformio\packages\framework-espidf\compone
nts\mbedtls`
[WinError 3] 指定されたパスが見つかりません。: 'C:\\Users\\wararyo\\Git\\M5StopWatch-wararyoLauncher\\.pio\\build\\m5stopwatch-render-c
heck\\esp-idf\\mbedtls\\mbedtls\\library\\CMakeFiles\\mbedcrypto.dir\\C_\\Users\\wararyo\\.platformio\\packages\\framew
ork-espidf\\components' 
Please manually remove the file `C:\Users\wararyo\Git\M5StopWatch-wararyoLauncher\.pio\build\m5stopwatch-render-check\e
sp-idf\mbedtls\mbedtls\library\CMakeFiles\mbedcrypto.dir\C_\Users\wararyo\.platformio\packages\framework-espidf\compone
nts`
[WinError 3] 指定されたパスが見つかりません。: 'C:\\Users\\wararyo\\Git\\M5StopWatch-wararyoLauncher\\.pio\\build\\m5stopwatch-render-c
heck\\esp-idf\\mbedtls\\mbedtls\\library\\CMakeFiles\\mbedcrypto.dir\\C_\\Users\\wararyo\\.platformio\\packages\\framew
ork-espidf' 
Please manually remove the file `C:\Users\wararyo\Git\M5StopWatch-wararyoLauncher\.pio\build\m5stopwatch-render-check\e
sp-idf\mbedtls\mbedtls\library\CMakeFiles\mbedcrypto.dir\C_\Users\wararyo\.platformio\packages\framework-espidf`
[WinError 3] 指定されたパスが見つかりません。: 'C:\\Users\\wararyo\\Git\\M5StopWatch-wararyoLauncher\\.pio\\build\\m5stopwatch-render-c
heck\\esp-idf\\mbedtls\\mbedtls\\library\\CMakeFiles\\mbedcrypto.dir\\C_\\Users\\wararyo\\.platformio\\packages' 
Please manually remove the file `C:\Users\wararyo\Git\M5StopWatch-wararyoLauncher\.pio\build\m5stopwatch-render-check\e
sp-idf\mbedtls\mbedtls\library\CMakeFiles\mbedcrypto.dir\C_\Users\wararyo\.platformio\packages`
[WinError 3] 指定されたパスが見つかりません。: 'C:\\Users\\wararyo\\Git\\M5StopWatch-wararyoLauncher\\.pio\\build\\m5stopwatch-render-c
heck\\esp-idf\\mbedtls\\mbedtls\\library\\CMakeFiles\\mbedcrypto.dir\\C_\\Users\\wararyo\\.platformio' 
Please manually remove the file `C:\Users\wararyo\Git\M5StopWatch-wararyoLauncher\.pio\build\m5stopwatch-render-check\e
sp-idf\mbedtls\mbedtls\library\CMakeFiles\mbedcrypto.dir\C_\Users\wararyo\.platformio`
[WinError 3] 指定されたパスが見つかりません。: 'C:\\Users\\wararyo\\Git\\M5StopWatch-wararyoLauncher\\.pio\\build\\m5stopwatch-render-c
heck\\esp-idf\\mbedtls\\mbedtls\\library\\CMakeFiles\\mbedcrypto.dir\\C_\\Users\\wararyo' 
Please manually remove the file `C:\Users\wararyo\Git\M5StopWatch-wararyoLauncher\.pio\build\m5stopwatch-render-check\e
sp-idf\mbedtls\mbedtls\library\CMakeFiles\mbedcrypto.dir\C_\Users\wararyo`
[WinError 3] 指定されたパスが見つかりません。: 'C:\\Users\\wararyo\\Git\\M5StopWatch-wararyoLauncher\\.pio\\build\\m5stopwatch-render-c
heck\\esp-idf\\mbedtls\\mbedtls\\library\\CMakeFiles\\mbedcrypto.dir\\C_\\Users' 
Please manually remove the file `C:\Users\wararyo\Git\M5StopWatch-wararyoLauncher\.pio\build\m5stopwatch-render-check\e
sp-idf\mbedtls\mbedtls\library\CMakeFiles\mbedcrypto.dir\C_\Users`
[WinError 3] 指定されたパスが見つかりません。: 'C:\\Users\\wararyo\\Git\\M5StopWatch-wararyoLauncher\\.pio\\build\\m5stopwatch-render-c
heck\\esp-idf\\mbedtls\\mbedtls\\library\\CMakeFiles\\mbedcrypto.dir\\C_' 
Please manually remove the file `C:\Users\wararyo\Git\M5StopWatch-wararyoLauncher\.pio\build\m5stopwatch-render-check\e
sp-idf\mbedtls\mbedtls\library\CMakeFiles\mbedcrypto.dir\C_`
[WinError 2] 指定されたファイルが見つかりません。: 'C:\\Users\\wararyo\\Git\\M5StopWatch-wararyoLauncher\\.pio\\build\\m5stopwatch-render
-check\\esp-idf\\mbedtls\\mbedtls\\library\\CMakeFiles\\mbedcrypto.dir' 
Please manually remove the file `C:\Users\wararyo\Git\M5StopWatch-wararyoLauncher\.pio\build\m5stopwatch-render-check\e
sp-idf\mbedtls\mbedtls\library\CMakeFiles\mbedcrypto.dir`
[WinError 3] 指定されたパスが見つかりません。: 'C:\\Users\\wararyo\\Git\\M5StopWatch-wararyoLauncher\\.pio\\build\\m5stopwatch-render-c
heck\\esp-idf\\mbedtls\\mbedtls\\library\\CMakeFiles\\mbedtls.dir\\C_\\Users\\wararyo\\.platformio\\packages\\framework
-espidf\\components\\mbedtls' 
Please manually remove the file `C:\Users\wararyo\Git\M5StopWatch-wararyoLauncher\.pio\build\m5stopwatch-render-check\e
sp-idf\mbedtls\mbedtls\library\CMakeFiles\mbedtls.dir\C_\Users\wararyo\.platformio\packages\framework-espidf\components
\mbedtls`
[WinError 3] 指定されたパスが見つかりません。: 'C:\\Users\\wararyo\\Git\\M5StopWatch-wararyoLauncher\\.pio\\build\\m5stopwatch-render-c
heck\\esp-idf\\mbedtls\\mbedtls\\library\\CMakeFiles\\mbedtls.dir\\C_\\Users\\wararyo\\.platformio\\packages\\framework
-espidf\\components' 
Please manually remove the file `C:\Users\wararyo\Git\M5StopWatch-wararyoLauncher\.pio\build\m5stopwatch-render-check\e
sp-idf\mbedtls\mbedtls\library\CMakeFiles\mbedtls.dir\C_\Users\wararyo\.platformio\packages\framework-espidf\components
`
[WinError 3] 指定されたパスが見つかりません。: 'C:\\Users\\wararyo\\Git\\M5StopWatch-wararyoLauncher\\.pio\\build\\m5stopwatch-render-c
heck\\esp-idf\\mbedtls\\mbedtls\\library\\CMakeFiles\\mbedtls.dir\\C_\\Users\\wararyo\\.platformio\\packages\\framework
-espidf' 
Please manually remove the file `C:\Users\wararyo\Git\M5StopWatch-wararyoLauncher\.pio\build\m5stopwatch-render-check\e
sp-idf\mbedtls\mbedtls\library\CMakeFiles\mbedtls.dir\C_\Users\wararyo\.platformio\packages\framework-espidf`
[WinError 2] 指定されたファイルが見つかりません。: 'C:\\Users\\wararyo\\Git\\M5StopWatch-wararyoLauncher\\.pio\\build\\m5stopwatch-render
-check\\esp-idf\\mbedtls\\mbedtls\\library\\CMakeFiles\\mbedtls.dir\\C_\\Users\\wararyo\\.platformio\\packages' 
Please manually remove the file `C:\Users\wararyo\Git\M5StopWatch-wararyoLauncher\.pio\build\m5stopwatch-render-check\e
sp-idf\mbedtls\mbedtls\library\CMakeFiles\mbedtls.dir\C_\Users\wararyo\.platformio\packages`
[WinError 2] 指定されたファイルが見つかりません。: 'C:\\Users\\wararyo\\Git\\M5StopWatch-wararyoLauncher\\.pio\\build\\m5stopwatch-render
-check\\esp-idf\\mbedtls\\mbedtls\\library\\CMakeFiles\\mbedtls.dir\\C_\\Users\\wararyo\\.platformio' 
Please manually remove the file `C:\Users\wararyo\Git\M5StopWatch-wararyoLauncher\.pio\build\m5stopwatch-render-check\e
sp-idf\mbedtls\mbedtls\library\CMakeFiles\mbedtls.dir\C_\Users\wararyo\.platformio`
[WinError 2] 指定されたファイルが見つかりません。: 'C:\\Users\\wararyo\\Git\\M5StopWatch-wararyoLauncher\\.pio\\build\\m5stopwatch-render
-check\\esp-idf\\mbedtls\\mbedtls\\library\\CMakeFiles\\mbedtls.dir\\C_\\Users\\wararyo' 
Please manually remove the file `C:\Users\wararyo\Git\M5StopWatch-wararyoLauncher\.pio\build\m5stopwatch-render-check\e
sp-idf\mbedtls\mbedtls\library\CMakeFiles\mbedtls.dir\C_\Users\wararyo`
[WinError 3] 指定されたパスが見つかりません。: 'C:\\Users\\wararyo\\Git\\M5StopWatch-wararyoLauncher\\.pio\\build\\m5stopwatch-render-c
heck\\esp-idf\\mbedtls\\mbedtls\\library\\CMakeFiles\\mbedtls.dir\\C_\\Users' 
Please manually remove the file `C:\Users\wararyo\Git\M5StopWatch-wararyoLauncher\.pio\build\m5stopwatch-render-check\e
sp-idf\mbedtls\mbedtls\library\CMakeFiles\mbedtls.dir\C_\Users`
[WinError 3] 指定されたパスが見つかりません。: 'C:\\Users\\wararyo\\Git\\M5StopWatch-wararyoLauncher\\.pio\\build\\m5stopwatch-render-c
heck\\esp-idf\\mbedtls\\mbedtls\\library\\CMakeFiles\\mbedtls.dir\\C_' 
Please manually remove the file `C:\Users\wararyo\Git\M5StopWatch-wararyoLauncher\.pio\build\m5stopwatch-render-check\e
sp-idf\mbedtls\mbedtls\library\CMakeFiles\mbedtls.dir\C_`
[WinError 3] 指定されたパスが見つかりません。: 'C:\\Users\\wararyo\\Git\\M5StopWatch-wararyoLauncher\\.pio\\build\\m5stopwatch-render-c
heck\\esp-idf\\mbedtls\\mbedtls\\library\\CMakeFiles\\mbedtls.dir' 
Please manually remove the file `C:\Users\wararyo\Git\M5StopWatch-wararyoLauncher\.pio\build\m5stopwatch-render-check\e
sp-idf\mbedtls\mbedtls\library\CMakeFiles\mbedtls.dir`
[WinError 3] 指定されたパスが見つかりません。: 'C:\\Users\\wararyo\\Git\\M5StopWatch-wararyoLauncher\\.pio\\build\\m5stopwatch-render-c
heck\\esp-idf\\mbedtls\\mbedtls\\library\\CMakeFiles\\mbedx509.dir' 
Please manually remove the file `C:\Users\wararyo\Git\M5StopWatch-wararyoLauncher\.pio\build\m5stopwatch-render-check\e
sp-idf\mbedtls\mbedtls\library\CMakeFiles\mbedx509.dir`
[WinError 3] 指定されたパスが見つかりません。: 'C:\\Users\\wararyo\\Git\\M5StopWatch-wararyoLauncher\\.pio\\build\\m5stopwatch-render-c
heck\\esp-idf\\mbedtls\\mbedtls\\library\\CMakeFiles\\mbedx509.dir' 
Please manually remove the file `C:\Users\wararyo\Git\M5StopWatch-wararyoLauncher\.pio\build\m5stopwatch-render-check\e
sp-idf\mbedtls\mbedtls\library\CMakeFiles\mbedx509.dir`
[WinError 2] 指定されたファイルが見つかりません。: 'C:\\Users\\wararyo\\Git\\M5StopWatch-wararyoLauncher\\.pio\\build\\m5stopwatch-render
-check\\esp-idf\\mbedtls\\mbedtls\\library\\CMakeFiles' 
Please manually remove the file `C:\Users\wararyo\Git\M5StopWatch-wararyoLauncher\.pio\build\m5stopwatch-render-check\e
sp-idf\mbedtls\mbedtls\library\CMakeFiles`
[WinError 2] 指定されたファイルが見つかりません。: 'C:\\Users\\wararyo\\Git\\M5StopWatch-wararyoLauncher\\.pio\\build\\m5stopwatch-render
-check\\esp-idf\\mbedtls\\mbedtls\\library\\cmake_install.cmake' 
Please manually remove the file `C:\Users\wararyo\Git\M5StopWatch-wararyoLauncher\.pio\build\m5stopwatch-render-check\e
sp-idf\mbedtls\mbedtls\library\cmake_install.cmake`
[WinError 2] 指定されたファイルが見つかりません。: 'C:\\Users\\wararyo\\Git\\M5StopWatch-wararyoLauncher\\.pio\\build\\m5stopwatch-render
-check\\esp-idf\\mbedtls\\mbedtls\\library\\error.c' 
Please manually remove the file `C:\Users\wararyo\Git\M5StopWatch-wararyoLauncher\.pio\build\m5stopwatch-render-check\e
sp-idf\mbedtls\mbedtls\library\error.c`
[WinError 3] 指定されたパスが見つかりません。: 'C:\\Users\\wararyo\\Git\\M5StopWatch-wararyoLauncher\\.pio\\build\\m5stopwatch-render-c
heck\\esp-idf\\mbedtls\\mbedtls\\library\\libmbedcrypto.a' 
Please manually remove the file `C:\Users\wararyo\Git\M5StopWatch-wararyoLauncher\.pio\build\m5stopwatch-render-check\e
sp-idf\mbedtls\mbedtls\library\libmbedcrypto.a`
[WinError 3] 指定されたパスが見つかりません。: 'C:\\Users\\wararyo\\Git\\M5StopWatch-wararyoLauncher\\.pio\\build\\m5stopwatch-render-c
heck\\esp-idf\\mbedtls\\mbedtls\\library\\libmbedtls.a' 
Please manually remove the file `C:\Users\wararyo\Git\M5StopWatch-wararyoLauncher\.pio\build\m5stopwatch-render-check\e
sp-idf\mbedtls\mbedtls\library\libmbedtls.a`
[WinError 3] 指定されたパスが見つかりません。: 'C:\\Users\\wararyo\\Git\\M5StopWatch-wararyoLauncher\\.pio\\build\\m5stopwatch-render-c
heck\\esp-idf\\mbedtls\\mbedtls\\library\\libmbedx509.a' 
Please manually remove the file `C:\Users\wararyo\Git\M5StopWatch-wararyoLauncher\.pio\build\m5stopwatch-render-check\e
sp-idf\mbedtls\mbedtls\library\libmbedx509.a`
[WinError 3] 指定されたパスが見つかりません。: 'C:\\Users\\wararyo\\Git\\M5StopWatch-wararyoLauncher\\.pio\\build\\m5stopwatch-render-c
heck\\esp-idf\\mbedtls\\mbedtls\\library\\psa_crypto_driver_wrappers_no_static.c' 
Please manually remove the file `C:\Users\wararyo\Git\M5StopWatch-wararyoLauncher\.pio\build\m5stopwatch-render-check\e
sp-idf\mbedtls\mbedtls\library\psa_crypto_driver_wrappers_no_static.c`
[WinError 3] 指定されたパスが見つかりません。: 'C:\\Users\\wararyo\\Git\\M5StopWatch-wararyoLauncher\\.pio\\build\\m5stopwatch-render-c
heck\\esp-idf\\mbedtls\\mbedtls\\library\\ssl_debug_helpers_generated.c' 
Please manually remove the file `C:\Users\wararyo\Git\M5StopWatch-wararyoLauncher\.pio\build\m5stopwatch-render-check\e
sp-idf\mbedtls\mbedtls\library\ssl_debug_helpers_generated.c`
[WinError 3] 指定されたパスが見つかりません。: 'C:\\Users\\wararyo\\Git\\M5StopWatch-wararyoLauncher\\.pio\\build\\m5stopwatch-render-c
heck\\esp-idf\\mbedtls\\mbedtls\\library\\version_features.c' 
Please manually remove the file `C:\Users\wararyo\Git\M5StopWatch-wararyoLauncher\.pio\build\m5stopwatch-render-check\e
sp-idf\mbedtls\mbedtls\library\version_features.c`
[WinError 2] 指定されたファイルが見つかりません。: 'C:\\Users\\wararyo\\Git\\M5StopWatch-wararyoLauncher\\.pio\\build\\m5stopwatch-render
-check\\esp-idf\\mbedtls\\mbedtls\\library' 
Please manually remove the file `C:\Users\wararyo\Git\M5StopWatch-wararyoLauncher\.pio\build\m5stopwatch-render-check\e
sp-idf\mbedtls\mbedtls\library`
[WinError 3] 指定されたパスが見つかりません。: 'C:\\Users\\wararyo\\Git\\M5StopWatch-wararyoLauncher\\.pio\\build\\m5stopwatch-render-c
heck\\esp-idf\\mbedtls\\mbedtls\\pkgconfig' 
Please manually remove the file `C:\Users\wararyo\Git\M5StopWatch-wararyoLauncher\.pio\build\m5stopwatch-render-check\e
sp-idf\mbedtls\mbedtls\pkgconfig`
[WinError 3] 指定されたパスが見つかりません。: 'C:\\Users\\wararyo\\Git\\M5StopWatch-wararyoLauncher\\.pio\\build\\m5stopwatch-render-c
heck\\esp-idf\\mbedtls\\mbedtls\\pkgconfig' 
Please manually remove the file `C:\Users\wararyo\Git\M5StopWatch-wararyoLauncher\.pio\build\m5stopwatch-render-check\e
sp-idf\mbedtls\mbedtls\pkgconfig`
[WinError 3] 指定されたパスが見つかりません。: 'C:\\Users\\wararyo\\Git\\M5StopWatch-wararyoLauncher\\.pio\\build\\m5stopwatch-render-c
heck\\esp-idf\\mbedtls\\mbedtls' 
Please manually remove the file `C:\Users\wararyo\Git\M5StopWatch-wararyoLauncher\.pio\build\m5stopwatch-render-check\e
sp-idf\mbedtls\mbedtls`
[WinError 2] 指定されたファイルが見つかりません。: 'C:\\Users\\wararyo\\Git\\M5StopWatch-wararyoLauncher\\.pio\\build\\m5stopwatch-render
-check\\esp-idf\\mbedtls' 
Please manually remove the file `C:\Users\wararyo\Git\M5StopWatch-wararyoLauncher\.pio\build\m5stopwatch-render-check\e
sp-idf\mbedtls`
[WinError 3] 指定されたパスが見つかりません。: 'C:\\Users\\wararyo\\Git\\M5StopWatch-wararyoLauncher\\.pio\\build\\m5stopwatch-render-c
heck\\esp-idf\\mqtt\\CMakeFiles\\__idf_mqtt.dir' 
Please manually remove the file `C:\Users\wararyo\Git\M5StopWatch-wararyoLauncher\.pio\build\m5stopwatch-render-check\e
sp-idf\mqtt\CMakeFiles\__idf_mqtt.dir`
[WinError 2] 指定されたファイルが見つかりません。: 'C:\\Users\\wararyo\\Git\\M5StopWatch-wararyoLauncher\\.pio\\build\\m5stopwatch-render
-check\\esp-idf\\mqtt\\CMakeFiles' 
Please manually remove the file `C:\Users\wararyo\Git\M5StopWatch-wararyoLauncher\.pio\build\m5stopwatch-render-check\e
sp-idf\mqtt\CMakeFiles`
[WinError 2] 指定されたファイルが見つかりません。: 'C:\\Users\\wararyo\\Git\\M5StopWatch-wararyoLauncher\\.pio\\build\\m5stopwatch-render
-check\\esp-idf\\mqtt\\cmake_install.cmake' 
Please manually remove the file `C:\Users\wararyo\Git\M5StopWatch-wararyoLauncher\.pio\build\m5stopwatch-render-check\e
sp-idf\mqtt\cmake_install.cmake`
[WinError 3] 指定されたパスが見つかりません。: 'C:\\Users\\wararyo\\Git\\M5StopWatch-wararyoLauncher\\.pio\\build\\m5stopwatch-render-c
heck\\esp-idf\\mqtt\\libmqtt.a' 
Please manually remove the file `C:\Users\wararyo\Git\M5StopWatch-wararyoLauncher\.pio\build\m5stopwatch-render-check\e
sp-idf\mqtt\libmqtt.a`
[WinError 2] 指定されたファイルが見つかりません。: 'C:\\Users\\wararyo\\Git\\M5StopWatch-wararyoLauncher\\.pio\\build\\m5stopwatch-render
-check\\esp-idf\\mqtt' 
Please manually remove the file `C:\Users\wararyo\Git\M5StopWatch-wararyoLauncher\.pio\build\m5stopwatch-render-check\e
sp-idf\mqtt`
[WinError 2] 指定されたファイルが見つかりません。: 'C:\\Users\\wararyo\\Git\\M5StopWatch-wararyoLauncher\\.pio\\build\\m5stopwatch-render
-check\\esp-idf\\newlib\\CMakeFiles\\__idf_newlib.dir\\src\\port' 
Please manually remove the file `C:\Users\wararyo\Git\M5StopWatch-wararyoLauncher\.pio\build\m5stopwatch-render-check\e
sp-idf\newlib\CMakeFiles\__idf_newlib.dir\src\port`
[WinError 3] 指定されたパスが見つかりません。: 'C:\\Users\\wararyo\\Git\\M5StopWatch-wararyoLauncher\\.pio\\build\\m5stopwatch-render-c
heck\\esp-idf\\newlib\\CMakeFiles\\__idf_newlib.dir\\src' 
Please manually remove the file `C:\Users\wararyo\Git\M5StopWatch-wararyoLauncher\.pio\build\m5stopwatch-render-check\e
sp-idf\newlib\CMakeFiles\__idf_newlib.dir\src`
[WinError 3] 指定されたパスが見つかりません。: 'C:\\Users\\wararyo\\Git\\M5StopWatch-wararyoLauncher\\.pio\\build\\m5stopwatch-render-c
heck\\esp-idf\\newlib\\CMakeFiles\\__idf_newlib.dir' 
Please manually remove the file `C:\Users\wararyo\Git\M5StopWatch-wararyoLauncher\.pio\build\m5stopwatch-render-check\e
sp-idf\newlib\CMakeFiles\__idf_newlib.dir`
[WinError 2] 指定されたファイルが見つかりません。: 'C:\\Users\\wararyo\\Git\\M5StopWatch-wararyoLauncher\\.pio\\build\\m5stopwatch-render
-check\\esp-idf\\newlib\\CMakeFiles' 
Please manually remove the file `C:\Users\wararyo\Git\M5StopWatch-wararyoLauncher\.pio\build\m5stopwatch-render-check\e
sp-idf\newlib\CMakeFiles`
[WinError 2] 指定されたファイルが見つかりません。: 'C:\\Users\\wararyo\\Git\\M5StopWatch-wararyoLauncher\\.pio\\build\\m5stopwatch-render
-check\\esp-idf\\newlib\\cmake_install.cmake' 
Please manually remove the file `C:\Users\wararyo\Git\M5StopWatch-wararyoLauncher\.pio\build\m5stopwatch-render-check\e
sp-idf\newlib\cmake_install.cmake`
[WinError 2] 指定されたファイルが見つかりません。: 'C:\\Users\\wararyo\\Git\\M5StopWatch-wararyoLauncher\\.pio\\build\\m5stopwatch-render
-check\\esp-idf\\newlib\\libnewlib.a' 
Please manually remove the file `C:\Users\wararyo\Git\M5StopWatch-wararyoLauncher\.pio\build\m5stopwatch-render-check\e
sp-idf\newlib\libnewlib.a`
[WinError 2] 指定されたファイルが見つかりません。: 'C:\\Users\\wararyo\\Git\\M5StopWatch-wararyoLauncher\\.pio\\build\\m5stopwatch-render
-check\\esp-idf\\newlib\\src\\port\\cmake_install.cmake' 
Please manually remove the file `C:\Users\wararyo\Git\M5StopWatch-wararyoLauncher\.pio\build\m5stopwatch-render-check\e
sp-idf\newlib\src\port\cmake_install.cmake`
[WinError 2] 指定されたファイルが見つかりません。: 'C:\\Users\\wararyo\\Git\\M5StopWatch-wararyoLauncher\\.pio\\build\\m5stopwatch-render
-check\\esp-idf\\newlib\\src\\port' 
Please manually remove the file `C:\Users\wararyo\Git\M5StopWatch-wararyoLauncher\.pio\build\m5stopwatch-render-check\e
sp-idf\newlib\src\port`
[WinError 2] 指定されたファイルが見つかりません。: 'C:\\Users\\wararyo\\Git\\M5StopWatch-wararyoLauncher\\.pio\\build\\m5stopwatch-render
-check\\esp-idf\\newlib' 
Please manually remove the file `C:\Users\wararyo\Git\M5StopWatch-wararyoLauncher\.pio\build\m5stopwatch-render-check\e
sp-idf\newlib`
[WinError 2] 指定されたファイルが見つかりません。: 'C:\\Users\\wararyo\\Git\\M5StopWatch-wararyoLauncher\\.pio\\build\\m5stopwatch-render
-check\\esp-idf\\nvs_flash\\CMakeFiles\\__idf_nvs_flash.dir' 
Please manually remove the file `C:\Users\wararyo\Git\M5StopWatch-wararyoLauncher\.pio\build\m5stopwatch-render-check\e
sp-idf\nvs_flash\CMakeFiles\__idf_nvs_flash.dir`
[WinError 2] 指定されたファイルが見つかりません。: 'C:\\Users\\wararyo\\Git\\M5StopWatch-wararyoLauncher\\.pio\\build\\m5stopwatch-render
-check\\esp-idf\\nvs_flash\\CMakeFiles' 
Please manually remove the file `C:\Users\wararyo\Git\M5StopWatch-wararyoLauncher\.pio\build\m5stopwatch-render-check\e
sp-idf\nvs_flash\CMakeFiles`
[WinError 2] 指定されたファイルが見つかりません。: 'C:\\Users\\wararyo\\Git\\M5StopWatch-wararyoLauncher\\.pio\\build\\m5stopwatch-render
-check\\esp-idf\\nvs_flash\\cmake_install.cmake' 
Please manually remove the file `C:\Users\wararyo\Git\M5StopWatch-wararyoLauncher\.pio\build\m5stopwatch-render-check\e
sp-idf\nvs_flash\cmake_install.cmake`
[WinError 2] 指定されたファイルが見つかりません。: 'C:\\Users\\wararyo\\Git\\M5StopWatch-wararyoLauncher\\.pio\\build\\m5stopwatch-render
-check\\esp-idf\\nvs_flash\\libnvs_flash.a' 
Please manually remove the file `C:\Users\wararyo\Git\M5StopWatch-wararyoLauncher\.pio\build\m5stopwatch-render-check\e
sp-idf\nvs_flash\libnvs_flash.a`
[WinError 3] 指定されたパスが見つかりません。: 'C:\\Users\\wararyo\\Git\\M5StopWatch-wararyoLauncher\\.pio\\build\\m5stopwatch-render-c
heck\\esp-idf\\nvs_sec_provider\\CMakeFiles\\__idf_nvs_sec_provider.dir' 
Please manually remove the file `C:\Users\wararyo\Git\M5StopWatch-wararyoLauncher\.pio\build\m5stopwatch-render-check\e
sp-idf\nvs_sec_provider\CMakeFiles\__idf_nvs_sec_provider.dir`
[WinError 2] 指定されたファイルが見つかりません。: 'C:\\Users\\wararyo\\Git\\M5StopWatch-wararyoLauncher\\.pio\\build\\m5stopwatch-render
-check\\esp-idf\\nvs_sec_provider\\CMakeFiles' 
Please manually remove the file `C:\Users\wararyo\Git\M5StopWatch-wararyoLauncher\.pio\build\m5stopwatch-render-check\e
sp-idf\nvs_sec_provider\CMakeFiles`
[WinError 3] 指定されたパスが見つかりません。: 'C:\\Users\\wararyo\\Git\\M5StopWatch-wararyoLauncher\\.pio\\build\\m5stopwatch-render-c
heck\\esp-idf\\nvs_sec_provider\\cmake_install.cmake' 
Please manually remove the file `C:\Users\wararyo\Git\M5StopWatch-wararyoLauncher\.pio\build\m5stopwatch-render-check\e
sp-idf\nvs_sec_provider\cmake_install.cmake`
[WinError 3] 指定されたパスが見つかりません。: 'C:\\Users\\wararyo\\Git\\M5StopWatch-wararyoLauncher\\.pio\\build\\m5stopwatch-render-c
heck\\esp-idf\\nvs_sec_provider\\libnvs_sec_provider.a' 
Please manually remove the file `C:\Users\wararyo\Git\M5StopWatch-wararyoLauncher\.pio\build\m5stopwatch-render-check\e
sp-idf\nvs_sec_provider\libnvs_sec_provider.a`
[WinError 2] 指定されたファイルが見つかりません。: 'C:\\Users\\wararyo\\Git\\M5StopWatch-wararyoLauncher\\.pio\\build\\m5stopwatch-render
-check\\esp-idf\\nvs_sec_provider' 
Please manually remove the file `C:\Users\wararyo\Git\M5StopWatch-wararyoLauncher\.pio\build\m5stopwatch-render-check\e
sp-idf\nvs_sec_provider`
[WinError 3] 指定されたパスが見つかりません。: 'C:\\Users\\wararyo\\Git\\M5StopWatch-wararyoLauncher\\.pio\\build\\m5stopwatch-render-c
heck\\esp-idf\\openthread\\cmake_install.cmake' 
Please manually remove the file `C:\Users\wararyo\Git\M5StopWatch-wararyoLauncher\.pio\build\m5stopwatch-render-check\e
sp-idf\openthread\cmake_install.cmake`
[WinError 2] 指定されたファイルが見つかりません。: 'C:\\Users\\wararyo\\Git\\M5StopWatch-wararyoLauncher\\.pio\\build\\m5stopwatch-render
-check\\esp-idf\\openthread' 
Please manually remove the file `C:\Users\wararyo\Git\M5StopWatch-wararyoLauncher\.pio\build\m5stopwatch-render-check\e
sp-idf\openthread`
[WinError 2] 指定されたファイルが見つかりません。: 'C:\\Users\\wararyo\\Git\\M5StopWatch-wararyoLauncher\\.pio\\build\\m5stopwatch-render
-check\\esp-idf\\partition_table\\CMakeFiles' 
Please manually remove the file `C:\Users\wararyo\Git\M5StopWatch-wararyoLauncher\.pio\build\m5stopwatch-render-check\e
sp-idf\partition_table\CMakeFiles`
[WinError 2] 指定されたファイルが見つかりません。: 'C:\\Users\\wararyo\\Git\\M5StopWatch-wararyoLauncher\\.pio\\build\\m5stopwatch-render
-check\\esp-idf\\partition_table\\CMakeFiles' 
Please manually remove the file `C:\Users\wararyo\Git\M5StopWatch-wararyoLauncher\.pio\build\m5stopwatch-render-check\e
sp-idf\partition_table\CMakeFiles`
[WinError 2] 指定されたファイルが見つかりません。: 'C:\\Users\\wararyo\\Git\\M5StopWatch-wararyoLauncher\\.pio\\build\\m5stopwatch-render
-check\\esp-idf\\partition_table\\cmake_install.cmake' 
Please manually remove the file `C:\Users\wararyo\Git\M5StopWatch-wararyoLauncher\.pio\build\m5stopwatch-render-check\e
sp-idf\partition_table\cmake_install.cmake`
[WinError 2] 指定されたファイルが見つかりません。: 'C:\\Users\\wararyo\\Git\\M5StopWatch-wararyoLauncher\\.pio\\build\\m5stopwatch-render
-check\\esp-idf\\partition_table\\partition-table-flash_args.in' 
Please manually remove the file `C:\Users\wararyo\Git\M5StopWatch-wararyoLauncher\.pio\build\m5stopwatch-render-check\e
sp-idf\partition_table\partition-table-flash_args.in`
[WinError 3] 指定されたパスが見つかりません。: 'C:\\Users\\wararyo\\Git\\M5StopWatch-wararyoLauncher\\.pio\\build\\m5stopwatch-render-c
heck\\esp-idf\\protobuf-c\\CMakeFiles\\__idf_protobuf-c.dir\\protobuf-c\\protobuf-c' 
Please manually remove the file `C:\Users\wararyo\Git\M5StopWatch-wararyoLauncher\.pio\build\m5stopwatch-render-check\e
sp-idf\protobuf-c\CMakeFiles\__idf_protobuf-c.dir\protobuf-c\protobuf-c`
[WinError 3] 指定されたパスが見つかりません。: 'C:\\Users\\wararyo\\Git\\M5StopWatch-wararyoLauncher\\.pio\\build\\m5stopwatch-render-c
heck\\esp-idf\\protobuf-c\\CMakeFiles\\__idf_protobuf-c.dir\\protobuf-c' 
Please manually remove the file `C:\Users\wararyo\Git\M5StopWatch-wararyoLauncher\.pio\build\m5stopwatch-render-check\e
sp-idf\protobuf-c\CMakeFiles\__idf_protobuf-c.dir\protobuf-c`
[WinError 2] 指定されたファイルが見つかりません。: 'C:\\Users\\wararyo\\Git\\M5StopWatch-wararyoLauncher\\.pio\\build\\m5stopwatch-render
-check\\esp-idf\\protobuf-c\\CMakeFiles\\__idf_protobuf-c.dir' 
Please manually remove the file `C:\Users\wararyo\Git\M5StopWatch-wararyoLauncher\.pio\build\m5stopwatch-render-check\e
sp-idf\protobuf-c\CMakeFiles\__idf_protobuf-c.dir`
[WinError 2] 指定されたファイルが見つかりません。: 'C:\\Users\\wararyo\\Git\\M5StopWatch-wararyoLauncher\\.pio\\build\\m5stopwatch-render
-check\\esp-idf\\protobuf-c\\CMakeFiles' 
Please manually remove the file `C:\Users\wararyo\Git\M5StopWatch-wararyoLauncher\.pio\build\m5stopwatch-render-check\e
sp-idf\protobuf-c\CMakeFiles`
[WinError 2] 指定されたファイルが見つかりません。: 'C:\\Users\\wararyo\\Git\\M5StopWatch-wararyoLauncher\\.pio\\build\\m5stopwatch-render
-check\\esp-idf\\protobuf-c\\cmake_install.cmake' 
Please manually remove the file `C:\Users\wararyo\Git\M5StopWatch-wararyoLauncher\.pio\build\m5stopwatch-render-check\e
sp-idf\protobuf-c\cmake_install.cmake`
[WinError 2] 指定されたファイルが見つかりません。: 'C:\\Users\\wararyo\\Git\\M5StopWatch-wararyoLauncher\\.pio\\build\\m5stopwatch-render
-check\\esp-idf\\protobuf-c\\libprotobuf-c.a' 
Please manually remove the file `C:\Users\wararyo\Git\M5StopWatch-wararyoLauncher\.pio\build\m5stopwatch-render-check\e
sp-idf\protobuf-c\libprotobuf-c.a`
[WinError 2] 指定されたファイルが見つかりません。: 'C:\\Users\\wararyo\\Git\\M5StopWatch-wararyoLauncher\\.pio\\build\\m5stopwatch-render
-check\\esp-idf\\protobuf-c' 
Please manually remove the file `C:\Users\wararyo\Git\M5StopWatch-wararyoLauncher\.pio\build\m5stopwatch-render-check\e
sp-idf\protobuf-c`
[WinError 2] 指定されたファイルが見つかりません。: 'C:\\Users\\wararyo\\Git\\M5StopWatch-wararyoLauncher\\.pio\\build\\m5stopwatch-render
-check\\esp-idf\\protocomm\\CMakeFiles\\__idf_protocomm.dir\\src\\crypto\\srp6a' 
Please manually remove the file `C:\Users\wararyo\Git\M5StopWatch-wararyoLauncher\.pio\build\m5stopwatch-render-check\e
sp-idf\protocomm\CMakeFiles\__idf_protocomm.dir\src\crypto\srp6a`
[WinError 3] 指定されたパスが見つかりません。: 'C:\\Users\\wararyo\\Git\\M5StopWatch-wararyoLauncher\\.pio\\build\\m5stopwatch-render-c
heck\\esp-idf\\protocomm\\CMakeFiles\\__idf_protocomm.dir\\src\\crypto\\srp6a' 
Please manually remove the file `C:\Users\wararyo\Git\M5StopWatch-wararyoLauncher\.pio\build\m5stopwatch-render-check\e
sp-idf\protocomm\CMakeFiles\__idf_protocomm.dir\src\crypto\srp6a`
[WinError 2] 指定されたファイルが見つかりません。: 'C:\\Users\\wararyo\\Git\\M5StopWatch-wararyoLauncher\\.pio\\build\\m5stopwatch-render
-check\\esp-idf\\protocomm\\CMakeFiles\\__idf_protocomm.dir\\src\\crypto' 
Please manually remove the file `C:\Users\wararyo\Git\M5StopWatch-wararyoLauncher\.pio\build\m5stopwatch-render-check\e
sp-idf\protocomm\CMakeFiles\__idf_protocomm.dir\src\crypto`
[WinError 2] 指定されたファイルが見つかりません。: 'C:\\Users\\wararyo\\Git\\M5StopWatch-wararyoLauncher\\.pio\\build\\m5stopwatch-render
-check\\esp-idf\\protocomm\\CMakeFiles\\__idf_protocomm.dir\\src\\security' 
Please manually remove the file `C:\Users\wararyo\Git\M5StopWatch-wararyoLauncher\.pio\build\m5stopwatch-render-check\e
sp-idf\protocomm\CMakeFiles\__idf_protocomm.dir\src\security`
[WinError 2] 指定されたファイルが見つかりません。: 'C:\\Users\\wararyo\\Git\\M5StopWatch-wararyoLauncher\\.pio\\build\\m5stopwatch-render
-check\\esp-idf\\protocomm\\CMakeFiles\\__idf_protocomm.dir\\src\\transports' 
Please manually remove the file `C:\Users\wararyo\Git\M5StopWatch-wararyoLauncher\.pio\build\m5stopwatch-render-check\e
sp-idf\protocomm\CMakeFiles\__idf_protocomm.dir\src\transports`
[WinError 3] 指定されたパスが見つかりません。: 'C:\\Users\\wararyo\\Git\\M5StopWatch-wararyoLauncher\\.pio\\build\\m5stopwatch-render-c
heck\\esp-idf\\protocomm\\CMakeFiles\\__idf_protocomm.dir\\src\\transports' 
Please manually remove the file `C:\Users\wararyo\Git\M5StopWatch-wararyoLauncher\.pio\build\m5stopwatch-render-check\e
sp-idf\protocomm\CMakeFiles\__idf_protocomm.dir\src\transports`
[WinError 3] 指定されたパスが見つかりません。: 'C:\\Users\\wararyo\\Git\\M5StopWatch-wararyoLauncher\\.pio\\build\\m5stopwatch-render-c
heck\\esp-idf\\protocomm\\CMakeFiles\\__idf_protocomm.dir\\src' 
Please manually remove the file `C:\Users\wararyo\Git\M5StopWatch-wararyoLauncher\.pio\build\m5stopwatch-render-check\e
sp-idf\protocomm\CMakeFiles\__idf_protocomm.dir\src`
[WinError 3] 指定されたパスが見つかりません。: 'C:\\Users\\wararyo\\Git\\M5StopWatch-wararyoLauncher\\.pio\\build\\m5stopwatch-render-c
heck\\esp-idf\\protocomm\\CMakeFiles\\__idf_protocomm.dir' 
Please manually remove the file `C:\Users\wararyo\Git\M5StopWatch-wararyoLauncher\.pio\build\m5stopwatch-render-check\e
sp-idf\protocomm\CMakeFiles\__idf_protocomm.dir`
[WinError 2] 指定されたファイルが見つかりません。: 'C:\\Users\\wararyo\\Git\\M5StopWatch-wararyoLauncher\\.pio\\build\\m5stopwatch-render
-check\\esp-idf\\protocomm\\CMakeFiles' 
Please manually remove the file `C:\Users\wararyo\Git\M5StopWatch-wararyoLauncher\.pio\build\m5stopwatch-render-check\e
sp-idf\protocomm\CMakeFiles`
[WinError 2] 指定されたファイルが見つかりません。: 'C:\\Users\\wararyo\\Git\\M5StopWatch-wararyoLauncher\\.pio\\build\\m5stopwatch-render
-check\\esp-idf\\protocomm\\cmake_install.cmake' 
Please manually remove the file `C:\Users\wararyo\Git\M5StopWatch-wararyoLauncher\.pio\build\m5stopwatch-render-check\e
sp-idf\protocomm\cmake_install.cmake`
[WinError 3] 指定されたパスが見つかりません。: 'C:\\Users\\wararyo\\Git\\M5StopWatch-wararyoLauncher\\.pio\\build\\m5stopwatch-render-c
heck\\esp-idf\\protocomm\\libprotocomm.a' 
Please manually remove the file `C:\Users\wararyo\Git\M5StopWatch-wararyoLauncher\.pio\build\m5stopwatch-render-check\e
sp-idf\protocomm\libprotocomm.a`
[WinError 2] 指定されたファイルが見つかりません。: 'C:\\Users\\wararyo\\Git\\M5StopWatch-wararyoLauncher\\.pio\\build\\m5stopwatch-render
-check\\esp-idf\\protocomm' 
Please manually remove the file `C:\Users\wararyo\Git\M5StopWatch-wararyoLauncher\.pio\build\m5stopwatch-render-check\e
sp-idf\protocomm`
[WinError 2] 指定されたファイルが見つかりません。: 'C:\\Users\\wararyo\\Git\\M5StopWatch-wararyoLauncher\\.pio\\build\\m5stopwatch-render
-check\\esp-idf\\pthread\\CMakeFiles' 
Please manually remove the file `C:\Users\wararyo\Git\M5StopWatch-wararyoLauncher\.pio\build\m5stopwatch-render-check\e
sp-idf\pthread\CMakeFiles`
[WinError 2] 指定されたファイルが見つかりません。: 'C:\\Users\\wararyo\\Git\\M5StopWatch-wararyoLauncher\\.pio\\build\\m5stopwatch-render
-check\\esp-idf\\pthread\\cmake_install.cmake' 
Please manually remove the file `C:\Users\wararyo\Git\M5StopWatch-wararyoLauncher\.pio\build\m5stopwatch-render-check\e
sp-idf\pthread\cmake_install.cmake`
[WinError 3] 指定されたパスが見つかりません。: 'C:\\Users\\wararyo\\Git\\M5StopWatch-wararyoLauncher\\.pio\\build\\m5stopwatch-render-c
heck\\esp-idf\\pthread\\libpthread.a' 
Please manually remove the file `C:\Users\wararyo\Git\M5StopWatch-wararyoLauncher\.pio\build\m5stopwatch-render-check\e
sp-idf\pthread\libpthread.a`
[WinError 2] 指定されたファイルが見つかりません。: 'C:\\Users\\wararyo\\Git\\M5StopWatch-wararyoLauncher\\.pio\\build\\m5stopwatch-render
-check\\esp-idf\\pthread' 
Please manually remove the file `C:\Users\wararyo\Git\M5StopWatch-wararyoLauncher\.pio\build\m5stopwatch-render-check\e
sp-idf\pthread`
[WinError 3] 指定されたパスが見つかりません。: 'C:\\Users\\wararyo\\Git\\M5StopWatch-wararyoLauncher\\.pio\\build\\m5stopwatch-render-c
heck\\esp-idf\\rt\\CMakeFiles\\__idf_rt.dir' 
Please manually remove the file `C:\Users\wararyo\Git\M5StopWatch-wararyoLauncher\.pio\build\m5stopwatch-render-check\e
sp-idf\rt\CMakeFiles\__idf_rt.dir`
[WinError 2] 指定されたファイルが見つかりません。: 'C:\\Users\\wararyo\\Git\\M5StopWatch-wararyoLauncher\\.pio\\build\\m5stopwatch-render
-check\\esp-idf\\rt\\CMakeFiles' 
Please manually remove the file `C:\Users\wararyo\Git\M5StopWatch-wararyoLauncher\.pio\build\m5stopwatch-render-check\e
sp-idf\rt\CMakeFiles`
[WinError 2] 指定されたファイルが見つかりません。: 'C:\\Users\\wararyo\\Git\\M5StopWatch-wararyoLauncher\\.pio\\build\\m5stopwatch-render
-check\\esp-idf\\rt\\cmake_install.cmake' 
Please manually remove the file `C:\Users\wararyo\Git\M5StopWatch-wararyoLauncher\.pio\build\m5stopwatch-render-check\e
sp-idf\rt\cmake_install.cmake`
[WinError 2] 指定されたファイルが見つかりません。: 'C:\\Users\\wararyo\\Git\\M5StopWatch-wararyoLauncher\\.pio\\build\\m5stopwatch-render
-check\\esp-idf\\rt\\librt.a' 
Please manually remove the file `C:\Users\wararyo\Git\M5StopWatch-wararyoLauncher\.pio\build\m5stopwatch-render-check\e
sp-idf\rt\librt.a`
[WinError 2] 指定されたファイルが見つかりません。: 'C:\\Users\\wararyo\\Git\\M5StopWatch-wararyoLauncher\\.pio\\build\\m5stopwatch-render
-check\\esp-idf\\rt' 
Please manually remove the file `C:\Users\wararyo\Git\M5StopWatch-wararyoLauncher\.pio\build\m5stopwatch-render-check\e
sp-idf\rt`
[WinError 3] 指定されたパスが見つかりません。: 'C:\\Users\\wararyo\\Git\\M5StopWatch-wararyoLauncher\\.pio\\build\\m5stopwatch-render-c
heck\\esp-idf\\sdmmc\\CMakeFiles\\__idf_sdmmc.dir\\sd_pwr_ctrl' 
Please manually remove the file `C:\Users\wararyo\Git\M5StopWatch-wararyoLauncher\.pio\build\m5stopwatch-render-check\e
sp-idf\sdmmc\CMakeFiles\__idf_sdmmc.dir\sd_pwr_ctrl`
[WinError 3] 指定されたパスが見つかりません。: 'C:\\Users\\wararyo\\Git\\M5StopWatch-wararyoLauncher\\.pio\\build\\m5stopwatch-render-c
heck\\esp-idf\\sdmmc\\CMakeFiles\\__idf_sdmmc.dir' 
Please manually remove the file `C:\Users\wararyo\Git\M5StopWatch-wararyoLauncher\.pio\build\m5stopwatch-render-check\e
sp-idf\sdmmc\CMakeFiles\__idf_sdmmc.dir`
[WinError 2] 指定されたファイルが見つかりません。: 'C:\\Users\\wararyo\\Git\\M5StopWatch-wararyoLauncher\\.pio\\build\\m5stopwatch-render
-check\\esp-idf\\sdmmc\\CMakeFiles' 
Please manually remove the file `C:\Users\wararyo\Git\M5StopWatch-wararyoLauncher\.pio\build\m5stopwatch-render-check\e
sp-idf\sdmmc\CMakeFiles`
[WinError 2] 指定されたファイルが見つかりません。: 'C:\\Users\\wararyo\\Git\\M5StopWatch-wararyoLauncher\\.pio\\build\\m5stopwatch-render
-check\\esp-idf\\sdmmc\\cmake_install.cmake' 
Please manually remove the file `C:\Users\wararyo\Git\M5StopWatch-wararyoLauncher\.pio\build\m5stopwatch-render-check\e
sp-idf\sdmmc\cmake_install.cmake`
[WinError 3] 指定されたパスが見つかりません。: 'C:\\Users\\wararyo\\Git\\M5StopWatch-wararyoLauncher\\.pio\\build\\m5stopwatch-render-c
heck\\esp-idf\\sdmmc\\libsdmmc.a' 
Please manually remove the file `C:\Users\wararyo\Git\M5StopWatch-wararyoLauncher\.pio\build\m5stopwatch-render-check\e
sp-idf\sdmmc\libsdmmc.a`
[WinError 2] 指定されたファイルが見つかりません。: 'C:\\Users\\wararyo\\Git\\M5StopWatch-wararyoLauncher\\.pio\\build\\m5stopwatch-render
-check\\esp-idf\\sdmmc' 
Please manually remove the file `C:\Users\wararyo\Git\M5StopWatch-wararyoLauncher\.pio\build\m5stopwatch-render-check\e
sp-idf\sdmmc`
[WinError 2] 指定されたファイルが見つかりません。: 'C:\\Users\\wararyo\\Git\\M5StopWatch-wararyoLauncher\\.pio\\build\\m5stopwatch-render
-check\\esp-idf\\soc\\CMakeFiles\\__idf_soc.dir' 
Please manually remove the file `C:\Users\wararyo\Git\M5StopWatch-wararyoLauncher\.pio\build\m5stopwatch-render-check\e
sp-idf\soc\CMakeFiles\__idf_soc.dir`
[WinError 3] 指定されたパスが見つかりません。: 'C:\\Users\\wararyo\\Git\\M5StopWatch-wararyoLauncher\\.pio\\build\\m5stopwatch-render-c
heck\\esp-idf\\soc\\CMakeFiles\\__idf_soc.dir' 
Please manually remove the file `C:\Users\wararyo\Git\M5StopWatch-wararyoLauncher\.pio\build\m5stopwatch-render-check\e
sp-idf\soc\CMakeFiles\__idf_soc.dir`
[WinError 2] 指定されたファイルが見つかりません。: 'C:\\Users\\wararyo\\Git\\M5StopWatch-wararyoLauncher\\.pio\\build\\m5stopwatch-render
-check\\esp-idf\\soc\\CMakeFiles' 
Please manually remove the file `C:\Users\wararyo\Git\M5StopWatch-wararyoLauncher\.pio\build\m5stopwatch-render-check\e
sp-idf\soc\CMakeFiles`
[WinError 2] 指定されたファイルが見つかりません。: 'C:\\Users\\wararyo\\Git\\M5StopWatch-wararyoLauncher\\.pio\\build\\m5stopwatch-render
-check\\esp-idf\\soc\\cmake_install.cmake' 
Please manually remove the file `C:\Users\wararyo\Git\M5StopWatch-wararyoLauncher\.pio\build\m5stopwatch-render-check\e
sp-idf\soc\cmake_install.cmake`
[WinError 2] 指定されたファイルが見つかりません。: 'C:\\Users\\wararyo\\Git\\M5StopWatch-wararyoLauncher\\.pio\\build\\m5stopwatch-render
-check\\esp-idf\\soc\\libsoc.a' 
Please manually remove the file `C:\Users\wararyo\Git\M5StopWatch-wararyoLauncher\.pio\build\m5stopwatch-render-check\e
sp-idf\soc\libsoc.a`
[WinError 2] 指定されたファイルが見つかりません。: 'C:\\Users\\wararyo\\Git\\M5StopWatch-wararyoLauncher\\.pio\\build\\m5stopwatch-render
-check\\esp-idf\\soc' 
Please manually remove the file `C:\Users\wararyo\Git\M5StopWatch-wararyoLauncher\.pio\build\m5stopwatch-render-check\e
sp-idf\soc`
[WinError 3] 指定されたパスが見つかりません。: 'C:\\Users\\wararyo\\Git\\M5StopWatch-wararyoLauncher\\.pio\\build\\m5stopwatch-render-c
heck\\esp-idf\\spiffs\\CMakeFiles\\__idf_spiffs.dir\\spiffs\\src' 
Please manually remove the file `C:\Users\wararyo\Git\M5StopWatch-wararyoLauncher\.pio\build\m5stopwatch-render-check\e
sp-idf\spiffs\CMakeFiles\__idf_spiffs.dir\spiffs\src`
[WinError 3] 指定されたパスが見つかりません。: 'C:\\Users\\wararyo\\Git\\M5StopWatch-wararyoLauncher\\.pio\\build\\m5stopwatch-render-c
heck\\esp-idf\\spiffs\\CMakeFiles\\__idf_spiffs.dir\\spiffs' 
Please manually remove the file `C:\Users\wararyo\Git\M5StopWatch-wararyoLauncher\.pio\build\m5stopwatch-render-check\e
sp-idf\spiffs\CMakeFiles\__idf_spiffs.dir\spiffs`
[WinError 3] 指定されたパスが見つかりません。: 'C:\\Users\\wararyo\\Git\\M5StopWatch-wararyoLauncher\\.pio\\build\\m5stopwatch-render-c
heck\\esp-idf\\spiffs\\CMakeFiles\\__idf_spiffs.dir' 
Please manually remove the file `C:\Users\wararyo\Git\M5StopWatch-wararyoLauncher\.pio\build\m5stopwatch-render-check\e
sp-idf\spiffs\CMakeFiles\__idf_spiffs.dir`
[WinError 2] 指定されたファイルが見つかりません。: 'C:\\Users\\wararyo\\Git\\M5StopWatch-wararyoLauncher\\.pio\\build\\m5stopwatch-render
-check\\esp-idf\\spiffs\\CMakeFiles' 
Please manually remove the file `C:\Users\wararyo\Git\M5StopWatch-wararyoLauncher\.pio\build\m5stopwatch-render-check\e
sp-idf\spiffs\CMakeFiles`
[WinError 2] 指定されたファイルが見つかりません。: 'C:\\Users\\wararyo\\Git\\M5StopWatch-wararyoLauncher\\.pio\\build\\m5stopwatch-render
-check\\esp-idf\\spiffs\\cmake_install.cmake' 
Please manually remove the file `C:\Users\wararyo\Git\M5StopWatch-wararyoLauncher\.pio\build\m5stopwatch-render-check\e
sp-idf\spiffs\cmake_install.cmake`
[WinError 2] 指定されたファイルが見つかりません。: 'C:\\Users\\wararyo\\Git\\M5StopWatch-wararyoLauncher\\.pio\\build\\m5stopwatch-render
-check\\esp-idf\\spiffs\\libspiffs.a' 
Please manually remove the file `C:\Users\wararyo\Git\M5StopWatch-wararyoLauncher\.pio\build\m5stopwatch-render-check\e
sp-idf\spiffs\libspiffs.a`
[WinError 2] 指定されたファイルが見つかりません。: 'C:\\Users\\wararyo\\Git\\M5StopWatch-wararyoLauncher\\.pio\\build\\m5stopwatch-render
-check\\esp-idf\\spiffs' 
Please manually remove the file `C:\Users\wararyo\Git\M5StopWatch-wararyoLauncher\.pio\build\m5stopwatch-render-check\e
sp-idf\spiffs`
[WinError 2] 指定されたファイルが見つかりません。: 'C:\\Users\\wararyo\\Git\\M5StopWatch-wararyoLauncher\\.pio\\build\\m5stopwatch-render
-check\\esp-idf\\spi_flash\\CMakeFiles\\__idf_spi_flash.dir' 
Please manually remove the file `C:\Users\wararyo\Git\M5StopWatch-wararyoLauncher\.pio\build\m5stopwatch-render-check\e
sp-idf\spi_flash\CMakeFiles\__idf_spi_flash.dir`
[WinError 2] 指定されたファイルが見つかりません。: 'C:\\Users\\wararyo\\Git\\M5StopWatch-wararyoLauncher\\.pio\\build\\m5stopwatch-render
-check\\esp-idf\\spi_flash\\CMakeFiles' 
Please manually remove the file `C:\Users\wararyo\Git\M5StopWatch-wararyoLauncher\.pio\build\m5stopwatch-render-check\e
sp-idf\spi_flash\CMakeFiles`
[WinError 2] 指定されたファイルが見つかりません。: 'C:\\Users\\wararyo\\Git\\M5StopWatch-wararyoLauncher\\.pio\\build\\m5stopwatch-render
-check\\esp-idf\\spi_flash\\cmake_install.cmake' 
Please manually remove the file `C:\Users\wararyo\Git\M5StopWatch-wararyoLauncher\.pio\build\m5stopwatch-render-check\e
sp-idf\spi_flash\cmake_install.cmake`
[WinError 2] 指定されたファイルが見つかりません。: 'C:\\Users\\wararyo\\Git\\M5StopWatch-wararyoLauncher\\.pio\\build\\m5stopwatch-render
-check\\esp-idf\\spi_flash\\libspi_flash.a' 
Please manually remove the file `C:\Users\wararyo\Git\M5StopWatch-wararyoLauncher\.pio\build\m5stopwatch-render-check\e
sp-idf\spi_flash\libspi_flash.a`
[WinError 2] 指定されたファイルが見つかりません。: 'C:\\Users\\wararyo\\Git\\M5StopWatch-wararyoLauncher\\.pio\\build\\m5stopwatch-render
-check\\esp-idf\\spi_flash' 
Please manually remove the file `C:\Users\wararyo\Git\M5StopWatch-wararyoLauncher\.pio\build\m5stopwatch-render-check\e
sp-idf\spi_flash`
[WinError 2] 指定されたファイルが見つかりません。: 'C:\\Users\\wararyo\\Git\\M5StopWatch-wararyoLauncher\\.pio\\build\\m5stopwatch-render
-check\\esp-idf\\src\\CMakeFiles\\__idf_src.dir\\features\\external' 
Please manually remove the file `C:\Users\wararyo\Git\M5StopWatch-wararyoLauncher\.pio\build\m5stopwatch-render-check\e
sp-idf\src\CMakeFiles\__idf_src.dir\features\external`
[WinError 2] 指定されたファイルが見つかりません。: 'C:\\Users\\wararyo\\Git\\M5StopWatch-wararyoLauncher\\.pio\\build\\m5stopwatch-render
-check\\esp-idf\\src\\CMakeFiles\\__idf_src.dir\\input' 
Please manually remove the file `C:\Users\wararyo\Git\M5StopWatch-wararyoLauncher\.pio\build\m5stopwatch-render-check\e
sp-idf\src\CMakeFiles\__idf_src.dir\input`
[WinError 2] 指定されたファイルが見つかりません。: 'C:\\Users\\wararyo\\Git\\M5StopWatch-wararyoLauncher\\.pio\\build\\m5stopwatch-render
-check\\esp-idf\\src\\CMakeFiles\\__idf_src.dir\\multifirm' 
Please manually remove the file `C:\Users\wararyo\Git\M5StopWatch-wararyoLauncher\.pio\build\m5stopwatch-render-check\e
sp-idf\src\CMakeFiles\__idf_src.dir\multifirm`
[WinError 2] 指定されたファイルが見つかりません。: 'C:\\Users\\wararyo\\Git\\M5StopWatch-wararyoLauncher\\.pio\\build\\m5stopwatch-render
-check\\esp-idf\\src\\CMakeFiles\\__idf_src.dir\\multifirm' 
Please manually remove the file `C:\Users\wararyo\Git\M5StopWatch-wararyoLauncher\.pio\build\m5stopwatch-render-check\e
sp-idf\src\CMakeFiles\__idf_src.dir\multifirm`
[WinError 2] 指定されたファイルが見つかりません。: 'C:\\Users\\wararyo\\Git\\M5StopWatch-wararyoLauncher\\.pio\\build\\m5stopwatch-render
-check\\esp-idf\\src\\CMakeFiles\\__idf_src.dir\\power' 
Please manually remove the file `C:\Users\wararyo\Git\M5StopWatch-wararyoLauncher\.pio\build\m5stopwatch-render-check\e
sp-idf\src\CMakeFiles\__idf_src.dir\power`
[WinError 2] 指定されたファイルが見つかりません。: 'C:\\Users\\wararyo\\Git\\M5StopWatch-wararyoLauncher\\.pio\\build\\m5stopwatch-render
-check\\esp-idf\\src\\CMakeFiles\\__idf_src.dir\\services' 
Please manually remove the file `C:\Users\wararyo\Git\M5StopWatch-wararyoLauncher\.pio\build\m5stopwatch-render-check\e
sp-idf\src\CMakeFiles\__idf_src.dir\services`
[WinError 2] 指定されたファイルが見つかりません。: 'C:\\Users\\wararyo\\Git\\M5StopWatch-wararyoLauncher\\.pio\\build\\m5stopwatch-render
-check\\esp-idf\\src\\CMakeFiles\\__idf_src.dir\\services' 
Please manually remove the file `C:\Users\wararyo\Git\M5StopWatch-wararyoLauncher\.pio\build\m5stopwatch-render-check\e
sp-idf\src\CMakeFiles\__idf_src.dir\services`
[WinError 2] 指定されたファイルが見つかりません。: 'C:\\Users\\wararyo\\Git\\M5StopWatch-wararyoLauncher\\.pio\\build\\m5stopwatch-render
-check\\esp-idf\\src\\CMakeFiles\\__idf_src.dir\\storage' 
Please manually remove the file `C:\Users\wararyo\Git\M5StopWatch-wararyoLauncher\.pio\build\m5stopwatch-render-check\e
sp-idf\src\CMakeFiles\__idf_src.dir\storage`
[WinError 2] 指定されたファイルが見つかりません。: 'C:\\Users\\wararyo\\Git\\M5StopWatch-wararyoLauncher\\.pio\\build\\m5stopwatch-render
-check\\esp-idf\\src\\CMakeFiles\\__idf_src.dir\\storage' 
Please manually remove the file `C:\Users\wararyo\Git\M5StopWatch-wararyoLauncher\.pio\build\m5stopwatch-render-check\e
sp-idf\src\CMakeFiles\__idf_src.dir\storage`
[WinError 2] 指定されたファイルが見つかりません。: 'C:\\Users\\wararyo\\Git\\M5StopWatch-wararyoLauncher\\.pio\\build\\m5stopwatch-render
-check\\esp-idf\\src\\CMakeFiles\\__idf_src.dir\\ui\\graphics' 
Please manually remove the file `C:\Users\wararyo\Git\M5StopWatch-wararyoLauncher\.pio\build\m5stopwatch-render-check\e
sp-idf\src\CMakeFiles\__idf_src.dir\ui\graphics`
[WinError 2] 指定されたファイルが見つかりません。: 'C:\\Users\\wararyo\\Git\\M5StopWatch-wararyoLauncher\\.pio\\build\\m5stopwatch-render
-check\\esp-idf\\src\\CMakeFiles\\__idf_src.dir\\ui\\list' 
Please manually remove the file `C:\Users\wararyo\Git\M5StopWatch-wararyoLauncher\.pio\build\m5stopwatch-render-check\e
sp-idf\src\CMakeFiles\__idf_src.dir\ui\list`
[WinError 2] 指定されたファイルが見つかりません。: 'C:\\Users\\wararyo\\Git\\M5StopWatch-wararyoLauncher\\.pio\\build\\m5stopwatch-render
-check\\esp-idf\\src\\CMakeFiles\\__idf_src.dir\\ui\\list' 
Please manually remove the file `C:\Users\wararyo\Git\M5StopWatch-wararyoLauncher\.pio\build\m5stopwatch-render-check\e
sp-idf\src\CMakeFiles\__idf_src.dir\ui\list`
[WinError 2] 指定されたファイルが見つかりません。: 'C:\\Users\\wararyo\\Git\\M5StopWatch-wararyoLauncher\\.pio\\build\\m5stopwatch-render
-check\\esp-idf\\src\\CMakeFiles\\__idf_src.dir\\ui\\overlays' 
Please manually remove the file `C:\Users\wararyo\Git\M5StopWatch-wararyoLauncher\.pio\build\m5stopwatch-render-check\e
sp-idf\src\CMakeFiles\__idf_src.dir\ui\overlays`
[WinError 2] 指定されたファイルが見つかりません。: 'C:\\Users\\wararyo\\Git\\M5StopWatch-wararyoLauncher\\.pio\\build\\m5stopwatch-render
-check\\esp-idf\\src\\CMakeFiles\\__idf_src.dir\\ui\\rendering' 
Please manually remove the file `C:\Users\wararyo\Git\M5StopWatch-wararyoLauncher\.pio\build\m5stopwatch-render-check\e
sp-idf\src\CMakeFiles\__idf_src.dir\ui\rendering`
[WinError 2] 指定されたファイルが見つかりません。: 'C:\\Users\\wararyo\\Git\\M5StopWatch-wararyoLauncher\\.pio\\build\\m5stopwatch-render
-check\\esp-idf\\src\\CMakeFiles\\__idf_src.dir\\ui' 
Please manually remove the file `C:\Users\wararyo\Git\M5StopWatch-wararyoLauncher\.pio\build\m5stopwatch-render-check\e
sp-idf\src\CMakeFiles\__idf_src.dir\ui`
[WinError 2] 指定されたファイルが見つかりません。: 'C:\\Users\\wararyo\\Git\\M5StopWatch-wararyoLauncher\\.pio\\build\\m5stopwatch-render
-check\\esp-idf\\src\\CMakeFiles\\__idf_src.dir' 
Please manually remove the file `C:\Users\wararyo\Git\M5StopWatch-wararyoLauncher\.pio\build\m5stopwatch-render-check\e
sp-idf\src\CMakeFiles\__idf_src.dir`
[WinError 2] 指定されたファイルが見つかりません。: 'C:\\Users\\wararyo\\Git\\M5StopWatch-wararyoLauncher\\.pio\\build\\m5stopwatch-render
-check\\esp-idf\\src\\CMakeFiles' 
Please manually remove the file `C:\Users\wararyo\Git\M5StopWatch-wararyoLauncher\.pio\build\m5stopwatch-render-check\e
sp-idf\src\CMakeFiles`
[WinError 2] 指定されたファイルが見つかりません。: 'C:\\Users\\wararyo\\Git\\M5StopWatch-wararyoLauncher\\.pio\\build\\m5stopwatch-render
-check\\esp-idf\\src' 
Please manually remove the file `C:\Users\wararyo\Git\M5StopWatch-wararyoLauncher\.pio\build\m5stopwatch-render-check\e
sp-idf\src`
[WinError 2] 指定されたファイルが見つかりません。: 'C:\\Users\\wararyo\\Git\\M5StopWatch-wararyoLauncher\\.pio\\build\\m5stopwatch-render
-check\\esp-idf\\tcp_transport\\CMakeFiles\\__idf_tcp_transport.dir' 
Please manually remove the file `C:\Users\wararyo\Git\M5StopWatch-wararyoLauncher\.pio\build\m5stopwatch-render-check\e
sp-idf\tcp_transport\CMakeFiles\__idf_tcp_transport.dir`
[WinError 3] 指定されたパスが見つかりません。: 'C:\\Users\\wararyo\\Git\\M5StopWatch-wararyoLauncher\\.pio\\build\\m5stopwatch-render-c
heck\\esp-idf\\tcp_transport\\CMakeFiles\\__idf_tcp_transport.dir' 
Please manually remove the file `C:\Users\wararyo\Git\M5StopWatch-wararyoLauncher\.pio\build\m5stopwatch-render-check\e
sp-idf\tcp_transport\CMakeFiles\__idf_tcp_transport.dir`
[WinError 2] 指定されたファイルが見つかりません。: 'C:\\Users\\wararyo\\Git\\M5StopWatch-wararyoLauncher\\.pio\\build\\m5stopwatch-render
-check\\esp-idf\\tcp_transport\\CMakeFiles' 
Please manually remove the file `C:\Users\wararyo\Git\M5StopWatch-wararyoLauncher\.pio\build\m5stopwatch-render-check\e
sp-idf\tcp_transport\CMakeFiles`
[WinError 2] 指定されたファイルが見つかりません。: 'C:\\Users\\wararyo\\Git\\M5StopWatch-wararyoLauncher\\.pio\\build\\m5stopwatch-render
-check\\esp-idf\\tcp_transport\\cmake_install.cmake' 
Please manually remove the file `C:\Users\wararyo\Git\M5StopWatch-wararyoLauncher\.pio\build\m5stopwatch-render-check\e
sp-idf\tcp_transport\cmake_install.cmake`
[WinError 3] 指定されたパスが見つかりません。: 'C:\\Users\\wararyo\\Git\\M5StopWatch-wararyoLauncher\\.pio\\build\\m5stopwatch-render-c
heck\\esp-idf\\tcp_transport\\libtcp_transport.a' 
Please manually remove the file `C:\Users\wararyo\Git\M5StopWatch-wararyoLauncher\.pio\build\m5stopwatch-render-check\e
sp-idf\tcp_transport\libtcp_transport.a`
[WinError 2] 指定されたファイルが見つかりません。: 'C:\\Users\\wararyo\\Git\\M5StopWatch-wararyoLauncher\\.pio\\build\\m5stopwatch-render
-check\\esp-idf\\tcp_transport' 
Please manually remove the file `C:\Users\wararyo\Git\M5StopWatch-wararyoLauncher\.pio\build\m5stopwatch-render-check\e
sp-idf\tcp_transport`
[WinError 2] 指定されたファイルが見つかりません。: 'C:\\Users\\wararyo\\Git\\M5StopWatch-wararyoLauncher\\.pio\\build\\m5stopwatch-render
-check\\esp-idf\\touch_element\\CMakeFiles' 
Please manually remove the file `C:\Users\wararyo\Git\M5StopWatch-wararyoLauncher\.pio\build\m5stopwatch-render-check\e
sp-idf\touch_element\CMakeFiles`
[WinError 2] 指定されたファイルが見つかりません。: 'C:\\Users\\wararyo\\Git\\M5StopWatch-wararyoLauncher\\.pio\\build\\m5stopwatch-render
-check\\esp-idf\\touch_element\\cmake_install.cmake' 
Please manually remove the file `C:\Users\wararyo\Git\M5StopWatch-wararyoLauncher\.pio\build\m5stopwatch-render-check\e
sp-idf\touch_element\cmake_install.cmake`
[WinError 3] 指定されたパスが見つかりません。: 'C:\\Users\\wararyo\\Git\\M5StopWatch-wararyoLauncher\\.pio\\build\\m5stopwatch-render-c
heck\\esp-idf\\touch_element\\libtouch_element.a' 
Please manually remove the file `C:\Users\wararyo\Git\M5StopWatch-wararyoLauncher\.pio\build\m5stopwatch-render-check\e
sp-idf\touch_element\libtouch_element.a`
[WinError 2] 指定されたファイルが見つかりません。: 'C:\\Users\\wararyo\\Git\\M5StopWatch-wararyoLauncher\\.pio\\build\\m5stopwatch-render
-check\\esp-idf\\touch_element' 
Please manually remove the file `C:\Users\wararyo\Git\M5StopWatch-wararyoLauncher\.pio\build\m5stopwatch-render-check\e
sp-idf\touch_element`
[WinError 2] 指定されたファイルが見つかりません。: 'C:\\Users\\wararyo\\Git\\M5StopWatch-wararyoLauncher\\.pio\\build\\m5stopwatch-render
-check\\esp-idf\\ulp\\cmake_install.cmake' 
Please manually remove the file `C:\Users\wararyo\Git\M5StopWatch-wararyoLauncher\.pio\build\m5stopwatch-render-check\e
sp-idf\ulp\cmake_install.cmake`
[WinError 2] 指定されたファイルが見つかりません。: 'C:\\Users\\wararyo\\Git\\M5StopWatch-wararyoLauncher\\.pio\\build\\m5stopwatch-render
-check\\esp-idf\\ulp' 
Please manually remove the file `C:\Users\wararyo\Git\M5StopWatch-wararyoLauncher\.pio\build\m5stopwatch-render-check\e
sp-idf\ulp`
[WinError 2] 指定されたファイルが見つかりません。: 'C:\\Users\\wararyo\\Git\\M5StopWatch-wararyoLauncher\\.pio\\build\\m5stopwatch-render
-check\\esp-idf\\unity\\CMakeFiles\\__idf_unity.dir\\unity\\src' 
Please manually remove the file `C:\Users\wararyo\Git\M5StopWatch-wararyoLauncher\.pio\build\m5stopwatch-render-check\e
sp-idf\unity\CMakeFiles\__idf_unity.dir\unity\src`
[WinError 3] 指定されたパスが見つかりません。: 'C:\\Users\\wararyo\\Git\\M5StopWatch-wararyoLauncher\\.pio\\build\\m5stopwatch-render-c
heck\\esp-idf\\unity\\CMakeFiles\\__idf_unity.dir\\unity\\src' 
Please manually remove the file `C:\Users\wararyo\Git\M5StopWatch-wararyoLauncher\.pio\build\m5stopwatch-render-check\e
sp-idf\unity\CMakeFiles\__idf_unity.dir\unity\src`
[WinError 3] 指定されたパスが見つかりません。: 'C:\\Users\\wararyo\\Git\\M5StopWatch-wararyoLauncher\\.pio\\build\\m5stopwatch-render-c
heck\\esp-idf\\unity\\CMakeFiles\\__idf_unity.dir\\unity' 
Please manually remove the file `C:\Users\wararyo\Git\M5StopWatch-wararyoLauncher\.pio\build\m5stopwatch-render-check\e
sp-idf\unity\CMakeFiles\__idf_unity.dir\unity`
[WinError 3] 指定されたパスが見つかりません。: 'C:\\Users\\wararyo\\Git\\M5StopWatch-wararyoLauncher\\.pio\\build\\m5stopwatch-render-c
heck\\esp-idf\\unity\\CMakeFiles\\__idf_unity.dir' 
Please manually remove the file `C:\Users\wararyo\Git\M5StopWatch-wararyoLauncher\.pio\build\m5stopwatch-render-check\e
sp-idf\unity\CMakeFiles\__idf_unity.dir`
[WinError 3] 指定されたパスが見つかりません。: 'C:\\Users\\wararyo\\Git\\M5StopWatch-wararyoLauncher\\.pio\\build\\m5stopwatch-render-c
heck\\esp-idf\\unity\\CMakeFiles' 
Please manually remove the file `C:\Users\wararyo\Git\M5StopWatch-wararyoLauncher\.pio\build\m5stopwatch-render-check\e
sp-idf\unity\CMakeFiles`
[WinError 3] 指定されたパスが見つかりません。: 'C:\\Users\\wararyo\\Git\\M5StopWatch-wararyoLauncher\\.pio\\build\\m5stopwatch-render-c
heck\\esp-idf\\unity\\cmake_install.cmake' 
Please manually remove the file `C:\Users\wararyo\Git\M5StopWatch-wararyoLauncher\.pio\build\m5stopwatch-render-check\e
sp-idf\unity\cmake_install.cmake`
[WinError 3] 指定されたパスが見つかりません。: 'C:\\Users\\wararyo\\Git\\M5StopWatch-wararyoLauncher\\.pio\\build\\m5stopwatch-render-c
heck\\esp-idf\\unity\\libunity.a' 
Please manually remove the file `C:\Users\wararyo\Git\M5StopWatch-wararyoLauncher\.pio\build\m5stopwatch-render-check\e
sp-idf\unity\libunity.a`
[WinError 2] 指定されたファイルが見つかりません。: 'C:\\Users\\wararyo\\Git\\M5StopWatch-wararyoLauncher\\.pio\\build\\m5stopwatch-render
-check\\esp-idf\\unity' 
Please manually remove the file `C:\Users\wararyo\Git\M5StopWatch-wararyoLauncher\.pio\build\m5stopwatch-render-check\e
sp-idf\unity`
[WinError 2] 指定されたファイルが見つかりません。: 'C:\\Users\\wararyo\\Git\\M5StopWatch-wararyoLauncher\\.pio\\build\\m5stopwatch-render
-check\\esp-idf\\usb\\CMakeFiles' 
Please manually remove the file `C:\Users\wararyo\Git\M5StopWatch-wararyoLauncher\.pio\build\m5stopwatch-render-check\e
sp-idf\usb\CMakeFiles`
[WinError 2] 指定されたファイルが見つかりません。: 'C:\\Users\\wararyo\\Git\\M5StopWatch-wararyoLauncher\\.pio\\build\\m5stopwatch-render
-check\\esp-idf\\usb\\CMakeFiles' 
Please manually remove the file `C:\Users\wararyo\Git\M5StopWatch-wararyoLauncher\.pio\build\m5stopwatch-render-check\e
sp-idf\usb\CMakeFiles`
[WinError 2] 指定されたファイルが見つかりません。: 'C:\\Users\\wararyo\\Git\\M5StopWatch-wararyoLauncher\\.pio\\build\\m5stopwatch-render
-check\\esp-idf\\usb\\cmake_install.cmake' 
Please manually remove the file `C:\Users\wararyo\Git\M5StopWatch-wararyoLauncher\.pio\build\m5stopwatch-render-check\e
sp-idf\usb\cmake_install.cmake`
[WinError 3] 指定されたパスが見つかりません。: 'C:\\Users\\wararyo\\Git\\M5StopWatch-wararyoLauncher\\.pio\\build\\m5stopwatch-render-c
heck\\esp-idf\\usb\\libusb.a' 
Please manually remove the file `C:\Users\wararyo\Git\M5StopWatch-wararyoLauncher\.pio\build\m5stopwatch-render-check\e
sp-idf\usb\libusb.a`
[WinError 2] 指定されたファイルが見つかりません。: 'C:\\Users\\wararyo\\Git\\M5StopWatch-wararyoLauncher\\.pio\\build\\m5stopwatch-render
-check\\esp-idf\\usb' 
Please manually remove the file `C:\Users\wararyo\Git\M5StopWatch-wararyoLauncher\.pio\build\m5stopwatch-render-check\e
sp-idf\usb`
[WinError 2] 指定されたファイルが見つかりません。: 'C:\\Users\\wararyo\\Git\\M5StopWatch-wararyoLauncher\\.pio\\build\\m5stopwatch-render
-check\\esp-idf\\vfs\\CMakeFiles' 
Please manually remove the file `C:\Users\wararyo\Git\M5StopWatch-wararyoLauncher\.pio\build\m5stopwatch-render-check\e
sp-idf\vfs\CMakeFiles`
[WinError 3] 指定されたパスが見つかりません。: 'C:\\Users\\wararyo\\Git\\M5StopWatch-wararyoLauncher\\.pio\\build\\m5stopwatch-render-c
heck\\esp-idf\\vfs\\cmake_install.cmake' 
Please manually remove the file `C:\Users\wararyo\Git\M5StopWatch-wararyoLauncher\.pio\build\m5stopwatch-render-check\e
sp-idf\vfs\cmake_install.cmake`
[WinError 3] 指定されたパスが見つかりません。: 'C:\\Users\\wararyo\\Git\\M5StopWatch-wararyoLauncher\\.pio\\build\\m5stopwatch-render-c
heck\\esp-idf\\vfs\\libvfs.a' 
Please manually remove the file `C:\Users\wararyo\Git\M5StopWatch-wararyoLauncher\.pio\build\m5stopwatch-render-check\e
sp-idf\vfs\libvfs.a`
[WinError 2] 指定されたファイルが見つかりません。: 'C:\\Users\\wararyo\\Git\\M5StopWatch-wararyoLauncher\\.pio\\build\\m5stopwatch-render
-check\\esp-idf\\vfs' 
Please manually remove the file `C:\Users\wararyo\Git\M5StopWatch-wararyoLauncher\.pio\build\m5stopwatch-render-check\e
sp-idf\vfs`
[WinError 2] 指定されたファイルが見つかりません。: 'C:\\Users\\wararyo\\Git\\M5StopWatch-wararyoLauncher\\.pio\\build\\m5stopwatch-render
-check\\esp-idf\\wear_levelling\\cmake_install.cmake' 
Please manually remove the file `C:\Users\wararyo\Git\M5StopWatch-wararyoLauncher\.pio\build\m5stopwatch-render-check\e
sp-idf\wear_levelling\cmake_install.cmake`
[WinError 3] 指定されたパスが見つかりません。: 'C:\\Users\\wararyo\\Git\\M5StopWatch-wararyoLauncher\\.pio\\build\\m5stopwatch-render-c
heck\\esp-idf\\wear_levelling\\libwear_levelling.a' 
Please manually remove the file `C:\Users\wararyo\Git\M5StopWatch-wararyoLauncher\.pio\build\m5stopwatch-render-check\e
sp-idf\wear_levelling\libwear_levelling.a`
[WinError 2] 指定されたファイルが見つかりません。: 'C:\\Users\\wararyo\\Git\\M5StopWatch-wararyoLauncher\\.pio\\build\\m5stopwatch-render
-check\\esp-idf\\wear_levelling' 
Please manually remove the file `C:\Users\wararyo\Git\M5StopWatch-wararyoLauncher\.pio\build\m5stopwatch-render-check\e
sp-idf\wear_levelling`
[WinError 2] 指定されたファイルが見つかりません。: 'C:\\Users\\wararyo\\Git\\M5StopWatch-wararyoLauncher\\.pio\\build\\m5stopwatch-render
-check\\esp-idf\\wifi_provisioning\\CMakeFiles\\__idf_wifi_provisioning.dir' 
Please manually remove the file `C:\Users\wararyo\Git\M5StopWatch-wararyoLauncher\.pio\build\m5stopwatch-render-check\e
sp-idf\wifi_provisioning\CMakeFiles\__idf_wifi_provisioning.dir`
[WinError 2] 指定されたファイルが見つかりません。: 'C:\\Users\\wararyo\\Git\\M5StopWatch-wararyoLauncher\\.pio\\build\\m5stopwatch-render
-check\\esp-idf\\wifi_provisioning\\CMakeFiles' 
Please manually remove the file `C:\Users\wararyo\Git\M5StopWatch-wararyoLauncher\.pio\build\m5stopwatch-render-check\e
sp-idf\wifi_provisioning\CMakeFiles`
[WinError 2] 指定されたファイルが見つかりません。: 'C:\\Users\\wararyo\\Git\\M5StopWatch-wararyoLauncher\\.pio\\build\\m5stopwatch-render
-check\\esp-idf\\wifi_provisioning\\cmake_install.cmake' 
Please manually remove the file `C:\Users\wararyo\Git\M5StopWatch-wararyoLauncher\.pio\build\m5stopwatch-render-check\e
sp-idf\wifi_provisioning\cmake_install.cmake`
[WinError 2] 指定されたファイルが見つかりません。: 'C:\\Users\\wararyo\\Git\\M5StopWatch-wararyoLauncher\\.pio\\build\\m5stopwatch-render
-check\\esp-idf\\wifi_provisioning\\libwifi_provisioning.a' 
Please manually remove the file `C:\Users\wararyo\Git\M5StopWatch-wararyoLauncher\.pio\build\m5stopwatch-render-check\e
sp-idf\wifi_provisioning\libwifi_provisioning.a`
[WinError 2] 指定されたファイルが見つかりません。: 'C:\\Users\\wararyo\\Git\\M5StopWatch-wararyoLauncher\\.pio\\build\\m5stopwatch-render
-check\\esp-idf\\wifi_provisioning' 
Please manually remove the file `C:\Users\wararyo\Git\M5StopWatch-wararyoLauncher\.pio\build\m5stopwatch-render-check\e
sp-idf\wifi_provisioning`
[WinError 2] 指定されたファイルが見つかりません。: 'C:\\Users\\wararyo\\Git\\M5StopWatch-wararyoLauncher\\.pio\\build\\m5stopwatch-render
-check\\esp-idf\\wpa_supplicant\\CMakeFiles\\__idf_wpa_supplicant.dir\\esp_supplicant\\src\\crypto' 
Please manually remove the file `C:\Users\wararyo\Git\M5StopWatch-wararyoLauncher\.pio\build\m5stopwatch-render-check\e
sp-idf\wpa_supplicant\CMakeFiles\__idf_wpa_supplicant.dir\esp_supplicant\src\crypto`
[WinError 2] 指定されたファイルが見つかりません。: 'C:\\Users\\wararyo\\Git\\M5StopWatch-wararyoLauncher\\.pio\\build\\m5stopwatch-render
-check\\esp-idf\\wpa_supplicant\\CMakeFiles\\__idf_wpa_supplicant.dir\\esp_supplicant\\src' 
Please manually remove the file `C:\Users\wararyo\Git\M5StopWatch-wararyoLauncher\.pio\build\m5stopwatch-render-check\e
sp-idf\wpa_supplicant\CMakeFiles\__idf_wpa_supplicant.dir\esp_supplicant\src`
[WinError 2] 指定されたファイルが見つかりません。: 'C:\\Users\\wararyo\\Git\\M5StopWatch-wararyoLauncher\\.pio\\build\\m5stopwatch-render
-check\\esp-idf\\wpa_supplicant\\CMakeFiles\\__idf_wpa_supplicant.dir\\esp_supplicant' 
Please manually remove the file `C:\Users\wararyo\Git\M5StopWatch-wararyoLauncher\.pio\build\m5stopwatch-render-check\e
sp-idf\wpa_supplicant\CMakeFiles\__idf_wpa_supplicant.dir\esp_supplicant`
[WinError 2] 指定されたファイルが見つかりません。: 'C:\\Users\\wararyo\\Git\\M5StopWatch-wararyoLauncher\\.pio\\build\\m5stopwatch-render
-check\\esp-idf\\wpa_supplicant\\CMakeFiles\\__idf_wpa_supplicant.dir\\port' 
Please manually remove the file `C:\Users\wararyo\Git\M5StopWatch-wararyoLauncher\.pio\build\m5stopwatch-render-check\e
sp-idf\wpa_supplicant\CMakeFiles\__idf_wpa_supplicant.dir\port`
[WinError 2] 指定されたファイルが見つかりません。: 'C:\\Users\\wararyo\\Git\\M5StopWatch-wararyoLauncher\\.pio\\build\\m5stopwatch-render
-check\\esp-idf\\wpa_supplicant\\CMakeFiles\\__idf_wpa_supplicant.dir\\src\\utils' 
Please manually remove the file `C:\Users\wararyo\Git\M5StopWatch-wararyoLauncher\.pio\build\m5stopwatch-render-check\e
sp-idf\wpa_supplicant\CMakeFiles\__idf_wpa_supplicant.dir\src\utils`
[WinError 3] 指定されたパスが見つかりません。: 'C:\\Users\\wararyo\\Git\\M5StopWatch-wararyoLauncher\\.pio\\build\\m5stopwatch-render-c
heck\\esp-idf\\wpa_supplicant\\CMakeFiles\\__idf_wpa_supplicant.dir\\src\\wps' 
Please manually remove the file `C:\Users\wararyo\Git\M5StopWatch-wararyoLauncher\.pio\build\m5stopwatch-render-check\e
sp-idf\wpa_supplicant\CMakeFiles\__idf_wpa_supplicant.dir\src\wps`
[WinError 3] 指定されたパスが見つかりません。: 'C:\\Users\\wararyo\\Git\\M5StopWatch-wararyoLauncher\\.pio\\build\\m5stopwatch-render-c
heck\\esp-idf\\wpa_supplicant\\CMakeFiles\\__idf_wpa_supplicant.dir\\src\\wps' 
Please manually remove the file `C:\Users\wararyo\Git\M5StopWatch-wararyoLauncher\.pio\build\m5stopwatch-render-check\e
sp-idf\wpa_supplicant\CMakeFiles\__idf_wpa_supplicant.dir\src\wps`
[WinError 3] 指定されたパスが見つかりません。: 'C:\\Users\\wararyo\\Git\\M5StopWatch-wararyoLauncher\\.pio\\build\\m5stopwatch-render-c
heck\\esp-idf\\wpa_supplicant\\CMakeFiles\\__idf_wpa_supplicant.dir\\src' 
Please manually remove the file `C:\Users\wararyo\Git\M5StopWatch-wararyoLauncher\.pio\build\m5stopwatch-render-check\e
sp-idf\wpa_supplicant\CMakeFiles\__idf_wpa_supplicant.dir\src`
[WinError 3] 指定されたパスが見つかりません。: 'C:\\Users\\wararyo\\Git\\M5StopWatch-wararyoLauncher\\.pio\\build\\m5stopwatch-render-c
heck\\esp-idf\\wpa_supplicant\\CMakeFiles\\__idf_wpa_supplicant.dir' 
Please manually remove the file `C:\Users\wararyo\Git\M5StopWatch-wararyoLauncher\.pio\build\m5stopwatch-render-check\e
sp-idf\wpa_supplicant\CMakeFiles\__idf_wpa_supplicant.dir`
[WinError 2] 指定されたファイルが見つかりません。: 'C:\\Users\\wararyo\\Git\\M5StopWatch-wararyoLauncher\\.pio\\build\\m5stopwatch-render
-check\\esp-idf\\wpa_supplicant\\CMakeFiles' 
Please manually remove the file `C:\Users\wararyo\Git\M5StopWatch-wararyoLauncher\.pio\build\m5stopwatch-render-check\e
sp-idf\wpa_supplicant\CMakeFiles`
[WinError 2] 指定されたファイルが見つかりません。: 'C:\\Users\\wararyo\\Git\\M5StopWatch-wararyoLauncher\\.pio\\build\\m5stopwatch-render
-check\\esp-idf\\wpa_supplicant\\cmake_install.cmake' 
Please manually remove the file `C:\Users\wararyo\Git\M5StopWatch-wararyoLauncher\.pio\build\m5stopwatch-render-check\e
sp-idf\wpa_supplicant\cmake_install.cmake`
[WinError 2] 指定されたファイルが見つかりません。: 'C:\\Users\\wararyo\\Git\\M5StopWatch-wararyoLauncher\\.pio\\build\\m5stopwatch-render
-check\\esp-idf\\wpa_supplicant\\libwpa_supplicant.a' 
Please manually remove the file `C:\Users\wararyo\Git\M5StopWatch-wararyoLauncher\.pio\build\m5stopwatch-render-check\e
sp-idf\wpa_supplicant\libwpa_supplicant.a`
[WinError 2] 指定されたファイルが見つかりません。: 'C:\\Users\\wararyo\\Git\\M5StopWatch-wararyoLauncher\\.pio\\build\\m5stopwatch-render
-check\\esp-idf\\wpa_supplicant' 
Please manually remove the file `C:\Users\wararyo\Git\M5StopWatch-wararyoLauncher\.pio\build\m5stopwatch-render-check\e
sp-idf\wpa_supplicant`
[WinError 2] 指定されたファイルが見つかりません。: 'C:\\Users\\wararyo\\Git\\M5StopWatch-wararyoLauncher\\.pio\\build\\m5stopwatch-render
-check\\esp-idf\\xtensa' 
Please manually remove the file `C:\Users\wararyo\Git\M5StopWatch-wararyoLauncher\.pio\build\m5stopwatch-render-check\e
sp-idf\xtensa`
[WinError 2] 指定されたファイルが見つかりません。: 'C:\\Users\\wararyo\\Git\\M5StopWatch-wararyoLauncher\\.pio\\build\\m5stopwatch-render
-check\\esp-idf\\__pio_env\\CMakeFiles' 
Please manually remove the file `C:\Users\wararyo\Git\M5StopWatch-wararyoLauncher\.pio\build\m5stopwatch-render-check\e
sp-idf\__pio_env\CMakeFiles`
[WinError 2] 指定されたファイルが見つかりません。: 'C:\\Users\\wararyo\\Git\\M5StopWatch-wararyoLauncher\\.pio\\build\\m5stopwatch-render
-check\\esp-idf\\__pio_env\\cmake_install.cmake' 
Please manually remove the file `C:\Users\wararyo\Git\M5StopWatch-wararyoLauncher\.pio\build\m5stopwatch-render-check\e
sp-idf\__pio_env\cmake_install.cmake`
[WinError 2] 指定されたファイルが見つかりません。: 'C:\\Users\\wararyo\\Git\\M5StopWatch-wararyoLauncher\\.pio\\build\\m5stopwatch-render
-check\\esp-idf\\__pio_env' 
Please manually remove the file `C:\Users\wararyo\Git\M5StopWatch-wararyoLauncher\.pio\build\m5stopwatch-render-check\e
sp-idf\__pio_env`
[WinError 2] 指定されたファイルが見つかりません。: 'C:\\Users\\wararyo\\Git\\M5StopWatch-wararyoLauncher\\.pio\\build\\m5stopwatch-render
-check\\esp-idf' 
Please manually remove the file `C:\Users\wararyo\Git\M5StopWatch-wararyoLauncher\.pio\build\m5stopwatch-render-check\e
sp-idf`
[WinError 2] 指定されたファイルが見つかりません。: 'C:\\Users\\wararyo\\Git\\M5StopWatch-wararyoLauncher\\.pio\\build\\m5stopwatch-render
-check\\esp-tls\\esp-tls-crypto\\esp_tls_crypto.c.o' 
Please manually remove the file `C:\Users\wararyo\Git\M5StopWatch-wararyoLauncher\.pio\build\m5stopwatch-render-check\e
sp-tls\esp-tls-crypto\esp_tls_crypto.c.o`
[WinError 2] 指定されたファイルが見つかりません。: 'C:\\Users\\wararyo\\Git\\M5StopWatch-wararyoLauncher\\.pio\\build\\m5stopwatch-render
-check\\esp-tls\\esp-tls-crypto' 
Please manually remove the file `C:\Users\wararyo\Git\M5StopWatch-wararyoLauncher\.pio\build\m5stopwatch-render-check\e
sp-tls\esp-tls-crypto`
[WinError 2] 指定されたファイルが見つかりません。: 'C:\\Users\\wararyo\\Git\\M5StopWatch-wararyoLauncher\\.pio\\build\\m5stopwatch-render
-check\\esp-tls\\esp_tls.c.o' 
Please manually remove the file `C:\Users\wararyo\Git\M5StopWatch-wararyoLauncher\.pio\build\m5stopwatch-render-check\e
sp-tls\esp_tls.c.o`
[WinError 2] 指定されたファイルが見つかりません。: 'C:\\Users\\wararyo\\Git\\M5StopWatch-wararyoLauncher\\.pio\\build\\m5stopwatch-render
-check\\esp-tls\\esp_tls_error_capture.c.o' 
Please manually remove the file `C:\Users\wararyo\Git\M5StopWatch-wararyoLauncher\.pio\build\m5stopwatch-render-check\e
sp-tls\esp_tls_error_capture.c.o`
[WinError 2] 指定されたファイルが見つかりません。: 'C:\\Users\\wararyo\\Git\\M5StopWatch-wararyoLauncher\\.pio\\build\\m5stopwatch-render
-check\\esp-tls\\esp_tls_mbedtls.c.o' 
Please manually remove the file `C:\Users\wararyo\Git\M5StopWatch-wararyoLauncher\.pio\build\m5stopwatch-render-check\e
sp-tls\esp_tls_mbedtls.c.o`
[WinError 2] 指定されたファイルが見つかりません。: 'C:\\Users\\wararyo\\Git\\M5StopWatch-wararyoLauncher\\.pio\\build\\m5stopwatch-render
-check\\esp-tls' 
Please manually remove the file `C:\Users\wararyo\Git\M5StopWatch-wararyoLauncher\.pio\build\m5stopwatch-render-check\e
sp-tls`
[WinError 2] 指定されたファイルが見つかりません。: 'C:\\Users\\wararyo\\Git\\M5StopWatch-wararyoLauncher\\.pio\\build\\m5stopwatch-render
-check\\espcoredump\\src\\core_dump_common.c.o' 
Please manually remove the file `C:\Users\wararyo\Git\M5StopWatch-wararyoLauncher\.pio\build\m5stopwatch-render-check\e
spcoredump\src\core_dump_common.c.o`
[WinError 2] 指定されたファイルが見つかりません。: 'C:\\Users\\wararyo\\Git\\M5StopWatch-wararyoLauncher\\.pio\\build\\m5stopwatch-render
-check\\espcoredump\\src\\core_dump_crc.c.o' 
Please manually remove the file `C:\Users\wararyo\Git\M5StopWatch-wararyoLauncher\.pio\build\m5stopwatch-render-check\e
spcoredump\src\core_dump_crc.c.o`
[WinError 2] 指定されたファイルが見つかりません。: 'C:\\Users\\wararyo\\Git\\M5StopWatch-wararyoLauncher\\.pio\\build\\m5stopwatch-render
-check\\espcoredump\\src\\core_dump_elf.c.o' 
Please manually remove the file `C:\Users\wararyo\Git\M5StopWatch-wararyoLauncher\.pio\build\m5stopwatch-render-check\e
spcoredump\src\core_dump_elf.c.o`
[WinError 2] 指定されたファイルが見つかりません。: 'C:\\Users\\wararyo\\Git\\M5StopWatch-wararyoLauncher\\.pio\\build\\m5stopwatch-render
-check\\espcoredump\\src\\core_dump_flash.c.o' 
Please manually remove the file `C:\Users\wararyo\Git\M5StopWatch-wararyoLauncher\.pio\build\m5stopwatch-render-check\e
spcoredump\src\core_dump_flash.c.o`
[WinError 2] 指定されたファイルが見つかりません。: 'C:\\Users\\wararyo\\Git\\M5StopWatch-wararyoLauncher\\.pio\\build\\m5stopwatch-render
-check\\espcoredump\\src\\core_dump_init.c.o' 
Please manually remove the file `C:\Users\wararyo\Git\M5StopWatch-wararyoLauncher\.pio\build\m5stopwatch-render-check\e
spcoredump\src\core_dump_init.c.o`
[WinError 2] 指定されたファイルが見つかりません。: 'C:\\Users\\wararyo\\Git\\M5StopWatch-wararyoLauncher\\.pio\\build\\m5stopwatch-render
-check\\espcoredump\\src\\core_dump_sha.c.o' 
Please manually remove the file `C:\Users\wararyo\Git\M5StopWatch-wararyoLauncher\.pio\build\m5stopwatch-render-check\e
spcoredump\src\core_dump_sha.c.o`
[WinError 2] 指定されたファイルが見つかりません。: 'C:\\Users\\wararyo\\Git\\M5StopWatch-wararyoLauncher\\.pio\\build\\m5stopwatch-render
-check\\espcoredump\\src\\core_dump_uart.c.o' 
Please manually remove the file `C:\Users\wararyo\Git\M5StopWatch-wararyoLauncher\.pio\build\m5stopwatch-render-check\e
spcoredump\src\core_dump_uart.c.o`
[WinError 3] 指定されたパスが見つかりません。: 'C:\\Users\\wararyo\\Git\\M5StopWatch-wararyoLauncher\\.pio\\build\\m5stopwatch-render-c
heck\\espcoredump\\src\\port\\xtensa' 
Please manually remove the file `C:\Users\wararyo\Git\M5StopWatch-wararyoLauncher\.pio\build\m5stopwatch-render-check\e
spcoredump\src\port\xtensa`
[WinError 3] 指定されたパスが見つかりません。: 'C:\\Users\\wararyo\\Git\\M5StopWatch-wararyoLauncher\\.pio\\build\\m5stopwatch-render-c
heck\\espcoredump\\src\\port' 
Please manually remove the file `C:\Users\wararyo\Git\M5StopWatch-wararyoLauncher\.pio\build\m5stopwatch-render-check\e
spcoredump\src\port`
[WinError 3] 指定されたパスが見つかりません。: 'C:\\Users\\wararyo\\Git\\M5StopWatch-wararyoLauncher\\.pio\\build\\m5stopwatch-render-c
heck\\espcoredump\\src' 
Please manually remove the file `C:\Users\wararyo\Git\M5StopWatch-wararyoLauncher\.pio\build\m5stopwatch-render-check\e
spcoredump\src`
[WinError 2] 指定されたファイルが見つかりません。: 'C:\\Users\\wararyo\\Git\\M5StopWatch-wararyoLauncher\\.pio\\build\\m5stopwatch-render
-check\\espcoredump' 
Please manually remove the file `C:\Users\wararyo\Git\M5StopWatch-wararyoLauncher\.pio\build\m5stopwatch-render-check\e
spcoredump`
[WinError 2] 指定されたファイルが見つかりません。: 'C:\\Users\\wararyo\\Git\\M5StopWatch-wararyoLauncher\\.pio\\build\\m5stopwatch-render
-check\\esp_adc\\adc_common.c.o' 
Please manually remove the file `C:\Users\wararyo\Git\M5StopWatch-wararyoLauncher\.pio\build\m5stopwatch-render-check\e
sp_adc\adc_common.c.o`
[WinError 2] 指定されたファイルが見つかりません。: 'C:\\Users\\wararyo\\Git\\M5StopWatch-wararyoLauncher\\.pio\\build\\m5stopwatch-render
-check\\esp_adc\\adc_continuous.c.o' 
Please manually remove the file `C:\Users\wararyo\Git\M5StopWatch-wararyoLauncher\.pio\build\m5stopwatch-render-check\e
sp_adc\adc_continuous.c.o`
[WinError 2] 指定されたファイルが見つかりません。: 'C:\\Users\\wararyo\\Git\\M5StopWatch-wararyoLauncher\\.pio\\build\\m5stopwatch-render
-check\\esp_adc\\adc_filter.c.o' 
Please manually remove the file `C:\Users\wararyo\Git\M5StopWatch-wararyoLauncher\.pio\build\m5stopwatch-render-check\e
sp_adc\adc_filter.c.o`
[WinError 2] 指定されたファイルが見つかりません。: 'C:\\Users\\wararyo\\Git\\M5StopWatch-wararyoLauncher\\.pio\\build\\m5stopwatch-render
-check\\esp_adc\\adc_monitor.c.o' 
Please manually remove the file `C:\Users\wararyo\Git\M5StopWatch-wararyoLauncher\.pio\build\m5stopwatch-render-check\e
sp_adc\adc_monitor.c.o`
[WinError 2] 指定されたファイルが見つかりません。: 'C:\\Users\\wararyo\\Git\\M5StopWatch-wararyoLauncher\\.pio\\build\\m5stopwatch-render
-check\\esp_adc\\adc_oneshot.c.o' 
Please manually remove the file `C:\Users\wararyo\Git\M5StopWatch-wararyoLauncher\.pio\build\m5stopwatch-render-check\e
sp_adc\adc_oneshot.c.o`
[WinError 2] 指定されたファイルが見つかりません。: 'C:\\Users\\wararyo\\Git\\M5StopWatch-wararyoLauncher\\.pio\\build\\m5stopwatch-render
-check\\esp_adc\\deprecated\\esp32s3\\esp_adc_cal_legacy.c.o' 
Please manually remove the file `C:\Users\wararyo\Git\M5StopWatch-wararyoLauncher\.pio\build\m5stopwatch-render-check\e
sp_adc\deprecated\esp32s3\esp_adc_cal_legacy.c.o`
[WinError 2] 指定されたファイルが見つかりません。: 'C:\\Users\\wararyo\\Git\\M5StopWatch-wararyoLauncher\\.pio\\build\\m5stopwatch-render
-check\\esp_adc\\deprecated\\esp32s3' 
Please manually remove the file `C:\Users\wararyo\Git\M5StopWatch-wararyoLauncher\.pio\build\m5stopwatch-render-check\e
sp_adc\deprecated\esp32s3`
[WinError 2] 指定されたファイルが見つかりません。: 'C:\\Users\\wararyo\\Git\\M5StopWatch-wararyoLauncher\\.pio\\build\\m5stopwatch-render
-check\\esp_adc\\deprecated\\esp_adc_cal_common_legacy.c.o' 
Please manually remove the file `C:\Users\wararyo\Git\M5StopWatch-wararyoLauncher\.pio\build\m5stopwatch-render-check\e
sp_adc\deprecated\esp_adc_cal_common_legacy.c.o`
[WinError 2] 指定されたファイルが見つかりません。: 'C:\\Users\\wararyo\\Git\\M5StopWatch-wararyoLauncher\\.pio\\build\\m5stopwatch-render
-check\\esp_adc\\deprecated' 
Please manually remove the file `C:\Users\wararyo\Git\M5StopWatch-wararyoLauncher\.pio\build\m5stopwatch-render-check\e
sp_adc\deprecated`
[WinError 2] 指定されたファイルが見つかりません。: 'C:\\Users\\wararyo\\Git\\M5StopWatch-wararyoLauncher\\.pio\\build\\m5stopwatch-render
-check\\esp_adc\\esp32s3\\curve_fitting_coefficients.c.o' 
Please manually remove the file `C:\Users\wararyo\Git\M5StopWatch-wararyoLauncher\.pio\build\m5stopwatch-render-check\e
sp_adc\esp32s3\curve_fitting_coefficients.c.o`
[WinError 2] 指定されたファイルが見つかりません。: 'C:\\Users\\wararyo\\Git\\M5StopWatch-wararyoLauncher\\.pio\\build\\m5stopwatch-render
-check\\esp_adc\\esp32s3' 
Please manually remove the file `C:\Users\wararyo\Git\M5StopWatch-wararyoLauncher\.pio\build\m5stopwatch-render-check\e
sp_adc\esp32s3`
[WinError 2] 指定されたファイルが見つかりません。: 'C:\\Users\\wararyo\\Git\\M5StopWatch-wararyoLauncher\\.pio\\build\\m5stopwatch-render
-check\\esp_adc\\gdma' 
Please manually remove the file `C:\Users\wararyo\Git\M5StopWatch-wararyoLauncher\.pio\build\m5stopwatch-render-check\e
sp_adc\gdma`
[WinError 2] 指定されたファイルが見つかりません。: 'C:\\Users\\wararyo\\Git\\M5StopWatch-wararyoLauncher\\.pio\\build\\m5stopwatch-render
-check\\esp_adc' 
Please manually remove the file `C:\Users\wararyo\Git\M5StopWatch-wararyoLauncher\.pio\build\m5stopwatch-render-check\e
sp_adc`
[WinError 2] 指定されたファイルが見つかりません。: 'C:\\Users\\wararyo\\Git\\M5StopWatch-wararyoLauncher\\.pio\\build\\m5stopwatch-render
-check\\esp_app_format' 
Please manually remove the file `C:\Users\wararyo\Git\M5StopWatch-wararyoLauncher\.pio\build\m5stopwatch-render-check\e
sp_app_format`
[WinError 2] 指定されたファイルが見つかりません。: 'C:\\Users\\wararyo\\Git\\M5StopWatch-wararyoLauncher\\.pio\\build\\m5stopwatch-render
-check\\esp_bootloader_format' 
Please manually remove the file `C:\Users\wararyo\Git\M5StopWatch-wararyoLauncher\.pio\build\m5stopwatch-render-check\e
sp_bootloader_format`
[WinError 2] 指定されたファイルが見つかりません。: 'C:\\Users\\wararyo\\Git\\M5StopWatch-wararyoLauncher\\.pio\\build\\m5stopwatch-render
-check\\esp_coex\\esp32s3' 
Please manually remove the file `C:\Users\wararyo\Git\M5StopWatch-wararyoLauncher\.pio\build\m5stopwatch-render-check\e
sp_coex\esp32s3`
[WinError 2] 指定されたファイルが見つかりません。: 'C:\\Users\\wararyo\\Git\\M5StopWatch-wararyoLauncher\\.pio\\build\\m5stopwatch-render
-check\\esp_coex\\esp32s3' 
Please manually remove the file `C:\Users\wararyo\Git\M5StopWatch-wararyoLauncher\.pio\build\m5stopwatch-render-check\e
sp_coex\esp32s3`
[WinError 2] 指定されたファイルが見つかりません。: 'C:\\Users\\wararyo\\Git\\M5StopWatch-wararyoLauncher\\.pio\\build\\m5stopwatch-render
-check\\esp_coex\\src\\coexist_debug_diagram.c.o' 
Please manually remove the file `C:\Users\wararyo\Git\M5StopWatch-wararyoLauncher\.pio\build\m5stopwatch-render-check\e
sp_coex\src\coexist_debug_diagram.c.o`
[WinError 2] 指定されたファイルが見つかりません。: 'C:\\Users\\wararyo\\Git\\M5StopWatch-wararyoLauncher\\.pio\\build\\m5stopwatch-render
-check\\esp_coex\\src' 
Please manually remove the file `C:\Users\wararyo\Git\M5StopWatch-wararyoLauncher\.pio\build\m5stopwatch-render-check\e
sp_coex\src`
[WinError 3] 指定されたパスが見つかりません。: 'C:\\Users\\wararyo\\Git\\M5StopWatch-wararyoLauncher\\.pio\\build\\m5stopwatch-render-c
heck\\esp_common\\src\\esp_err_to_name.c.o' 
Please manually remove the file `C:\Users\wararyo\Git\M5StopWatch-wararyoLauncher\.pio\build\m5stopwatch-render-check\e
sp_common\src\esp_err_to_name.c.o`
[WinError 3] 指定されたパスが見つかりません。: 'C:\\Users\\wararyo\\Git\\M5StopWatch-wararyoLauncher\\.pio\\build\\m5stopwatch-render-c
heck\\esp_common\\src' 
Please manually remove the file `C:\Users\wararyo\Git\M5StopWatch-wararyoLauncher\.pio\build\m5stopwatch-render-check\e
sp_common\src`
[WinError 2] 指定されたファイルが見つかりません。: 'C:\\Users\\wararyo\\Git\\M5StopWatch-wararyoLauncher\\.pio\\build\\m5stopwatch-render
-check\\esp_common' 
Please manually remove the file `C:\Users\wararyo\Git\M5StopWatch-wararyoLauncher\.pio\build\m5stopwatch-render-check\e
sp_common`
[WinError 2] 指定されたファイルが見つかりません。: 'C:\\Users\\wararyo\\Git\\M5StopWatch-wararyoLauncher\\.pio\\build\\m5stopwatch-render
-check\\esp_driver_cam\\esp_cam_ctlr.c.o' 
Please manually remove the file `C:\Users\wararyo\Git\M5StopWatch-wararyoLauncher\.pio\build\m5stopwatch-render-check\e
sp_driver_cam\esp_cam_ctlr.c.o`
[WinError 2] 指定されたファイルが見つかりません。: 'C:\\Users\\wararyo\\Git\\M5StopWatch-wararyoLauncher\\.pio\\build\\m5stopwatch-render
-check\\esp_driver_cam' 
Please manually remove the file `C:\Users\wararyo\Git\M5StopWatch-wararyoLauncher\.pio\build\m5stopwatch-render-check\e
sp_driver_cam`
[WinError 2] 指定されたファイルが見つかりません。: 'C:\\Users\\wararyo\\Git\\M5StopWatch-wararyoLauncher\\.pio\\build\\m5stopwatch-render
-check\\esp_driver_gpio\\src\\gpio.c.o' 
Please manually remove the file `C:\Users\wararyo\Git\M5StopWatch-wararyoLauncher\.pio\build\m5stopwatch-render-check\e
sp_driver_gpio\src\gpio.c.o`
[WinError 2] 指定されたファイルが見つかりません。: 'C:\\Users\\wararyo\\Git\\M5StopWatch-wararyoLauncher\\.pio\\build\\m5stopwatch-render
-check\\esp_driver_gpio\\src\\gpio_glitch_filter_ops.c.o' 
Please manually remove the file `C:\Users\wararyo\Git\M5StopWatch-wararyoLauncher\.pio\build\m5stopwatch-render-check\e
sp_driver_gpio\src\gpio_glitch_filter_ops.c.o`
[WinError 2] 指定されたファイルが見つかりません。: 'C:\\Users\\wararyo\\Git\\M5StopWatch-wararyoLauncher\\.pio\\build\\m5stopwatch-render
-check\\esp_driver_gpio\\src\\gpio_pin_glitch_filter.c.o' 
Please manually remove the file `C:\Users\wararyo\Git\M5StopWatch-wararyoLauncher\.pio\build\m5stopwatch-render-check\e
sp_driver_gpio\src\gpio_pin_glitch_filter.c.o`
[WinError 2] 指定されたファイルが見つかりません。: 'C:\\Users\\wararyo\\Git\\M5StopWatch-wararyoLauncher\\.pio\\build\\m5stopwatch-render
-check\\esp_driver_gpio\\src\\rtc_io.c.o' 
Please manually remove the file `C:\Users\wararyo\Git\M5StopWatch-wararyoLauncher\.pio\build\m5stopwatch-render-check\e
sp_driver_gpio\src\rtc_io.c.o`
[WinError 2] 指定されたファイルが見つかりません。: 'C:\\Users\\wararyo\\Git\\M5StopWatch-wararyoLauncher\\.pio\\build\\m5stopwatch-render
-check\\esp_driver_gpio' 
Please manually remove the file `C:\Users\wararyo\Git\M5StopWatch-wararyoLauncher\.pio\build\m5stopwatch-render-check\e
sp_driver_gpio`
[WinError 2] 指定されたファイルが見つかりません。: 'C:\\Users\\wararyo\\Git\\M5StopWatch-wararyoLauncher\\.pio\\build\\m5stopwatch-render
-check\\esp_driver_gptimer\\src\\gptimer.c.o' 
Please manually remove the file `C:\Users\wararyo\Git\M5StopWatch-wararyoLauncher\.pio\build\m5stopwatch-render-check\e
sp_driver_gptimer\src\gptimer.c.o`
[WinError 2] 指定されたファイルが見つかりません。: 'C:\\Users\\wararyo\\Git\\M5StopWatch-wararyoLauncher\\.pio\\build\\m5stopwatch-render
-check\\esp_driver_gptimer\\src\\gptimer_common.c.o' 
Please manually remove the file `C:\Users\wararyo\Git\M5StopWatch-wararyoLauncher\.pio\build\m5stopwatch-render-check\e
sp_driver_gptimer\src\gptimer_common.c.o`
[WinError 2] 指定されたファイルが見つかりません。: 'C:\\Users\\wararyo\\Git\\M5StopWatch-wararyoLauncher\\.pio\\build\\m5stopwatch-render
-check\\esp_driver_gptimer\\src' 
Please manually remove the file `C:\Users\wararyo\Git\M5StopWatch-wararyoLauncher\.pio\build\m5stopwatch-render-check\e
sp_driver_gptimer\src`
[WinError 2] 指定されたファイルが見つかりません。: 'C:\\Users\\wararyo\\Git\\M5StopWatch-wararyoLauncher\\.pio\\build\\m5stopwatch-render
-check\\esp_driver_gptimer' 
Please manually remove the file `C:\Users\wararyo\Git\M5StopWatch-wararyoLauncher\.pio\build\m5stopwatch-render-check\e
sp_driver_gptimer`
[WinError 2] 指定されたファイルが見つかりません。: 'C:\\Users\\wararyo\\Git\\M5StopWatch-wararyoLauncher\\.pio\\build\\m5stopwatch-render
-check\\esp_driver_i2c\\i2c_common.c.o' 
Please manually remove the file `C:\Users\wararyo\Git\M5StopWatch-wararyoLauncher\.pio\build\m5stopwatch-render-check\e
sp_driver_i2c\i2c_common.c.o`
[WinError 2] 指定されたファイルが見つかりません。: 'C:\\Users\\wararyo\\Git\\M5StopWatch-wararyoLauncher\\.pio\\build\\m5stopwatch-render
-check\\esp_driver_i2c\\i2c_master.c.o' 
Please manually remove the file `C:\Users\wararyo\Git\M5StopWatch-wararyoLauncher\.pio\build\m5stopwatch-render-check\e
sp_driver_i2c\i2c_master.c.o`
[WinError 2] 指定されたファイルが見つかりません。: 'C:\\Users\\wararyo\\Git\\M5StopWatch-wararyoLauncher\\.pio\\build\\m5stopwatch-render
-check\\esp_driver_i2c\\i2c_slave.c.o' 
Please manually remove the file `C:\Users\wararyo\Git\M5StopWatch-wararyoLauncher\.pio\build\m5stopwatch-render-check\e
sp_driver_i2c\i2c_slave.c.o`
[WinError 2] 指定されたファイルが見つかりません。: 'C:\\Users\\wararyo\\Git\\M5StopWatch-wararyoLauncher\\.pio\\build\\m5stopwatch-render
-check\\esp_driver_i2c' 
Please manually remove the file `C:\Users\wararyo\Git\M5StopWatch-wararyoLauncher\.pio\build\m5stopwatch-render-check\e
sp_driver_i2c`
[WinError 2] 指定されたファイルが見つかりません。: 'C:\\Users\\wararyo\\Git\\M5StopWatch-wararyoLauncher\\.pio\\build\\m5stopwatch-render
-check\\esp_driver_i2s\\i2s_common.c.o' 
Please manually remove the file `C:\Users\wararyo\Git\M5StopWatch-wararyoLauncher\.pio\build\m5stopwatch-render-check\e
sp_driver_i2s\i2s_common.c.o`
[WinError 2] 指定されたファイルが見つかりません。: 'C:\\Users\\wararyo\\Git\\M5StopWatch-wararyoLauncher\\.pio\\build\\m5stopwatch-render
-check\\esp_driver_i2s\\i2s_pdm.c.o' 
Please manually remove the file `C:\Users\wararyo\Git\M5StopWatch-wararyoLauncher\.pio\build\m5stopwatch-render-check\e
sp_driver_i2s\i2s_pdm.c.o`
[WinError 2] 指定されたファイルが見つかりません。: 'C:\\Users\\wararyo\\Git\\M5StopWatch-wararyoLauncher\\.pio\\build\\m5stopwatch-render
-check\\esp_driver_i2s\\i2s_platform.c.o' 
Please manually remove the file `C:\Users\wararyo\Git\M5StopWatch-wararyoLauncher\.pio\build\m5stopwatch-render-check\e
sp_driver_i2s\i2s_platform.c.o`
[WinError 2] 指定されたファイルが見つかりません。: 'C:\\Users\\wararyo\\Git\\M5StopWatch-wararyoLauncher\\.pio\\build\\m5stopwatch-render
-check\\esp_driver_i2s\\i2s_std.c.o' 
Please manually remove the file `C:\Users\wararyo\Git\M5StopWatch-wararyoLauncher\.pio\build\m5stopwatch-render-check\e
sp_driver_i2s\i2s_std.c.o`
[WinError 3] 指定されたパスが見つかりません。: 'C:\\Users\\wararyo\\Git\\M5StopWatch-wararyoLauncher\\.pio\\build\\m5stopwatch-render-c
heck\\esp_driver_i2s\\i2s_tdm.c.o' 
Please manually remove the file `C:\Users\wararyo\Git\M5StopWatch-wararyoLauncher\.pio\build\m5stopwatch-render-check\e
sp_driver_i2s\i2s_tdm.c.o`
[WinError 2] 指定されたファイルが見つかりません。: 'C:\\Users\\wararyo\\Git\\M5StopWatch-wararyoLauncher\\.pio\\build\\m5stopwatch-render
-check\\esp_driver_i2s' 
Please manually remove the file `C:\Users\wararyo\Git\M5StopWatch-wararyoLauncher\.pio\build\m5stopwatch-render-check\e
sp_driver_i2s`
[WinError 2] 指定されたファイルが見つかりません。: 'C:\\Users\\wararyo\\Git\\M5StopWatch-wararyoLauncher\\.pio\\build\\m5stopwatch-render
-check\\esp_driver_ledc\\src' 
Please manually remove the file `C:\Users\wararyo\Git\M5StopWatch-wararyoLauncher\.pio\build\m5stopwatch-render-check\e
sp_driver_ledc\src`
[WinError 2] 指定されたファイルが見つかりません。: 'C:\\Users\\wararyo\\Git\\M5StopWatch-wararyoLauncher\\.pio\\build\\m5stopwatch-render
-check\\esp_driver_ledc' 
Please manually remove the file `C:\Users\wararyo\Git\M5StopWatch-wararyoLauncher\.pio\build\m5stopwatch-render-check\e
sp_driver_ledc`
[WinError 2] 指定されたファイルが見つかりません。: 'C:\\Users\\wararyo\\Git\\M5StopWatch-wararyoLauncher\\.pio\\build\\m5stopwatch-render
-check\\esp_driver_mcpwm\\src\\mcpwm_cap.c.o' 
Please manually remove the file `C:\Users\wararyo\Git\M5StopWatch-wararyoLauncher\.pio\build\m5stopwatch-render-check\e
sp_driver_mcpwm\src\mcpwm_cap.c.o`
[WinError 2] 指定されたファイルが見つかりません。: 'C:\\Users\\wararyo\\Git\\M5StopWatch-wararyoLauncher\\.pio\\build\\m5stopwatch-render
-check\\esp_driver_mcpwm\\src\\mcpwm_cmpr.c.o' 
Please manually remove the file `C:\Users\wararyo\Git\M5StopWatch-wararyoLauncher\.pio\build\m5stopwatch-render-check\e
sp_driver_mcpwm\src\mcpwm_cmpr.c.o`
[WinError 2] 指定されたファイルが見つかりません。: 'C:\\Users\\wararyo\\Git\\M5StopWatch-wararyoLauncher\\.pio\\build\\m5stopwatch-render
-check\\esp_driver_mcpwm\\src\\mcpwm_com.c.o' 
Please manually remove the file `C:\Users\wararyo\Git\M5StopWatch-wararyoLauncher\.pio\build\m5stopwatch-render-check\e
sp_driver_mcpwm\src\mcpwm_com.c.o`
[WinError 2] 指定されたファイルが見つかりません。: 'C:\\Users\\wararyo\\Git\\M5StopWatch-wararyoLauncher\\.pio\\build\\m5stopwatch-render
-check\\esp_driver_mcpwm\\src\\mcpwm_fault.c.o' 
Please manually remove the file `C:\Users\wararyo\Git\M5StopWatch-wararyoLauncher\.pio\build\m5stopwatch-render-check\e
sp_driver_mcpwm\src\mcpwm_fault.c.o`
[WinError 2] 指定されたファイルが見つかりません。: 'C:\\Users\\wararyo\\Git\\M5StopWatch-wararyoLauncher\\.pio\\build\\m5stopwatch-render
-check\\esp_driver_mcpwm\\src\\mcpwm_gen.c.o' 
Please manually remove the file `C:\Users\wararyo\Git\M5StopWatch-wararyoLauncher\.pio\build\m5stopwatch-render-check\e
sp_driver_mcpwm\src\mcpwm_gen.c.o`
[WinError 2] 指定されたファイルが見つかりません。: 'C:\\Users\\wararyo\\Git\\M5StopWatch-wararyoLauncher\\.pio\\build\\m5stopwatch-render
-check\\esp_driver_mcpwm\\src\\mcpwm_oper.c.o' 
Please manually remove the file `C:\Users\wararyo\Git\M5StopWatch-wararyoLauncher\.pio\build\m5stopwatch-render-check\e
sp_driver_mcpwm\src\mcpwm_oper.c.o`
[WinError 2] 指定されたファイルが見つかりません。: 'C:\\Users\\wararyo\\Git\\M5StopWatch-wararyoLauncher\\.pio\\build\\m5stopwatch-render
-check\\esp_driver_mcpwm\\src\\mcpwm_sync.c.o' 
Please manually remove the file `C:\Users\wararyo\Git\M5StopWatch-wararyoLauncher\.pio\build\m5stopwatch-render-check\e
sp_driver_mcpwm\src\mcpwm_sync.c.o`
[WinError 2] 指定されたファイルが見つかりません。: 'C:\\Users\\wararyo\\Git\\M5StopWatch-wararyoLauncher\\.pio\\build\\m5stopwatch-render
-check\\esp_driver_mcpwm\\src\\mcpwm_timer.c.o' 
Please manually remove the file `C:\Users\wararyo\Git\M5StopWatch-wararyoLauncher\.pio\build\m5stopwatch-render-check\e
sp_driver_mcpwm\src\mcpwm_timer.c.o`
[WinError 2] 指定されたファイルが見つかりません。: 'C:\\Users\\wararyo\\Git\\M5StopWatch-wararyoLauncher\\.pio\\build\\m5stopwatch-render
-check\\esp_driver_mcpwm\\src' 
Please manually remove the file `C:\Users\wararyo\Git\M5StopWatch-wararyoLauncher\.pio\build\m5stopwatch-render-check\e
sp_driver_mcpwm\src`
[WinError 2] 指定されたファイルが見つかりません。: 'C:\\Users\\wararyo\\Git\\M5StopWatch-wararyoLauncher\\.pio\\build\\m5stopwatch-render
-check\\esp_driver_mcpwm' 
Please manually remove the file `C:\Users\wararyo\Git\M5StopWatch-wararyoLauncher\.pio\build\m5stopwatch-render-check\e
sp_driver_mcpwm`
[WinError 2] 指定されたファイルが見つかりません。: 'C:\\Users\\wararyo\\Git\\M5StopWatch-wararyoLauncher\\.pio\\build\\m5stopwatch-render
-check\\esp_driver_pcnt\\src' 
Please manually remove the file `C:\Users\wararyo\Git\M5StopWatch-wararyoLauncher\.pio\build\m5stopwatch-render-check\e
sp_driver_pcnt\src`
[WinError 2] 指定されたファイルが見つかりません。: 'C:\\Users\\wararyo\\Git\\M5StopWatch-wararyoLauncher\\.pio\\build\\m5stopwatch-render
-check\\esp_driver_pcnt' 
Please manually remove the file `C:\Users\wararyo\Git\M5StopWatch-wararyoLauncher\.pio\build\m5stopwatch-render-check\e
sp_driver_pcnt`
[WinError 2] 指定されたファイルが見つかりません。: 'C:\\Users\\wararyo\\Git\\M5StopWatch-wararyoLauncher\\.pio\\build\\m5stopwatch-render
-check\\esp_driver_rmt\\src\\rmt_common.c.o' 
Please manually remove the file `C:\Users\wararyo\Git\M5StopWatch-wararyoLauncher\.pio\build\m5stopwatch-render-check\e
sp_driver_rmt\src\rmt_common.c.o`
[WinError 2] 指定されたファイルが見つかりません。: 'C:\\Users\\wararyo\\Git\\M5StopWatch-wararyoLauncher\\.pio\\build\\m5stopwatch-render
-check\\esp_driver_rmt\\src\\rmt_encoder.c.o' 
Please manually remove the file `C:\Users\wararyo\Git\M5StopWatch-wararyoLauncher\.pio\build\m5stopwatch-render-check\e
sp_driver_rmt\src\rmt_encoder.c.o`
[WinError 2] 指定されたファイルが見つかりません。: 'C:\\Users\\wararyo\\Git\\M5StopWatch-wararyoLauncher\\.pio\\build\\m5stopwatch-render
-check\\esp_driver_rmt\\src\\rmt_encoder_bytes.c.o' 
Please manually remove the file `C:\Users\wararyo\Git\M5StopWatch-wararyoLauncher\.pio\build\m5stopwatch-render-check\e
sp_driver_rmt\src\rmt_encoder_bytes.c.o`
[WinError 2] 指定されたファイルが見つかりません。: 'C:\\Users\\wararyo\\Git\\M5StopWatch-wararyoLauncher\\.pio\\build\\m5stopwatch-render
-check\\esp_driver_rmt\\src\\rmt_encoder_copy.c.o' 
Please manually remove the file `C:\Users\wararyo\Git\M5StopWatch-wararyoLauncher\.pio\build\m5stopwatch-render-check\e
sp_driver_rmt\src\rmt_encoder_copy.c.o`
[WinError 2] 指定されたファイルが見つかりません。: 'C:\\Users\\wararyo\\Git\\M5StopWatch-wararyoLauncher\\.pio\\build\\m5stopwatch-render
-check\\esp_driver_rmt\\src\\rmt_encoder_simple.c.o' 
Please manually remove the file `C:\Users\wararyo\Git\M5StopWatch-wararyoLauncher\.pio\build\m5stopwatch-render-check\e
sp_driver_rmt\src\rmt_encoder_simple.c.o`
[WinError 2] 指定されたファイルが見つかりません。: 'C:\\Users\\wararyo\\Git\\M5StopWatch-wararyoLauncher\\.pio\\build\\m5stopwatch-render
-check\\esp_driver_rmt\\src\\rmt_rx.c.o' 
Please manually remove the file `C:\Users\wararyo\Git\M5StopWatch-wararyoLauncher\.pio\build\m5stopwatch-render-check\e
sp_driver_rmt\src\rmt_rx.c.o`
[WinError 2] 指定されたファイルが見つかりません。: 'C:\\Users\\wararyo\\Git\\M5StopWatch-wararyoLauncher\\.pio\\build\\m5stopwatch-render
-check\\esp_driver_rmt\\src\\rmt_tx.c.o' 
Please manually remove the file `C:\Users\wararyo\Git\M5StopWatch-wararyoLauncher\.pio\build\m5stopwatch-render-check\e
sp_driver_rmt\src\rmt_tx.c.o`
[WinError 2] 指定されたファイルが見つかりません。: 'C:\\Users\\wararyo\\Git\\M5StopWatch-wararyoLauncher\\.pio\\build\\m5stopwatch-render
-check\\esp_driver_rmt\\src' 
Please manually remove the file `C:\Users\wararyo\Git\M5StopWatch-wararyoLauncher\.pio\build\m5stopwatch-render-check\e
sp_driver_rmt\src`
[WinError 2] 指定されたファイルが見つかりません。: 'C:\\Users\\wararyo\\Git\\M5StopWatch-wararyoLauncher\\.pio\\build\\m5stopwatch-render
-check\\esp_driver_sdm\\src\\sdm.c.o' 
Please manually remove the file `C:\Users\wararyo\Git\M5StopWatch-wararyoLauncher\.pio\build\m5stopwatch-render-check\e
sp_driver_sdm\src\sdm.c.o`
[WinError 2] 指定されたファイルが見つかりません。: 'C:\\Users\\wararyo\\Git\\M5StopWatch-wararyoLauncher\\.pio\\build\\m5stopwatch-render
-check\\esp_driver_sdm\\src' 
Please manually remove the file `C:\Users\wararyo\Git\M5StopWatch-wararyoLauncher\.pio\build\m5stopwatch-render-check\e
sp_driver_sdm\src`
[WinError 2] 指定されたファイルが見つかりません。: 'C:\\Users\\wararyo\\Git\\M5StopWatch-wararyoLauncher\\.pio\\build\\m5stopwatch-render
-check\\esp_driver_sdm' 
Please manually remove the file `C:\Users\wararyo\Git\M5StopWatch-wararyoLauncher\.pio\build\m5stopwatch-render-check\e
sp_driver_sdm`
[WinError 2] 指定されたファイルが見つかりません。: 'C:\\Users\\wararyo\\Git\\M5StopWatch-wararyoLauncher\\.pio\\build\\m5stopwatch-render
-check\\esp_driver_sdmmc\\src\\sdmmc_host.c.o' 
Please manually remove the file `C:\Users\wararyo\Git\M5StopWatch-wararyoLauncher\.pio\build\m5stopwatch-render-check\e
sp_driver_sdmmc\src\sdmmc_host.c.o`
[WinError 3] 指定されたパスが見つかりません。: 'C:\\Users\\wararyo\\Git\\M5StopWatch-wararyoLauncher\\.pio\\build\\m5stopwatch-render-c
heck\\esp_driver_sdmmc\\src\\sdmmc_transaction.c.o' 
Please manually remove the file `C:\Users\wararyo\Git\M5StopWatch-wararyoLauncher\.pio\build\m5stopwatch-render-check\e
sp_driver_sdmmc\src\sdmmc_transaction.c.o`
[WinError 3] 指定されたパスが見つかりません。: 'C:\\Users\\wararyo\\Git\\M5StopWatch-wararyoLauncher\\.pio\\build\\m5stopwatch-render-c
heck\\esp_driver_sdmmc\\src' 
Please manually remove the file `C:\Users\wararyo\Git\M5StopWatch-wararyoLauncher\.pio\build\m5stopwatch-render-check\e
sp_driver_sdmmc\src`
[WinError 2] 指定されたファイルが見つかりません。: 'C:\\Users\\wararyo\\Git\\M5StopWatch-wararyoLauncher\\.pio\\build\\m5stopwatch-render
-check\\esp_driver_sdmmc' 
Please manually remove the file `C:\Users\wararyo\Git\M5StopWatch-wararyoLauncher\.pio\build\m5stopwatch-render-check\e
sp_driver_sdmmc`
[WinError 2] 指定されたファイルが見つかりません。: 'C:\\Users\\wararyo\\Git\\M5StopWatch-wararyoLauncher\\.pio\\build\\m5stopwatch-render
-check\\esp_driver_sdspi\\src\\sdspi_host.c.o' 
Please manually remove the file `C:\Users\wararyo\Git\M5StopWatch-wararyoLauncher\.pio\build\m5stopwatch-render-check\e
sp_driver_sdspi\src\sdspi_host.c.o`
[WinError 2] 指定されたファイルが見つかりません。: 'C:\\Users\\wararyo\\Git\\M5StopWatch-wararyoLauncher\\.pio\\build\\m5stopwatch-render
-check\\esp_driver_sdspi\\src\\sdspi_transaction.c.o' 
Please manually remove the file `C:\Users\wararyo\Git\M5StopWatch-wararyoLauncher\.pio\build\m5stopwatch-render-check\e
sp_driver_sdspi\src\sdspi_transaction.c.o`
[WinError 2] 指定されたファイルが見つかりません。: 'C:\\Users\\wararyo\\Git\\M5StopWatch-wararyoLauncher\\.pio\\build\\m5stopwatch-render
-check\\esp_driver_sdspi\\src' 
Please manually remove the file `C:\Users\wararyo\Git\M5StopWatch-wararyoLauncher\.pio\build\m5stopwatch-render-check\e
sp_driver_sdspi\src`
[WinError 2] 指定されたファイルが見つかりません。: 'C:\\Users\\wararyo\\Git\\M5StopWatch-wararyoLauncher\\.pio\\build\\m5stopwatch-render
-check\\esp_driver_sdspi' 
Please manually remove the file `C:\Users\wararyo\Git\M5StopWatch-wararyoLauncher\.pio\build\m5stopwatch-render-check\e
sp_driver_sdspi`
[WinError 2] 指定されたファイルが見つかりません。: 'C:\\Users\\wararyo\\Git\\M5StopWatch-wararyoLauncher\\.pio\\build\\m5stopwatch-render
-check\\esp_driver_spi\\src\\gpspi\\spi_common.c.o' 
Please manually remove the file `C:\Users\wararyo\Git\M5StopWatch-wararyoLauncher\.pio\build\m5stopwatch-render-check\e
sp_driver_spi\src\gpspi\spi_common.c.o`
[WinError 2] 指定されたファイルが見つかりません。: 'C:\\Users\\wararyo\\Git\\M5StopWatch-wararyoLauncher\\.pio\\build\\m5stopwatch-render
-check\\esp_driver_spi\\src\\gpspi\\spi_master.c.o' 
Please manually remove the file `C:\Users\wararyo\Git\M5StopWatch-wararyoLauncher\.pio\build\m5stopwatch-render-check\e
sp_driver_spi\src\gpspi\spi_master.c.o`
[WinError 2] 指定されたファイルが見つかりません。: 'C:\\Users\\wararyo\\Git\\M5StopWatch-wararyoLauncher\\.pio\\build\\m5stopwatch-render
-check\\esp_driver_spi\\src\\gpspi\\spi_slave.c.o' 
Please manually remove the file `C:\Users\wararyo\Git\M5StopWatch-wararyoLauncher\.pio\build\m5stopwatch-render-check\e
sp_driver_spi\src\gpspi\spi_slave.c.o`
[WinError 3] 指定されたパスが見つかりません。: 'C:\\Users\\wararyo\\Git\\M5StopWatch-wararyoLauncher\\.pio\\build\\m5stopwatch-render-c
heck\\esp_driver_spi\\src\\gpspi\\spi_slave_hd.c.o' 
Please manually remove the file `C:\Users\wararyo\Git\M5StopWatch-wararyoLauncher\.pio\build\m5stopwatch-render-check\e
sp_driver_spi\src\gpspi\spi_slave_hd.c.o`
[WinError 3] 指定されたパスが見つかりません。: 'C:\\Users\\wararyo\\Git\\M5StopWatch-wararyoLauncher\\.pio\\build\\m5stopwatch-render-c
heck\\esp_driver_spi\\src\\gpspi' 
Please manually remove the file `C:\Users\wararyo\Git\M5StopWatch-wararyoLauncher\.pio\build\m5stopwatch-render-check\e
sp_driver_spi\src\gpspi`
[WinError 3] 指定されたパスが見つかりません。: 'C:\\Users\\wararyo\\Git\\M5StopWatch-wararyoLauncher\\.pio\\build\\m5stopwatch-render-c
heck\\esp_driver_spi\\src' 
Please manually remove the file `C:\Users\wararyo\Git\M5StopWatch-wararyoLauncher\.pio\build\m5stopwatch-render-check\e
sp_driver_spi\src`
[WinError 2] 指定されたファイルが見つかりません。: 'C:\\Users\\wararyo\\Git\\M5StopWatch-wararyoLauncher\\.pio\\build\\m5stopwatch-render
-check\\esp_driver_spi' 
Please manually remove the file `C:\Users\wararyo\Git\M5StopWatch-wararyoLauncher\.pio\build\m5stopwatch-render-check\e
sp_driver_spi`
[WinError 2] 指定されたファイルが見つかりません。: 'C:\\Users\\wararyo\\Git\\M5StopWatch-wararyoLauncher\\.pio\\build\\m5stopwatch-render
-check\\esp_driver_touch_sens\\common' 
Please manually remove the file `C:\Users\wararyo\Git\M5StopWatch-wararyoLauncher\.pio\build\m5stopwatch-render-check\e
sp_driver_touch_sens\common`
[WinError 3] 指定されたパスが見つかりません。: 'C:\\Users\\wararyo\\Git\\M5StopWatch-wararyoLauncher\\.pio\\build\\m5stopwatch-render-c
heck\\esp_driver_touch_sens\\hw_ver2\\touch_version_specific.c.o' 
Please manually remove the file `C:\Users\wararyo\Git\M5StopWatch-wararyoLauncher\.pio\build\m5stopwatch-render-check\e
sp_driver_touch_sens\hw_ver2\touch_version_specific.c.o`
[WinError 3] 指定されたパスが見つかりません。: 'C:\\Users\\wararyo\\Git\\M5StopWatch-wararyoLauncher\\.pio\\build\\m5stopwatch-render-c
heck\\esp_driver_touch_sens\\hw_ver2' 
Please manually remove the file `C:\Users\wararyo\Git\M5StopWatch-wararyoLauncher\.pio\build\m5stopwatch-render-check\e
sp_driver_touch_sens\hw_ver2`
[WinError 2] 指定されたファイルが見つかりません。: 'C:\\Users\\wararyo\\Git\\M5StopWatch-wararyoLauncher\\.pio\\build\\m5stopwatch-render
-check\\esp_driver_touch_sens' 
Please manually remove the file `C:\Users\wararyo\Git\M5StopWatch-wararyoLauncher\.pio\build\m5stopwatch-render-check\e
sp_driver_touch_sens`
[WinError 2] 指定されたファイルが見つかりません。: 'C:\\Users\\wararyo\\Git\\M5StopWatch-wararyoLauncher\\.pio\\build\\m5stopwatch-render
-check\\esp_driver_tsens\\src' 
Please manually remove the file `C:\Users\wararyo\Git\M5StopWatch-wararyoLauncher\.pio\build\m5stopwatch-render-check\e
sp_driver_tsens\src`
[WinError 3] 指定されたパスが見つかりません。: 'C:\\Users\\wararyo\\Git\\M5StopWatch-wararyoLauncher\\.pio\\build\\m5stopwatch-render-c
heck\\esp_driver_tsens\\src' 
Please manually remove the file `C:\Users\wararyo\Git\M5StopWatch-wararyoLauncher\.pio\build\m5stopwatch-render-check\e
sp_driver_tsens\src`
[WinError 2] 指定されたファイルが見つかりません。: 'C:\\Users\\wararyo\\Git\\M5StopWatch-wararyoLauncher\\.pio\\build\\m5stopwatch-render
-check\\esp_driver_tsens' 
Please manually remove the file `C:\Users\wararyo\Git\M5StopWatch-wararyoLauncher\.pio\build\m5stopwatch-render-check\e
sp_driver_tsens`
[WinError 2] 指定されたファイルが見つかりません。: 'C:\\Users\\wararyo\\Git\\M5StopWatch-wararyoLauncher\\.pio\\build\\m5stopwatch-render
-check\\esp_driver_twai\\esp_twai_onchip.c.o' 
Please manually remove the file `C:\Users\wararyo\Git\M5StopWatch-wararyoLauncher\.pio\build\m5stopwatch-render-check\e
sp_driver_twai\esp_twai_onchip.c.o`
[WinError 2] 指定されたファイルが見つかりません。: 'C:\\Users\\wararyo\\Git\\M5StopWatch-wararyoLauncher\\.pio\\build\\m5stopwatch-render
-check\\esp_driver_twai' 
Please manually remove the file `C:\Users\wararyo\Git\M5StopWatch-wararyoLauncher\.pio\build\m5stopwatch-render-check\e
sp_driver_twai`
[WinError 2] 指定されたファイルが見つかりません。: 'C:\\Users\\wararyo\\Git\\M5StopWatch-wararyoLauncher\\.pio\\build\\m5stopwatch-render
-check\\esp_driver_uart\\src\\uart.c.o' 
Please manually remove the file `C:\Users\wararyo\Git\M5StopWatch-wararyoLauncher\.pio\build\m5stopwatch-render-check\e
sp_driver_uart\src\uart.c.o`
[WinError 2] 指定されたファイルが見つかりません。: 'C:\\Users\\wararyo\\Git\\M5StopWatch-wararyoLauncher\\.pio\\build\\m5stopwatch-render
-check\\esp_driver_uart\\src\\uart_vfs.c.o' 
Please manually remove the file `C:\Users\wararyo\Git\M5StopWatch-wararyoLauncher\.pio\build\m5stopwatch-render-check\e
sp_driver_uart\src\uart_vfs.c.o`
[WinError 2] 指定されたファイルが見つかりません。: 'C:\\Users\\wararyo\\Git\\M5StopWatch-wararyoLauncher\\.pio\\build\\m5stopwatch-render
-check\\esp_driver_uart\\src\\uart_wakeup.c.o' 
Please manually remove the file `C:\Users\wararyo\Git\M5StopWatch-wararyoLauncher\.pio\build\m5stopwatch-render-check\e
sp_driver_uart\src\uart_wakeup.c.o`
[WinError 2] 指定されたファイルが見つかりません。: 'C:\\Users\\wararyo\\Git\\M5StopWatch-wararyoLauncher\\.pio\\build\\m5stopwatch-render
-check\\esp_driver_uart\\src\\uhci.c.o' 
Please manually remove the file `C:\Users\wararyo\Git\M5StopWatch-wararyoLauncher\.pio\build\m5stopwatch-render-check\e
sp_driver_uart\src\uhci.c.o`
[WinError 2] 指定されたファイルが見つかりません。: 'C:\\Users\\wararyo\\Git\\M5StopWatch-wararyoLauncher\\.pio\\build\\m5stopwatch-render
-check\\esp_driver_uart\\src' 
Please manually remove the file `C:\Users\wararyo\Git\M5StopWatch-wararyoLauncher\.pio\build\m5stopwatch-render-check\e
sp_driver_uart\src`
[WinError 2] 指定されたファイルが見つかりません。: 'C:\\Users\\wararyo\\Git\\M5StopWatch-wararyoLauncher\\.pio\\build\\m5stopwatch-render
-check\\esp_driver_uart' 
Please manually remove the file `C:\Users\wararyo\Git\M5StopWatch-wararyoLauncher\.pio\build\m5stopwatch-render-check\e
sp_driver_uart`
[WinError 2] 指定されたファイルが見つかりません。: 'C:\\Users\\wararyo\\Git\\M5StopWatch-wararyoLauncher\\.pio\\build\\m5stopwatch-render
-check\\esp_driver_usb_serial_jtag\\src\\usb_serial_jtag_connection_monitor.c.o' 
Please manually remove the file `C:\Users\wararyo\Git\M5StopWatch-wararyoLauncher\.pio\build\m5stopwatch-render-check\e
sp_driver_usb_serial_jtag\src\usb_serial_jtag_connection_monitor.c.o`
[WinError 3] 指定されたパスが見つかりません。: 'C:\\Users\\wararyo\\Git\\M5StopWatch-wararyoLauncher\\.pio\\build\\m5stopwatch-render-c
heck\\esp_driver_usb_serial_jtag\\src\\usb_serial_jtag_vfs.c.o' 
Please manually remove the file `C:\Users\wararyo\Git\M5StopWatch-wararyoLauncher\.pio\build\m5stopwatch-render-check\e
sp_driver_usb_serial_jtag\src\usb_serial_jtag_vfs.c.o`
[WinError 3] 指定されたパスが見つかりません。: 'C:\\Users\\wararyo\\Git\\M5StopWatch-wararyoLauncher\\.pio\\build\\m5stopwatch-render-c
heck\\esp_driver_usb_serial_jtag\\src' 
Please manually remove the file `C:\Users\wararyo\Git\M5StopWatch-wararyoLauncher\.pio\build\m5stopwatch-render-check\e
sp_driver_usb_serial_jtag\src`
[WinError 2] 指定されたファイルが見つかりません。: 'C:\\Users\\wararyo\\Git\\M5StopWatch-wararyoLauncher\\.pio\\build\\m5stopwatch-render
-check\\esp_driver_usb_serial_jtag' 
Please manually remove the file `C:\Users\wararyo\Git\M5StopWatch-wararyoLauncher\.pio\build\m5stopwatch-render-check\e
sp_driver_usb_serial_jtag`
[WinError 2] 指定されたファイルが見つかりません。: 'C:\\Users\\wararyo\\Git\\M5StopWatch-wararyoLauncher\\.pio\\build\\m5stopwatch-render
-check\\esp_eth\\src\\esp_eth.c.o' 
Please manually remove the file `C:\Users\wararyo\Git\M5StopWatch-wararyoLauncher\.pio\build\m5stopwatch-render-check\e
sp_eth\src\esp_eth.c.o`
[WinError 2] 指定されたファイルが見つかりません。: 'C:\\Users\\wararyo\\Git\\M5StopWatch-wararyoLauncher\\.pio\\build\\m5stopwatch-render
-check\\esp_eth\\src\\esp_eth_netif_glue.c.o' 
Please manually remove the file `C:\Users\wararyo\Git\M5StopWatch-wararyoLauncher\.pio\build\m5stopwatch-render-check\e
sp_eth\src\esp_eth_netif_glue.c.o`
[WinError 2] 指定されたファイルが見つかりません。: 'C:\\Users\\wararyo\\Git\\M5StopWatch-wararyoLauncher\\.pio\\build\\m5stopwatch-render
-check\\esp_eth\\src\\phy\\esp_eth_phy_802_3.c.o' 
Please manually remove the file `C:\Users\wararyo\Git\M5StopWatch-wararyoLauncher\.pio\build\m5stopwatch-render-check\e
sp_eth\src\phy\esp_eth_phy_802_3.c.o`
[WinError 3] 指定されたパスが見つかりません。: 'C:\\Users\\wararyo\\Git\\M5StopWatch-wararyoLauncher\\.pio\\build\\m5stopwatch-render-c
heck\\esp_eth\\src\\phy' 
Please manually remove the file `C:\Users\wararyo\Git\M5StopWatch-wararyoLauncher\.pio\build\m5stopwatch-render-check\e
sp_eth\src\phy`
[WinError 3] 指定されたパスが見つかりません。: 'C:\\Users\\wararyo\\Git\\M5StopWatch-wararyoLauncher\\.pio\\build\\m5stopwatch-render-c
heck\\esp_eth\\src' 
Please manually remove the file `C:\Users\wararyo\Git\M5StopWatch-wararyoLauncher\.pio\build\m5stopwatch-render-check\e
sp_eth\src`
[WinError 2] 指定されたファイルが見つかりません。: 'C:\\Users\\wararyo\\Git\\M5StopWatch-wararyoLauncher\\.pio\\build\\m5stopwatch-render
-check\\esp_eth' 
Please manually remove the file `C:\Users\wararyo\Git\M5StopWatch-wararyoLauncher\.pio\build\m5stopwatch-render-check\e
sp_eth`
[WinError 2] 指定されたファイルが見つかりません。: 'C:\\Users\\wararyo\\Git\\M5StopWatch-wararyoLauncher\\.pio\\build\\m5stopwatch-render
-check\\esp_event\\esp_event.c.o' 
Please manually remove the file `C:\Users\wararyo\Git\M5StopWatch-wararyoLauncher\.pio\build\m5stopwatch-render-check\e
sp_event\esp_event.c.o`
[WinError 2] 指定されたファイルが見つかりません。: 'C:\\Users\\wararyo\\Git\\M5StopWatch-wararyoLauncher\\.pio\\build\\m5stopwatch-render
-check\\esp_event\\esp_event_private.c.o' 
Please manually remove the file `C:\Users\wararyo\Git\M5StopWatch-wararyoLauncher\.pio\build\m5stopwatch-render-check\e
sp_event\esp_event_private.c.o`
[WinError 2] 指定されたファイルが見つかりません。: 'C:\\Users\\wararyo\\Git\\M5StopWatch-wararyoLauncher\\.pio\\build\\m5stopwatch-render
-check\\esp_gdbstub\\src\\gdbstub.c.o' 
Please manually remove the file `C:\Users\wararyo\Git\M5StopWatch-wararyoLauncher\.pio\build\m5stopwatch-render-check\e
sp_gdbstub\src\gdbstub.c.o`
[WinError 2] 指定されたファイルが見つかりません。: 'C:\\Users\\wararyo\\Git\\M5StopWatch-wararyoLauncher\\.pio\\build\\m5stopwatch-render
-check\\esp_gdbstub\\src\\gdbstub_transport.c.o' 
Please manually remove the file `C:\Users\wararyo\Git\M5StopWatch-wararyoLauncher\.pio\build\m5stopwatch-render-check\e
sp_gdbstub\src\gdbstub_transport.c.o`
[WinError 2] 指定されたファイルが見つかりません。: 'C:\\Users\\wararyo\\Git\\M5StopWatch-wararyoLauncher\\.pio\\build\\m5stopwatch-render
-check\\esp_gdbstub\\src\\packet.c.o' 
Please manually remove the file `C:\Users\wararyo\Git\M5StopWatch-wararyoLauncher\.pio\build\m5stopwatch-render-check\e
sp_gdbstub\src\packet.c.o`
[WinError 2] 指定されたファイルが見つかりません。: 'C:\\Users\\wararyo\\Git\\M5StopWatch-wararyoLauncher\\.pio\\build\\m5stopwatch-render
-check\\esp_gdbstub\\src\\port\\xtensa\\gdbstub_xtensa.c.o' 
Please manually remove the file `C:\Users\wararyo\Git\M5StopWatch-wararyoLauncher\.pio\build\m5stopwatch-render-check\e
sp_gdbstub\src\port\xtensa\gdbstub_xtensa.c.o`
[WinError 3] 指定されたパスが見つかりません。: 'C:\\Users\\wararyo\\Git\\M5StopWatch-wararyoLauncher\\.pio\\build\\m5stopwatch-render-c
heck\\esp_gdbstub\\src\\port\\xtensa\\xt_debugexception.S.o' 
Please manually remove the file `C:\Users\wararyo\Git\M5StopWatch-wararyoLauncher\.pio\build\m5stopwatch-render-check\e
sp_gdbstub\src\port\xtensa\xt_debugexception.S.o`
[WinError 3] 指定されたパスが見つかりません。: 'C:\\Users\\wararyo\\Git\\M5StopWatch-wararyoLauncher\\.pio\\build\\m5stopwatch-render-c
heck\\esp_gdbstub\\src\\port\\xtensa' 
Please manually remove the file `C:\Users\wararyo\Git\M5StopWatch-wararyoLauncher\.pio\build\m5stopwatch-render-check\e
sp_gdbstub\src\port\xtensa`
[WinError 3] 指定されたパスが見つかりません。: 'C:\\Users\\wararyo\\Git\\M5StopWatch-wararyoLauncher\\.pio\\build\\m5stopwatch-render-c
heck\\esp_gdbstub\\src\\port' 
Please manually remove the file `C:\Users\wararyo\Git\M5StopWatch-wararyoLauncher\.pio\build\m5stopwatch-render-check\e
sp_gdbstub\src\port`
[WinError 3] 指定されたパスが見つかりません。: 'C:\\Users\\wararyo\\Git\\M5StopWatch-wararyoLauncher\\.pio\\build\\m5stopwatch-render-c
heck\\esp_gdbstub\\src' 
Please manually remove the file `C:\Users\wararyo\Git\M5StopWatch-wararyoLauncher\.pio\build\m5stopwatch-render-check\e
sp_gdbstub\src`
[WinError 2] 指定されたファイルが見つかりません。: 'C:\\Users\\wararyo\\Git\\M5StopWatch-wararyoLauncher\\.pio\\build\\m5stopwatch-render
-check\\esp_gdbstub' 
Please manually remove the file `C:\Users\wararyo\Git\M5StopWatch-wararyoLauncher\.pio\build\m5stopwatch-render-check\e
sp_gdbstub`
[WinError 2] 指定されたファイルが見つかりません。: 'C:\\Users\\wararyo\\Git\\M5StopWatch-wararyoLauncher\\.pio\\build\\m5stopwatch-render
-check\\esp_hid\\src\\esp_hid_common.c.o' 
Please manually remove the file `C:\Users\wararyo\Git\M5StopWatch-wararyoLauncher\.pio\build\m5stopwatch-render-check\e
sp_hid\src\esp_hid_common.c.o`
[WinError 2] 指定されたファイルが見つかりません。: 'C:\\Users\\wararyo\\Git\\M5StopWatch-wararyoLauncher\\.pio\\build\\m5stopwatch-render
-check\\esp_hid\\src' 
Please manually remove the file `C:\Users\wararyo\Git\M5StopWatch-wararyoLauncher\.pio\build\m5stopwatch-render-check\e
sp_hid\src`
[WinError 2] 指定されたファイルが見つかりません。: 'C:\\Users\\wararyo\\Git\\M5StopWatch-wararyoLauncher\\.pio\\build\\m5stopwatch-render
-check\\esp_hid' 
Please manually remove the file `C:\Users\wararyo\Git\M5StopWatch-wararyoLauncher\.pio\build\m5stopwatch-render-check\e
sp_hid`
[WinError 3] 指定されたパスが見つかりません。: 'C:\\Users\\wararyo\\Git\\M5StopWatch-wararyoLauncher\\.pio\\build\\m5stopwatch-render-c
heck\\esp_https_ota\\src' 
Please manually remove the file `C:\Users\wararyo\Git\M5StopWatch-wararyoLauncher\.pio\build\m5stopwatch-render-check\e
sp_https_ota\src`
[WinError 2] 指定されたファイルが見つかりません。: 'C:\\Users\\wararyo\\Git\\M5StopWatch-wararyoLauncher\\.pio\\build\\m5stopwatch-render
-check\\esp_https_ota' 
Please manually remove the file `C:\Users\wararyo\Git\M5StopWatch-wararyoLauncher\.pio\build\m5stopwatch-render-check\e
sp_https_ota`
[WinError 3] 指定されたパスが見つかりません。: 'C:\\Users\\wararyo\\Git\\M5StopWatch-wararyoLauncher\\.pio\\build\\m5stopwatch-render-c
heck\\esp_https_server\\src' 
Please manually remove the file `C:\Users\wararyo\Git\M5StopWatch-wararyoLauncher\.pio\build\m5stopwatch-render-check\e
sp_https_server\src`
[WinError 2] 指定されたファイルが見つかりません。: 'C:\\Users\\wararyo\\Git\\M5StopWatch-wararyoLauncher\\.pio\\build\\m5stopwatch-render
-check\\esp_https_server' 
Please manually remove the file `C:\Users\wararyo\Git\M5StopWatch-wararyoLauncher\.pio\build\m5stopwatch-render-check\e
sp_https_server`
[WinError 2] 指定されたファイルが見つかりません。: 'C:\\Users\\wararyo\\Git\\M5StopWatch-wararyoLauncher\\.pio\\build\\m5stopwatch-render
-check\\esp_http_client\\lib\\http_header.c.o' 
Please manually remove the file `C:\Users\wararyo\Git\M5StopWatch-wararyoLauncher\.pio\build\m5stopwatch-render-check\e
sp_http_client\lib\http_header.c.o`
[WinError 2] 指定されたファイルが見つかりません。: 'C:\\Users\\wararyo\\Git\\M5StopWatch-wararyoLauncher\\.pio\\build\\m5stopwatch-render
-check\\esp_http_client\\lib\\http_utils.c.o' 
Please manually remove the file `C:\Users\wararyo\Git\M5StopWatch-wararyoLauncher\.pio\build\m5stopwatch-render-check\e
sp_http_client\lib\http_utils.c.o`
[WinError 2] 指定されたファイルが見つかりません。: 'C:\\Users\\wararyo\\Git\\M5StopWatch-wararyoLauncher\\.pio\\build\\m5stopwatch-render
-check\\esp_http_client\\lib' 
Please manually remove the file `C:\Users\wararyo\Git\M5StopWatch-wararyoLauncher\.pio\build\m5stopwatch-render-check\e
sp_http_client\lib`
[WinError 2] 指定されたファイルが見つかりません。: 'C:\\Users\\wararyo\\Git\\M5StopWatch-wararyoLauncher\\.pio\\build\\m5stopwatch-render
-check\\esp_http_client' 
Please manually remove the file `C:\Users\wararyo\Git\M5StopWatch-wararyoLauncher\.pio\build\m5stopwatch-render-check\e
sp_http_client`
[WinError 2] 指定されたファイルが見つかりません。: 'C:\\Users\\wararyo\\Git\\M5StopWatch-wararyoLauncher\\.pio\\build\\m5stopwatch-render
-check\\esp_http_server\\src\\httpd_parse.c.o' 
Please manually remove the file `C:\Users\wararyo\Git\M5StopWatch-wararyoLauncher\.pio\build\m5stopwatch-render-check\e
sp_http_server\src\httpd_parse.c.o`
[WinError 2] 指定されたファイルが見つかりません。: 'C:\\Users\\wararyo\\Git\\M5StopWatch-wararyoLauncher\\.pio\\build\\m5stopwatch-render
-check\\esp_http_server\\src\\httpd_sess.c.o' 
Please manually remove the file `C:\Users\wararyo\Git\M5StopWatch-wararyoLauncher\.pio\build\m5stopwatch-render-check\e
sp_http_server\src\httpd_sess.c.o`
[WinError 2] 指定されたファイルが見つかりません。: 'C:\\Users\\wararyo\\Git\\M5StopWatch-wararyoLauncher\\.pio\\build\\m5stopwatch-render
-check\\esp_http_server\\src\\httpd_txrx.c.o' 
Please manually remove the file `C:\Users\wararyo\Git\M5StopWatch-wararyoLauncher\.pio\build\m5stopwatch-render-check\e
sp_http_server\src\httpd_txrx.c.o`
[WinError 2] 指定されたファイルが見つかりません。: 'C:\\Users\\wararyo\\Git\\M5StopWatch-wararyoLauncher\\.pio\\build\\m5stopwatch-render
-check\\esp_http_server\\src\\httpd_uri.c.o' 
Please manually remove the file `C:\Users\wararyo\Git\M5StopWatch-wararyoLauncher\.pio\build\m5stopwatch-render-check\e
sp_http_server\src\httpd_uri.c.o`
[WinError 2] 指定されたファイルが見つかりません。: 'C:\\Users\\wararyo\\Git\\M5StopWatch-wararyoLauncher\\.pio\\build\\m5stopwatch-render
-check\\esp_http_server\\src\\httpd_ws.c.o' 
Please manually remove the file `C:\Users\wararyo\Git\M5StopWatch-wararyoLauncher\.pio\build\m5stopwatch-render-check\e
sp_http_server\src\httpd_ws.c.o`
[WinError 3] 指定されたパスが見つかりません。: 'C:\\Users\\wararyo\\Git\\M5StopWatch-wararyoLauncher\\.pio\\build\\m5stopwatch-render-c
heck\\esp_http_server\\src\\util' 
Please manually remove the file `C:\Users\wararyo\Git\M5StopWatch-wararyoLauncher\.pio\build\m5stopwatch-render-check\e
sp_http_server\src\util`
[WinError 3] 指定されたパスが見つかりません。: 'C:\\Users\\wararyo\\Git\\M5StopWatch-wararyoLauncher\\.pio\\build\\m5stopwatch-render-c
heck\\esp_http_server\\src' 
Please manually remove the file `C:\Users\wararyo\Git\M5StopWatch-wararyoLauncher\.pio\build\m5stopwatch-render-check\e
sp_http_server\src`
[WinError 2] 指定されたファイルが見つかりません。: 'C:\\Users\\wararyo\\Git\\M5StopWatch-wararyoLauncher\\.pio\\build\\m5stopwatch-render
-check\\esp_http_server' 
Please manually remove the file `C:\Users\wararyo\Git\M5StopWatch-wararyoLauncher\.pio\build\m5stopwatch-render-check\e
sp_http_server`
[WinError 2] 指定されたファイルが見つかりません。: 'C:\\Users\\wararyo\\Git\\M5StopWatch-wararyoLauncher\\.pio\\build\\m5stopwatch-render
-check\\esp_hw_support\\adc_share_hw_ctrl.c.o' 
Please manually remove the file `C:\Users\wararyo\Git\M5StopWatch-wararyoLauncher\.pio\build\m5stopwatch-render-check\e
sp_hw_support\adc_share_hw_ctrl.c.o`
[WinError 2] 指定されたファイルが見つかりません。: 'C:\\Users\\wararyo\\Git\\M5StopWatch-wararyoLauncher\\.pio\\build\\m5stopwatch-render
-check\\esp_hw_support\\clk_ctrl_os.c.o' 
Please manually remove the file `C:\Users\wararyo\Git\M5StopWatch-wararyoLauncher\.pio\build\m5stopwatch-render-check\e
sp_hw_support\clk_ctrl_os.c.o`
[WinError 2] 指定されたファイルが見つかりません。: 'C:\\Users\\wararyo\\Git\\M5StopWatch-wararyoLauncher\\.pio\\build\\m5stopwatch-render
-check\\esp_hw_support\\clk_utils.c.o' 
Please manually remove the file `C:\Users\wararyo\Git\M5StopWatch-wararyoLauncher\.pio\build\m5stopwatch-render-check\e
sp_hw_support\clk_utils.c.o`
[WinError 2] 指定されたファイルが見つかりません。: 'C:\\Users\\wararyo\\Git\\M5StopWatch-wararyoLauncher\\.pio\\build\\m5stopwatch-render
-check\\esp_hw_support\\cpu.c.o' 
Please manually remove the file `C:\Users\wararyo\Git\M5StopWatch-wararyoLauncher\.pio\build\m5stopwatch-render-check\e
sp_hw_support\cpu.c.o`
[WinError 2] 指定されたファイルが見つかりません。: 'C:\\Users\\wararyo\\Git\\M5StopWatch-wararyoLauncher\\.pio\\build\\m5stopwatch-render
-check\\esp_hw_support\\deprecated' 
Please manually remove the file `C:\Users\wararyo\Git\M5StopWatch-wararyoLauncher\.pio\build\m5stopwatch-render-check\e
sp_hw_support\deprecated`
[WinError 2] 指定されたファイルが見つかりません。: 'C:\\Users\\wararyo\\Git\\M5StopWatch-wararyoLauncher\\.pio\\build\\m5stopwatch-render
-check\\esp_hw_support\\dma\\async_memcpy_gdma.c.o' 
Please manually remove the file `C:\Users\wararyo\Git\M5StopWatch-wararyoLauncher\.pio\build\m5stopwatch-render-check\e
sp_hw_support\dma\async_memcpy_gdma.c.o`
[WinError 2] 指定されたファイルが見つかりません。: 'C:\\Users\\wararyo\\Git\\M5StopWatch-wararyoLauncher\\.pio\\build\\m5stopwatch-render
-check\\esp_hw_support\\dma\\esp_async_memcpy.c.o' 
Please manually remove the file `C:\Users\wararyo\Git\M5StopWatch-wararyoLauncher\.pio\build\m5stopwatch-render-check\e
sp_hw_support\dma\esp_async_memcpy.c.o`
[WinError 2] 指定されたファイルが見つかりません。: 'C:\\Users\\wararyo\\Git\\M5StopWatch-wararyoLauncher\\.pio\\build\\m5stopwatch-render
-check\\esp_hw_support\\dma\\esp_dma_utils.c.o' 
Please manually remove the file `C:\Users\wararyo\Git\M5StopWatch-wararyoLauncher\.pio\build\m5stopwatch-render-check\e
sp_hw_support\dma\esp_dma_utils.c.o`
[WinError 2] 指定されたファイルが見つかりません。: 'C:\\Users\\wararyo\\Git\\M5StopWatch-wararyoLauncher\\.pio\\build\\m5stopwatch-render
-check\\esp_hw_support\\dma\\gdma.c.o' 
Please manually remove the file `C:\Users\wararyo\Git\M5StopWatch-wararyoLauncher\.pio\build\m5stopwatch-render-check\e
sp_hw_support\dma\gdma.c.o`
[WinError 2] 指定されたファイルが見つかりません。: 'C:\\Users\\wararyo\\Git\\M5StopWatch-wararyoLauncher\\.pio\\build\\m5stopwatch-render
-check\\esp_hw_support\\dma\\gdma_link.c.o' 
Please manually remove the file `C:\Users\wararyo\Git\M5StopWatch-wararyoLauncher\.pio\build\m5stopwatch-render-check\e
sp_hw_support\dma\gdma_link.c.o`
[WinError 2] 指定されたファイルが見つかりません。: 'C:\\Users\\wararyo\\Git\\M5StopWatch-wararyoLauncher\\.pio\\build\\m5stopwatch-render
-check\\esp_hw_support\\dma' 
Please manually remove the file `C:\Users\wararyo\Git\M5StopWatch-wararyoLauncher\.pio\build\m5stopwatch-render-check\e
sp_hw_support\dma`
[WinError 2] 指定されたファイルが見つかりません。: 'C:\\Users\\wararyo\\Git\\M5StopWatch-wararyoLauncher\\.pio\\build\\m5stopwatch-render
-check\\esp_hw_support\\esp_clk.c.o' 
Please manually remove the file `C:\Users\wararyo\Git\M5StopWatch-wararyoLauncher\.pio\build\m5stopwatch-render-check\e
sp_hw_support\esp_clk.c.o`
[WinError 2] 指定されたファイルが見つかりません。: 'C:\\Users\\wararyo\\Git\\M5StopWatch-wararyoLauncher\\.pio\\build\\m5stopwatch-render
-check\\esp_hw_support\\esp_clock_output.c.o' 
Please manually remove the file `C:\Users\wararyo\Git\M5StopWatch-wararyoLauncher\.pio\build\m5stopwatch-render-check\e
sp_hw_support\esp_clock_output.c.o`
[WinError 2] 指定されたファイルが見つかりません。: 'C:\\Users\\wararyo\\Git\\M5StopWatch-wararyoLauncher\\.pio\\build\\m5stopwatch-render
-check\\esp_hw_support\\esp_gpio_reserve.c.o' 
Please manually remove the file `C:\Users\wararyo\Git\M5StopWatch-wararyoLauncher\.pio\build\m5stopwatch-render-check\e
sp_hw_support\esp_gpio_reserve.c.o`
[WinError 2] 指定されたファイルが見つかりません。: 'C:\\Users\\wararyo\\Git\\M5StopWatch-wararyoLauncher\\.pio\\build\\m5stopwatch-render
-check\\esp_hw_support\\esp_memory_utils.c.o' 
Please manually remove the file `C:\Users\wararyo\Git\M5StopWatch-wararyoLauncher\.pio\build\m5stopwatch-render-check\e
sp_hw_support\esp_memory_utils.c.o`
[WinError 2] 指定されたファイルが見つかりません。: 'C:\\Users\\wararyo\\Git\\M5StopWatch-wararyoLauncher\\.pio\\build\\m5stopwatch-render
-check\\esp_hw_support\\hw_random.c.o' 
Please manually remove the file `C:\Users\wararyo\Git\M5StopWatch-wararyoLauncher\.pio\build\m5stopwatch-render-check\e
sp_hw_support\hw_random.c.o`
[WinError 2] 指定されたファイルが見つかりません。: 'C:\\Users\\wararyo\\Git\\M5StopWatch-wararyoLauncher\\.pio\\build\\m5stopwatch-render
-check\\esp_hw_support\\intr_alloc.c.o' 
Please manually remove the file `C:\Users\wararyo\Git\M5StopWatch-wararyoLauncher\.pio\build\m5stopwatch-render-check\e
sp_hw_support\intr_alloc.c.o`
[WinError 2] 指定されたファイルが見つかりません。: 'C:\\Users\\wararyo\\Git\\M5StopWatch-wararyoLauncher\\.pio\\build\\m5stopwatch-render
-check\\esp_hw_support\\lowpower\\port\\esp32s3\\sleep_cpu.c.o' 
Please manually remove the file `C:\Users\wararyo\Git\M5StopWatch-wararyoLauncher\.pio\build\m5stopwatch-render-check\e
sp_hw_support\lowpower\port\esp32s3\sleep_cpu.c.o`
[WinError 2] 指定されたファイルが見つかりません。: 'C:\\Users\\wararyo\\Git\\M5StopWatch-wararyoLauncher\\.pio\\build\\m5stopwatch-render
-check\\esp_hw_support\\lowpower\\port\\esp32s3' 
Please manually remove the file `C:\Users\wararyo\Git\M5StopWatch-wararyoLauncher\.pio\build\m5stopwatch-render-check\e
sp_hw_support\lowpower\port\esp32s3`
[WinError 2] 指定されたファイルが見つかりません。: 'C:\\Users\\wararyo\\Git\\M5StopWatch-wararyoLauncher\\.pio\\build\\m5stopwatch-render
-check\\esp_hw_support\\lowpower\\port' 
Please manually remove the file `C:\Users\wararyo\Git\M5StopWatch-wararyoLauncher\.pio\build\m5stopwatch-render-check\e
sp_hw_support\lowpower\port`
[WinError 2] 指定されたファイルが見つかりません。: 'C:\\Users\\wararyo\\Git\\M5StopWatch-wararyoLauncher\\.pio\\build\\m5stopwatch-render
-check\\esp_hw_support\\lowpower' 
Please manually remove the file `C:\Users\wararyo\Git\M5StopWatch-wararyoLauncher\.pio\build\m5stopwatch-render-check\e
sp_hw_support\lowpower`
[WinError 2] 指定されたファイルが見つかりません。: 'C:\\Users\\wararyo\\Git\\M5StopWatch-wararyoLauncher\\.pio\\build\\m5stopwatch-render
-check\\esp_hw_support\\mac_addr.c.o' 
Please manually remove the file `C:\Users\wararyo\Git\M5StopWatch-wararyoLauncher\.pio\build\m5stopwatch-render-check\e
sp_hw_support\mac_addr.c.o`
[WinError 2] 指定されたファイルが見つかりません。: 'C:\\Users\\wararyo\\Git\\M5StopWatch-wararyoLauncher\\.pio\\build\\m5stopwatch-render
-check\\esp_hw_support\\mspi_timing_tuning\\mspi_timing_tuning.c.o' 
Please manually remove the file `C:\Users\wararyo\Git\M5StopWatch-wararyoLauncher\.pio\build\m5stopwatch-render-check\e
sp_hw_support\mspi_timing_tuning\mspi_timing_tuning.c.o`
[WinError 2] 指定されたファイルが見つかりません。: 'C:\\Users\\wararyo\\Git\\M5StopWatch-wararyoLauncher\\.pio\\build\\m5stopwatch-render
-check\\esp_hw_support\\mspi_timing_tuning\\port\\esp32s3\\mspi_timing_config.c.o' 
Please manually remove the file `C:\Users\wararyo\Git\M5StopWatch-wararyoLauncher\.pio\build\m5stopwatch-render-check\e
sp_hw_support\mspi_timing_tuning\port\esp32s3\mspi_timing_config.c.o`
[WinError 2] 指定されたファイルが見つかりません。: 'C:\\Users\\wararyo\\Git\\M5StopWatch-wararyoLauncher\\.pio\\build\\m5stopwatch-render
-check\\esp_hw_support\\mspi_timing_tuning\\port\\esp32s3' 
Please manually remove the file `C:\Users\wararyo\Git\M5StopWatch-wararyoLauncher\.pio\build\m5stopwatch-render-check\e
sp_hw_support\mspi_timing_tuning\port\esp32s3`
[WinError 2] 指定されたファイルが見つかりません。: 'C:\\Users\\wararyo\\Git\\M5StopWatch-wararyoLauncher\\.pio\\build\\m5stopwatch-render
-check\\esp_hw_support\\mspi_timing_tuning' 
Please manually remove the file `C:\Users\wararyo\Git\M5StopWatch-wararyoLauncher\.pio\build\m5stopwatch-render-check\e
sp_hw_support\mspi_timing_tuning`
[WinError 2] 指定されたファイルが見つかりません。: 'C:\\Users\\wararyo\\Git\\M5StopWatch-wararyoLauncher\\.pio\\build\\m5stopwatch-render
-check\\esp_hw_support\\periph_ctrl.c.o' 
Please manually remove the file `C:\Users\wararyo\Git\M5StopWatch-wararyoLauncher\.pio\build\m5stopwatch-render-check\e
sp_hw_support\periph_ctrl.c.o`
[WinError 2] 指定されたファイルが見つかりません。: 'C:\\Users\\wararyo\\Git\\M5StopWatch-wararyoLauncher\\.pio\\build\\m5stopwatch-render
-check\\esp_hw_support\\port\\esp32s3\\cpu_region_protect.c.o' 
Please manually remove the file `C:\Users\wararyo\Git\M5StopWatch-wararyoLauncher\.pio\build\m5stopwatch-render-check\e
sp_hw_support\port\esp32s3\cpu_region_protect.c.o`
[WinError 2] 指定されたファイルが見つかりません。: 'C:\\Users\\wararyo\\Git\\M5StopWatch-wararyoLauncher\\.pio\\build\\m5stopwatch-render
-check\\esp_hw_support\\port\\esp32s3\\esp_clk_tree.c.o' 
Please manually remove the file `C:\Users\wararyo\Git\M5StopWatch-wararyoLauncher\.pio\build\m5stopwatch-render-check\e
sp_hw_support\port\esp32s3\esp_clk_tree.c.o`
[WinError 2] 指定されたファイルが見つかりません。: 'C:\\Users\\wararyo\\Git\\M5StopWatch-wararyoLauncher\\.pio\\build\\m5stopwatch-render
-check\\esp_hw_support\\port\\esp32s3\\esp_memprot.c.o' 
Please manually remove the file `C:\Users\wararyo\Git\M5StopWatch-wararyoLauncher\.pio\build\m5stopwatch-render-check\e
sp_hw_support\port\esp32s3\esp_memprot.c.o`
[WinError 2] 指定されたファイルが見つかりません。: 'C:\\Users\\wararyo\\Git\\M5StopWatch-wararyoLauncher\\.pio\\build\\m5stopwatch-render
-check\\esp_hw_support\\port\\esp32s3\\io_mux.c.o' 
Please manually remove the file `C:\Users\wararyo\Git\M5StopWatch-wararyoLauncher\.pio\build\m5stopwatch-render-check\e
sp_hw_support\port\esp32s3\io_mux.c.o`
[WinError 2] 指定されたファイルが見つかりません。: 'C:\\Users\\wararyo\\Git\\M5StopWatch-wararyoLauncher\\.pio\\build\\m5stopwatch-render
-check\\esp_hw_support\\port\\esp32s3\\rtc_clk.c.o' 
Please manually remove the file `C:\Users\wararyo\Git\M5StopWatch-wararyoLauncher\.pio\build\m5stopwatch-render-check\e
sp_hw_support\port\esp32s3\rtc_clk.c.o`
[WinError 2] 指定されたファイルが見つかりません。: 'C:\\Users\\wararyo\\Git\\M5StopWatch-wararyoLauncher\\.pio\\build\\m5stopwatch-render
-check\\esp_hw_support\\port\\esp32s3\\rtc_clk_init.c.o' 
Please manually remove the file `C:\Users\wararyo\Git\M5StopWatch-wararyoLauncher\.pio\build\m5stopwatch-render-check\e
sp_hw_support\port\esp32s3\rtc_clk_init.c.o`
[WinError 2] 指定されたファイルが見つかりません。: 'C:\\Users\\wararyo\\Git\\M5StopWatch-wararyoLauncher\\.pio\\build\\m5stopwatch-render
-check\\esp_hw_support\\port\\esp32s3\\rtc_init.c.o' 
Please manually remove the file `C:\Users\wararyo\Git\M5StopWatch-wararyoLauncher\.pio\build\m5stopwatch-render-check\e
sp_hw_support\port\esp32s3\rtc_init.c.o`
[WinError 2] 指定されたファイルが見つかりません。: 'C:\\Users\\wararyo\\Git\\M5StopWatch-wararyoLauncher\\.pio\\build\\m5stopwatch-render
-check\\esp_hw_support\\port\\esp32s3\\rtc_sleep.c.o' 
Please manually remove the file `C:\Users\wararyo\Git\M5StopWatch-wararyoLauncher\.pio\build\m5stopwatch-render-check\e
sp_hw_support\port\esp32s3\rtc_sleep.c.o`
[WinError 2] 指定されたファイルが見つかりません。: 'C:\\Users\\wararyo\\Git\\M5StopWatch-wararyoLauncher\\.pio\\build\\m5stopwatch-render
-check\\esp_hw_support\\port\\esp32s3\\rtc_time.c.o' 
Please manually remove the file `C:\Users\wararyo\Git\M5StopWatch-wararyoLauncher\.pio\build\m5stopwatch-render-check\e
sp_hw_support\port\esp32s3\rtc_time.c.o`
[WinError 2] 指定されたファイルが見つかりません。: 'C:\\Users\\wararyo\\Git\\M5StopWatch-wararyoLauncher\\.pio\\build\\m5stopwatch-render
-check\\esp_hw_support\\port\\esp32s3\\sar_periph_ctrl.c.o' 
Please manually remove the file `C:\Users\wararyo\Git\M5StopWatch-wararyoLauncher\.pio\build\m5stopwatch-render-check\e
sp_hw_support\port\esp32s3\sar_periph_ctrl.c.o`
[WinError 2] 指定されたファイルが見つかりません。: 'C:\\Users\\wararyo\\Git\\M5StopWatch-wararyoLauncher\\.pio\\build\\m5stopwatch-render
-check\\esp_hw_support\\port\\esp32s3\\systimer.c.o' 
Please manually remove the file `C:\Users\wararyo\Git\M5StopWatch-wararyoLauncher\.pio\build\m5stopwatch-render-check\e
sp_hw_support\port\esp32s3\systimer.c.o`
[WinError 2] 指定されたファイルが見つかりません。: 'C:\\Users\\wararyo\\Git\\M5StopWatch-wararyoLauncher\\.pio\\build\\m5stopwatch-render
-check\\esp_hw_support\\port\\esp32s3' 
Please manually remove the file `C:\Users\wararyo\Git\M5StopWatch-wararyoLauncher\.pio\build\m5stopwatch-render-check\e
sp_hw_support\port\esp32s3`
[WinError 2] 指定されたファイルが見つかりません。: 'C:\\Users\\wararyo\\Git\\M5StopWatch-wararyoLauncher\\.pio\\build\\m5stopwatch-render
-check\\esp_hw_support\\port' 
Please manually remove the file `C:\Users\wararyo\Git\M5StopWatch-wararyoLauncher\.pio\build\m5stopwatch-render-check\e
sp_hw_support\port`
[WinError 2] 指定されたファイルが見つかりません。: 'C:\\Users\\wararyo\\Git\\M5StopWatch-wararyoLauncher\\.pio\\build\\m5stopwatch-render
-check\\esp_hw_support\\power_supply\\brownout.c.o' 
Please manually remove the file `C:\Users\wararyo\Git\M5StopWatch-wararyoLauncher\.pio\build\m5stopwatch-render-check\e
sp_hw_support\power_supply\brownout.c.o`
[WinError 2] 指定されたファイルが見つかりません。: 'C:\\Users\\wararyo\\Git\\M5StopWatch-wararyoLauncher\\.pio\\build\\m5stopwatch-render
-check\\esp_hw_support\\power_supply' 
Please manually remove the file `C:\Users\wararyo\Git\M5StopWatch-wararyoLauncher\.pio\build\m5stopwatch-render-check\e
sp_hw_support\power_supply`
[WinError 2] 指定されたファイルが見つかりません。: 'C:\\Users\\wararyo\\Git\\M5StopWatch-wararyoLauncher\\.pio\\build\\m5stopwatch-render
-check\\esp_hw_support\\regi2c_ctrl.c.o' 
Please manually remove the file `C:\Users\wararyo\Git\M5StopWatch-wararyoLauncher\.pio\build\m5stopwatch-render-check\e
sp_hw_support\regi2c_ctrl.c.o`
[WinError 2] 指定されたファイルが見つかりません。: 'C:\\Users\\wararyo\\Git\\M5StopWatch-wararyoLauncher\\.pio\\build\\m5stopwatch-render
-check\\esp_hw_support\\revision.c.o' 
Please manually remove the file `C:\Users\wararyo\Git\M5StopWatch-wararyoLauncher\.pio\build\m5stopwatch-render-check\e
sp_hw_support\revision.c.o`
[WinError 2] 指定されたファイルが見つかりません。: 'C:\\Users\\wararyo\\Git\\M5StopWatch-wararyoLauncher\\.pio\\build\\m5stopwatch-render
-check\\esp_hw_support\\rtc_module.c.o' 
Please manually remove the file `C:\Users\wararyo\Git\M5StopWatch-wararyoLauncher\.pio\build\m5stopwatch-render-check\e
sp_hw_support\rtc_module.c.o`
[WinError 2] 指定されたファイルが見つかりません。: 'C:\\Users\\wararyo\\Git\\M5StopWatch-wararyoLauncher\\.pio\\build\\m5stopwatch-render
-check\\esp_hw_support\\sar_periph_ctrl_common.c.o' 
Please manually remove the file `C:\Users\wararyo\Git\M5StopWatch-wararyoLauncher\.pio\build\m5stopwatch-render-check\e
sp_hw_support\sar_periph_ctrl_common.c.o`
[WinError 2] 指定されたファイルが見つかりません。: 'C:\\Users\\wararyo\\Git\\M5StopWatch-wararyoLauncher\\.pio\\build\\m5stopwatch-render
-check\\esp_hw_support\\sleep_console.c.o' 
Please manually remove the file `C:\Users\wararyo\Git\M5StopWatch-wararyoLauncher\.pio\build\m5stopwatch-render-check\e
sp_hw_support\sleep_console.c.o`
[WinError 2] 指定されたファイルが見つかりません。: 'C:\\Users\\wararyo\\Git\\M5StopWatch-wararyoLauncher\\.pio\\build\\m5stopwatch-render
-check\\esp_hw_support\\sleep_event.c.o' 
Please manually remove the file `C:\Users\wararyo\Git\M5StopWatch-wararyoLauncher\.pio\build\m5stopwatch-render-check\e
sp_hw_support\sleep_event.c.o`
[WinError 2] 指定されたファイルが見つかりません。: 'C:\\Users\\wararyo\\Git\\M5StopWatch-wararyoLauncher\\.pio\\build\\m5stopwatch-render
-check\\esp_hw_support\\sleep_gpio.c.o' 
Please manually remove the file `C:\Users\wararyo\Git\M5StopWatch-wararyoLauncher\.pio\build\m5stopwatch-render-check\e
sp_hw_support\sleep_gpio.c.o`
[WinError 2] 指定されたファイルが見つかりません。: 'C:\\Users\\wararyo\\Git\\M5StopWatch-wararyoLauncher\\.pio\\build\\m5stopwatch-render
-check\\esp_hw_support\\sleep_modem.c.o' 
Please manually remove the file `C:\Users\wararyo\Git\M5StopWatch-wararyoLauncher\.pio\build\m5stopwatch-render-check\e
sp_hw_support\sleep_modem.c.o`
[WinError 2] 指定されたファイルが見つかりません。: 'C:\\Users\\wararyo\\Git\\M5StopWatch-wararyoLauncher\\.pio\\build\\m5stopwatch-render
-check\\esp_hw_support\\sleep_modes.c.o' 
Please manually remove the file `C:\Users\wararyo\Git\M5StopWatch-wararyoLauncher\.pio\build\m5stopwatch-render-check\e
sp_hw_support\sleep_modes.c.o`
[WinError 2] 指定されたファイルが見つかりません。: 'C:\\Users\\wararyo\\Git\\M5StopWatch-wararyoLauncher\\.pio\\build\\m5stopwatch-render
-check\\esp_hw_support\\sleep_usb.c.o' 
Please manually remove the file `C:\Users\wararyo\Git\M5StopWatch-wararyoLauncher\.pio\build\m5stopwatch-render-check\e
sp_hw_support\sleep_usb.c.o`
[WinError 2] 指定されたファイルが見つかりません。: 'C:\\Users\\wararyo\\Git\\M5StopWatch-wararyoLauncher\\.pio\\build\\m5stopwatch-render
-check\\esp_hw_support\\sleep_wake_stub.c.o' 
Please manually remove the file `C:\Users\wararyo\Git\M5StopWatch-wararyoLauncher\.pio\build\m5stopwatch-render-check\e
sp_hw_support\sleep_wake_stub.c.o`
[WinError 2] 指定されたファイルが見つかりません。: 'C:\\Users\\wararyo\\Git\\M5StopWatch-wararyoLauncher\\.pio\\build\\m5stopwatch-render
-check\\esp_hw_support\\spi_bus_lock.c.o' 
Please manually remove the file `C:\Users\wararyo\Git\M5StopWatch-wararyoLauncher\.pio\build\m5stopwatch-render-check\e
sp_hw_support\spi_bus_lock.c.o`
[WinError 3] 指定されたパスが見つかりません。: 'C:\\Users\\wararyo\\Git\\M5StopWatch-wararyoLauncher\\.pio\\build\\m5stopwatch-render-c
heck\\esp_hw_support\\spi_share_hw_ctrl.c.o' 
Please manually remove the file `C:\Users\wararyo\Git\M5StopWatch-wararyoLauncher\.pio\build\m5stopwatch-render-check\e
sp_hw_support\spi_share_hw_ctrl.c.o`
[WinError 2] 指定されたファイルが見つかりません。: 'C:\\Users\\wararyo\\Git\\M5StopWatch-wararyoLauncher\\.pio\\build\\m5stopwatch-render
-check\\esp_hw_support' 
Please manually remove the file `C:\Users\wararyo\Git\M5StopWatch-wararyoLauncher\.pio\build\m5stopwatch-render-check\e
sp_hw_support`
[WinError 2] 指定されたファイルが見つかりません。: 'C:\\Users\\wararyo\\Git\\M5StopWatch-wararyoLauncher\\.pio\\build\\m5stopwatch-render
-check\\esp_lcd\\i2c' 
Please manually remove the file `C:\Users\wararyo\Git\M5StopWatch-wararyoLauncher\.pio\build\m5stopwatch-render-check\e
sp_lcd\i2c`
[WinError 2] 指定されたファイルが見つかりません。: 'C:\\Users\\wararyo\\Git\\M5StopWatch-wararyoLauncher\\.pio\\build\\m5stopwatch-render
-check\\esp_lcd\\i80\\esp_lcd_panel_io_i80.c.o' 
Please manually remove the file `C:\Users\wararyo\Git\M5StopWatch-wararyoLauncher\.pio\build\m5stopwatch-render-check\e
sp_lcd\i80\esp_lcd_panel_io_i80.c.o`
[WinError 2] 指定されたファイルが見つかりません。: 'C:\\Users\\wararyo\\Git\\M5StopWatch-wararyoLauncher\\.pio\\build\\m5stopwatch-render
-check\\esp_lcd\\i80' 
Please manually remove the file `C:\Users\wararyo\Git\M5StopWatch-wararyoLauncher\.pio\build\m5stopwatch-render-check\e
sp_lcd\i80`
[WinError 2] 指定されたファイルが見つかりません。: 'C:\\Users\\wararyo\\Git\\M5StopWatch-wararyoLauncher\\.pio\\build\\m5stopwatch-render
-check\\esp_lcd\\rgb\\esp_lcd_panel_rgb.c.o' 
Please manually remove the file `C:\Users\wararyo\Git\M5StopWatch-wararyoLauncher\.pio\build\m5stopwatch-render-check\e
sp_lcd\rgb\esp_lcd_panel_rgb.c.o`
[WinError 2] 指定されたファイルが見つかりません。: 'C:\\Users\\wararyo\\Git\\M5StopWatch-wararyoLauncher\\.pio\\build\\m5stopwatch-render
-check\\esp_lcd\\spi\\esp_lcd_panel_io_spi.c.o' 
Please manually remove the file `C:\Users\wararyo\Git\M5StopWatch-wararyoLauncher\.pio\build\m5stopwatch-render-check\e
sp_lcd\spi\esp_lcd_panel_io_spi.c.o`
[WinError 2] 指定されたファイルが見つかりません。: 'C:\\Users\\wararyo\\Git\\M5StopWatch-wararyoLauncher\\.pio\\build\\m5stopwatch-render
-check\\esp_lcd\\spi' 
Please manually remove the file `C:\Users\wararyo\Git\M5StopWatch-wararyoLauncher\.pio\build\m5stopwatch-render-check\e
sp_lcd\spi`
[WinError 2] 指定されたファイルが見つかりません。: 'C:\\Users\\wararyo\\Git\\M5StopWatch-wararyoLauncher\\.pio\\build\\m5stopwatch-render
-check\\esp_lcd\\src\\esp_lcd_common.c.o' 
Please manually remove the file `C:\Users\wararyo\Git\M5StopWatch-wararyoLauncher\.pio\build\m5stopwatch-render-check\e
sp_lcd\src\esp_lcd_common.c.o`
[WinError 2] 指定されたファイルが見つかりません。: 'C:\\Users\\wararyo\\Git\\M5StopWatch-wararyoLauncher\\.pio\\build\\m5stopwatch-render
-check\\esp_lcd\\src\\esp_lcd_panel_io.c.o' 
Please manually remove the file `C:\Users\wararyo\Git\M5StopWatch-wararyoLauncher\.pio\build\m5stopwatch-render-check\e
sp_lcd\src\esp_lcd_panel_io.c.o`
[WinError 2] 指定されたファイルが見つかりません。: 'C:\\Users\\wararyo\\Git\\M5StopWatch-wararyoLauncher\\.pio\\build\\m5stopwatch-render
-check\\esp_lcd\\src\\esp_lcd_panel_nt35510.c.o' 
Please manually remove the file `C:\Users\wararyo\Git\M5StopWatch-wararyoLauncher\.pio\build\m5stopwatch-render-check\e
sp_lcd\src\esp_lcd_panel_nt35510.c.o`
[WinError 2] 指定されたファイルが見つかりません。: 'C:\\Users\\wararyo\\Git\\M5StopWatch-wararyoLauncher\\.pio\\build\\m5stopwatch-render
-check\\esp_lcd\\src\\esp_lcd_panel_ops.c.o' 
Please manually remove the file `C:\Users\wararyo\Git\M5StopWatch-wararyoLauncher\.pio\build\m5stopwatch-render-check\e
sp_lcd\src\esp_lcd_panel_ops.c.o`
[WinError 2] 指定されたファイルが見つかりません。: 'C:\\Users\\wararyo\\Git\\M5StopWatch-wararyoLauncher\\.pio\\build\\m5stopwatch-render
-check\\esp_lcd\\src\\esp_lcd_panel_ssd1306.c.o' 
Please manually remove the file `C:\Users\wararyo\Git\M5StopWatch-wararyoLauncher\.pio\build\m5stopwatch-render-check\e
sp_lcd\src\esp_lcd_panel_ssd1306.c.o`
[WinError 3] 指定されたパスが見つかりません。: 'C:\\Users\\wararyo\\Git\\M5StopWatch-wararyoLauncher\\.pio\\build\\m5stopwatch-render-c
heck\\esp_lcd\\src\\esp_lcd_panel_st7789.c.o' 
Please manually remove the file `C:\Users\wararyo\Git\M5StopWatch-wararyoLauncher\.pio\build\m5stopwatch-render-check\e
sp_lcd\src\esp_lcd_panel_st7789.c.o`
[WinError 3] 指定されたパスが見つかりません。: 'C:\\Users\\wararyo\\Git\\M5StopWatch-wararyoLauncher\\.pio\\build\\m5stopwatch-render-c
heck\\esp_lcd\\src' 
Please manually remove the file `C:\Users\wararyo\Git\M5StopWatch-wararyoLauncher\.pio\build\m5stopwatch-render-check\e
sp_lcd\src`
[WinError 2] 指定されたファイルが見つかりません。: 'C:\\Users\\wararyo\\Git\\M5StopWatch-wararyoLauncher\\.pio\\build\\m5stopwatch-render
-check\\esp_lcd' 
Please manually remove the file `C:\Users\wararyo\Git\M5StopWatch-wararyoLauncher\.pio\build\m5stopwatch-render-check\e
sp_lcd`
[WinError 3] 指定されたパスが見つかりません。: 'C:\\Users\\wararyo\\Git\\M5StopWatch-wararyoLauncher\\.pio\\build\\m5stopwatch-render-c
heck\\esp_local_ctrl\\proto-c\\esp_local_ctrl.pb-c.c.o' 
Please manually remove the file `C:\Users\wararyo\Git\M5StopWatch-wararyoLauncher\.pio\build\m5stopwatch-render-check\e
sp_local_ctrl\proto-c\esp_local_ctrl.pb-c.c.o`
[WinError 2] 指定されたファイルが見つかりません。: 'C:\\Users\\wararyo\\Git\\M5StopWatch-wararyoLauncher\\.pio\\build\\m5stopwatch-render
-check\\esp_local_ctrl\\proto-c' 
Please manually remove the file `C:\Users\wararyo\Git\M5StopWatch-wararyoLauncher\.pio\build\m5stopwatch-render-check\e
sp_local_ctrl\proto-c`
[WinError 2] 指定されたファイルが見つかりません。: 'C:\\Users\\wararyo\\Git\\M5StopWatch-wararyoLauncher\\.pio\\build\\m5stopwatch-render
-check\\esp_local_ctrl\\src\\esp_local_ctrl_handler.c.o' 
Please manually remove the file `C:\Users\wararyo\Git\M5StopWatch-wararyoLauncher\.pio\build\m5stopwatch-render-check\e
sp_local_ctrl\src\esp_local_ctrl_handler.c.o`
[WinError 3] 指定されたパスが見つかりません。: 'C:\\Users\\wararyo\\Git\\M5StopWatch-wararyoLauncher\\.pio\\build\\m5stopwatch-render-c
heck\\esp_local_ctrl\\src\\esp_local_ctrl_transport_httpd.c.o' 
Please manually remove the file `C:\Users\wararyo\Git\M5StopWatch-wararyoLauncher\.pio\build\m5stopwatch-render-check\e
sp_local_ctrl\src\esp_local_ctrl_transport_httpd.c.o`
[WinError 3] 指定されたパスが見つかりません。: 'C:\\Users\\wararyo\\Git\\M5StopWatch-wararyoLauncher\\.pio\\build\\m5stopwatch-render-c
heck\\esp_local_ctrl\\src' 
Please manually remove the file `C:\Users\wararyo\Git\M5StopWatch-wararyoLauncher\.pio\build\m5stopwatch-render-check\e
sp_local_ctrl\src`
[WinError 2] 指定されたファイルが見つかりません。: 'C:\\Users\\wararyo\\Git\\M5StopWatch-wararyoLauncher\\.pio\\build\\m5stopwatch-render
-check\\esp_local_ctrl' 
Please manually remove the file `C:\Users\wararyo\Git\M5StopWatch-wararyoLauncher\.pio\build\m5stopwatch-render-check\e
sp_local_ctrl`
[WinError 2] 指定されたファイルが見つかりません。: 'C:\\Users\\wararyo\\Git\\M5StopWatch-wararyoLauncher\\.pio\\build\\m5stopwatch-render
-check\\esp_mm\\esp_mmu_map.c.o' 
Please manually remove the file `C:\Users\wararyo\Git\M5StopWatch-wararyoLauncher\.pio\build\m5stopwatch-render-check\e
sp_mm\esp_mmu_map.c.o`
[WinError 2] 指定されたファイルが見つかりません。: 'C:\\Users\\wararyo\\Git\\M5StopWatch-wararyoLauncher\\.pio\\build\\m5stopwatch-render
-check\\esp_mm\\heap_align_hw.c.o' 
Please manually remove the file `C:\Users\wararyo\Git\M5StopWatch-wararyoLauncher\.pio\build\m5stopwatch-render-check\e
sp_mm\heap_align_hw.c.o`
[WinError 3] 指定されたパスが見つかりません。: 'C:\\Users\\wararyo\\Git\\M5StopWatch-wararyoLauncher\\.pio\\build\\m5stopwatch-render-c
heck\\esp_mm\\port\\esp32s3\\ext_mem_layout.c.o' 
Please manually remove the file `C:\Users\wararyo\Git\M5StopWatch-wararyoLauncher\.pio\build\m5stopwatch-render-check\e
sp_mm\port\esp32s3\ext_mem_layout.c.o`
[WinError 3] 指定されたパスが見つかりません。: 'C:\\Users\\wararyo\\Git\\M5StopWatch-wararyoLauncher\\.pio\\build\\m5stopwatch-render-c
heck\\esp_mm\\port\\esp32s3' 
Please manually remove the file `C:\Users\wararyo\Git\M5StopWatch-wararyoLauncher\.pio\build\m5stopwatch-render-check\e
sp_mm\port\esp32s3`
[WinError 3] 指定されたパスが見つかりません。: 'C:\\Users\\wararyo\\Git\\M5StopWatch-wararyoLauncher\\.pio\\build\\m5stopwatch-render-c
heck\\esp_mm\\port' 
Please manually remove the file `C:\Users\wararyo\Git\M5StopWatch-wararyoLauncher\.pio\build\m5stopwatch-render-check\e
sp_mm\port`
[WinError 2] 指定されたファイルが見つかりません。: 'C:\\Users\\wararyo\\Git\\M5StopWatch-wararyoLauncher\\.pio\\build\\m5stopwatch-render
-check\\esp_mm' 
Please manually remove the file `C:\Users\wararyo\Git\M5StopWatch-wararyoLauncher\.pio\build\m5stopwatch-render-check\e
sp_mm`
[WinError 2] 指定されたファイルが見つかりません。: 'C:\\Users\\wararyo\\Git\\M5StopWatch-wararyoLauncher\\.pio\\build\\m5stopwatch-render
-check\\esp_netif\\esp_netif_defaults.c.o' 
Please manually remove the file `C:\Users\wararyo\Git\M5StopWatch-wararyoLauncher\.pio\build\m5stopwatch-render-check\e
sp_netif\esp_netif_defaults.c.o`
[WinError 2] 指定されたファイルが見つかりません。: 'C:\\Users\\wararyo\\Git\\M5StopWatch-wararyoLauncher\\.pio\\build\\m5stopwatch-render
-check\\esp_netif\\esp_netif_handlers.c.o' 
Please manually remove the file `C:\Users\wararyo\Git\M5StopWatch-wararyoLauncher\.pio\build\m5stopwatch-render-check\e
sp_netif\esp_netif_handlers.c.o`
[WinError 2] 指定されたファイルが見つかりません。: 'C:\\Users\\wararyo\\Git\\M5StopWatch-wararyoLauncher\\.pio\\build\\m5stopwatch-render
-check\\esp_netif\\esp_netif_objects.c.o' 
Please manually remove the file `C:\Users\wararyo\Git\M5StopWatch-wararyoLauncher\.pio\build\m5stopwatch-render-check\e
sp_netif\esp_netif_objects.c.o`
[WinError 2] 指定されたファイルが見つかりません。: 'C:\\Users\\wararyo\\Git\\M5StopWatch-wararyoLauncher\\.pio\\build\\m5stopwatch-render
-check\\esp_netif\\lwip\\esp_netif_lwip.c.o' 
Please manually remove the file `C:\Users\wararyo\Git\M5StopWatch-wararyoLauncher\.pio\build\m5stopwatch-render-check\e
sp_netif\lwip\esp_netif_lwip.c.o`
[WinError 2] 指定されたファイルが見つかりません。: 'C:\\Users\\wararyo\\Git\\M5StopWatch-wararyoLauncher\\.pio\\build\\m5stopwatch-render
-check\\esp_netif\\lwip\\esp_netif_lwip_defaults.c.o' 
Please manually remove the file `C:\Users\wararyo\Git\M5StopWatch-wararyoLauncher\.pio\build\m5stopwatch-render-check\e
sp_netif\lwip\esp_netif_lwip_defaults.c.o`
[WinError 2] 指定されたファイルが見つかりません。: 'C:\\Users\\wararyo\\Git\\M5StopWatch-wararyoLauncher\\.pio\\build\\m5stopwatch-render
-check\\esp_netif\\lwip\\esp_netif_sntp.c.o' 
Please manually remove the file `C:\Users\wararyo\Git\M5StopWatch-wararyoLauncher\.pio\build\m5stopwatch-render-check\e
sp_netif\lwip\esp_netif_sntp.c.o`
[WinError 2] 指定されたファイルが見つかりません。: 'C:\\Users\\wararyo\\Git\\M5StopWatch-wararyoLauncher\\.pio\\build\\m5stopwatch-render
-check\\esp_netif\\lwip\\netif\\esp_pbuf_ref.c.o' 
Please manually remove the file `C:\Users\wararyo\Git\M5StopWatch-wararyoLauncher\.pio\build\m5stopwatch-render-check\e
sp_netif\lwip\netif\esp_pbuf_ref.c.o`
[WinError 2] 指定されたファイルが見つかりません。: 'C:\\Users\\wararyo\\Git\\M5StopWatch-wararyoLauncher\\.pio\\build\\m5stopwatch-render
-check\\esp_netif\\lwip\\netif\\ethernetif.c.o' 
Please manually remove the file `C:\Users\wararyo\Git\M5StopWatch-wararyoLauncher\.pio\build\m5stopwatch-render-check\e
sp_netif\lwip\netif\ethernetif.c.o`
[WinError 2] 指定されたファイルが見つかりません。: 'C:\\Users\\wararyo\\Git\\M5StopWatch-wararyoLauncher\\.pio\\build\\m5stopwatch-render
-check\\esp_netif\\lwip\\netif\\wlanif.c.o' 
Please manually remove the file `C:\Users\wararyo\Git\M5StopWatch-wararyoLauncher\.pio\build\m5stopwatch-render-check\e
sp_netif\lwip\netif\wlanif.c.o`
[WinError 2] 指定されたファイルが見つかりません。: 'C:\\Users\\wararyo\\Git\\M5StopWatch-wararyoLauncher\\.pio\\build\\m5stopwatch-render
-check\\esp_netif\\lwip\\netif' 
Please manually remove the file `C:\Users\wararyo\Git\M5StopWatch-wararyoLauncher\.pio\build\m5stopwatch-render-check\e
sp_netif\lwip\netif`
[WinError 2] 指定されたファイルが見つかりません。: 'C:\\Users\\wararyo\\Git\\M5StopWatch-wararyoLauncher\\.pio\\build\\m5stopwatch-render
-check\\esp_netif\\lwip' 
Please manually remove the file `C:\Users\wararyo\Git\M5StopWatch-wararyoLauncher\.pio\build\m5stopwatch-render-check\e
sp_netif\lwip`
[WinError 2] 指定されたファイルが見つかりません。: 'C:\\Users\\wararyo\\Git\\M5StopWatch-wararyoLauncher\\.pio\\build\\m5stopwatch-render
-check\\esp_netif' 
Please manually remove the file `C:\Users\wararyo\Git\M5StopWatch-wararyoLauncher\.pio\build\m5stopwatch-render-check\e
sp_netif`
[WinError 2] 指定されたファイルが見つかりません。: 'C:\\Users\\wararyo\\Git\\M5StopWatch-wararyoLauncher\\.pio\\build\\m5stopwatch-render
-check\\esp_partition\\partition.c.o' 
Please manually remove the file `C:\Users\wararyo\Git\M5StopWatch-wararyoLauncher\.pio\build\m5stopwatch-render-check\e
sp_partition\partition.c.o`
[WinError 2] 指定されたファイルが見つかりません。: 'C:\\Users\\wararyo\\Git\\M5StopWatch-wararyoLauncher\\.pio\\build\\m5stopwatch-render
-check\\esp_partition\\partition_target.c.o' 
Please manually remove the file `C:\Users\wararyo\Git\M5StopWatch-wararyoLauncher\.pio\build\m5stopwatch-render-check\e
sp_partition\partition_target.c.o`
[WinError 2] 指定されたファイルが見つかりません。: 'C:\\Users\\wararyo\\Git\\M5StopWatch-wararyoLauncher\\.pio\\build\\m5stopwatch-render
-check\\esp_partition' 
Please manually remove the file `C:\Users\wararyo\Git\M5StopWatch-wararyoLauncher\.pio\build\m5stopwatch-render-check\e
sp_partition`
[WinError 2] 指定されたファイルが見つかりません。: 'C:\\Users\\wararyo\\Git\\M5StopWatch-wararyoLauncher\\.pio\\build\\m5stopwatch-render
-check\\esp_phy\\src\\btbb_init.c.o' 
Please manually remove the file `C:\Users\wararyo\Git\M5StopWatch-wararyoLauncher\.pio\build\m5stopwatch-render-check\e
sp_phy\src\btbb_init.c.o`
[WinError 2] 指定されたファイルが見つかりません。: 'C:\\Users\\wararyo\\Git\\M5StopWatch-wararyoLauncher\\.pio\\build\\m5stopwatch-render
-check\\esp_phy\\src\\lib_printf.c.o' 
Please manually remove the file `C:\Users\wararyo\Git\M5StopWatch-wararyoLauncher\.pio\build\m5stopwatch-render-check\e
sp_phy\src\lib_printf.c.o`
[WinError 2] 指定されたファイルが見つかりません。: 'C:\\Users\\wararyo\\Git\\M5StopWatch-wararyoLauncher\\.pio\\build\\m5stopwatch-render
-check\\esp_phy\\src\\phy_common.c.o' 
Please manually remove the file `C:\Users\wararyo\Git\M5StopWatch-wararyoLauncher\.pio\build\m5stopwatch-render-check\e
sp_phy\src\phy_common.c.o`
[WinError 2] 指定されたファイルが見つかりません。: 'C:\\Users\\wararyo\\Git\\M5StopWatch-wararyoLauncher\\.pio\\build\\m5stopwatch-render
-check\\esp_phy\\src\\phy_init.c.o' 
Please manually remove the file `C:\Users\wararyo\Git\M5StopWatch-wararyoLauncher\.pio\build\m5stopwatch-render-check\e
sp_phy\src\phy_init.c.o`
[WinError 3] 指定されたパスが見つかりません。: 'C:\\Users\\wararyo\\Git\\M5StopWatch-wararyoLauncher\\.pio\\build\\m5stopwatch-render-c
heck\\esp_phy\\src\\phy_override.c.o' 
Please manually remove the file `C:\Users\wararyo\Git\M5StopWatch-wararyoLauncher\.pio\build\m5stopwatch-render-check\e
sp_phy\src\phy_override.c.o`
[WinError 3] 指定されたパスが見つかりません。: 'C:\\Users\\wararyo\\Git\\M5StopWatch-wararyoLauncher\\.pio\\build\\m5stopwatch-render-c
heck\\esp_phy\\src' 
Please manually remove the file `C:\Users\wararyo\Git\M5StopWatch-wararyoLauncher\.pio\build\m5stopwatch-render-check\e
sp_phy\src`
[WinError 2] 指定されたファイルが見つかりません。: 'C:\\Users\\wararyo\\Git\\M5StopWatch-wararyoLauncher\\.pio\\build\\m5stopwatch-render
-check\\esp_phy' 
Please manually remove the file `C:\Users\wararyo\Git\M5StopWatch-wararyoLauncher\.pio\build\m5stopwatch-render-check\e
sp_phy`
[WinError 2] 指定されたファイルが見つかりません。: 'C:\\Users\\wararyo\\Git\\M5StopWatch-wararyoLauncher\\.pio\\build\\m5stopwatch-render
-check\\esp_pm\\pm_impl.c.o' 
Please manually remove the file `C:\Users\wararyo\Git\M5StopWatch-wararyoLauncher\.pio\build\m5stopwatch-render-check\e
sp_pm\pm_impl.c.o`
[WinError 2] 指定されたファイルが見つかりません。: 'C:\\Users\\wararyo\\Git\\M5StopWatch-wararyoLauncher\\.pio\\build\\m5stopwatch-render
-check\\esp_pm\\pm_locks.c.o' 
Please manually remove the file `C:\Users\wararyo\Git\M5StopWatch-wararyoLauncher\.pio\build\m5stopwatch-render-check\e
sp_pm\pm_locks.c.o`
[WinError 3] 指定されたパスが見つかりません。: 'C:\\Users\\wararyo\\Git\\M5StopWatch-wararyoLauncher\\.pio\\build\\m5stopwatch-render-c
heck\\esp_pm\\pm_trace.c.o' 
Please manually remove the file `C:\Users\wararyo\Git\M5StopWatch-wararyoLauncher\.pio\build\m5stopwatch-render-check\e
sp_pm\pm_trace.c.o`
[WinError 2] 指定されたファイルが見つかりません。: 'C:\\Users\\wararyo\\Git\\M5StopWatch-wararyoLauncher\\.pio\\build\\m5stopwatch-render
-check\\esp_pm' 
Please manually remove the file `C:\Users\wararyo\Git\M5StopWatch-wararyoLauncher\.pio\build\m5stopwatch-render-check\e
sp_pm`
[WinError 2] 指定されたファイルが見つかりません。: 'C:\\Users\\wararyo\\Git\\M5StopWatch-wararyoLauncher\\.pio\\build\\m5stopwatch-render
-check\\esp_psram\\esp32s3\\esp_psram_impl_octal.c.o' 
Please manually remove the file `C:\Users\wararyo\Git\M5StopWatch-wararyoLauncher\.pio\build\m5stopwatch-render-check\e
sp_psram\esp32s3\esp_psram_impl_octal.c.o`
[WinError 2] 指定されたファイルが見つかりません。: 'C:\\Users\\wararyo\\Git\\M5StopWatch-wararyoLauncher\\.pio\\build\\m5stopwatch-render
-check\\esp_psram\\esp32s3' 
Please manually remove the file `C:\Users\wararyo\Git\M5StopWatch-wararyoLauncher\.pio\build\m5stopwatch-render-check\e
sp_psram\esp32s3`
[WinError 2] 指定されたファイルが見つかりません。: 'C:\\Users\\wararyo\\Git\\M5StopWatch-wararyoLauncher\\.pio\\build\\m5stopwatch-render
-check\\esp_psram\\system_layer\\esp_psram.c.o' 
Please manually remove the file `C:\Users\wararyo\Git\M5StopWatch-wararyoLauncher\.pio\build\m5stopwatch-render-check\e
sp_psram\system_layer\esp_psram.c.o`
[WinError 2] 指定されたファイルが見つかりません。: 'C:\\Users\\wararyo\\Git\\M5StopWatch-wararyoLauncher\\.pio\\build\\m5stopwatch-render
-check\\esp_psram\\system_layer' 
Please manually remove the file `C:\Users\wararyo\Git\M5StopWatch-wararyoLauncher\.pio\build\m5stopwatch-render-check\e
sp_psram\system_layer`
[WinError 2] 指定されたファイルが見つかりません。: 'C:\\Users\\wararyo\\Git\\M5StopWatch-wararyoLauncher\\.pio\\build\\m5stopwatch-render
-check\\esp_psram\\xip_impl\\mmu_psram_flash.c.o' 
Please manually remove the file `C:\Users\wararyo\Git\M5StopWatch-wararyoLauncher\.pio\build\m5stopwatch-render-check\e
sp_psram\xip_impl\mmu_psram_flash.c.o`
[WinError 2] 指定されたファイルが見つかりません。: 'C:\\Users\\wararyo\\Git\\M5StopWatch-wararyoLauncher\\.pio\\build\\m5stopwatch-render
-check\\esp_psram\\xip_impl' 
Please manually remove the file `C:\Users\wararyo\Git\M5StopWatch-wararyoLauncher\.pio\build\m5stopwatch-render-check\e
sp_psram\xip_impl`
[WinError 2] 指定されたファイルが見つかりません。: 'C:\\Users\\wararyo\\Git\\M5StopWatch-wararyoLauncher\\.pio\\build\\m5stopwatch-render
-check\\esp_psram' 
Please manually remove the file `C:\Users\wararyo\Git\M5StopWatch-wararyoLauncher\.pio\build\m5stopwatch-render-check\e
sp_psram`
[WinError 2] 指定されたファイルが見つかりません。: 'C:\\Users\\wararyo\\Git\\M5StopWatch-wararyoLauncher\\.pio\\build\\m5stopwatch-render
-check\\esp_ringbuf\\ringbuf.c.o' 
Please manually remove the file `C:\Users\wararyo\Git\M5StopWatch-wararyoLauncher\.pio\build\m5stopwatch-render-check\e
sp_ringbuf\ringbuf.c.o`
[WinError 2] 指定されたファイルが見つかりません。: 'C:\\Users\\wararyo\\Git\\M5StopWatch-wararyoLauncher\\.pio\\build\\m5stopwatch-render
-check\\esp_ringbuf' 
Please manually remove the file `C:\Users\wararyo\Git\M5StopWatch-wararyoLauncher\.pio\build\m5stopwatch-render-check\e
sp_ringbuf`
[WinError 2] 指定されたファイルが見つかりません。: 'C:\\Users\\wararyo\\Git\\M5StopWatch-wararyoLauncher\\.pio\\build\\m5stopwatch-render
-check\\esp_rom\\patches\\esp_rom_cache_esp32s2_esp32s3.c.o' 
Please manually remove the file `C:\Users\wararyo\Git\M5StopWatch-wararyoLauncher\.pio\build\m5stopwatch-render-check\e
sp_rom\patches\esp_rom_cache_esp32s2_esp32s3.c.o`
[WinError 2] 指定されたファイルが見つかりません。: 'C:\\Users\\wararyo\\Git\\M5StopWatch-wararyoLauncher\\.pio\\build\\m5stopwatch-render
-check\\esp_rom\\patches\\esp_rom_cache_writeback_esp32s3.S.o' 
Please manually remove the file `C:\Users\wararyo\Git\M5StopWatch-wararyoLauncher\.pio\build\m5stopwatch-render-check\e
sp_rom\patches\esp_rom_cache_writeback_esp32s3.S.o`
[WinError 2] 指定されたファイルが見つかりません。: 'C:\\Users\\wararyo\\Git\\M5StopWatch-wararyoLauncher\\.pio\\build\\m5stopwatch-render
-check\\esp_rom\\patches\\esp_rom_crc.c.o' 
Please manually remove the file `C:\Users\wararyo\Git\M5StopWatch-wararyoLauncher\.pio\build\m5stopwatch-render-check\e
sp_rom\patches\esp_rom_crc.c.o`
[WinError 2] 指定されたファイルが見つかりません。: 'C:\\Users\\wararyo\\Git\\M5StopWatch-wararyoLauncher\\.pio\\build\\m5stopwatch-render
-check\\esp_rom\\patches\\esp_rom_efuse.c.o' 
Please manually remove the file `C:\Users\wararyo\Git\M5StopWatch-wararyoLauncher\.pio\build\m5stopwatch-render-check\e
sp_rom\patches\esp_rom_efuse.c.o`
[WinError 2] 指定されたファイルが見つかりません。: 'C:\\Users\\wararyo\\Git\\M5StopWatch-wararyoLauncher\\.pio\\build\\m5stopwatch-render
-check\\esp_rom\\patches\\esp_rom_gpio.c.o' 
Please manually remove the file `C:\Users\wararyo\Git\M5StopWatch-wararyoLauncher\.pio\build\m5stopwatch-render-check\e
sp_rom\patches\esp_rom_gpio.c.o`
[WinError 2] 指定されたファイルが見つかりません。: 'C:\\Users\\wararyo\\Git\\M5StopWatch-wararyoLauncher\\.pio\\build\\m5stopwatch-render
-check\\esp_rom\\patches\\esp_rom_longjmp.S.o' 
Please manually remove the file `C:\Users\wararyo\Git\M5StopWatch-wararyoLauncher\.pio\build\m5stopwatch-render-check\e
sp_rom\patches\esp_rom_longjmp.S.o`
[WinError 2] 指定されたファイルが見つかりません。: 'C:\\Users\\wararyo\\Git\\M5StopWatch-wararyoLauncher\\.pio\\build\\m5stopwatch-render
-check\\esp_rom\\patches\\esp_rom_print.c.o' 
Please manually remove the file `C:\Users\wararyo\Git\M5StopWatch-wararyoLauncher\.pio\build\m5stopwatch-render-check\e
sp_rom\patches\esp_rom_print.c.o`
[WinError 2] 指定されたファイルが見つかりません。: 'C:\\Users\\wararyo\\Git\\M5StopWatch-wararyoLauncher\\.pio\\build\\m5stopwatch-render
-check\\esp_rom\\patches\\esp_rom_spiflash.c.o' 
Please manually remove the file `C:\Users\wararyo\Git\M5StopWatch-wararyoLauncher\.pio\build\m5stopwatch-render-check\e
sp_rom\patches\esp_rom_spiflash.c.o`
[WinError 2] 指定されたファイルが見つかりません。: 'C:\\Users\\wararyo\\Git\\M5StopWatch-wararyoLauncher\\.pio\\build\\m5stopwatch-render
-check\\esp_rom\\patches\\esp_rom_sys.c.o' 
Please manually remove the file `C:\Users\wararyo\Git\M5StopWatch-wararyoLauncher\.pio\build\m5stopwatch-render-check\e
sp_rom\patches\esp_rom_sys.c.o`
[WinError 2] 指定されたファイルが見つかりません。: 'C:\\Users\\wararyo\\Git\\M5StopWatch-wararyoLauncher\\.pio\\build\\m5stopwatch-render
-check\\esp_rom\\patches\\esp_rom_systimer.c.o' 
Please manually remove the file `C:\Users\wararyo\Git\M5StopWatch-wararyoLauncher\.pio\build\m5stopwatch-render-check\e
sp_rom\patches\esp_rom_systimer.c.o`
[WinError 2] 指定されたファイルが見つかりません。: 'C:\\Users\\wararyo\\Git\\M5StopWatch-wararyoLauncher\\.pio\\build\\m5stopwatch-render
-check\\esp_rom\\patches\\esp_rom_uart.c.o' 
Please manually remove the file `C:\Users\wararyo\Git\M5StopWatch-wararyoLauncher\.pio\build\m5stopwatch-render-check\e
sp_rom\patches\esp_rom_uart.c.o`
[WinError 3] 指定されたパスが見つかりません。: 'C:\\Users\\wararyo\\Git\\M5StopWatch-wararyoLauncher\\.pio\\build\\m5stopwatch-render-c
heck\\esp_rom\\patches\\esp_rom_wdt.c.o' 
Please manually remove the file `C:\Users\wararyo\Git\M5StopWatch-wararyoLauncher\.pio\build\m5stopwatch-render-check\e
sp_rom\patches\esp_rom_wdt.c.o`
[WinError 3] 指定されたパスが見つかりません。: 'C:\\Users\\wararyo\\Git\\M5StopWatch-wararyoLauncher\\.pio\\build\\m5stopwatch-render-c
heck\\esp_rom\\patches' 
Please manually remove the file `C:\Users\wararyo\Git\M5StopWatch-wararyoLauncher\.pio\build\m5stopwatch-render-check\e
sp_rom\patches`
[WinError 2] 指定されたファイルが見つかりません。: 'C:\\Users\\wararyo\\Git\\M5StopWatch-wararyoLauncher\\.pio\\build\\m5stopwatch-render
-check\\esp_rom' 
Please manually remove the file `C:\Users\wararyo\Git\M5StopWatch-wararyoLauncher\.pio\build\m5stopwatch-render-check\e
sp_rom`
[WinError 2] 指定されたファイルが見つかりません。: 'C:\\Users\\wararyo\\Git\\M5StopWatch-wararyoLauncher\\.pio\\build\\m5stopwatch-render
-check\\esp_security\\src\\esp_crypto_periph_clk.c.o' 
Please manually remove the file `C:\Users\wararyo\Git\M5StopWatch-wararyoLauncher\.pio\build\m5stopwatch-render-check\e
sp_security\src\esp_crypto_periph_clk.c.o`
[WinError 2] 指定されたファイルが見つかりません。: 'C:\\Users\\wararyo\\Git\\M5StopWatch-wararyoLauncher\\.pio\\build\\m5stopwatch-render
-check\\esp_security\\src\\esp_ds.c.o' 
Please manually remove the file `C:\Users\wararyo\Git\M5StopWatch-wararyoLauncher\.pio\build\m5stopwatch-render-check\e
sp_security\src\esp_ds.c.o`
[WinError 2] 指定されたファイルが見つかりません。: 'C:\\Users\\wararyo\\Git\\M5StopWatch-wararyoLauncher\\.pio\\build\\m5stopwatch-render
-check\\esp_security\\src\\esp_hmac.c.o' 
Please manually remove the file `C:\Users\wararyo\Git\M5StopWatch-wararyoLauncher\.pio\build\m5stopwatch-render-check\e
sp_security\src\esp_hmac.c.o`
[WinError 3] 指定されたパスが見つかりません。: 'C:\\Users\\wararyo\\Git\\M5StopWatch-wararyoLauncher\\.pio\\build\\m5stopwatch-render-c
heck\\esp_security\\src\\init.c.o' 
Please manually remove the file `C:\Users\wararyo\Git\M5StopWatch-wararyoLauncher\.pio\build\m5stopwatch-render-check\e
sp_security\src\init.c.o`
[WinError 3] 指定されたパスが見つかりません。: 'C:\\Users\\wararyo\\Git\\M5StopWatch-wararyoLauncher\\.pio\\build\\m5stopwatch-render-c
heck\\esp_security\\src' 
Please manually remove the file `C:\Users\wararyo\Git\M5StopWatch-wararyoLauncher\.pio\build\m5stopwatch-render-check\e
sp_security\src`
[WinError 2] 指定されたファイルが見つかりません。: 'C:\\Users\\wararyo\\Git\\M5StopWatch-wararyoLauncher\\.pio\\build\\m5stopwatch-render
-check\\esp_security' 
Please manually remove the file `C:\Users\wararyo\Git\M5StopWatch-wararyoLauncher\.pio\build\m5stopwatch-render-check\e
sp_security`
[WinError 2] 指定されたファイルが見つかりません。: 'C:\\Users\\wararyo\\Git\\M5StopWatch-wararyoLauncher\\.pio\\build\\m5stopwatch-render
-check\\esp_system\\esp_err.c.o' 
Please manually remove the file `C:\Users\wararyo\Git\M5StopWatch-wararyoLauncher\.pio\build\m5stopwatch-render-check\e
sp_system\esp_err.c.o`
[WinError 2] 指定されたファイルが見つかりません。: 'C:\\Users\\wararyo\\Git\\M5StopWatch-wararyoLauncher\\.pio\\build\\m5stopwatch-render
-check\\esp_system\\esp_ipc.c.o' 
Please manually remove the file `C:\Users\wararyo\Git\M5StopWatch-wararyoLauncher\.pio\build\m5stopwatch-render-check\e
sp_system\esp_ipc.c.o`
[WinError 2] 指定されたファイルが見つかりません。: 'C:\\Users\\wararyo\\Git\\M5StopWatch-wararyoLauncher\\.pio\\build\\m5stopwatch-render
-check\\esp_system\\esp_system.c.o' 
Please manually remove the file `C:\Users\wararyo\Git\M5StopWatch-wararyoLauncher\.pio\build\m5stopwatch-render-check\e
sp_system\esp_system.c.o`
[WinError 2] 指定されたファイルが見つかりません。: 'C:\\Users\\wararyo\\Git\\M5StopWatch-wararyoLauncher\\.pio\\build\\m5stopwatch-render
-check\\esp_system\\esp_system_console.c.o' 
Please manually remove the file `C:\Users\wararyo\Git\M5StopWatch-wararyoLauncher\.pio\build\m5stopwatch-render-check\e
sp_system\esp_system_console.c.o`
[WinError 2] 指定されたファイルが見つかりません。: 'C:\\Users\\wararyo\\Git\\M5StopWatch-wararyoLauncher\\.pio\\build\\m5stopwatch-render
-check\\esp_system\\freertos_hooks.c.o' 
Please manually remove the file `C:\Users\wararyo\Git\M5StopWatch-wararyoLauncher\.pio\build\m5stopwatch-render-check\e
sp_system\freertos_hooks.c.o`
[WinError 2] 指定されたファイルが見つかりません。: 'C:\\Users\\wararyo\\Git\\M5StopWatch-wararyoLauncher\\.pio\\build\\m5stopwatch-render
-check\\esp_system\\int_wdt.c.o' 
Please manually remove the file `C:\Users\wararyo\Git\M5StopWatch-wararyoLauncher\.pio\build\m5stopwatch-render-check\e
sp_system\int_wdt.c.o`
[WinError 2] 指定されたファイルが見つかりません。: 'C:\\Users\\wararyo\\Git\\M5StopWatch-wararyoLauncher\\.pio\\build\\m5stopwatch-render
-check\\esp_system\\panic.c.o' 
Please manually remove the file `C:\Users\wararyo\Git\M5StopWatch-wararyoLauncher\.pio\build\m5stopwatch-render-check\e
sp_system\panic.c.o`
[WinError 2] 指定されたファイルが見つかりません。: 'C:\\Users\\wararyo\\Git\\M5StopWatch-wararyoLauncher\\.pio\\build\\m5stopwatch-render
-check\\esp_system\\port\\arch\\xtensa\\debug_stubs.c.o' 
Please manually remove the file `C:\Users\wararyo\Git\M5StopWatch-wararyoLauncher\.pio\build\m5stopwatch-render-check\e
sp_system\port\arch\xtensa\debug_stubs.c.o`
[WinError 2] 指定されたファイルが見つかりません。: 'C:\\Users\\wararyo\\Git\\M5StopWatch-wararyoLauncher\\.pio\\build\\m5stopwatch-render
-check\\esp_system\\port\\arch\\xtensa\\esp_ipc_isr_handler.S.o' 
Please manually remove the file `C:\Users\wararyo\Git\M5StopWatch-wararyoLauncher\.pio\build\m5stopwatch-render-check\e
sp_system\port\arch\xtensa\esp_ipc_isr_handler.S.o`
[WinError 2] 指定されたファイルが見つかりません。: 'C:\\Users\\wararyo\\Git\\M5StopWatch-wararyoLauncher\\.pio\\build\\m5stopwatch-render
-check\\esp_system\\port\\arch\\xtensa\\esp_ipc_isr_port.c.o' 
Please manually remove the file `C:\Users\wararyo\Git\M5StopWatch-wararyoLauncher\.pio\build\m5stopwatch-render-check\e
sp_system\port\arch\xtensa\esp_ipc_isr_port.c.o`
[WinError 2] 指定されたファイルが見つかりません。: 'C:\\Users\\wararyo\\Git\\M5StopWatch-wararyoLauncher\\.pio\\build\\m5stopwatch-render
-check\\esp_system\\port\\arch\\xtensa\\esp_ipc_isr_routines.S.o' 
Please manually remove the file `C:\Users\wararyo\Git\M5StopWatch-wararyoLauncher\.pio\build\m5stopwatch-render-check\e
sp_system\port\arch\xtensa\esp_ipc_isr_routines.S.o`
[WinError 2] 指定されたファイルが見つかりません。: 'C:\\Users\\wararyo\\Git\\M5StopWatch-wararyoLauncher\\.pio\\build\\m5stopwatch-render
-check\\esp_system\\port\\arch\\xtensa\\expression_with_stack.c.o' 
Please manually remove the file `C:\Users\wararyo\Git\M5StopWatch-wararyoLauncher\.pio\build\m5stopwatch-render-check\e
sp_system\port\arch\xtensa\expression_with_stack.c.o`
[WinError 2] 指定されたファイルが見つかりません。: 'C:\\Users\\wararyo\\Git\\M5StopWatch-wararyoLauncher\\.pio\\build\\m5stopwatch-render
-check\\esp_system\\port\\arch\\xtensa\\expression_with_stack_asm.S.o' 
Please manually remove the file `C:\Users\wararyo\Git\M5StopWatch-wararyoLauncher\.pio\build\m5stopwatch-render-check\e
sp_system\port\arch\xtensa\expression_with_stack_asm.S.o`
[WinError 2] 指定されたファイルが見つかりません。: 'C:\\Users\\wararyo\\Git\\M5StopWatch-wararyoLauncher\\.pio\\build\\m5stopwatch-render
-check\\esp_system\\port\\arch\\xtensa\\panic_arch.c.o' 
Please manually remove the file `C:\Users\wararyo\Git\M5StopWatch-wararyoLauncher\.pio\build\m5stopwatch-render-check\e
sp_system\port\arch\xtensa\panic_arch.c.o`
[WinError 2] 指定されたファイルが見つかりません。: 'C:\\Users\\wararyo\\Git\\M5StopWatch-wararyoLauncher\\.pio\\build\\m5stopwatch-render
-check\\esp_system\\port\\arch\\xtensa\\panic_handler_asm.S.o' 
Please manually remove the file `C:\Users\wararyo\Git\M5StopWatch-wararyoLauncher\.pio\build\m5stopwatch-render-check\e
sp_system\port\arch\xtensa\panic_handler_asm.S.o`
[WinError 2] 指定されたファイルが見つかりません。: 'C:\\Users\\wararyo\\Git\\M5StopWatch-wararyoLauncher\\.pio\\build\\m5stopwatch-render
-check\\esp_system\\port\\arch\\xtensa\\trax.c.o' 
Please manually remove the file `C:\Users\wararyo\Git\M5StopWatch-wararyoLauncher\.pio\build\m5stopwatch-render-check\e
sp_system\port\arch\xtensa\trax.c.o`
[WinError 2] 指定されたファイルが見つかりません。: 'C:\\Users\\wararyo\\Git\\M5StopWatch-wararyoLauncher\\.pio\\build\\m5stopwatch-render
-check\\esp_system\\port\\arch\\xtensa' 
Please manually remove the file `C:\Users\wararyo\Git\M5StopWatch-wararyoLauncher\.pio\build\m5stopwatch-render-check\e
sp_system\port\arch\xtensa`
[WinError 2] 指定されたファイルが見つかりません。: 'C:\\Users\\wararyo\\Git\\M5StopWatch-wararyoLauncher\\.pio\\build\\m5stopwatch-render
-check\\esp_system\\port\\arch' 
Please manually remove the file `C:\Users\wararyo\Git\M5StopWatch-wararyoLauncher\.pio\build\m5stopwatch-render-check\e
sp_system\port\arch`
[WinError 2] 指定されたファイルが見つかりません。: 'C:\\Users\\wararyo\\Git\\M5StopWatch-wararyoLauncher\\.pio\\build\\m5stopwatch-render
-check\\esp_system\\port\\cpu_start.c.o' 
Please manually remove the file `C:\Users\wararyo\Git\M5StopWatch-wararyoLauncher\.pio\build\m5stopwatch-render-check\e
sp_system\port\cpu_start.c.o`
[WinError 2] 指定されたファイルが見つかりません。: 'C:\\Users\\wararyo\\Git\\M5StopWatch-wararyoLauncher\\.pio\\build\\m5stopwatch-render
-check\\esp_system\\port\\esp_ipc_isr.c.o' 
Please manually remove the file `C:\Users\wararyo\Git\M5StopWatch-wararyoLauncher\.pio\build\m5stopwatch-render-check\e
sp_system\port\esp_ipc_isr.c.o`
[WinError 2] 指定されたファイルが見つかりません。: 'C:\\Users\\wararyo\\Git\\M5StopWatch-wararyoLauncher\\.pio\\build\\m5stopwatch-render
-check\\esp_system\\port\\esp_system_chip.c.o' 
Please manually remove the file `C:\Users\wararyo\Git\M5StopWatch-wararyoLauncher\.pio\build\m5stopwatch-render-check\e
sp_system\port\esp_system_chip.c.o`
[WinError 2] 指定されたファイルが見つかりません。: 'C:\\Users\\wararyo\\Git\\M5StopWatch-wararyoLauncher\\.pio\\build\\m5stopwatch-render
-check\\esp_system\\port\\image_process.c.o' 
Please manually remove the file `C:\Users\wararyo\Git\M5StopWatch-wararyoLauncher\.pio\build\m5stopwatch-render-check\e
sp_system\port\image_process.c.o`
[WinError 2] 指定されたファイルが見つかりません。: 'C:\\Users\\wararyo\\Git\\M5StopWatch-wararyoLauncher\\.pio\\build\\m5stopwatch-render
-check\\esp_system\\port\\panic_handler.c.o' 
Please manually remove the file `C:\Users\wararyo\Git\M5StopWatch-wararyoLauncher\.pio\build\m5stopwatch-render-check\e
sp_system\port\panic_handler.c.o`
[WinError 2] 指定されたファイルが見つかりません。: 'C:\\Users\\wararyo\\Git\\M5StopWatch-wararyoLauncher\\.pio\\build\\m5stopwatch-render
-check\\esp_system\\port\\soc\\esp32s3\\apb_backup_dma.c.o' 
Please manually remove the file `C:\Users\wararyo\Git\M5StopWatch-wararyoLauncher\.pio\build\m5stopwatch-render-check\e
sp_system\port\soc\esp32s3\apb_backup_dma.c.o`
[WinError 2] 指定されたファイルが見つかりません。: 'C:\\Users\\wararyo\\Git\\M5StopWatch-wararyoLauncher\\.pio\\build\\m5stopwatch-render
-check\\esp_system\\port\\soc\\esp32s3\\cache_err_int.c.o' 
Please manually remove the file `C:\Users\wararyo\Git\M5StopWatch-wararyoLauncher\.pio\build\m5stopwatch-render-check\e
sp_system\port\soc\esp32s3\cache_err_int.c.o`
[WinError 2] 指定されたファイルが見つかりません。: 'C:\\Users\\wararyo\\Git\\M5StopWatch-wararyoLauncher\\.pio\\build\\m5stopwatch-render
-check\\esp_system\\port\\soc\\esp32s3\\clk.c.o' 
Please manually remove the file `C:\Users\wararyo\Git\M5StopWatch-wararyoLauncher\.pio\build\m5stopwatch-render-check\e
sp_system\port\soc\esp32s3\clk.c.o`
[WinError 2] 指定されたファイルが見つかりません。: 'C:\\Users\\wararyo\\Git\\M5StopWatch-wararyoLauncher\\.pio\\build\\m5stopwatch-render
-check\\esp_system\\port\\soc\\esp32s3\\highint_hdl.S.o' 
Please manually remove the file `C:\Users\wararyo\Git\M5StopWatch-wararyoLauncher\.pio\build\m5stopwatch-render-check\e
sp_system\port\soc\esp32s3\highint_hdl.S.o`
[WinError 2] 指定されたファイルが見つかりません。: 'C:\\Users\\wararyo\\Git\\M5StopWatch-wararyoLauncher\\.pio\\build\\m5stopwatch-render
-check\\esp_system\\port\\soc\\esp32s3\\reset_reason.c.o' 
Please manually remove the file `C:\Users\wararyo\Git\M5StopWatch-wararyoLauncher\.pio\build\m5stopwatch-render-check\e
sp_system\port\soc\esp32s3\reset_reason.c.o`
[WinError 2] 指定されたファイルが見つかりません。: 'C:\\Users\\wararyo\\Git\\M5StopWatch-wararyoLauncher\\.pio\\build\\m5stopwatch-render
-check\\esp_system\\port\\soc\\esp32s3\\system_internal.c.o' 
Please manually remove the file `C:\Users\wararyo\Git\M5StopWatch-wararyoLauncher\.pio\build\m5stopwatch-render-check\e
sp_system\port\soc\esp32s3\system_internal.c.o`
[WinError 2] 指定されたファイルが見つかりません。: 'C:\\Users\\wararyo\\Git\\M5StopWatch-wararyoLauncher\\.pio\\build\\m5stopwatch-render
-check\\esp_system\\port\\soc\\esp32s3' 
Please manually remove the file `C:\Users\wararyo\Git\M5StopWatch-wararyoLauncher\.pio\build\m5stopwatch-render-check\e
sp_system\port\soc\esp32s3`
[WinError 2] 指定されたファイルが見つかりません。: 'C:\\Users\\wararyo\\Git\\M5StopWatch-wararyoLauncher\\.pio\\build\\m5stopwatch-render
-check\\esp_system\\stack_check.c.o' 
Please manually remove the file `C:\Users\wararyo\Git\M5StopWatch-wararyoLauncher\.pio\build\m5stopwatch-render-check\e
sp_system\stack_check.c.o`
[WinError 2] 指定されたファイルが見つかりません。: 'C:\\Users\\wararyo\\Git\\M5StopWatch-wararyoLauncher\\.pio\\build\\m5stopwatch-render
-check\\esp_system\\startup.c.o' 
Please manually remove the file `C:\Users\wararyo\Git\M5StopWatch-wararyoLauncher\.pio\build\m5stopwatch-render-check\e
sp_system\startup.c.o`
[WinError 2] 指定されたファイルが見つかりません。: 'C:\\Users\\wararyo\\Git\\M5StopWatch-wararyoLauncher\\.pio\\build\\m5stopwatch-render
-check\\esp_system\\startup_funcs.c.o' 
Please manually remove the file `C:\Users\wararyo\Git\M5StopWatch-wararyoLauncher\.pio\build\m5stopwatch-render-check\e
sp_system\startup_funcs.c.o`
[WinError 2] 指定されたファイルが見つかりません。: 'C:\\Users\\wararyo\\Git\\M5StopWatch-wararyoLauncher\\.pio\\build\\m5stopwatch-render
-check\\esp_system\\system_time.c.o' 
Please manually remove the file `C:\Users\wararyo\Git\M5StopWatch-wararyoLauncher\.pio\build\m5stopwatch-render-check\e
sp_system\system_time.c.o`
[WinError 3] 指定されたパスが見つかりません。: 'C:\\Users\\wararyo\\Git\\M5StopWatch-wararyoLauncher\\.pio\\build\\m5stopwatch-render-c
heck\\esp_system\\task_wdt\\task_wdt_impl_timergroup.c.o' 
Please manually remove the file `C:\Users\wararyo\Git\M5StopWatch-wararyoLauncher\.pio\build\m5stopwatch-render-check\e
sp_system\task_wdt\task_wdt_impl_timergroup.c.o`
[WinError 2] 指定されたファイルが見つかりません。: 'C:\\Users\\wararyo\\Git\\M5StopWatch-wararyoLauncher\\.pio\\build\\m5stopwatch-render
-check\\esp_system\\task_wdt' 
Please manually remove the file `C:\Users\wararyo\Git\M5StopWatch-wararyoLauncher\.pio\build\m5stopwatch-render-check\e
sp_system\task_wdt`
[WinError 2] 指定されたファイルが見つかりません。: 'C:\\Users\\wararyo\\Git\\M5StopWatch-wararyoLauncher\\.pio\\build\\m5stopwatch-render
-check\\esp_system\\ubsan.c.o' 
Please manually remove the file `C:\Users\wararyo\Git\M5StopWatch-wararyoLauncher\.pio\build\m5stopwatch-render-check\e
sp_system\ubsan.c.o`
[WinError 3] 指定されたパスが見つかりません。: 'C:\\Users\\wararyo\\Git\\M5StopWatch-wararyoLauncher\\.pio\\build\\m5stopwatch-render-c
heck\\esp_system\\xt_wdt.c.o' 
Please manually remove the file `C:\Users\wararyo\Git\M5StopWatch-wararyoLauncher\.pio\build\m5stopwatch-render-check\e
sp_system\xt_wdt.c.o`
[WinError 2] 指定されたファイルが見つかりません。: 'C:\\Users\\wararyo\\Git\\M5StopWatch-wararyoLauncher\\.pio\\build\\m5stopwatch-render
-check\\esp_system' 
Please manually remove the file `C:\Users\wararyo\Git\M5StopWatch-wararyoLauncher\.pio\build\m5stopwatch-render-check\e
sp_system`
[WinError 2] 指定されたファイルが見つかりません。: 'C:\\Users\\wararyo\\Git\\M5StopWatch-wararyoLauncher\\.pio\\build\\m5stopwatch-render
-check\\esp_timer\\src\\esp_timer_impl_common.c.o' 
Please manually remove the file `C:\Users\wararyo\Git\M5StopWatch-wararyoLauncher\.pio\build\m5stopwatch-render-check\e
sp_timer\src\esp_timer_impl_common.c.o`
[WinError 2] 指定されたファイルが見つかりません。: 'C:\\Users\\wararyo\\Git\\M5StopWatch-wararyoLauncher\\.pio\\build\\m5stopwatch-render
-check\\esp_timer\\src\\esp_timer_impl_systimer.c.o' 
Please manually remove the file `C:\Users\wararyo\Git\M5StopWatch-wararyoLauncher\.pio\build\m5stopwatch-render-check\e
sp_timer\src\esp_timer_impl_systimer.c.o`
[WinError 2] 指定されたファイルが見つかりません。: 'C:\\Users\\wararyo\\Git\\M5StopWatch-wararyoLauncher\\.pio\\build\\m5stopwatch-render
-check\\esp_timer\\src\\esp_timer_init.c.o' 
Please manually remove the file `C:\Users\wararyo\Git\M5StopWatch-wararyoLauncher\.pio\build\m5stopwatch-render-check\e
sp_timer\src\esp_timer_init.c.o`
[WinError 2] 指定されたファイルが見つかりません。: 'C:\\Users\\wararyo\\Git\\M5StopWatch-wararyoLauncher\\.pio\\build\\m5stopwatch-render
-check\\esp_timer\\src\\ets_timer_legacy.c.o' 
Please manually remove the file `C:\Users\wararyo\Git\M5StopWatch-wararyoLauncher\.pio\build\m5stopwatch-render-check\e
sp_timer\src\ets_timer_legacy.c.o`
[WinError 3] 指定されたパスが見つかりません。: 'C:\\Users\\wararyo\\Git\\M5StopWatch-wararyoLauncher\\.pio\\build\\m5stopwatch-render-c
heck\\esp_timer\\src\\system_time.c.o' 
Please manually remove the file `C:\Users\wararyo\Git\M5StopWatch-wararyoLauncher\.pio\build\m5stopwatch-render-check\e
sp_timer\src\system_time.c.o`
[WinError 3] 指定されたパスが見つかりません。: 'C:\\Users\\wararyo\\Git\\M5StopWatch-wararyoLauncher\\.pio\\build\\m5stopwatch-render-c
heck\\esp_timer\\src' 
Please manually remove the file `C:\Users\wararyo\Git\M5StopWatch-wararyoLauncher\.pio\build\m5stopwatch-render-check\e
sp_timer\src`
[WinError 2] 指定されたファイルが見つかりません。: 'C:\\Users\\wararyo\\Git\\M5StopWatch-wararyoLauncher\\.pio\\build\\m5stopwatch-render
-check\\esp_timer' 
Please manually remove the file `C:\Users\wararyo\Git\M5StopWatch-wararyoLauncher\.pio\build\m5stopwatch-render-check\e
sp_timer`
[WinError 3] 指定されたパスが見つかりません。: 'C:\\Users\\wararyo\\Git\\M5StopWatch-wararyoLauncher\\.pio\\build\\m5stopwatch-render-c
heck\\esp_vfs_console\\vfs_console.c.o' 
Please manually remove the file `C:\Users\wararyo\Git\M5StopWatch-wararyoLauncher\.pio\build\m5stopwatch-render-check\e
sp_vfs_console\vfs_console.c.o`
[WinError 2] 指定されたファイルが見つかりません。: 'C:\\Users\\wararyo\\Git\\M5StopWatch-wararyoLauncher\\.pio\\build\\m5stopwatch-render
-check\\esp_vfs_console' 
Please manually remove the file `C:\Users\wararyo\Git\M5StopWatch-wararyoLauncher\.pio\build\m5stopwatch-render-check\e
sp_vfs_console`
[WinError 2] 指定されたファイルが見つかりません。: 'C:\\Users\\wararyo\\Git\\M5StopWatch-wararyoLauncher\\.pio\\build\\m5stopwatch-render
-check\\esp_wifi\\regulatory\\esp_wifi_regulatory.c.o' 
Please manually remove the file `C:\Users\wararyo\Git\M5StopWatch-wararyoLauncher\.pio\build\m5stopwatch-render-check\e
sp_wifi\regulatory\esp_wifi_regulatory.c.o`
[WinError 2] 指定されたファイルが見つかりません。: 'C:\\Users\\wararyo\\Git\\M5StopWatch-wararyoLauncher\\.pio\\build\\m5stopwatch-render
-check\\esp_wifi\\regulatory' 
Please manually remove the file `C:\Users\wararyo\Git\M5StopWatch-wararyoLauncher\.pio\build\m5stopwatch-render-check\e
sp_wifi\regulatory`
[WinError 2] 指定されたファイルが見つかりません。: 'C:\\Users\\wararyo\\Git\\M5StopWatch-wararyoLauncher\\.pio\\build\\m5stopwatch-render
-check\\esp_wifi\\src\\lib_printf.c.o' 
Please manually remove the file `C:\Users\wararyo\Git\M5StopWatch-wararyoLauncher\.pio\build\m5stopwatch-render-check\e
sp_wifi\src\lib_printf.c.o`
[WinError 2] 指定されたファイルが見つかりません。: 'C:\\Users\\wararyo\\Git\\M5StopWatch-wararyoLauncher\\.pio\\build\\m5stopwatch-render
-check\\esp_wifi\\src\\mesh_event.c.o' 
Please manually remove the file `C:\Users\wararyo\Git\M5StopWatch-wararyoLauncher\.pio\build\m5stopwatch-render-check\e
sp_wifi\src\mesh_event.c.o`
[WinError 2] 指定されたファイルが見つかりません。: 'C:\\Users\\wararyo\\Git\\M5StopWatch-wararyoLauncher\\.pio\\build\\m5stopwatch-render
-check\\esp_wifi\\src\\smartconfig.c.o' 
Please manually remove the file `C:\Users\wararyo\Git\M5StopWatch-wararyoLauncher\.pio\build\m5stopwatch-render-check\e
sp_wifi\src\smartconfig.c.o`
[WinError 2] 指定されたファイルが見つかりません。: 'C:\\Users\\wararyo\\Git\\M5StopWatch-wararyoLauncher\\.pio\\build\\m5stopwatch-render
-check\\esp_wifi\\src\\smartconfig_ack.c.o' 
Please manually remove the file `C:\Users\wararyo\Git\M5StopWatch-wararyoLauncher\.pio\build\m5stopwatch-render-check\e
sp_wifi\src\smartconfig_ack.c.o`
[WinError 2] 指定されたファイルが見つかりません。: 'C:\\Users\\wararyo\\Git\\M5StopWatch-wararyoLauncher\\.pio\\build\\m5stopwatch-render
-check\\esp_wifi\\src\\wifi_default.c.o' 
Please manually remove the file `C:\Users\wararyo\Git\M5StopWatch-wararyoLauncher\.pio\build\m5stopwatch-render-check\e
sp_wifi\src\wifi_default.c.o`
[WinError 2] 指定されたファイルが見つかりません。: 'C:\\Users\\wararyo\\Git\\M5StopWatch-wararyoLauncher\\.pio\\build\\m5stopwatch-render
-check\\esp_wifi\\src\\wifi_default_ap.c.o' 
Please manually remove the file `C:\Users\wararyo\Git\M5StopWatch-wararyoLauncher\.pio\build\m5stopwatch-render-check\e
sp_wifi\src\wifi_default_ap.c.o`
[WinError 2] 指定されたファイルが見つかりません。: 'C:\\Users\\wararyo\\Git\\M5StopWatch-wararyoLauncher\\.pio\\build\\m5stopwatch-render
-check\\esp_wifi\\src\\wifi_init.c.o' 
Please manually remove the file `C:\Users\wararyo\Git\M5StopWatch-wararyoLauncher\.pio\build\m5stopwatch-render-check\e
sp_wifi\src\wifi_init.c.o`
[WinError 3] 指定されたパスが見つかりません。: 'C:\\Users\\wararyo\\Git\\M5StopWatch-wararyoLauncher\\.pio\\build\\m5stopwatch-render-c
heck\\esp_wifi\\src\\wifi_netif.c.o' 
Please manually remove the file `C:\Users\wararyo\Git\M5StopWatch-wararyoLauncher\.pio\build\m5stopwatch-render-check\e
sp_wifi\src\wifi_netif.c.o`
[WinError 3] 指定されたパスが見つかりません。: 'C:\\Users\\wararyo\\Git\\M5StopWatch-wararyoLauncher\\.pio\\build\\m5stopwatch-render-c
heck\\esp_wifi\\src' 
Please manually remove the file `C:\Users\wararyo\Git\M5StopWatch-wararyoLauncher\.pio\build\m5stopwatch-render-check\e
sp_wifi\src`
[WinError 2] 指定されたファイルが見つかりません。: 'C:\\Users\\wararyo\\Git\\M5StopWatch-wararyoLauncher\\.pio\\build\\m5stopwatch-render
-check\\esp_wifi' 
Please manually remove the file `C:\Users\wararyo\Git\M5StopWatch-wararyoLauncher\.pio\build\m5stopwatch-render-check\e
sp_wifi`
[WinError 2] 指定されたファイルが見つかりません。: 'C:\\Users\\wararyo\\Git\\M5StopWatch-wararyoLauncher\\.pio\\build\\m5stopwatch-render
-check\\fatfs\\diskio\\diskio.c.o' 
Please manually remove the file `C:\Users\wararyo\Git\M5StopWatch-wararyoLauncher\.pio\build\m5stopwatch-render-check\f
atfs\diskio\diskio.c.o`
[WinError 2] 指定されたファイルが見つかりません。: 'C:\\Users\\wararyo\\Git\\M5StopWatch-wararyoLauncher\\.pio\\build\\m5stopwatch-render
-check\\fatfs\\diskio\\diskio_rawflash.c.o' 
Please manually remove the file `C:\Users\wararyo\Git\M5StopWatch-wararyoLauncher\.pio\build\m5stopwatch-render-check\f
atfs\diskio\diskio_rawflash.c.o`
[WinError 2] 指定されたファイルが見つかりません。: 'C:\\Users\\wararyo\\Git\\M5StopWatch-wararyoLauncher\\.pio\\build\\m5stopwatch-render
-check\\fatfs\\diskio\\diskio_sdmmc.c.o' 
Please manually remove the file `C:\Users\wararyo\Git\M5StopWatch-wararyoLauncher\.pio\build\m5stopwatch-render-check\f
atfs\diskio\diskio_sdmmc.c.o`
[WinError 2] 指定されたファイルが見つかりません。: 'C:\\Users\\wararyo\\Git\\M5StopWatch-wararyoLauncher\\.pio\\build\\m5stopwatch-render
-check\\fatfs\\diskio\\diskio_wl.c.o' 
Please manually remove the file `C:\Users\wararyo\Git\M5StopWatch-wararyoLauncher\.pio\build\m5stopwatch-render-check\f
atfs\diskio\diskio_wl.c.o`
[WinError 2] 指定されたファイルが見つかりません。: 'C:\\Users\\wararyo\\Git\\M5StopWatch-wararyoLauncher\\.pio\\build\\m5stopwatch-render
-check\\fatfs\\port\\freertos\\ffsystem.c.o' 
Please manually remove the file `C:\Users\wararyo\Git\M5StopWatch-wararyoLauncher\.pio\build\m5stopwatch-render-check\f
atfs\port\freertos\ffsystem.c.o`
[WinError 2] 指定されたファイルが見つかりません。: 'C:\\Users\\wararyo\\Git\\M5StopWatch-wararyoLauncher\\.pio\\build\\m5stopwatch-render
-check\\fatfs\\port\\freertos' 
Please manually remove the file `C:\Users\wararyo\Git\M5StopWatch-wararyoLauncher\.pio\build\m5stopwatch-render-check\f
atfs\port\freertos`
[WinError 2] 指定されたファイルが見つかりません。: 'C:\\Users\\wararyo\\Git\\M5StopWatch-wararyoLauncher\\.pio\\build\\m5stopwatch-render
-check\\fatfs\\port' 
Please manually remove the file `C:\Users\wararyo\Git\M5StopWatch-wararyoLauncher\.pio\build\m5stopwatch-render-check\f
atfs\port`
[WinError 2] 指定されたファイルが見つかりません。: 'C:\\Users\\wararyo\\Git\\M5StopWatch-wararyoLauncher\\.pio\\build\\m5stopwatch-render
-check\\fatfs\\src\\ff.c.o' 
Please manually remove the file `C:\Users\wararyo\Git\M5StopWatch-wararyoLauncher\.pio\build\m5stopwatch-render-check\f
atfs\src\ff.c.o`
[WinError 3] 指定されたパスが見つかりません。: 'C:\\Users\\wararyo\\Git\\M5StopWatch-wararyoLauncher\\.pio\\build\\m5stopwatch-render-c
heck\\fatfs\\src\\ffunicode.c.o' 
Please manually remove the file `C:\Users\wararyo\Git\M5StopWatch-wararyoLauncher\.pio\build\m5stopwatch-render-check\f
atfs\src\ffunicode.c.o`
[WinError 2] 指定されたファイルが見つかりません。: 'C:\\Users\\wararyo\\Git\\M5StopWatch-wararyoLauncher\\.pio\\build\\m5stopwatch-render
-check\\fatfs\\src' 
Please manually remove the file `C:\Users\wararyo\Git\M5StopWatch-wararyoLauncher\.pio\build\m5stopwatch-render-check\f
atfs\src`
[WinError 2] 指定されたファイルが見つかりません。: 'C:\\Users\\wararyo\\Git\\M5StopWatch-wararyoLauncher\\.pio\\build\\m5stopwatch-render
-check\\fatfs\\vfs\\vfs_fat_sdmmc.c.o' 
Please manually remove the file `C:\Users\wararyo\Git\M5StopWatch-wararyoLauncher\.pio\build\m5stopwatch-render-check\f
atfs\vfs\vfs_fat_sdmmc.c.o`
[WinError 2] 指定されたファイルが見つかりません。: 'C:\\Users\\wararyo\\Git\\M5StopWatch-wararyoLauncher\\.pio\\build\\m5stopwatch-render
-check\\fatfs\\vfs\\vfs_fat_spiflash.c.o' 
Please manually remove the file `C:\Users\wararyo\Git\M5StopWatch-wararyoLauncher\.pio\build\m5stopwatch-render-check\f
atfs\vfs\vfs_fat_spiflash.c.o`
[WinError 2] 指定されたファイルが見つかりません。: 'C:\\Users\\wararyo\\Git\\M5StopWatch-wararyoLauncher\\.pio\\build\\m5stopwatch-render
-check\\fatfs\\vfs' 
Please manually remove the file `C:\Users\wararyo\Git\M5StopWatch-wararyoLauncher\.pio\build\m5stopwatch-render-check\f
atfs\vfs`
[WinError 2] 指定されたファイルが見つかりません。: 'C:\\Users\\wararyo\\Git\\M5StopWatch-wararyoLauncher\\.pio\\build\\m5stopwatch-render
-check\\firmware.bin' 
Please manually remove the file `C:\Users\wararyo\Git\M5StopWatch-wararyoLauncher\.pio\build\m5stopwatch-render-check\f
irmware.bin`
[WinError 2] 指定されたファイルが見つかりません。: 'C:\\Users\\wararyo\\Git\\M5StopWatch-wararyoLauncher\\.pio\\build\\m5stopwatch-render
-check\\firmware.elf' 
Please manually remove the file `C:\Users\wararyo\Git\M5StopWatch-wararyoLauncher\.pio\build\m5stopwatch-render-check\f
irmware.elf`
[WinError 2] 指定されたファイルが見つかりません。: 'C:\\Users\\wararyo\\Git\\M5StopWatch-wararyoLauncher\\.pio\\build\\m5stopwatch-render
-check\\flasher_args.json' 
Please manually remove the file `C:\Users\wararyo\Git\M5StopWatch-wararyoLauncher\.pio\build\m5stopwatch-render-check\f
lasher_args.json`
[WinError 2] 指定されたファイルが見つかりません。: 'C:\\Users\\wararyo\\Git\\M5StopWatch-wararyoLauncher\\.pio\\build\\m5stopwatch-render
-check\\flash_app_args' 
Please manually remove the file `C:\Users\wararyo\Git\M5StopWatch-wararyoLauncher\.pio\build\m5stopwatch-render-check\f
lash_app_args`
[WinError 2] 指定されたファイルが見つかりません。: 'C:\\Users\\wararyo\\Git\\M5StopWatch-wararyoLauncher\\.pio\\build\\m5stopwatch-render
-check\\flash_args' 
Please manually remove the file `C:\Users\wararyo\Git\M5StopWatch-wararyoLauncher\.pio\build\m5stopwatch-render-check\f
lash_args`
[WinError 2] 指定されたファイルが見つかりません。: 'C:\\Users\\wararyo\\Git\\M5StopWatch-wararyoLauncher\\.pio\\build\\m5stopwatch-render
-check\\flash_args.in' 
Please manually remove the file `C:\Users\wararyo\Git\M5StopWatch-wararyoLauncher\.pio\build\m5stopwatch-render-check\f
lash_args.in`
[WinError 2] 指定されたファイルが見つかりません。: 'C:\\Users\\wararyo\\Git\\M5StopWatch-wararyoLauncher\\.pio\\build\\m5stopwatch-render
-check\\flash_bootloader_args' 
Please manually remove the file `C:\Users\wararyo\Git\M5StopWatch-wararyoLauncher\.pio\build\m5stopwatch-render-check\f
lash_bootloader_args`
[WinError 2] 指定されたファイルが見つかりません。: 'C:\\Users\\wararyo\\Git\\M5StopWatch-wararyoLauncher\\.pio\\build\\m5stopwatch-render
-check\\flash_project_args' 
Please manually remove the file `C:\Users\wararyo\Git\M5StopWatch-wararyoLauncher\.pio\build\m5stopwatch-render-check\f
lash_project_args`
[WinError 2] 指定されたファイルが見つかりません。: 'C:\\Users\\wararyo\\Git\\M5StopWatch-wararyoLauncher\\.pio\\build\\m5stopwatch-render
-check\\freertos\\esp_additions\\idf_additions_event_groups.c.o' 
Please manually remove the file `C:\Users\wararyo\Git\M5StopWatch-wararyoLauncher\.pio\build\m5stopwatch-render-check\f
reertos\esp_additions\idf_additions_event_groups.c.o`
[WinError 2] 指定されたファイルが見つかりません。: 'C:\\Users\\wararyo\\Git\\M5StopWatch-wararyoLauncher\\.pio\\build\\m5stopwatch-render
-check\\freertos\\esp_additions' 
Please manually remove the file `C:\Users\wararyo\Git\M5StopWatch-wararyoLauncher\.pio\build\m5stopwatch-render-check\f
reertos\esp_additions`
[WinError 2] 指定されたファイルが見つかりません。: 'C:\\Users\\wararyo\\Git\\M5StopWatch-wararyoLauncher\\.pio\\build\\m5stopwatch-render
-check\\freertos\\FreeRTOS-Kernel\\event_groups.c.o' 
Please manually remove the file `C:\Users\wararyo\Git\M5StopWatch-wararyoLauncher\.pio\build\m5stopwatch-render-check\f
reertos\FreeRTOS-Kernel\event_groups.c.o`
[WinError 2] 指定されたファイルが見つかりません。: 'C:\\Users\\wararyo\\Git\\M5StopWatch-wararyoLauncher\\.pio\\build\\m5stopwatch-render
-check\\freertos\\FreeRTOS-Kernel\\list.c.o' 
Please manually remove the file `C:\Users\wararyo\Git\M5StopWatch-wararyoLauncher\.pio\build\m5stopwatch-render-check\f
reertos\FreeRTOS-Kernel\list.c.o`
[WinError 2] 指定されたファイルが見つかりません。: 'C:\\Users\\wararyo\\Git\\M5StopWatch-wararyoLauncher\\.pio\\build\\m5stopwatch-render
-check\\freertos\\FreeRTOS-Kernel\\portable\\xtensa\\portasm.S.o' 
Please manually remove the file `C:\Users\wararyo\Git\M5StopWatch-wararyoLauncher\.pio\build\m5stopwatch-render-check\f
reertos\FreeRTOS-Kernel\portable\xtensa\portasm.S.o`
[WinError 2] 指定されたファイルが見つかりません。: 'C:\\Users\\wararyo\\Git\\M5StopWatch-wararyoLauncher\\.pio\\build\\m5stopwatch-render
-check\\freertos\\FreeRTOS-Kernel\\portable\\xtensa\\xtensa_init.c.o' 
Please manually remove the file `C:\Users\wararyo\Git\M5StopWatch-wararyoLauncher\.pio\build\m5stopwatch-render-check\f
reertos\FreeRTOS-Kernel\portable\xtensa\xtensa_init.c.o`
[WinError 2] 指定されたファイルが見つかりません。: 'C:\\Users\\wararyo\\Git\\M5StopWatch-wararyoLauncher\\.pio\\build\\m5stopwatch-render
-check\\freertos\\FreeRTOS-Kernel\\portable\\xtensa\\xtensa_overlay_os_hook.c.o' 
Please manually remove the file `C:\Users\wararyo\Git\M5StopWatch-wararyoLauncher\.pio\build\m5stopwatch-render-check\f
reertos\FreeRTOS-Kernel\portable\xtensa\xtensa_overlay_os_hook.c.o`
[WinError 2] 指定されたファイルが見つかりません。: 'C:\\Users\\wararyo\\Git\\M5StopWatch-wararyoLauncher\\.pio\\build\\m5stopwatch-render
-check\\freertos\\FreeRTOS-Kernel\\portable\\xtensa' 
Please manually remove the file `C:\Users\wararyo\Git\M5StopWatch-wararyoLauncher\.pio\build\m5stopwatch-render-check\f
reertos\FreeRTOS-Kernel\portable\xtensa`
[WinError 2] 指定されたファイルが見つかりません。: 'C:\\Users\\wararyo\\Git\\M5StopWatch-wararyoLauncher\\.pio\\build\\m5stopwatch-render
-check\\freertos\\FreeRTOS-Kernel\\queue.c.o' 
Please manually remove the file `C:\Users\wararyo\Git\M5StopWatch-wararyoLauncher\.pio\build\m5stopwatch-render-check\f
reertos\FreeRTOS-Kernel\queue.c.o`
[WinError 2] 指定されたファイルが見つかりません。: 'C:\\Users\\wararyo\\Git\\M5StopWatch-wararyoLauncher\\.pio\\build\\m5stopwatch-render
-check\\freertos\\FreeRTOS-Kernel\\stream_buffer.c.o' 
Please manually remove the file `C:\Users\wararyo\Git\M5StopWatch-wararyoLauncher\.pio\build\m5stopwatch-render-check\f
reertos\FreeRTOS-Kernel\stream_buffer.c.o`
[WinError 2] 指定されたファイルが見つかりません。: 'C:\\Users\\wararyo\\Git\\M5StopWatch-wararyoLauncher\\.pio\\build\\m5stopwatch-render
-check\\freertos\\FreeRTOS-Kernel\\tasks.c.o' 
Please manually remove the file `C:\Users\wararyo\Git\M5StopWatch-wararyoLauncher\.pio\build\m5stopwatch-render-check\f
reertos\FreeRTOS-Kernel\tasks.c.o`
[WinError 3] 指定されたパスが見つかりません。: 'C:\\Users\\wararyo\\Git\\M5StopWatch-wararyoLauncher\\.pio\\build\\m5stopwatch-render-c
heck\\freertos\\FreeRTOS-Kernel\\timers.c.o' 
Please manually remove the file `C:\Users\wararyo\Git\M5StopWatch-wararyoLauncher\.pio\build\m5stopwatch-render-check\f
reertos\FreeRTOS-Kernel\timers.c.o`
[WinError 2] 指定されたファイルが見つかりません。: 'C:\\Users\\wararyo\\Git\\M5StopWatch-wararyoLauncher\\.pio\\build\\m5stopwatch-render
-check\\freertos\\FreeRTOS-Kernel' 
Please manually remove the file `C:\Users\wararyo\Git\M5StopWatch-wararyoLauncher\.pio\build\m5stopwatch-render-check\f
reertos\FreeRTOS-Kernel`
[WinError 2] 指定されたファイルが見つかりません。: 'C:\\Users\\wararyo\\Git\\M5StopWatch-wararyoLauncher\\.pio\\build\\m5stopwatch-render
-check\\freertos\\heap_idf.c.o' 
Please manually remove the file `C:\Users\wararyo\Git\M5StopWatch-wararyoLauncher\.pio\build\m5stopwatch-render-check\f
reertos\heap_idf.c.o`
[WinError 2] 指定されたファイルが見つかりません。: 'C:\\Users\\wararyo\\Git\\M5StopWatch-wararyoLauncher\\.pio\\build\\m5stopwatch-render
-check\\freertos\\port_common.c.o' 
Please manually remove the file `C:\Users\wararyo\Git\M5StopWatch-wararyoLauncher\.pio\build\m5stopwatch-render-check\f
reertos\port_common.c.o`
[WinError 2] 指定されたファイルが見つかりません。: 'C:\\Users\\wararyo\\Git\\M5StopWatch-wararyoLauncher\\.pio\\build\\m5stopwatch-render
-check\\freertos\\port_systick.c.o' 
Please manually remove the file `C:\Users\wararyo\Git\M5StopWatch-wararyoLauncher\.pio\build\m5stopwatch-render-check\f
reertos\port_systick.c.o`
[WinError 2] 指定されたファイルが見つかりません。: 'C:\\Users\\wararyo\\Git\\M5StopWatch-wararyoLauncher\\.pio\\build\\m5stopwatch-render
-check\\freertos' 
Please manually remove the file `C:\Users\wararyo\Git\M5StopWatch-wararyoLauncher\.pio\build\m5stopwatch-render-check\f
reertos`
[WinError 2] 指定されたファイルが見つかりません。: 'C:\\Users\\wararyo\\Git\\M5StopWatch-wararyoLauncher\\.pio\\build\\m5stopwatch-render
-check\\gdbinit\\gdbinit' 
Please manually remove the file `C:\Users\wararyo\Git\M5StopWatch-wararyoLauncher\.pio\build\m5stopwatch-render-check\g
dbinit\gdbinit`
[WinError 2] 指定されたファイルが見つかりません。: 'C:\\Users\\wararyo\\Git\\M5StopWatch-wararyoLauncher\\.pio\\build\\m5stopwatch-render
-check\\gdbinit\\prefix_map' 
Please manually remove the file `C:\Users\wararyo\Git\M5StopWatch-wararyoLauncher\.pio\build\m5stopwatch-render-check\g
dbinit\prefix_map`
[WinError 2] 指定されたファイルが見つかりません。: 'C:\\Users\\wararyo\\Git\\M5StopWatch-wararyoLauncher\\.pio\\build\\m5stopwatch-render
-check\\gdbinit\\py_extensions' 
Please manually remove the file `C:\Users\wararyo\Git\M5StopWatch-wararyoLauncher\.pio\build\m5stopwatch-render-check\g
dbinit\py_extensions`
[WinError 3] 指定されたパスが見つかりません。: 'C:\\Users\\wararyo\\Git\\M5StopWatch-wararyoLauncher\\.pio\\build\\m5stopwatch-render-c
heck\\gdbinit\\symbols' 
Please manually remove the file `C:\Users\wararyo\Git\M5StopWatch-wararyoLauncher\.pio\build\m5stopwatch-render-check\g
dbinit\symbols`
[WinError 2] 指定されたファイルが見つかりません。: 'C:\\Users\\wararyo\\Git\\M5StopWatch-wararyoLauncher\\.pio\\build\\m5stopwatch-render
-check\\gdbinit' 
Please manually remove the file `C:\Users\wararyo\Git\M5StopWatch-wararyoLauncher\.pio\build\m5stopwatch-render-check\g
dbinit`
[WinError 2] 指定されたファイルが見つかりません。: 'C:\\Users\\wararyo\\Git\\M5StopWatch-wararyoLauncher\\.pio\\build\\m5stopwatch-render
-check\\GenShinGothicMedium28.vlw.S' 
Please manually remove the file `C:\Users\wararyo\Git\M5StopWatch-wararyoLauncher\.pio\build\m5stopwatch-render-check\G
enShinGothicMedium28.vlw.S`
[WinError 2] 指定されたファイルが見つかりません。: 'C:\\Users\\wararyo\\Git\\M5StopWatch-wararyoLauncher\\.pio\\build\\m5stopwatch-render
-check\\hal\\adc_hal.c.o' 
Please manually remove the file `C:\Users\wararyo\Git\M5StopWatch-wararyoLauncher\.pio\build\m5stopwatch-render-check\h
al\adc_hal.c.o`
[WinError 2] 指定されたファイルが見つかりません。: 'C:\\Users\\wararyo\\Git\\M5StopWatch-wararyoLauncher\\.pio\\build\\m5stopwatch-render
-check\\hal\\adc_hal_common.c.o' 
Please manually remove the file `C:\Users\wararyo\Git\M5StopWatch-wararyoLauncher\.pio\build\m5stopwatch-render-check\h
al\adc_hal_common.c.o`
[WinError 2] 指定されたファイルが見つかりません。: 'C:\\Users\\wararyo\\Git\\M5StopWatch-wararyoLauncher\\.pio\\build\\m5stopwatch-render
-check\\hal\\adc_oneshot_hal.c.o' 
Please manually remove the file `C:\Users\wararyo\Git\M5StopWatch-wararyoLauncher\.pio\build\m5stopwatch-render-check\h
al\adc_oneshot_hal.c.o`
[WinError 2] 指定されたファイルが見つかりません。: 'C:\\Users\\wararyo\\Git\\M5StopWatch-wararyoLauncher\\.pio\\build\\m5stopwatch-render
-check\\hal\\aes_hal.c.o' 
Please manually remove the file `C:\Users\wararyo\Git\M5StopWatch-wararyoLauncher\.pio\build\m5stopwatch-render-check\h
al\aes_hal.c.o`
[WinError 2] 指定されたファイルが見つかりません。: 'C:\\Users\\wararyo\\Git\\M5StopWatch-wararyoLauncher\\.pio\\build\\m5stopwatch-render
-check\\hal\\brownout_hal.c.o' 
Please manually remove the file `C:\Users\wararyo\Git\M5StopWatch-wararyoLauncher\.pio\build\m5stopwatch-render-check\h
al\brownout_hal.c.o`
[WinError 2] 指定されたファイルが見つかりません。: 'C:\\Users\\wararyo\\Git\\M5StopWatch-wararyoLauncher\\.pio\\build\\m5stopwatch-render
-check\\hal\\cache_hal.c.o' 
Please manually remove the file `C:\Users\wararyo\Git\M5StopWatch-wararyoLauncher\.pio\build\m5stopwatch-render-check\h
al\cache_hal.c.o`
[WinError 2] 指定されたファイルが見つかりません。: 'C:\\Users\\wararyo\\Git\\M5StopWatch-wararyoLauncher\\.pio\\build\\m5stopwatch-render
-check\\hal\\color_hal.c.o' 
Please manually remove the file `C:\Users\wararyo\Git\M5StopWatch-wararyoLauncher\.pio\build\m5stopwatch-render-check\h
al\color_hal.c.o`
[WinError 2] 指定されたファイルが見つかりません。: 'C:\\Users\\wararyo\\Git\\M5StopWatch-wararyoLauncher\\.pio\\build\\m5stopwatch-render
-check\\hal\\ds_hal.c.o' 
Please manually remove the file `C:\Users\wararyo\Git\M5StopWatch-wararyoLauncher\.pio\build\m5stopwatch-render-check\h
al\ds_hal.c.o`
[WinError 2] 指定されたファイルが見つかりません。: 'C:\\Users\\wararyo\\Git\\M5StopWatch-wararyoLauncher\\.pio\\build\\m5stopwatch-render
-check\\hal\\efuse_hal.c.o' 
Please manually remove the file `C:\Users\wararyo\Git\M5StopWatch-wararyoLauncher\.pio\build\m5stopwatch-render-check\h
al\efuse_hal.c.o`
[WinError 2] 指定されたファイルが見つかりません。: 'C:\\Users\\wararyo\\Git\\M5StopWatch-wararyoLauncher\\.pio\\build\\m5stopwatch-render
-check\\hal\\esp32s3\\efuse_hal.c.o' 
Please manually remove the file `C:\Users\wararyo\Git\M5StopWatch-wararyoLauncher\.pio\build\m5stopwatch-render-check\h
al\esp32s3\efuse_hal.c.o`
[WinError 2] 指定されたファイルが見つかりません。: 'C:\\Users\\wararyo\\Git\\M5StopWatch-wararyoLauncher\\.pio\\build\\m5stopwatch-render
-check\\hal\\esp32s3\\rtc_cntl_hal.c.o' 
Please manually remove the file `C:\Users\wararyo\Git\M5StopWatch-wararyoLauncher\.pio\build\m5stopwatch-render-check\h
al\esp32s3\rtc_cntl_hal.c.o`
[WinError 3] 指定されたパスが見つかりません。: 'C:\\Users\\wararyo\\Git\\M5StopWatch-wararyoLauncher\\.pio\\build\\m5stopwatch-render-c
heck\\hal\\esp32s3\\touch_sensor_hal.c.o' 
Please manually remove the file `C:\Users\wararyo\Git\M5StopWatch-wararyoLauncher\.pio\build\m5stopwatch-render-check\h
al\esp32s3\touch_sensor_hal.c.o`
[WinError 2] 指定されたファイルが見つかりません。: 'C:\\Users\\wararyo\\Git\\M5StopWatch-wararyoLauncher\\.pio\\build\\m5stopwatch-render
-check\\hal\\esp32s3' 
Please manually remove the file `C:\Users\wararyo\Git\M5StopWatch-wararyoLauncher\.pio\build\m5stopwatch-render-check\h
al\esp32s3`
[WinError 2] 指定されたファイルが見つかりません。: 'C:\\Users\\wararyo\\Git\\M5StopWatch-wararyoLauncher\\.pio\\build\\m5stopwatch-render
-check\\hal\\gdma_hal_ahb_v1.c.o' 
Please manually remove the file `C:\Users\wararyo\Git\M5StopWatch-wararyoLauncher\.pio\build\m5stopwatch-render-check\h
al\gdma_hal_ahb_v1.c.o`
[WinError 2] 指定されたファイルが見つかりません。: 'C:\\Users\\wararyo\\Git\\M5StopWatch-wararyoLauncher\\.pio\\build\\m5stopwatch-render
-check\\hal\\gdma_hal_top.c.o' 
Please manually remove the file `C:\Users\wararyo\Git\M5StopWatch-wararyoLauncher\.pio\build\m5stopwatch-render-check\h
al\gdma_hal_top.c.o`
[WinError 2] 指定されたファイルが見つかりません。: 'C:\\Users\\wararyo\\Git\\M5StopWatch-wararyoLauncher\\.pio\\build\\m5stopwatch-render
-check\\hal\\gpio_hal.c.o' 
Please manually remove the file `C:\Users\wararyo\Git\M5StopWatch-wararyoLauncher\.pio\build\m5stopwatch-render-check\h
al\gpio_hal.c.o`
[WinError 2] 指定されたファイルが見つかりません。: 'C:\\Users\\wararyo\\Git\\M5StopWatch-wararyoLauncher\\.pio\\build\\m5stopwatch-render
-check\\hal\\hal_utils.c.o' 
Please manually remove the file `C:\Users\wararyo\Git\M5StopWatch-wararyoLauncher\.pio\build\m5stopwatch-render-check\h
al\hal_utils.c.o`
[WinError 2] 指定されたファイルが見つかりません。: 'C:\\Users\\wararyo\\Git\\M5StopWatch-wararyoLauncher\\.pio\\build\\m5stopwatch-render
-check\\hal\\hmac_hal.c.o' 
Please manually remove the file `C:\Users\wararyo\Git\M5StopWatch-wararyoLauncher\.pio\build\m5stopwatch-render-check\h
al\hmac_hal.c.o`
[WinError 2] 指定されたファイルが見つかりません。: 'C:\\Users\\wararyo\\Git\\M5StopWatch-wararyoLauncher\\.pio\\build\\m5stopwatch-render
-check\\hal\\i2c_hal.c.o' 
Please manually remove the file `C:\Users\wararyo\Git\M5StopWatch-wararyoLauncher\.pio\build\m5stopwatch-render-check\h
al\i2c_hal.c.o`
[WinError 2] 指定されたファイルが見つかりません。: 'C:\\Users\\wararyo\\Git\\M5StopWatch-wararyoLauncher\\.pio\\build\\m5stopwatch-render
-check\\hal\\i2s_hal.c.o' 
Please manually remove the file `C:\Users\wararyo\Git\M5StopWatch-wararyoLauncher\.pio\build\m5stopwatch-render-check\h
al\i2s_hal.c.o`
[WinError 2] 指定されたファイルが見つかりません。: 'C:\\Users\\wararyo\\Git\\M5StopWatch-wararyoLauncher\\.pio\\build\\m5stopwatch-render
-check\\hal\\lcd_hal.c.o' 
Please manually remove the file `C:\Users\wararyo\Git\M5StopWatch-wararyoLauncher\.pio\build\m5stopwatch-render-check\h
al\lcd_hal.c.o`
[WinError 2] 指定されたファイルが見つかりません。: 'C:\\Users\\wararyo\\Git\\M5StopWatch-wararyoLauncher\\.pio\\build\\m5stopwatch-render
-check\\hal\\ledc_hal.c.o' 
Please manually remove the file `C:\Users\wararyo\Git\M5StopWatch-wararyoLauncher\.pio\build\m5stopwatch-render-check\h
al\ledc_hal.c.o`
[WinError 2] 指定されたファイルが見つかりません。: 'C:\\Users\\wararyo\\Git\\M5StopWatch-wararyoLauncher\\.pio\\build\\m5stopwatch-render
-check\\hal\\ledc_hal_iram.c.o' 
Please manually remove the file `C:\Users\wararyo\Git\M5StopWatch-wararyoLauncher\.pio\build\m5stopwatch-render-check\h
al\ledc_hal_iram.c.o`
[WinError 2] 指定されたファイルが見つかりません。: 'C:\\Users\\wararyo\\Git\\M5StopWatch-wararyoLauncher\\.pio\\build\\m5stopwatch-render
-check\\hal\\mcpwm_hal.c.o' 
Please manually remove the file `C:\Users\wararyo\Git\M5StopWatch-wararyoLauncher\.pio\build\m5stopwatch-render-check\h
al\mcpwm_hal.c.o`
[WinError 2] 指定されたファイルが見つかりません。: 'C:\\Users\\wararyo\\Git\\M5StopWatch-wararyoLauncher\\.pio\\build\\m5stopwatch-render
-check\\hal\\mmu_hal.c.o' 
Please manually remove the file `C:\Users\wararyo\Git\M5StopWatch-wararyoLauncher\.pio\build\m5stopwatch-render-check\h
al\mmu_hal.c.o`
[WinError 2] 指定されたファイルが見つかりません。: 'C:\\Users\\wararyo\\Git\\M5StopWatch-wararyoLauncher\\.pio\\build\\m5stopwatch-render
-check\\hal\\mpi_hal.c.o' 
Please manually remove the file `C:\Users\wararyo\Git\M5StopWatch-wararyoLauncher\.pio\build\m5stopwatch-render-check\h
al\mpi_hal.c.o`
[WinError 2] 指定されたファイルが見つかりません。: 'C:\\Users\\wararyo\\Git\\M5StopWatch-wararyoLauncher\\.pio\\build\\m5stopwatch-render
-check\\hal\\mpu_hal.c.o' 
Please manually remove the file `C:\Users\wararyo\Git\M5StopWatch-wararyoLauncher\.pio\build\m5stopwatch-render-check\h
al\mpu_hal.c.o`
[WinError 2] 指定されたファイルが見つかりません。: 'C:\\Users\\wararyo\\Git\\M5StopWatch-wararyoLauncher\\.pio\\build\\m5stopwatch-render
-check\\hal\\pcnt_hal.c.o' 
Please manually remove the file `C:\Users\wararyo\Git\M5StopWatch-wararyoLauncher\.pio\build\m5stopwatch-render-check\h
al\pcnt_hal.c.o`
[WinError 2] 指定されたファイルが見つかりません。: 'C:\\Users\\wararyo\\Git\\M5StopWatch-wararyoLauncher\\.pio\\build\\m5stopwatch-render
-check\\hal\\rmt_hal.c.o' 
Please manually remove the file `C:\Users\wararyo\Git\M5StopWatch-wararyoLauncher\.pio\build\m5stopwatch-render-check\h
al\rmt_hal.c.o`
[WinError 2] 指定されたファイルが見つかりません。: 'C:\\Users\\wararyo\\Git\\M5StopWatch-wararyoLauncher\\.pio\\build\\m5stopwatch-render
-check\\hal\\rtc_io_hal.c.o' 
Please manually remove the file `C:\Users\wararyo\Git\M5StopWatch-wararyoLauncher\.pio\build\m5stopwatch-render-check\h
al\rtc_io_hal.c.o`
[WinError 2] 指定されたファイルが見つかりません。: 'C:\\Users\\wararyo\\Git\\M5StopWatch-wararyoLauncher\\.pio\\build\\m5stopwatch-render
-check\\hal\\sdmmc_hal.c.o' 
Please manually remove the file `C:\Users\wararyo\Git\M5StopWatch-wararyoLauncher\.pio\build\m5stopwatch-render-check\h
al\sdmmc_hal.c.o`
[WinError 2] 指定されたファイルが見つかりません。: 'C:\\Users\\wararyo\\Git\\M5StopWatch-wararyoLauncher\\.pio\\build\\m5stopwatch-render
-check\\hal\\sdm_hal.c.o' 
Please manually remove the file `C:\Users\wararyo\Git\M5StopWatch-wararyoLauncher\.pio\build\m5stopwatch-render-check\h
al\sdm_hal.c.o`
[WinError 2] 指定されたファイルが見つかりません。: 'C:\\Users\\wararyo\\Git\\M5StopWatch-wararyoLauncher\\.pio\\build\\m5stopwatch-render
-check\\hal\\sha_hal.c.o' 
Please manually remove the file `C:\Users\wararyo\Git\M5StopWatch-wararyoLauncher\.pio\build\m5stopwatch-render-check\h
al\sha_hal.c.o`
[WinError 2] 指定されたファイルが見つかりません。: 'C:\\Users\\wararyo\\Git\\M5StopWatch-wararyoLauncher\\.pio\\build\\m5stopwatch-render
-check\\hal\\spi_flash_encrypt_hal_iram.c.o' 
Please manually remove the file `C:\Users\wararyo\Git\M5StopWatch-wararyoLauncher\.pio\build\m5stopwatch-render-check\h
al\spi_flash_encrypt_hal_iram.c.o`
[WinError 2] 指定されたファイルが見つかりません。: 'C:\\Users\\wararyo\\Git\\M5StopWatch-wararyoLauncher\\.pio\\build\\m5stopwatch-render
-check\\hal\\spi_flash_hal.c.o' 
Please manually remove the file `C:\Users\wararyo\Git\M5StopWatch-wararyoLauncher\.pio\build\m5stopwatch-render-check\h
al\spi_flash_hal.c.o`
[WinError 2] 指定されたファイルが見つかりません。: 'C:\\Users\\wararyo\\Git\\M5StopWatch-wararyoLauncher\\.pio\\build\\m5stopwatch-render
-check\\hal\\spi_flash_hal_gpspi.c.o' 
Please manually remove the file `C:\Users\wararyo\Git\M5StopWatch-wararyoLauncher\.pio\build\m5stopwatch-render-check\h
al\spi_flash_hal_gpspi.c.o`
[WinError 2] 指定されたファイルが見つかりません。: 'C:\\Users\\wararyo\\Git\\M5StopWatch-wararyoLauncher\\.pio\\build\\m5stopwatch-render
-check\\hal\\spi_flash_hal_iram.c.o' 
Please manually remove the file `C:\Users\wararyo\Git\M5StopWatch-wararyoLauncher\.pio\build\m5stopwatch-render-check\h
al\spi_flash_hal_iram.c.o`
[WinError 2] 指定されたファイルが見つかりません。: 'C:\\Users\\wararyo\\Git\\M5StopWatch-wararyoLauncher\\.pio\\build\\m5stopwatch-render
-check\\hal\\spi_hal.c.o' 
Please manually remove the file `C:\Users\wararyo\Git\M5StopWatch-wararyoLauncher\.pio\build\m5stopwatch-render-check\h
al\spi_hal.c.o`
[WinError 2] 指定されたファイルが見つかりません。: 'C:\\Users\\wararyo\\Git\\M5StopWatch-wararyoLauncher\\.pio\\build\\m5stopwatch-render
-check\\hal\\spi_hal_iram.c.o' 
Please manually remove the file `C:\Users\wararyo\Git\M5StopWatch-wararyoLauncher\.pio\build\m5stopwatch-render-check\h
al\spi_hal_iram.c.o`
[WinError 2] 指定されたファイルが見つかりません。: 'C:\\Users\\wararyo\\Git\\M5StopWatch-wararyoLauncher\\.pio\\build\\m5stopwatch-render
-check\\hal\\spi_slave_hal.c.o' 
Please manually remove the file `C:\Users\wararyo\Git\M5StopWatch-wararyoLauncher\.pio\build\m5stopwatch-render-check\h
al\spi_slave_hal.c.o`
[WinError 2] 指定されたファイルが見つかりません。: 'C:\\Users\\wararyo\\Git\\M5StopWatch-wararyoLauncher\\.pio\\build\\m5stopwatch-render
-check\\hal\\spi_slave_hal_iram.c.o' 
Please manually remove the file `C:\Users\wararyo\Git\M5StopWatch-wararyoLauncher\.pio\build\m5stopwatch-render-check\h
al\spi_slave_hal_iram.c.o`
[WinError 2] 指定されたファイルが見つかりません。: 'C:\\Users\\wararyo\\Git\\M5StopWatch-wararyoLauncher\\.pio\\build\\m5stopwatch-render
-check\\hal\\spi_slave_hd_hal.c.o' 
Please manually remove the file `C:\Users\wararyo\Git\M5StopWatch-wararyoLauncher\.pio\build\m5stopwatch-render-check\h
al\spi_slave_hd_hal.c.o`
[WinError 2] 指定されたファイルが見つかりません。: 'C:\\Users\\wararyo\\Git\\M5StopWatch-wararyoLauncher\\.pio\\build\\m5stopwatch-render
-check\\hal\\systimer_hal.c.o' 
Please manually remove the file `C:\Users\wararyo\Git\M5StopWatch-wararyoLauncher\.pio\build\m5stopwatch-render-check\h
al\systimer_hal.c.o`
[WinError 2] 指定されたファイルが見つかりません。: 'C:\\Users\\wararyo\\Git\\M5StopWatch-wararyoLauncher\\.pio\\build\\m5stopwatch-render
-check\\hal\\timer_hal.c.o' 
Please manually remove the file `C:\Users\wararyo\Git\M5StopWatch-wararyoLauncher\.pio\build\m5stopwatch-render-check\h
al\timer_hal.c.o`
[WinError 2] 指定されたファイルが見つかりません。: 'C:\\Users\\wararyo\\Git\\M5StopWatch-wararyoLauncher\\.pio\\build\\m5stopwatch-render
-check\\hal\\touch_sensor_hal.c.o' 
Please manually remove the file `C:\Users\wararyo\Git\M5StopWatch-wararyoLauncher\.pio\build\m5stopwatch-render-check\h
al\touch_sensor_hal.c.o`
[WinError 2] 指定されたファイルが見つかりません。: 'C:\\Users\\wararyo\\Git\\M5StopWatch-wararyoLauncher\\.pio\\build\\m5stopwatch-render
-check\\hal\\touch_sens_hal.c.o' 
Please manually remove the file `C:\Users\wararyo\Git\M5StopWatch-wararyoLauncher\.pio\build\m5stopwatch-render-check\h
al\touch_sens_hal.c.o`
[WinError 2] 指定されたファイルが見つかりません。: 'C:\\Users\\wararyo\\Git\\M5StopWatch-wararyoLauncher\\.pio\\build\\m5stopwatch-render
-check\\hal\\twai_hal_sja1000.c.o' 
Please manually remove the file `C:\Users\wararyo\Git\M5StopWatch-wararyoLauncher\.pio\build\m5stopwatch-render-check\h
al\twai_hal_sja1000.c.o`
[WinError 2] 指定されたファイルが見つかりません。: 'C:\\Users\\wararyo\\Git\\M5StopWatch-wararyoLauncher\\.pio\\build\\m5stopwatch-render
-check\\hal\\uart_hal.c.o' 
Please manually remove the file `C:\Users\wararyo\Git\M5StopWatch-wararyoLauncher\.pio\build\m5stopwatch-render-check\h
al\uart_hal.c.o`
[WinError 2] 指定されたファイルが見つかりません。: 'C:\\Users\\wararyo\\Git\\M5StopWatch-wararyoLauncher\\.pio\\build\\m5stopwatch-render
-check\\hal\\uart_hal_iram.c.o' 
Please manually remove the file `C:\Users\wararyo\Git\M5StopWatch-wararyoLauncher\.pio\build\m5stopwatch-render-check\h
al\uart_hal_iram.c.o`
[WinError 2] 指定されたファイルが見つかりません。: 'C:\\Users\\wararyo\\Git\\M5StopWatch-wararyoLauncher\\.pio\\build\\m5stopwatch-render
-check\\hal\\uhci_hal.c.o' 
Please manually remove the file `C:\Users\wararyo\Git\M5StopWatch-wararyoLauncher\.pio\build\m5stopwatch-render-check\h
al\uhci_hal.c.o`
[WinError 2] 指定されたファイルが見つかりません。: 'C:\\Users\\wararyo\\Git\\M5StopWatch-wararyoLauncher\\.pio\\build\\m5stopwatch-render
-check\\hal\\usb_dwc_hal.c.o' 
Please manually remove the file `C:\Users\wararyo\Git\M5StopWatch-wararyoLauncher\.pio\build\m5stopwatch-render-check\h
al\usb_dwc_hal.c.o`
[WinError 2] 指定されたファイルが見つかりません。: 'C:\\Users\\wararyo\\Git\\M5StopWatch-wararyoLauncher\\.pio\\build\\m5stopwatch-render
-check\\hal\\usb_serial_jtag_hal.c.o' 
Please manually remove the file `C:\Users\wararyo\Git\M5StopWatch-wararyoLauncher\.pio\build\m5stopwatch-render-check\h
al\usb_serial_jtag_hal.c.o`
[WinError 2] 指定されたファイルが見つかりません。: 'C:\\Users\\wararyo\\Git\\M5StopWatch-wararyoLauncher\\.pio\\build\\m5stopwatch-render
-check\\hal\\usb_wrap_hal.c.o' 
Please manually remove the file `C:\Users\wararyo\Git\M5StopWatch-wararyoLauncher\.pio\build\m5stopwatch-render-check\h
al\usb_wrap_hal.c.o`
[WinError 2] 指定されたファイルが見つかりません。: 'C:\\Users\\wararyo\\Git\\M5StopWatch-wararyoLauncher\\.pio\\build\\m5stopwatch-render
-check\\hal\\xt_wdt_hal.c.o' 
Please manually remove the file `C:\Users\wararyo\Git\M5StopWatch-wararyoLauncher\.pio\build\m5stopwatch-render-check\h
al\xt_wdt_hal.c.o`
[WinError 2] 指定されたファイルが見つかりません。: 'C:\\Users\\wararyo\\Git\\M5StopWatch-wararyoLauncher\\.pio\\build\\m5stopwatch-render
-check\\hal' 
Please manually remove the file `C:\Users\wararyo\Git\M5StopWatch-wararyoLauncher\.pio\build\m5stopwatch-render-check\h
al`
[WinError 2] 指定されたファイルが見つかりません。: 'C:\\Users\\wararyo\\Git\\M5StopWatch-wararyoLauncher\\.pio\\build\\m5stopwatch-render
-check\\heap\\heap_caps.c.o' 
Please manually remove the file `C:\Users\wararyo\Git\M5StopWatch-wararyoLauncher\.pio\build\m5stopwatch-render-check\h
eap\heap_caps.c.o`
[WinError 2] 指定されたファイルが見つかりません。: 'C:\\Users\\wararyo\\Git\\M5StopWatch-wararyoLauncher\\.pio\\build\\m5stopwatch-render
-check\\heap\\heap_caps_base.c.o' 
Please manually remove the file `C:\Users\wararyo\Git\M5StopWatch-wararyoLauncher\.pio\build\m5stopwatch-render-check\h
eap\heap_caps_base.c.o`
[WinError 2] 指定されたファイルが見つかりません。: 'C:\\Users\\wararyo\\Git\\M5StopWatch-wararyoLauncher\\.pio\\build\\m5stopwatch-render
-check\\heap\\heap_caps_init.c.o' 
Please manually remove the file `C:\Users\wararyo\Git\M5StopWatch-wararyoLauncher\.pio\build\m5stopwatch-render-check\h
eap\heap_caps_init.c.o`
[WinError 2] 指定されたファイルが見つかりません。: 'C:\\Users\\wararyo\\Git\\M5StopWatch-wararyoLauncher\\.pio\\build\\m5stopwatch-render
-check\\heap\\multi_heap.c.o' 
Please manually remove the file `C:\Users\wararyo\Git\M5StopWatch-wararyoLauncher\.pio\build\m5stopwatch-render-check\h
eap\multi_heap.c.o`
[WinError 2] 指定されたファイルが見つかりません。: 'C:\\Users\\wararyo\\Git\\M5StopWatch-wararyoLauncher\\.pio\\build\\m5stopwatch-render
-check\\heap\\port\\esp32s3\\memory_layout.c.o' 
Please manually remove the file `C:\Users\wararyo\Git\M5StopWatch-wararyoLauncher\.pio\build\m5stopwatch-render-check\h
eap\port\esp32s3\memory_layout.c.o`
[WinError 2] 指定されたファイルが見つかりません。: 'C:\\Users\\wararyo\\Git\\M5StopWatch-wararyoLauncher\\.pio\\build\\m5stopwatch-render
-check\\heap\\port\\esp32s3' 
Please manually remove the file `C:\Users\wararyo\Git\M5StopWatch-wararyoLauncher\.pio\build\m5stopwatch-render-check\h
eap\port\esp32s3`
[WinError 2] 指定されたファイルが見つかりません。: 'C:\\Users\\wararyo\\Git\\M5StopWatch-wararyoLauncher\\.pio\\build\\m5stopwatch-render
-check\\heap\\port\\memory_layout_utils.c.o' 
Please manually remove the file `C:\Users\wararyo\Git\M5StopWatch-wararyoLauncher\.pio\build\m5stopwatch-render-check\h
eap\port\memory_layout_utils.c.o`
[WinError 2] 指定されたファイルが見つかりません。: 'C:\\Users\\wararyo\\Git\\M5StopWatch-wararyoLauncher\\.pio\\build\\m5stopwatch-render
-check\\heap\\port' 
Please manually remove the file `C:\Users\wararyo\Git\M5StopWatch-wararyoLauncher\.pio\build\m5stopwatch-render-check\h
eap\port`
[WinError 2] 指定されたファイルが見つかりません。: 'C:\\Users\\wararyo\\Git\\M5StopWatch-wararyoLauncher\\.pio\\build\\m5stopwatch-render
-check\\heap\\tlsf\\tlsf.c.o' 
Please manually remove the file `C:\Users\wararyo\Git\M5StopWatch-wararyoLauncher\.pio\build\m5stopwatch-render-check\h
eap\tlsf\tlsf.c.o`
[WinError 3] 指定されたパスが見つかりません。: 'C:\\Users\\wararyo\\Git\\M5StopWatch-wararyoLauncher\\.pio\\build\\m5stopwatch-render-c
heck\\heap\\tlsf' 
Please manually remove the file `C:\Users\wararyo\Git\M5StopWatch-wararyoLauncher\.pio\build\m5stopwatch-render-check\h
eap\tlsf`
[WinError 2] 指定されたファイルが見つかりません。: 'C:\\Users\\wararyo\\Git\\M5StopWatch-wararyoLauncher\\.pio\\build\\m5stopwatch-render
-check\\heap' 
Please manually remove the file `C:\Users\wararyo\Git\M5StopWatch-wararyoLauncher\.pio\build\m5stopwatch-render-check\h
eap`
[WinError 3] 指定されたパスが見つかりません。: 'C:\\Users\\wararyo\\Git\\M5StopWatch-wararyoLauncher\\.pio\\build\\m5stopwatch-render-c
heck\\http_parser\\http_parser.c.o' 
Please manually remove the file `C:\Users\wararyo\Git\M5StopWatch-wararyoLauncher\.pio\build\m5stopwatch-render-check\h
ttp_parser\http_parser.c.o`
[WinError 2] 指定されたファイルが見つかりません。: 'C:\\Users\\wararyo\\Git\\M5StopWatch-wararyoLauncher\\.pio\\build\\m5stopwatch-render
-check\\http_parser' 
Please manually remove the file `C:\Users\wararyo\Git\M5StopWatch-wararyoLauncher\.pio\build\m5stopwatch-render-check\h
ttp_parser`
[WinError 2] 指定されたファイルが見つかりません。: 'C:\\Users\\wararyo\\Git\\M5StopWatch-wararyoLauncher\\.pio\\build\\m5stopwatch-render
-check\\json\\cJSON\\cJSON.c.o' 
Please manually remove the file `C:\Users\wararyo\Git\M5StopWatch-wararyoLauncher\.pio\build\m5stopwatch-render-check\j
son\cJSON\cJSON.c.o`
[WinError 2] 指定されたファイルが見つかりません。: 'C:\\Users\\wararyo\\Git\\M5StopWatch-wararyoLauncher\\.pio\\build\\m5stopwatch-render
-check\\json\\cJSON\\cJSON_Utils.c.o' 
Please manually remove the file `C:\Users\wararyo\Git\M5StopWatch-wararyoLauncher\.pio\build\m5stopwatch-render-check\j
son\cJSON\cJSON_Utils.c.o`
[WinError 2] 指定されたファイルが見つかりません。: 'C:\\Users\\wararyo\\Git\\M5StopWatch-wararyoLauncher\\.pio\\build\\m5stopwatch-render
-check\\json\\cJSON' 
Please manually remove the file `C:\Users\wararyo\Git\M5StopWatch-wararyoLauncher\.pio\build\m5stopwatch-render-check\j
son\cJSON`
[WinError 2] 指定されたファイルが見つかりません。: 'C:\\Users\\wararyo\\Git\\M5StopWatch-wararyoLauncher\\.pio\\build\\m5stopwatch-render
-check\\json' 
Please manually remove the file `C:\Users\wararyo\Git\M5StopWatch-wararyoLauncher\.pio\build\m5stopwatch-render-check\j
son`
[WinError 2] 指定されたファイルが見つかりません。: 'C:\\Users\\wararyo\\Git\\M5StopWatch-wararyoLauncher\\.pio\\build\\m5stopwatch-render
-check\\kconfigs.in' 
Please manually remove the file `C:\Users\wararyo\Git\M5StopWatch-wararyoLauncher\.pio\build\m5stopwatch-render-check\k
configs.in`
[WinError 2] 指定されたファイルが見つかりません。: 'C:\\Users\\wararyo\\Git\\M5StopWatch-wararyoLauncher\\.pio\\build\\m5stopwatch-render
-check\\kconfigs_projbuild.in' 
Please manually remove the file `C:\Users\wararyo\Git\M5StopWatch-wararyoLauncher\.pio\build\m5stopwatch-render-check\k
configs_projbuild.in`
[WinError 2] 指定されたファイルが見つかりません。: 'C:\\Users\\wararyo\\Git\\M5StopWatch-wararyoLauncher\\.pio\\build\\m5stopwatch-render
-check\\ldgen_libraries' 
Please manually remove the file `C:\Users\wararyo\Git\M5StopWatch-wararyoLauncher\.pio\build\m5stopwatch-render-check\l
dgen_libraries`
[WinError 2] 指定されたファイルが見つかりません。: 'C:\\Users\\wararyo\\Git\\M5StopWatch-wararyoLauncher\\.pio\\build\\m5stopwatch-render
-check\\ldgen_libraries.in' 
Please manually remove the file `C:\Users\wararyo\Git\M5StopWatch-wararyoLauncher\.pio\build\m5stopwatch-render-check\l
dgen_libraries.in`
[WinError 2] 指定されたファイルが見つかりません。: 'C:\\Users\\wararyo\\Git\\M5StopWatch-wararyoLauncher\\.pio\\build\\m5stopwatch-render
-check\\ldgen_libraries_pio' 
Please manually remove the file `C:\Users\wararyo\Git\M5StopWatch-wararyoLauncher\.pio\build\m5stopwatch-render-check\l
dgen_libraries_pio`
[WinError 2] 指定されたファイルが見つかりません。: 'C:\\Users\\wararyo\\Git\\M5StopWatch-wararyoLauncher\\.pio\\build\\m5stopwatch-render
-check\\lib805\\libM5Unified.a' 
Please manually remove the file `C:\Users\wararyo\Git\M5StopWatch-wararyoLauncher\.pio\build\m5stopwatch-render-check\l
ib805\libM5Unified.a`
[WinError 2] 指定されたファイルが見つかりません。: 'C:\\Users\\wararyo\\Git\\M5StopWatch-wararyoLauncher\\.pio\\build\\m5stopwatch-render
-check\\lib805\\M5Unified\\M5Unified.o' 
Please manually remove the file `C:\Users\wararyo\Git\M5StopWatch-wararyoLauncher\.pio\build\m5stopwatch-render-check\l
ib805\M5Unified\M5Unified.o`
[WinError 2] 指定されたファイルが見つかりません。: 'C:\\Users\\wararyo\\Git\\M5StopWatch-wararyoLauncher\\.pio\\build\\m5stopwatch-render
-check\\lib805\\M5Unified\\utility\\I2C_Class.o' 
Please manually remove the file `C:\Users\wararyo\Git\M5StopWatch-wararyoLauncher\.pio\build\m5stopwatch-render-check\l
ib805\M5Unified\utility\I2C_Class.o`
[WinError 2] 指定されたファイルが見つかりません。: 'C:\\Users\\wararyo\\Git\\M5StopWatch-wararyoLauncher\\.pio\\build\\m5stopwatch-render
-check\\lib805\\M5Unified\\utility\\imu\\AK8963_Class.o' 
Please manually remove the file `C:\Users\wararyo\Git\M5StopWatch-wararyoLauncher\.pio\build\m5stopwatch-render-check\l
ib805\M5Unified\utility\imu\AK8963_Class.o`
[WinError 2] 指定されたファイルが見つかりません。: 'C:\\Users\\wararyo\\Git\\M5StopWatch-wararyoLauncher\\.pio\\build\\m5stopwatch-render
-check\\lib805\\M5Unified\\utility\\imu\\BMI270_Class.o' 
Please manually remove the file `C:\Users\wararyo\Git\M5StopWatch-wararyoLauncher\.pio\build\m5stopwatch-render-check\l
ib805\M5Unified\utility\imu\BMI270_Class.o`
[WinError 2] 指定されたファイルが見つかりません。: 'C:\\Users\\wararyo\\Git\\M5StopWatch-wararyoLauncher\\.pio\\build\\m5stopwatch-render
-check\\lib805\\M5Unified\\utility\\imu\\BMM150_Class.o' 
Please manually remove the file `C:\Users\wararyo\Git\M5StopWatch-wararyoLauncher\.pio\build\m5stopwatch-render-check\l
ib805\M5Unified\utility\imu\BMM150_Class.o`
[WinError 2] 指定されたファイルが見つかりません。: 'C:\\Users\\wararyo\\Git\\M5StopWatch-wararyoLauncher\\.pio\\build\\m5stopwatch-render
-check\\lib805\\M5Unified\\utility\\imu\\IMU_Base.o' 
Please manually remove the file `C:\Users\wararyo\Git\M5StopWatch-wararyoLauncher\.pio\build\m5stopwatch-render-check\l
ib805\M5Unified\utility\imu\IMU_Base.o`
[WinError 2] 指定されたファイルが見つかりません。: 'C:\\Users\\wararyo\\Git\\M5StopWatch-wararyoLauncher\\.pio\\build\\m5stopwatch-render
-check\\lib805\\M5Unified\\utility\\imu\\MPU6886_Class.o' 
Please manually remove the file `C:\Users\wararyo\Git\M5StopWatch-wararyoLauncher\.pio\build\m5stopwatch-render-check\l
ib805\M5Unified\utility\imu\MPU6886_Class.o`
[WinError 2] 指定されたファイルが見つかりません。: 'C:\\Users\\wararyo\\Git\\M5StopWatch-wararyoLauncher\\.pio\\build\\m5stopwatch-render
-check\\lib805\\M5Unified\\utility\\imu\\SH200Q_Class.o' 
Please manually remove the file `C:\Users\wararyo\Git\M5StopWatch-wararyoLauncher\.pio\build\m5stopwatch-render-check\l
ib805\M5Unified\utility\imu\SH200Q_Class.o`
[WinError 2] 指定されたファイルが見つかりません。: 'C:\\Users\\wararyo\\Git\\M5StopWatch-wararyoLauncher\\.pio\\build\\m5stopwatch-render
-check\\lib805\\M5Unified\\utility\\imu' 
Please manually remove the file `C:\Users\wararyo\Git\M5StopWatch-wararyoLauncher\.pio\build\m5stopwatch-render-check\l
ib805\M5Unified\utility\imu`
[WinError 2] 指定されたファイルが見つかりません。: 'C:\\Users\\wararyo\\Git\\M5StopWatch-wararyoLauncher\\.pio\\build\\m5stopwatch-render
-check\\lib805\\M5Unified\\utility\\IMU_Class.o' 
Please manually remove the file `C:\Users\wararyo\Git\M5StopWatch-wararyoLauncher\.pio\build\m5stopwatch-render-check\l
ib805\M5Unified\utility\IMU_Class.o`
[WinError 2] 指定されたファイルが見つかりません。: 'C:\\Users\\wararyo\\Git\\M5StopWatch-wararyoLauncher\\.pio\\build\\m5stopwatch-render
-check\\lib805\\M5Unified\\utility\\led\\LED_PaperMono_Class.o' 
Please manually remove the file `C:\Users\wararyo\Git\M5StopWatch-wararyoLauncher\.pio\build\m5stopwatch-render-check\l
ib805\M5Unified\utility\led\LED_PaperMono_Class.o`
[WinError 2] 指定されたファイルが見つかりません。: 'C:\\Users\\wararyo\\Git\\M5StopWatch-wararyoLauncher\\.pio\\build\\m5stopwatch-render
-check\\lib805\\M5Unified\\utility\\led\\LED_PMIC_Class.o' 
Please manually remove the file `C:\Users\wararyo\Git\M5StopWatch-wararyoLauncher\.pio\build\m5stopwatch-render-check\l
ib805\M5Unified\utility\led\LED_PMIC_Class.o`
[WinError 2] 指定されたファイルが見つかりません。: 'C:\\Users\\wararyo\\Git\\M5StopWatch-wararyoLauncher\\.pio\\build\\m5stopwatch-render
-check\\lib805\\M5Unified\\utility\\led\\LED_PowerHub_Class.o' 
Please manually remove the file `C:\Users\wararyo\Git\M5StopWatch-wararyoLauncher\.pio\build\m5stopwatch-render-check\l
ib805\M5Unified\utility\led\LED_PowerHub_Class.o`
[WinError 3] 指定されたパスが見つかりません。: 'C:\\Users\\wararyo\\Git\\M5StopWatch-wararyoLauncher\\.pio\\build\\m5stopwatch-render-c
heck\\lib805\\M5Unified\\utility\\led\\LED_Strip_Class.o' 
Please manually remove the file `C:\Users\wararyo\Git\M5StopWatch-wararyoLauncher\.pio\build\m5stopwatch-render-check\l
ib805\M5Unified\utility\led\LED_Strip_Class.o`
[WinError 2] 指定されたファイルが見つかりません。: 'C:\\Users\\wararyo\\Git\\M5StopWatch-wararyoLauncher\\.pio\\build\\m5stopwatch-render
-check\\lib805\\M5Unified\\utility\\led' 
Please manually remove the file `C:\Users\wararyo\Git\M5StopWatch-wararyoLauncher\.pio\build\m5stopwatch-render-check\l
ib805\M5Unified\utility\led`
[WinError 2] 指定されたファイルが見つかりません。: 'C:\\Users\\wararyo\\Git\\M5StopWatch-wararyoLauncher\\.pio\\build\\m5stopwatch-render
-check\\lib805\\M5Unified\\utility\\LED_Class.o' 
Please manually remove the file `C:\Users\wararyo\Git\M5StopWatch-wararyoLauncher\.pio\build\m5stopwatch-render-check\l
ib805\M5Unified\utility\LED_Class.o`
[WinError 2] 指定されたファイルが見つかりません。: 'C:\\Users\\wararyo\\Git\\M5StopWatch-wararyoLauncher\\.pio\\build\\m5stopwatch-render
-check\\lib805\\M5Unified\\utility\\Log_Class.o' 
Please manually remove the file `C:\Users\wararyo\Git\M5StopWatch-wararyoLauncher\.pio\build\m5stopwatch-render-check\l
ib805\M5Unified\utility\Log_Class.o`
[WinError 2] 指定されたファイルが見つかりません。: 'C:\\Users\\wararyo\\Git\\M5StopWatch-wararyoLauncher\\.pio\\build\\m5stopwatch-render
-check\\lib805\\M5Unified\\utility\\M5Timer.o' 
Please manually remove the file `C:\Users\wararyo\Git\M5StopWatch-wararyoLauncher\.pio\build\m5stopwatch-render-check\l
ib805\M5Unified\utility\M5Timer.o`
[WinError 2] 指定されたファイルが見つかりません。: 'C:\\Users\\wararyo\\Git\\M5StopWatch-wararyoLauncher\\.pio\\build\\m5stopwatch-render
-check\\lib805\\M5Unified\\utility\\Mic_Class.o' 
Please manually remove the file `C:\Users\wararyo\Git\M5StopWatch-wararyoLauncher\.pio\build\m5stopwatch-render-check\l
ib805\M5Unified\utility\Mic_Class.o`
[WinError 2] 指定されたファイルが見つかりません。: 'C:\\Users\\wararyo\\Git\\M5StopWatch-wararyoLauncher\\.pio\\build\\m5stopwatch-render
-check\\lib805\\M5Unified\\utility\\PI4IOE5V6408_Class.o' 
Please manually remove the file `C:\Users\wararyo\Git\M5StopWatch-wararyoLauncher\.pio\build\m5stopwatch-render-check\l
ib805\M5Unified\utility\PI4IOE5V6408_Class.o`
[WinError 2] 指定されたファイルが見つかりません。: 'C:\\Users\\wararyo\\Git\\M5StopWatch-wararyoLauncher\\.pio\\build\\m5stopwatch-render
-check\\lib805\\M5Unified\\utility\\power\\AW32001_Class.o' 
Please manually remove the file `C:\Users\wararyo\Git\M5StopWatch-wararyoLauncher\.pio\build\m5stopwatch-render-check\l
ib805\M5Unified\utility\power\AW32001_Class.o`
[WinError 2] 指定されたファイルが見つかりません。: 'C:\\Users\\wararyo\\Git\\M5StopWatch-wararyoLauncher\\.pio\\build\\m5stopwatch-render
-check\\lib805\\M5Unified\\utility\\power\\AXP2101_Class.o' 
Please manually remove the file `C:\Users\wararyo\Git\M5StopWatch-wararyoLauncher\.pio\build\m5stopwatch-render-check\l
ib805\M5Unified\utility\power\AXP2101_Class.o`
[WinError 2] 指定されたファイルが見つかりません。: 'C:\\Users\\wararyo\\Git\\M5StopWatch-wararyoLauncher\\.pio\\build\\m5stopwatch-render
-check\\lib805\\M5Unified\\utility\\power\\BQ27220_Class.o' 
Please manually remove the file `C:\Users\wararyo\Git\M5StopWatch-wararyoLauncher\.pio\build\m5stopwatch-render-check\l
ib805\M5Unified\utility\power\BQ27220_Class.o`
[WinError 2] 指定されたファイルが見つかりません。: 'C:\\Users\\wararyo\\Git\\M5StopWatch-wararyoLauncher\\.pio\\build\\m5stopwatch-render
-check\\lib805\\M5Unified\\utility\\power\\INA226_Class.o' 
Please manually remove the file `C:\Users\wararyo\Git\M5StopWatch-wararyoLauncher\.pio\build\m5stopwatch-render-check\l
ib805\M5Unified\utility\power\INA226_Class.o`
[WinError 2] 指定されたファイルが見つかりません。: 'C:\\Users\\wararyo\\Git\\M5StopWatch-wararyoLauncher\\.pio\\build\\m5stopwatch-render
-check\\lib805\\M5Unified\\utility\\power\\INA3221_Class.o' 
Please manually remove the file `C:\Users\wararyo\Git\M5StopWatch-wararyoLauncher\.pio\build\m5stopwatch-render-check\l
ib805\M5Unified\utility\power\INA3221_Class.o`
[WinError 2] 指定されたファイルが見つかりません。: 'C:\\Users\\wararyo\\Git\\M5StopWatch-wararyoLauncher\\.pio\\build\\m5stopwatch-render
-check\\lib805\\M5Unified\\utility\\power\\IP5306_Class.o' 
Please manually remove the file `C:\Users\wararyo\Git\M5StopWatch-wararyoLauncher\.pio\build\m5stopwatch-render-check\l
ib805\M5Unified\utility\power\IP5306_Class.o`
[WinError 3] 指定されたパスが見つかりません。: 'C:\\Users\\wararyo\\Git\\M5StopWatch-wararyoLauncher\\.pio\\build\\m5stopwatch-render-c
heck\\lib805\\M5Unified\\utility\\power\\PY32PMIC_Class.o' 
Please manually remove the file `C:\Users\wararyo\Git\M5StopWatch-wararyoLauncher\.pio\build\m5stopwatch-render-check\l
ib805\M5Unified\utility\power\PY32PMIC_Class.o`
[WinError 2] 指定されたファイルが見つかりません。: 'C:\\Users\\wararyo\\Git\\M5StopWatch-wararyoLauncher\\.pio\\build\\m5stopwatch-render
-check\\lib805\\M5Unified\\utility\\power' 
Please manually remove the file `C:\Users\wararyo\Git\M5StopWatch-wararyoLauncher\.pio\build\m5stopwatch-render-check\l
ib805\M5Unified\utility\power`
[WinError 2] 指定されたファイルが見つかりません。: 'C:\\Users\\wararyo\\Git\\M5StopWatch-wararyoLauncher\\.pio\\build\\m5stopwatch-render
-check\\lib805\\M5Unified\\utility\\Power_Class.o' 
Please manually remove the file `C:\Users\wararyo\Git\M5StopWatch-wararyoLauncher\.pio\build\m5stopwatch-render-check\l
ib805\M5Unified\utility\Power_Class.o`
[WinError 2] 指定されたファイルが見つかりません。: 'C:\\Users\\wararyo\\Git\\M5StopWatch-wararyoLauncher\\.pio\\build\\m5stopwatch-render
-check\\lib805\\M5Unified\\utility\\rtc\\PCF8563_Class.o' 
Please manually remove the file `C:\Users\wararyo\Git\M5StopWatch-wararyoLauncher\.pio\build\m5stopwatch-render-check\l
ib805\M5Unified\utility\rtc\PCF8563_Class.o`
[WinError 2] 指定されたファイルが見つかりません。: 'C:\\Users\\wararyo\\Git\\M5StopWatch-wararyoLauncher\\.pio\\build\\m5stopwatch-render
-check\\lib805\\M5Unified\\utility\\rtc\\RTC_Base.o' 
Please manually remove the file `C:\Users\wararyo\Git\M5StopWatch-wararyoLauncher\.pio\build\m5stopwatch-render-check\l
ib805\M5Unified\utility\rtc\RTC_Base.o`
[WinError 2] 指定されたファイルが見つかりません。: 'C:\\Users\\wararyo\\Git\\M5StopWatch-wararyoLauncher\\.pio\\build\\m5stopwatch-render
-check\\lib805\\M5Unified\\utility\\rtc\\RTC_PowerHub_Class.o' 
Please manually remove the file `C:\Users\wararyo\Git\M5StopWatch-wararyoLauncher\.pio\build\m5stopwatch-render-check\l
ib805\M5Unified\utility\rtc\RTC_PowerHub_Class.o`
[WinError 2] 指定されたファイルが見つかりません。: 'C:\\Users\\wararyo\\Git\\M5StopWatch-wararyoLauncher\\.pio\\build\\m5stopwatch-render
-check\\lib805\\M5Unified\\utility\\rtc\\RX8130_Class.o' 
Please manually remove the file `C:\Users\wararyo\Git\M5StopWatch-wararyoLauncher\.pio\build\m5stopwatch-render-check\l
ib805\M5Unified\utility\rtc\RX8130_Class.o`
[WinError 2] 指定されたファイルが見つかりません。: 'C:\\Users\\wararyo\\Git\\M5StopWatch-wararyoLauncher\\.pio\\build\\m5stopwatch-render
-check\\lib805\\M5Unified\\utility\\Speaker_Class.o' 
Please manually remove the file `C:\Users\wararyo\Git\M5StopWatch-wararyoLauncher\.pio\build\m5stopwatch-render-check\l
ib805\M5Unified\utility\Speaker_Class.o`
[WinError 2] 指定されたファイルが見つかりません。: 'C:\\Users\\wararyo\\Git\\M5StopWatch-wararyoLauncher\\.pio\\build\\m5stopwatch-render
-check\\lib805\\M5Unified\\utility\\Touch_Class.o' 
Please manually remove the file `C:\Users\wararyo\Git\M5StopWatch-wararyoLauncher\.pio\build\m5stopwatch-render-check\l
ib805\M5Unified\utility\Touch_Class.o`
[WinError 2] 指定されたファイルが見つかりません。: 'C:\\Users\\wararyo\\Git\\M5StopWatch-wararyoLauncher\\.pio\\build\\m5stopwatch-render
-check\\lib805\\M5Unified\\utility' 
Please manually remove the file `C:\Users\wararyo\Git\M5StopWatch-wararyoLauncher\.pio\build\m5stopwatch-render-check\l
ib805\M5Unified\utility`
[WinError 2] 指定されたファイルが見つかりません。: 'C:\\Users\\wararyo\\Git\\M5StopWatch-wararyoLauncher\\.pio\\build\\m5stopwatch-render
-check\\lib805\\M5Unified' 
Please manually remove the file `C:\Users\wararyo\Git\M5StopWatch-wararyoLauncher\.pio\build\m5stopwatch-render-check\l
ib805\M5Unified`
[WinError 2] 指定されたファイルが見つかりません。: 'C:\\Users\\wararyo\\Git\\M5StopWatch-wararyoLauncher\\.pio\\build\\m5stopwatch-render
-check\\lib805' 
Please manually remove the file `C:\Users\wararyo\Git\M5StopWatch-wararyoLauncher\.pio\build\m5stopwatch-render-check\l
ib805`
[WinError 2] 指定されたファイルが見つかりません。: 'C:\\Users\\wararyo\\Git\\M5StopWatch-wararyoLauncher\\.pio\\build\\m5stopwatch-render
-check\\lib8e4\\libM5GFX@0.2.28.a' 
Please manually remove the file `C:\Users\wararyo\Git\M5StopWatch-wararyoLauncher\.pio\build\m5stopwatch-render-check\l
ib8e4\libM5GFX@0.2.28.a`
[WinError 2] 指定されたファイルが見つかりません。: 'C:\\Users\\wararyo\\Git\\M5StopWatch-wararyoLauncher\\.pio\\build\\m5stopwatch-render
-check\\lib8e4\\M5GFX@0.2.28\\lgfx\\Fonts\\efont\\lgfx_efont_ja.o' 
Please manually remove the file `C:\Users\wararyo\Git\M5StopWatch-wararyoLauncher\.pio\build\m5stopwatch-render-check\l
ib8e4\M5GFX@0.2.28\lgfx\Fonts\efont\lgfx_efont_ja.o`
[WinError 2] 指定されたファイルが見つかりません。: 'C:\\Users\\wararyo\\Git\\M5StopWatch-wararyoLauncher\\.pio\\build\\m5stopwatch-render
-check\\lib8e4\\M5GFX@0.2.28\\lgfx\\Fonts\\efont\\lgfx_efont_kr.o' 
Please manually remove the file `C:\Users\wararyo\Git\M5StopWatch-wararyoLauncher\.pio\build\m5stopwatch-render-check\l
ib8e4\M5GFX@0.2.28\lgfx\Fonts\efont\lgfx_efont_kr.o`
[WinError 2] 指定されたファイルが見つかりません。: 'C:\\Users\\wararyo\\Git\\M5StopWatch-wararyoLauncher\\.pio\\build\\m5stopwatch-render
-check\\lib8e4\\M5GFX@0.2.28\\lgfx\\Fonts\\efont\\lgfx_efont_tw.o' 
Please manually remove the file `C:\Users\wararyo\Git\M5StopWatch-wararyoLauncher\.pio\build\m5stopwatch-render-check\l
ib8e4\M5GFX@0.2.28\lgfx\Fonts\efont\lgfx_efont_tw.o`
[WinError 2] 指定されたファイルが見つかりません。: 'C:\\Users\\wararyo\\Git\\M5StopWatch-wararyoLauncher\\.pio\\build\\m5stopwatch-render
-check\\lib8e4\\M5GFX@0.2.28\\lgfx\\Fonts\\efont' 
Please manually remove the file `C:\Users\wararyo\Git\M5StopWatch-wararyoLauncher\.pio\build\m5stopwatch-render-check\l
ib8e4\M5GFX@0.2.28\lgfx\Fonts\efont`
[WinError 3] 指定されたパスが見つかりません。: 'C:\\Users\\wararyo\\Git\\M5StopWatch-wararyoLauncher\\.pio\\build\\m5stopwatch-render-c
heck\\lib8e4\\M5GFX@0.2.28\\lgfx\\Fonts\\IPA\\lgfx_font_japan.o' 
Please manually remove the file `C:\Users\wararyo\Git\M5StopWatch-wararyoLauncher\.pio\build\m5stopwatch-render-check\l
ib8e4\M5GFX@0.2.28\lgfx\Fonts\IPA\lgfx_font_japan.o`
[WinError 3] 指定されたパスが見つかりません。: 'C:\\Users\\wararyo\\Git\\M5StopWatch-wararyoLauncher\\.pio\\build\\m5stopwatch-render-c
heck\\lib8e4\\M5GFX@0.2.28\\lgfx\\Fonts\\IPA' 
Please manually remove the file `C:\Users\wararyo\Git\M5StopWatch-wararyoLauncher\.pio\build\m5stopwatch-render-check\l
ib8e4\M5GFX@0.2.28\lgfx\Fonts\IPA`
[WinError 2] 指定されたファイルが見つかりません。: 'C:\\Users\\wararyo\\Git\\M5StopWatch-wararyoLauncher\\.pio\\build\\m5stopwatch-render
-check\\lib8e4\\M5GFX@0.2.28\\lgfx\\Fonts' 
Please manually remove the file `C:\Users\wararyo\Git\M5StopWatch-wararyoLauncher\.pio\build\m5stopwatch-render-check\l
ib8e4\M5GFX@0.2.28\lgfx\Fonts`
[WinError 2] 指定されたファイルが見つかりません。: 'C:\\Users\\wararyo\\Git\\M5StopWatch-wararyoLauncher\\.pio\\build\\m5stopwatch-render
-check\\lib8e4\\M5GFX@0.2.28\\lgfx\\utility' 
Please manually remove the file `C:\Users\wararyo\Git\M5StopWatch-wararyoLauncher\.pio\build\m5stopwatch-render-check\l
ib8e4\M5GFX@0.2.28\lgfx\utility`
[WinError 2] 指定されたファイルが見つかりません。: 'C:\\Users\\wararyo\\Git\\M5StopWatch-wararyoLauncher\\.pio\\build\\m5stopwatch-render
-check\\lib8e4\\M5GFX@0.2.28\\lgfx\\v1\\LGFX_Button.o' 
Please manually remove the file `C:\Users\wararyo\Git\M5StopWatch-wararyoLauncher\.pio\build\m5stopwatch-render-check\l
ib8e4\M5GFX@0.2.28\lgfx\v1\LGFX_Button.o`
[WinError 2] 指定されたファイルが見つかりません。: 'C:\\Users\\wararyo\\Git\\M5StopWatch-wararyoLauncher\\.pio\\build\\m5stopwatch-render
-check\\lib8e4\\M5GFX@0.2.28\\lgfx\\v1\\lgfx_fonts.o' 
Please manually remove the file `C:\Users\wararyo\Git\M5StopWatch-wararyoLauncher\.pio\build\m5stopwatch-render-check\l
ib8e4\M5GFX@0.2.28\lgfx\v1\lgfx_fonts.o`
[WinError 2] 指定されたファイルが見つかりません。: 'C:\\Users\\wararyo\\Git\\M5StopWatch-wararyoLauncher\\.pio\\build\\m5stopwatch-render
-check\\lib8e4\\M5GFX@0.2.28\\lgfx\\v1\\LGFX_Sprite.o' 
Please manually remove the file `C:\Users\wararyo\Git\M5StopWatch-wararyoLauncher\.pio\build\m5stopwatch-render-check\l
ib8e4\M5GFX@0.2.28\lgfx\v1\LGFX_Sprite.o`
[WinError 2] 指定されたファイルが見つかりません。: 'C:\\Users\\wararyo\\Git\\M5StopWatch-wararyoLauncher\\.pio\\build\\m5stopwatch-render
-check\\lib8e4\\M5GFX@0.2.28\\lgfx\\v1\\misc\\DividedFrameBuffer.o' 
Please manually remove the file `C:\Users\wararyo\Git\M5StopWatch-wararyoLauncher\.pio\build\m5stopwatch-render-check\l
ib8e4\M5GFX@0.2.28\lgfx\v1\misc\DividedFrameBuffer.o`
[WinError 2] 指定されたファイルが見つかりません。: 'C:\\Users\\wararyo\\Git\\M5StopWatch-wararyoLauncher\\.pio\\build\\m5stopwatch-render
-check\\lib8e4\\M5GFX@0.2.28\\lgfx\\v1\\misc\\pixelcopy.o' 
Please manually remove the file `C:\Users\wararyo\Git\M5StopWatch-wararyoLauncher\.pio\build\m5stopwatch-render-check\l
ib8e4\M5GFX@0.2.28\lgfx\v1\misc\pixelcopy.o`
[WinError 3] 指定されたパスが見つかりません。: 'C:\\Users\\wararyo\\Git\\M5StopWatch-wararyoLauncher\\.pio\\build\\m5stopwatch-render-c
heck\\lib8e4\\M5GFX@0.2.28\\lgfx\\v1\\misc\\SpriteBuffer.o' 
Please manually remove the file `C:\Users\wararyo\Git\M5StopWatch-wararyoLauncher\.pio\build\m5stopwatch-render-check\l
ib8e4\M5GFX@0.2.28\lgfx\v1\misc\SpriteBuffer.o`
[WinError 2] 指定されたファイルが見つかりません。: 'C:\\Users\\wararyo\\Git\\M5StopWatch-wararyoLauncher\\.pio\\build\\m5stopwatch-render
-check\\lib8e4\\M5GFX@0.2.28\\lgfx\\v1\\misc' 
Please manually remove the file `C:\Users\wararyo\Git\M5StopWatch-wararyoLauncher\.pio\build\m5stopwatch-render-check\l
ib8e4\M5GFX@0.2.28\lgfx\v1\misc`
[WinError 2] 指定されたファイルが見つかりません。: 'C:\\Users\\wararyo\\Git\\M5StopWatch-wararyoLauncher\\.pio\\build\\m5stopwatch-render
-check\\lib8e4\\M5GFX@0.2.28\\lgfx\\v1\\panel\\Panel_Device.o' 
Please manually remove the file `C:\Users\wararyo\Git\M5StopWatch-wararyoLauncher\.pio\build\m5stopwatch-render-check\l
ib8e4\M5GFX@0.2.28\lgfx\v1\panel\Panel_Device.o`
[WinError 2] 指定されたファイルが見つかりません。: 'C:\\Users\\wararyo\\Git\\M5StopWatch-wararyoLauncher\\.pio\\build\\m5stopwatch-render
-check\\lib8e4\\M5GFX@0.2.28\\lgfx\\v1\\panel\\Panel_ED2208.o' 
Please manually remove the file `C:\Users\wararyo\Git\M5StopWatch-wararyoLauncher\.pio\build\m5stopwatch-render-check\l
ib8e4\M5GFX@0.2.28\lgfx\v1\panel\Panel_ED2208.o`
[WinError 2] 指定されたファイルが見つかりません。: 'C:\\Users\\wararyo\\Git\\M5StopWatch-wararyoLauncher\\.pio\\build\\m5stopwatch-render
-check\\lib8e4\\M5GFX@0.2.28\\lgfx\\v1\\panel\\Panel_EPDiy.o' 
Please manually remove the file `C:\Users\wararyo\Git\M5StopWatch-wararyoLauncher\.pio\build\m5stopwatch-render-check\l
ib8e4\M5GFX@0.2.28\lgfx\v1\panel\Panel_EPDiy.o`
[WinError 2] 指定されたファイルが見つかりません。: 'C:\\Users\\wararyo\\Git\\M5StopWatch-wararyoLauncher\\.pio\\build\\m5stopwatch-render
-check\\lib8e4\\M5GFX@0.2.28\\lgfx\\v1\\panel\\Panel_FrameBufferBase.o' 
Please manually remove the file `C:\Users\wararyo\Git\M5StopWatch-wararyoLauncher\.pio\build\m5stopwatch-render-check\l
ib8e4\M5GFX@0.2.28\lgfx\v1\panel\Panel_FrameBufferBase.o`
[WinError 2] 指定されたファイルが見つかりません。: 'C:\\Users\\wararyo\\Git\\M5StopWatch-wararyoLauncher\\.pio\\build\\m5stopwatch-render
-check\\lib8e4\\M5GFX@0.2.28\\lgfx\\v1\\panel\\Panel_GDEW0154D67.o' 
Please manually remove the file `C:\Users\wararyo\Git\M5StopWatch-wararyoLauncher\.pio\build\m5stopwatch-render-check\l
ib8e4\M5GFX@0.2.28\lgfx\v1\panel\Panel_GDEW0154D67.o`
[WinError 2] 指定されたファイルが見つかりません。: 'C:\\Users\\wararyo\\Git\\M5StopWatch-wararyoLauncher\\.pio\\build\\m5stopwatch-render
-check\\lib8e4\\M5GFX@0.2.28\\lgfx\\v1\\panel\\Panel_GDEW0154M09.o' 
Please manually remove the file `C:\Users\wararyo\Git\M5StopWatch-wararyoLauncher\.pio\build\m5stopwatch-render-check\l
ib8e4\M5GFX@0.2.28\lgfx\v1\panel\Panel_GDEW0154M09.o`
[WinError 2] 指定されたファイルが見つかりません。: 'C:\\Users\\wararyo\\Git\\M5StopWatch-wararyoLauncher\\.pio\\build\\m5stopwatch-render
-check\\lib8e4\\M5GFX@0.2.28\\lgfx\\v1\\panel\\Panel_HasBuffer.o' 
Please manually remove the file `C:\Users\wararyo\Git\M5StopWatch-wararyoLauncher\.pio\build\m5stopwatch-render-check\l
ib8e4\M5GFX@0.2.28\lgfx\v1\panel\Panel_HasBuffer.o`
[WinError 2] 指定されたファイルが見つかりません。: 'C:\\Users\\wararyo\\Git\\M5StopWatch-wararyoLauncher\\.pio\\build\\m5stopwatch-render
-check\\lib8e4\\M5GFX@0.2.28\\lgfx\\v1\\panel\\Panel_IT8951.o' 
Please manually remove the file `C:\Users\wararyo\Git\M5StopWatch-wararyoLauncher\.pio\build\m5stopwatch-render-check\l
ib8e4\M5GFX@0.2.28\lgfx\v1\panel\Panel_IT8951.o`
[WinError 2] 指定されたファイルが見つかりません。: 'C:\\Users\\wararyo\\Git\\M5StopWatch-wararyoLauncher\\.pio\\build\\m5stopwatch-render
-check\\lib8e4\\M5GFX@0.2.28\\lgfx\\v1\\panel\\Panel_LCD.o' 
Please manually remove the file `C:\Users\wararyo\Git\M5StopWatch-wararyoLauncher\.pio\build\m5stopwatch-render-check\l
ib8e4\M5GFX@0.2.28\lgfx\v1\panel\Panel_LCD.o`
[WinError 3] 指定されたパスが見つかりません。: 'C:\\Users\\wararyo\\Git\\M5StopWatch-wararyoLauncher\\.pio\\build\\m5stopwatch-render-c
heck\\lib8e4\\M5GFX@0.2.28\\lgfx\\v1\\panel\\Panel_M5HDMI.o' 
Please manually remove the file `C:\Users\wararyo\Git\M5StopWatch-wararyoLauncher\.pio\build\m5stopwatch-render-check\l
ib8e4\M5GFX@0.2.28\lgfx\v1\panel\Panel_M5HDMI.o`
[WinError 3] 指定されたパスが見つかりません。: 'C:\\Users\\wararyo\\Git\\M5StopWatch-wararyoLauncher\\.pio\\build\\m5stopwatch-render-c
heck\\lib8e4\\M5GFX@0.2.28\\lgfx\\v1\\panel\\Panel_M5UnitGLASS.o' 
Please manually remove the file `C:\Users\wararyo\Git\M5StopWatch-wararyoLauncher\.pio\build\m5stopwatch-render-check\l
ib8e4\M5GFX@0.2.28\lgfx\v1\panel\Panel_M5UnitGLASS.o`
[WinError 3] 指定されたパスが見つかりません。: 'C:\\Users\\wararyo\\Git\\M5StopWatch-wararyoLauncher\\.pio\\build\\m5stopwatch-render-c
heck\\lib8e4\\M5GFX@0.2.28\\lgfx\\v1\\panel\\Panel_M5UnitLCD.o' 
Please manually remove the file `C:\Users\wararyo\Git\M5StopWatch-wararyoLauncher\.pio\build\m5stopwatch-render-check\l
ib8e4\M5GFX@0.2.28\lgfx\v1\panel\Panel_M5UnitLCD.o`
[WinError 3] 指定されたパスが見つかりません。: 'C:\\Users\\wararyo\\Git\\M5StopWatch-wararyoLauncher\\.pio\\build\\m5stopwatch-render-c
heck\\lib8e4\\M5GFX@0.2.28\\lgfx\\v1\\panel\\Panel_SSD1306.o' 
Please manually remove the file `C:\Users\wararyo\Git\M5StopWatch-wararyoLauncher\.pio\build\m5stopwatch-render-check\l
ib8e4\M5GFX@0.2.28\lgfx\v1\panel\Panel_SSD1306.o`
[WinError 3] 指定されたパスが見つかりません。: 'C:\\Users\\wararyo\\Git\\M5StopWatch-wararyoLauncher\\.pio\\build\\m5stopwatch-render-c
heck\\lib8e4\\M5GFX@0.2.28\\lgfx\\v1\\panel\\Panel_SSD1677.o' 
Please manually remove the file `C:\Users\wararyo\Git\M5StopWatch-wararyoLauncher\.pio\build\m5stopwatch-render-check\l
ib8e4\M5GFX@0.2.28\lgfx\v1\panel\Panel_SSD1677.o`
[WinError 3] 指定されたパスが見つかりません。: 'C:\\Users\\wararyo\\Git\\M5StopWatch-wararyoLauncher\\.pio\\build\\m5stopwatch-render-c
heck\\lib8e4\\M5GFX@0.2.28\\lgfx\\v1\\panel\\Panel_TM1680.o' 
Please manually remove the file `C:\Users\wararyo\Git\M5StopWatch-wararyoLauncher\.pio\build\m5stopwatch-render-check\l
ib8e4\M5GFX@0.2.28\lgfx\v1\panel\Panel_TM1680.o`
[WinError 2] 指定されたファイルが見つかりません。: 'C:\\Users\\wararyo\\Git\\M5StopWatch-wararyoLauncher\\.pio\\build\\m5stopwatch-render
-check\\lib8e4\\M5GFX@0.2.28\\lgfx\\v1\\panel' 
Please manually remove the file `C:\Users\wararyo\Git\M5StopWatch-wararyoLauncher\.pio\build\m5stopwatch-render-check\l
ib8e4\M5GFX@0.2.28\lgfx\v1\panel`
[WinError 2] 指定されたファイルが見つかりません。: 'C:\\Users\\wararyo\\Git\\M5StopWatch-wararyoLauncher\\.pio\\build\\m5stopwatch-render
-check\\lib8e4\\M5GFX@0.2.28\\lgfx\\v1\\platforms\\esp32\\Bus_Parallel8.o' 
Please manually remove the file `C:\Users\wararyo\Git\M5StopWatch-wararyoLauncher\.pio\build\m5stopwatch-render-check\l
ib8e4\M5GFX@0.2.28\lgfx\v1\platforms\esp32\Bus_Parallel8.o`
[WinError 2] 指定されたファイルが見つかりません。: 'C:\\Users\\wararyo\\Git\\M5StopWatch-wararyoLauncher\\.pio\\build\\m5stopwatch-render
-check\\lib8e4\\M5GFX@0.2.28\\lgfx\\v1\\platforms\\esp32\\Bus_SPI.o' 
Please manually remove the file `C:\Users\wararyo\Git\M5StopWatch-wararyoLauncher\.pio\build\m5stopwatch-render-check\l
ib8e4\M5GFX@0.2.28\lgfx\v1\platforms\esp32\Bus_SPI.o`
[WinError 2] 指定されたファイルが見つかりません。: 'C:\\Users\\wararyo\\Git\\M5StopWatch-wararyoLauncher\\.pio\\build\\m5stopwatch-render
-check\\lib8e4\\M5GFX@0.2.28\\lgfx\\v1\\platforms\\esp32\\common.o' 
Please manually remove the file `C:\Users\wararyo\Git\M5StopWatch-wararyoLauncher\.pio\build\m5stopwatch-render-check\l
ib8e4\M5GFX@0.2.28\lgfx\v1\platforms\esp32\common.o`
[WinError 2] 指定されたファイルが見つかりません。: 'C:\\Users\\wararyo\\Git\\M5StopWatch-wararyoLauncher\\.pio\\build\\m5stopwatch-render
-check\\lib8e4\\M5GFX@0.2.28\\lgfx\\v1\\platforms\\esp32\\Light_PWM.o' 
Please manually remove the file `C:\Users\wararyo\Git\M5StopWatch-wararyoLauncher\.pio\build\m5stopwatch-render-check\l
ib8e4\M5GFX@0.2.28\lgfx\v1\platforms\esp32\Light_PWM.o`
[WinError 2] 指定されたファイルが見つかりません。: 'C:\\Users\\wararyo\\Git\\M5StopWatch-wararyoLauncher\\.pio\\build\\m5stopwatch-render
-check\\lib8e4\\M5GFX@0.2.28\\lgfx\\v1\\platforms\\esp32\\Panel_CVBS.o' 
Please manually remove the file `C:\Users\wararyo\Git\M5StopWatch-wararyoLauncher\.pio\build\m5stopwatch-render-check\l
ib8e4\M5GFX@0.2.28\lgfx\v1\platforms\esp32\Panel_CVBS.o`
[WinError 2] 指定されたファイルが見つかりません。: 'C:\\Users\\wararyo\\Git\\M5StopWatch-wararyoLauncher\\.pio\\build\\m5stopwatch-render
-check\\lib8e4\\M5GFX@0.2.28\\lgfx\\v1\\platforms\\esp32\\Panel_EPD.o' 
Please manually remove the file `C:\Users\wararyo\Git\M5StopWatch-wararyoLauncher\.pio\build\m5stopwatch-render-check\l
ib8e4\M5GFX@0.2.28\lgfx\v1\platforms\esp32\Panel_EPD.o`
[WinError 2] 指定されたファイルが見つかりません。: 'C:\\Users\\wararyo\\Git\\M5StopWatch-wararyoLauncher\\.pio\\build\\m5stopwatch-render
-check\\lib8e4\\M5GFX@0.2.28\\lgfx\\v1\\platforms\\esp32' 
Please manually remove the file `C:\Users\wararyo\Git\M5StopWatch-wararyoLauncher\.pio\build\m5stopwatch-render-check\l
ib8e4\M5GFX@0.2.28\lgfx\v1\platforms\esp32`
[WinError 2] 指定されたファイルが見つかりません。: 'C:\\Users\\wararyo\\Git\\M5StopWatch-wararyoLauncher\\.pio\\build\\m5stopwatch-render
-check\\lib8e4\\M5GFX@0.2.28\\lgfx\\v1\\platforms\\esp32c3\\Bus_Parallel8.o' 
Please manually remove the file `C:\Users\wararyo\Git\M5StopWatch-wararyoLauncher\.pio\build\m5stopwatch-render-check\l
ib8e4\M5GFX@0.2.28\lgfx\v1\platforms\esp32c3\Bus_Parallel8.o`
[WinError 2] 指定されたファイルが見つかりません。: 'C:\\Users\\wararyo\\Git\\M5StopWatch-wararyoLauncher\\.pio\\build\\m5stopwatch-render
-check\\lib8e4\\M5GFX@0.2.28\\lgfx\\v1\\platforms\\esp32c3' 
Please manually remove the file `C:\Users\wararyo\Git\M5StopWatch-wararyoLauncher\.pio\build\m5stopwatch-render-check\l
ib8e4\M5GFX@0.2.28\lgfx\v1\platforms\esp32c3`
[WinError 2] 指定されたファイルが見つかりません。: 'C:\\Users\\wararyo\\Git\\M5StopWatch-wararyoLauncher\\.pio\\build\\m5stopwatch-render
-check\\lib8e4\\M5GFX@0.2.28\\lgfx\\v1\\platforms\\esp32p4\\Bus_DSI.o' 
Please manually remove the file `C:\Users\wararyo\Git\M5StopWatch-wararyoLauncher\.pio\build\m5stopwatch-render-check\l
ib8e4\M5GFX@0.2.28\lgfx\v1\platforms\esp32p4\Bus_DSI.o`
[WinError 2] 指定されたファイルが見つかりません。: 'C:\\Users\\wararyo\\Git\\M5StopWatch-wararyoLauncher\\.pio\\build\\m5stopwatch-render
-check\\lib8e4\\M5GFX@0.2.28\\lgfx\\v1\\platforms\\esp32p4\\Panel_DSI.o' 
Please manually remove the file `C:\Users\wararyo\Git\M5StopWatch-wararyoLauncher\.pio\build\m5stopwatch-render-check\l
ib8e4\M5GFX@0.2.28\lgfx\v1\platforms\esp32p4\Panel_DSI.o`
[WinError 2] 指定されたファイルが見つかりません。: 'C:\\Users\\wararyo\\Git\\M5StopWatch-wararyoLauncher\\.pio\\build\\m5stopwatch-render
-check\\lib8e4\\M5GFX@0.2.28\\lgfx\\v1\\platforms\\esp32p4\\Panel_LT8912B.o' 
Please manually remove the file `C:\Users\wararyo\Git\M5StopWatch-wararyoLauncher\.pio\build\m5stopwatch-render-check\l
ib8e4\M5GFX@0.2.28\lgfx\v1\platforms\esp32p4\Panel_LT8912B.o`
[WinError 2] 指定されたファイルが見つかりません。: 'C:\\Users\\wararyo\\Git\\M5StopWatch-wararyoLauncher\\.pio\\build\\m5stopwatch-render
-check\\lib8e4\\M5GFX@0.2.28\\lgfx\\v1\\platforms\\esp32p4\\Touch_ST7123.o' 
Please manually remove the file `C:\Users\wararyo\Git\M5StopWatch-wararyoLauncher\.pio\build\m5stopwatch-render-check\l
ib8e4\M5GFX@0.2.28\lgfx\v1\platforms\esp32p4\Touch_ST7123.o`
[WinError 2] 指定されたファイルが見つかりません。: 'C:\\Users\\wararyo\\Git\\M5StopWatch-wararyoLauncher\\.pio\\build\\m5stopwatch-render
-check\\lib8e4\\M5GFX@0.2.28\\lgfx\\v1\\platforms\\esp32p4' 
Please manually remove the file `C:\Users\wararyo\Git\M5StopWatch-wararyoLauncher\.pio\build\m5stopwatch-render-check\l
ib8e4\M5GFX@0.2.28\lgfx\v1\platforms\esp32p4`
[WinError 2] 指定されたファイルが見つかりません。: 'C:\\Users\\wararyo\\Git\\M5StopWatch-wararyoLauncher\\.pio\\build\\m5stopwatch-render
-check\\lib8e4\\M5GFX@0.2.28\\lgfx\\v1\\platforms\\esp32s2\\Bus_Parallel16.o' 
Please manually remove the file `C:\Users\wararyo\Git\M5StopWatch-wararyoLauncher\.pio\build\m5stopwatch-render-check\l
ib8e4\M5GFX@0.2.28\lgfx\v1\platforms\esp32s2\Bus_Parallel16.o`
[WinError 2] 指定されたファイルが見つかりません。: 'C:\\Users\\wararyo\\Git\\M5StopWatch-wararyoLauncher\\.pio\\build\\m5stopwatch-render
-check\\lib8e4\\M5GFX@0.2.28\\lgfx\\v1\\platforms\\esp32s2\\Bus_Parallel8.o' 
Please manually remove the file `C:\Users\wararyo\Git\M5StopWatch-wararyoLauncher\.pio\build\m5stopwatch-render-check\l
ib8e4\M5GFX@0.2.28\lgfx\v1\platforms\esp32s2\Bus_Parallel8.o`
[WinError 2] 指定されたファイルが見つかりません。: 'C:\\Users\\wararyo\\Git\\M5StopWatch-wararyoLauncher\\.pio\\build\\m5stopwatch-render
-check\\lib8e4\\M5GFX@0.2.28\\lgfx\\v1\\platforms\\esp32s2' 
Please manually remove the file `C:\Users\wararyo\Git\M5StopWatch-wararyoLauncher\.pio\build\m5stopwatch-render-check\l
ib8e4\M5GFX@0.2.28\lgfx\v1\platforms\esp32s2`
[WinError 2] 指定されたファイルが見つかりません。: 'C:\\Users\\wararyo\\Git\\M5StopWatch-wararyoLauncher\\.pio\\build\\m5stopwatch-render
-check\\lib8e4\\M5GFX@0.2.28\\lgfx\\v1\\platforms\\esp32s3\\Bus_Parallel16.o' 
Please manually remove the file `C:\Users\wararyo\Git\M5StopWatch-wararyoLauncher\.pio\build\m5stopwatch-render-check\l
ib8e4\M5GFX@0.2.28\lgfx\v1\platforms\esp32s3\Bus_Parallel16.o`
[WinError 3] 指定されたパスが見つかりません。: 'C:\\Users\\wararyo\\Git\\M5StopWatch-wararyoLauncher\\.pio\\build\\m5stopwatch-render-c
heck\\lib8e4\\M5GFX@0.2.28\\lgfx\\v1\\platforms\\esp32s3\\Bus_Parallel8.o' 
Please manually remove the file `C:\Users\wararyo\Git\M5StopWatch-wararyoLauncher\.pio\build\m5stopwatch-render-check\l
ib8e4\M5GFX@0.2.28\lgfx\v1\platforms\esp32s3\Bus_Parallel8.o`
[WinError 2] 指定されたファイルが見つかりません。: 'C:\\Users\\wararyo\\Git\\M5StopWatch-wararyoLauncher\\.pio\\build\\m5stopwatch-render
-check\\lib8e4\\M5GFX@0.2.28\\lgfx\\v1\\platforms\\esp32s3' 
Please manually remove the file `C:\Users\wararyo\Git\M5StopWatch-wararyoLauncher\.pio\build\m5stopwatch-render-check\l
ib8e4\M5GFX@0.2.28\lgfx\v1\platforms\esp32s3`
[WinError 3] 指定されたパスが見つかりません。: 'C:\\Users\\wararyo\\Git\\M5StopWatch-wararyoLauncher\\.pio\\build\\m5stopwatch-render-c
heck\\lib8e4\\M5GFX@0.2.28\\lgfx\\v1\\platforms\\framebuffer\\Panel_fb.o' 
Please manually remove the file `C:\Users\wararyo\Git\M5StopWatch-wararyoLauncher\.pio\build\m5stopwatch-render-check\l
ib8e4\M5GFX@0.2.28\lgfx\v1\platforms\framebuffer\Panel_fb.o`
[WinError 2] 指定されたファイルが見つかりません。: 'C:\\Users\\wararyo\\Git\\M5StopWatch-wararyoLauncher\\.pio\\build\\m5stopwatch-render
-check\\lib8e4\\M5GFX@0.2.28\\lgfx\\v1\\platforms\\framebuffer' 
Please manually remove the file `C:\Users\wararyo\Git\M5StopWatch-wararyoLauncher\.pio\build\m5stopwatch-render-check\l
ib8e4\M5GFX@0.2.28\lgfx\v1\platforms\framebuffer`
[WinError 3] 指定されたパスが見つかりません。: 'C:\\Users\\wararyo\\Git\\M5StopWatch-wararyoLauncher\\.pio\\build\\m5stopwatch-render-c
heck\\lib8e4\\M5GFX@0.2.28\\lgfx\\v1\\platforms\\sdl\\Panel_sdl.o' 
Please manually remove the file `C:\Users\wararyo\Git\M5StopWatch-wararyoLauncher\.pio\build\m5stopwatch-render-check\l
ib8e4\M5GFX@0.2.28\lgfx\v1\platforms\sdl\Panel_sdl.o`
[WinError 3] 指定されたパスが見つかりません。: 'C:\\Users\\wararyo\\Git\\M5StopWatch-wararyoLauncher\\.pio\\build\\m5stopwatch-render-c
heck\\lib8e4\\M5GFX@0.2.28\\lgfx\\v1\\platforms\\sdl' 
Please manually remove the file `C:\Users\wararyo\Git\M5StopWatch-wararyoLauncher\.pio\build\m5stopwatch-render-check\l
ib8e4\M5GFX@0.2.28\lgfx\v1\platforms\sdl`
[WinError 2] 指定されたファイルが見つかりません。: 'C:\\Users\\wararyo\\Git\\M5StopWatch-wararyoLauncher\\.pio\\build\\m5stopwatch-render
-check\\lib8e4\\M5GFX@0.2.28\\lgfx\\v1\\platforms' 
Please manually remove the file `C:\Users\wararyo\Git\M5StopWatch-wararyoLauncher\.pio\build\m5stopwatch-render-check\l
ib8e4\M5GFX@0.2.28\lgfx\v1\platforms`
[WinError 2] 指定されたファイルが見つかりません。: 'C:\\Users\\wararyo\\Git\\M5StopWatch-wararyoLauncher\\.pio\\build\\m5stopwatch-render
-check\\lib8e4\\M5GFX@0.2.28\\lgfx\\v1\\touch\\Touch_CHSC6540.o' 
Please manually remove the file `C:\Users\wararyo\Git\M5StopWatch-wararyoLauncher\.pio\build\m5stopwatch-render-check\l
ib8e4\M5GFX@0.2.28\lgfx\v1\touch\Touch_CHSC6540.o`
[WinError 2] 指定されたファイルが見つかりません。: 'C:\\Users\\wararyo\\Git\\M5StopWatch-wararyoLauncher\\.pio\\build\\m5stopwatch-render
-check\\lib8e4\\M5GFX@0.2.28\\lgfx\\v1\\touch\\Touch_CSTxxx.o' 
Please manually remove the file `C:\Users\wararyo\Git\M5StopWatch-wararyoLauncher\.pio\build\m5stopwatch-render-check\l
ib8e4\M5GFX@0.2.28\lgfx\v1\touch\Touch_CSTxxx.o`
[WinError 2] 指定されたファイルが見つかりません。: 'C:\\Users\\wararyo\\Git\\M5StopWatch-wararyoLauncher\\.pio\\build\\m5stopwatch-render
-check\\lib8e4\\M5GFX@0.2.28\\lgfx\\v1\\touch\\Touch_FT5x06.o' 
Please manually remove the file `C:\Users\wararyo\Git\M5StopWatch-wararyoLauncher\.pio\build\m5stopwatch-render-check\l
ib8e4\M5GFX@0.2.28\lgfx\v1\touch\Touch_FT5x06.o`
[WinError 3] 指定されたパスが見つかりません。: 'C:\\Users\\wararyo\\Git\\M5StopWatch-wararyoLauncher\\.pio\\build\\m5stopwatch-render-c
heck\\lib8e4\\M5GFX@0.2.28\\lgfx\\v1\\touch\\Touch_GT911.o' 
Please manually remove the file `C:\Users\wararyo\Git\M5StopWatch-wararyoLauncher\.pio\build\m5stopwatch-render-check\l
ib8e4\M5GFX@0.2.28\lgfx\v1\touch\Touch_GT911.o`
[WinError 3] 指定されたパスが見つかりません。: 'C:\\Users\\wararyo\\Git\\M5StopWatch-wararyoLauncher\\.pio\\build\\m5stopwatch-render-c
heck\\lib8e4\\M5GFX@0.2.28\\lgfx\\v1\\touch' 
Please manually remove the file `C:\Users\wararyo\Git\M5StopWatch-wararyoLauncher\.pio\build\m5stopwatch-render-check\l
ib8e4\M5GFX@0.2.28\lgfx\v1\touch`
[WinError 2] 指定されたファイルが見つかりません。: 'C:\\Users\\wararyo\\Git\\M5StopWatch-wararyoLauncher\\.pio\\build\\m5stopwatch-render
-check\\lib8e4\\M5GFX@0.2.28\\lgfx\\v1' 
Please manually remove the file `C:\Users\wararyo\Git\M5StopWatch-wararyoLauncher\.pio\build\m5stopwatch-render-check\l
ib8e4\M5GFX@0.2.28\lgfx\v1`
[WinError 2] 指定されたファイルが見つかりません。: 'C:\\Users\\wararyo\\Git\\M5StopWatch-wararyoLauncher\\.pio\\build\\m5stopwatch-render
-check\\lib8e4\\M5GFX@0.2.28\\lgfx' 
Please manually remove the file `C:\Users\wararyo\Git\M5StopWatch-wararyoLauncher\.pio\build\m5stopwatch-render-check\l
ib8e4\M5GFX@0.2.28\lgfx`
[WinError 2] 指定されたファイルが見つかりません。: 'C:\\Users\\wararyo\\Git\\M5StopWatch-wararyoLauncher\\.pio\\build\\m5stopwatch-render
-check\\lib8e4\\M5GFX@0.2.28\\M5GFX.o' 
Please manually remove the file `C:\Users\wararyo\Git\M5StopWatch-wararyoLauncher\.pio\build\m5stopwatch-render-check\l
ib8e4\M5GFX@0.2.28\M5GFX.o`
[WinError 3] 指定されたパスが見つかりません。: 'C:\\Users\\wararyo\\Git\\M5StopWatch-wararyoLauncher\\.pio\\build\\m5stopwatch-render-c
heck\\lib8e4\\M5GFX@0.2.28' 
Please manually remove the file `C:\Users\wararyo\Git\M5StopWatch-wararyoLauncher\.pio\build\m5stopwatch-render-check\l
ib8e4\M5GFX@0.2.28`
[WinError 2] 指定されたファイルが見つかりません。: 'C:\\Users\\wararyo\\Git\\M5StopWatch-wararyoLauncher\\.pio\\build\\m5stopwatch-render
-check\\lib8e4' 
Please manually remove the file `C:\Users\wararyo\Git\M5StopWatch-wararyoLauncher\.pio\build\m5stopwatch-render-check\l
ib8e4`
[WinError 2] 指定されたファイルが見つかりません。: 'C:\\Users\\wararyo\\Git\\M5StopWatch-wararyoLauncher\\.pio\\build\\m5stopwatch-render
-check\\libd2d\\libM5StopWatch-MultiFirm.a' 
Please manually remove the file `C:\Users\wararyo\Git\M5StopWatch-wararyoLauncher\.pio\build\m5stopwatch-render-check\l
ibd2d\libM5StopWatch-MultiFirm.a`
[WinError 2] 指定されたファイルが見つかりません。: 'C:\\Users\\wararyo\\Git\\M5StopWatch-wararyoLauncher\\.pio\\build\\m5stopwatch-render
-check\\libd2d\\M5StopWatch-MultiFirm\\multifirm_host.o' 
Please manually remove the file `C:\Users\wararyo\Git\M5StopWatch-wararyoLauncher\.pio\build\m5stopwatch-render-check\l
ibd2d\M5StopWatch-MultiFirm\multifirm_host.o`
[WinError 2] 指定されたファイルが見つかりません。: 'C:\\Users\\wararyo\\Git\\M5StopWatch-wararyoLauncher\\.pio\\build\\m5stopwatch-render
-check\\libd2d\\M5StopWatch-MultiFirm' 
Please manually remove the file `C:\Users\wararyo\Git\M5StopWatch-wararyoLauncher\.pio\build\m5stopwatch-render-check\l
ibd2d\M5StopWatch-MultiFirm`
[WinError 2] 指定されたファイルが見つかりません。: 'C:\\Users\\wararyo\\Git\\M5StopWatch-wararyoLauncher\\.pio\\build\\m5stopwatch-render
-check\\libd2d' 
Please manually remove the file `C:\Users\wararyo\Git\M5StopWatch-wararyoLauncher\.pio\build\m5stopwatch-render-check\l
ibd2d`
[WinError 2] 指定されたファイルが見つかりません。: 'C:\\Users\\wararyo\\Git\\M5StopWatch-wararyoLauncher\\.pio\\build\\m5stopwatch-render
-check\\log\\src\\buffer\\log_buffers.c.o' 
Please manually remove the file `C:\Users\wararyo\Git\M5StopWatch-wararyoLauncher\.pio\build\m5stopwatch-render-check\l
og\src\buffer\log_buffers.c.o`
[WinError 2] 指定されたファイルが見つかりません。: 'C:\\Users\\wararyo\\Git\\M5StopWatch-wararyoLauncher\\.pio\\build\\m5stopwatch-render
-check\\log\\src\\buffer' 
Please manually remove the file `C:\Users\wararyo\Git\M5StopWatch-wararyoLauncher\.pio\build\m5stopwatch-render-check\l
og\src\buffer`
[WinError 2] 指定されたファイルが見つかりません。: 'C:\\Users\\wararyo\\Git\\M5StopWatch-wararyoLauncher\\.pio\\build\\m5stopwatch-render
-check\\log\\src\\log.c.o' 
Please manually remove the file `C:\Users\wararyo\Git\M5StopWatch-wararyoLauncher\.pio\build\m5stopwatch-render-check\l
og\src\log.c.o`
[WinError 2] 指定されたファイルが見つかりません。: 'C:\\Users\\wararyo\\Git\\M5StopWatch-wararyoLauncher\\.pio\\build\\m5stopwatch-render
-check\\log\\src\\log_format_text.c.o' 
Please manually remove the file `C:\Users\wararyo\Git\M5StopWatch-wararyoLauncher\.pio\build\m5stopwatch-render-check\l
og\src\log_format_text.c.o`
[WinError 2] 指定されたファイルが見つかりません。: 'C:\\Users\\wararyo\\Git\\M5StopWatch-wararyoLauncher\\.pio\\build\\m5stopwatch-render
-check\\log\\src\\log_level\\log_level.c.o' 
Please manually remove the file `C:\Users\wararyo\Git\M5StopWatch-wararyoLauncher\.pio\build\m5stopwatch-render-check\l
og\src\log_level\log_level.c.o`
[WinError 2] 指定されたファイルが見つかりません。: 'C:\\Users\\wararyo\\Git\\M5StopWatch-wararyoLauncher\\.pio\\build\\m5stopwatch-render
-check\\log\\src\\log_level\\tag_log_level\\cache' 
Please manually remove the file `C:\Users\wararyo\Git\M5StopWatch-wararyoLauncher\.pio\build\m5stopwatch-render-check\l
og\src\log_level\tag_log_level\cache`
[WinError 2] 指定されたファイルが見つかりません。: 'C:\\Users\\wararyo\\Git\\M5StopWatch-wararyoLauncher\\.pio\\build\\m5stopwatch-render
-check\\log\\src\\log_level\\tag_log_level\\linked_list' 
Please manually remove the file `C:\Users\wararyo\Git\M5StopWatch-wararyoLauncher\.pio\build\m5stopwatch-render-check\l
og\src\log_level\tag_log_level\linked_list`
[WinError 2] 指定されたファイルが見つかりません。: 'C:\\Users\\wararyo\\Git\\M5StopWatch-wararyoLauncher\\.pio\\build\\m5stopwatch-render
-check\\log\\src\\log_level\\tag_log_level\\tag_log_level.c.o' 
Please manually remove the file `C:\Users\wararyo\Git\M5StopWatch-wararyoLauncher\.pio\build\m5stopwatch-render-check\l
og\src\log_level\tag_log_level\tag_log_level.c.o`
[WinError 2] 指定されたファイルが見つかりません。: 'C:\\Users\\wararyo\\Git\\M5StopWatch-wararyoLauncher\\.pio\\build\\m5stopwatch-render
-check\\log\\src\\log_level' 
Please manually remove the file `C:\Users\wararyo\Git\M5StopWatch-wararyoLauncher\.pio\build\m5stopwatch-render-check\l
og\src\log_level`
[WinError 2] 指定されたファイルが見つかりません。: 'C:\\Users\\wararyo\\Git\\M5StopWatch-wararyoLauncher\\.pio\\build\\m5stopwatch-render
-check\\log\\src\\log_print.c.o' 
Please manually remove the file `C:\Users\wararyo\Git\M5StopWatch-wararyoLauncher\.pio\build\m5stopwatch-render-check\l
og\src\log_print.c.o`
[WinError 2] 指定されたファイルが見つかりません。: 'C:\\Users\\wararyo\\Git\\M5StopWatch-wararyoLauncher\\.pio\\build\\m5stopwatch-render
-check\\log\\src\\log_timestamp_common.c.o' 
Please manually remove the file `C:\Users\wararyo\Git\M5StopWatch-wararyoLauncher\.pio\build\m5stopwatch-render-check\l
og\src\log_timestamp_common.c.o`
[WinError 2] 指定されたファイルが見つかりません。: 'C:\\Users\\wararyo\\Git\\M5StopWatch-wararyoLauncher\\.pio\\build\\m5stopwatch-render
-check\\log\\src\\os\\log_timestamp.c.o' 
Please manually remove the file `C:\Users\wararyo\Git\M5StopWatch-wararyoLauncher\.pio\build\m5stopwatch-render-check\l
og\src\os\log_timestamp.c.o`
[WinError 2] 指定されたファイルが見つかりません。: 'C:\\Users\\wararyo\\Git\\M5StopWatch-wararyoLauncher\\.pio\\build\\m5stopwatch-render
-check\\log\\src\\os\\log_write.c.o' 
Please manually remove the file `C:\Users\wararyo\Git\M5StopWatch-wararyoLauncher\.pio\build\m5stopwatch-render-check\l
og\src\os\log_write.c.o`
[WinError 3] 指定されたパスが見つかりません。: 'C:\\Users\\wararyo\\Git\\M5StopWatch-wararyoLauncher\\.pio\\build\\m5stopwatch-render-c
heck\\log\\src\\os\\util.c.o' 
Please manually remove the file `C:\Users\wararyo\Git\M5StopWatch-wararyoLauncher\.pio\build\m5stopwatch-render-check\l
og\src\os\util.c.o`
[WinError 2] 指定されたファイルが見つかりません。: 'C:\\Users\\wararyo\\Git\\M5StopWatch-wararyoLauncher\\.pio\\build\\m5stopwatch-render
-check\\log\\src\\os' 
Please manually remove the file `C:\Users\wararyo\Git\M5StopWatch-wararyoLauncher\.pio\build\m5stopwatch-render-check\l
og\src\os`
[WinError 3] 指定されたパスが見つかりません。: 'C:\\Users\\wararyo\\Git\\M5StopWatch-wararyoLauncher\\.pio\\build\\m5stopwatch-render-c
heck\\log\\src\\util.c.o' 
Please manually remove the file `C:\Users\wararyo\Git\M5StopWatch-wararyoLauncher\.pio\build\m5stopwatch-render-check\l
og\src\util.c.o`
[WinError 3] 指定されたパスが見つかりません。: 'C:\\Users\\wararyo\\Git\\M5StopWatch-wararyoLauncher\\.pio\\build\\m5stopwatch-render-c
heck\\log\\src' 
Please manually remove the file `C:\Users\wararyo\Git\M5StopWatch-wararyoLauncher\.pio\build\m5stopwatch-render-check\l
og\src`
[WinError 2] 指定されたファイルが見つかりません。: 'C:\\Users\\wararyo\\Git\\M5StopWatch-wararyoLauncher\\.pio\\build\\m5stopwatch-render
-check\\log' 
Please manually remove the file `C:\Users\wararyo\Git\M5StopWatch-wararyoLauncher\.pio\build\m5stopwatch-render-check\l
og`
[WinError 2] 指定されたファイルが見つかりません。: 'C:\\Users\\wararyo\\Git\\M5StopWatch-wararyoLauncher\\.pio\\build\\m5stopwatch-render
-check\\lwip\\apps\\dhcpserver' 
Please manually remove the file `C:\Users\wararyo\Git\M5StopWatch-wararyoLauncher\.pio\build\m5stopwatch-render-check\l
wip\apps\dhcpserver`
[WinError 2] 指定されたファイルが見つかりません。: 'C:\\Users\\wararyo\\Git\\M5StopWatch-wararyoLauncher\\.pio\\build\\m5stopwatch-render
-check\\lwip\\apps\\ping\\esp_ping.c.o' 
Please manually remove the file `C:\Users\wararyo\Git\M5StopWatch-wararyoLauncher\.pio\build\m5stopwatch-render-check\l
wip\apps\ping\esp_ping.c.o`
[WinError 2] 指定されたファイルが見つかりません。: 'C:\\Users\\wararyo\\Git\\M5StopWatch-wararyoLauncher\\.pio\\build\\m5stopwatch-render
-check\\lwip\\apps\\ping\\ping.c.o' 
Please manually remove the file `C:\Users\wararyo\Git\M5StopWatch-wararyoLauncher\.pio\build\m5stopwatch-render-check\l
wip\apps\ping\ping.c.o`
[WinError 2] 指定されたファイルが見つかりません。: 'C:\\Users\\wararyo\\Git\\M5StopWatch-wararyoLauncher\\.pio\\build\\m5stopwatch-render
-check\\lwip\\apps\\ping\\ping_sock.c.o' 
Please manually remove the file `C:\Users\wararyo\Git\M5StopWatch-wararyoLauncher\.pio\build\m5stopwatch-render-check\l
wip\apps\ping\ping_sock.c.o`
[WinError 2] 指定されたファイルが見つかりません。: 'C:\\Users\\wararyo\\Git\\M5StopWatch-wararyoLauncher\\.pio\\build\\m5stopwatch-render
-check\\lwip\\apps\\ping' 
Please manually remove the file `C:\Users\wararyo\Git\M5StopWatch-wararyoLauncher\.pio\build\m5stopwatch-render-check\l
wip\apps\ping`
[WinError 3] 指定されたパスが見つかりません。: 'C:\\Users\\wararyo\\Git\\M5StopWatch-wararyoLauncher\\.pio\\build\\m5stopwatch-render-c
heck\\lwip\\apps\\sntp\\sntp.c.o' 
Please manually remove the file `C:\Users\wararyo\Git\M5StopWatch-wararyoLauncher\.pio\build\m5stopwatch-render-check\l
wip\apps\sntp\sntp.c.o`
[WinError 3] 指定されたパスが見つかりません。: 'C:\\Users\\wararyo\\Git\\M5StopWatch-wararyoLauncher\\.pio\\build\\m5stopwatch-render-c
heck\\lwip\\apps\\sntp' 
Please manually remove the file `C:\Users\wararyo\Git\M5StopWatch-wararyoLauncher\.pio\build\m5stopwatch-render-check\l
wip\apps\sntp`
[WinError 2] 指定されたファイルが見つかりません。: 'C:\\Users\\wararyo\\Git\\M5StopWatch-wararyoLauncher\\.pio\\build\\m5stopwatch-render
-check\\lwip\\apps' 
Please manually remove the file `C:\Users\wararyo\Git\M5StopWatch-wararyoLauncher\.pio\build\m5stopwatch-render-check\l
wip\apps`
[WinError 2] 指定されたファイルが見つかりません。: 'C:\\Users\\wararyo\\Git\\M5StopWatch-wararyoLauncher\\.pio\\build\\m5stopwatch-render
-check\\lwip\\lwip\\src\\api\\api_lib.c.o' 
Please manually remove the file `C:\Users\wararyo\Git\M5StopWatch-wararyoLauncher\.pio\build\m5stopwatch-render-check\l
wip\lwip\src\api\api_lib.c.o`
[WinError 2] 指定されたファイルが見つかりません。: 'C:\\Users\\wararyo\\Git\\M5StopWatch-wararyoLauncher\\.pio\\build\\m5stopwatch-render
-check\\lwip\\lwip\\src\\api\\api_msg.c.o' 
Please manually remove the file `C:\Users\wararyo\Git\M5StopWatch-wararyoLauncher\.pio\build\m5stopwatch-render-check\l
wip\lwip\src\api\api_msg.c.o`
[WinError 2] 指定されたファイルが見つかりません。: 'C:\\Users\\wararyo\\Git\\M5StopWatch-wararyoLauncher\\.pio\\build\\m5stopwatch-render
-check\\lwip\\lwip\\src\\api\\err.c.o' 
Please manually remove the file `C:\Users\wararyo\Git\M5StopWatch-wararyoLauncher\.pio\build\m5stopwatch-render-check\l
wip\lwip\src\api\err.c.o`
[WinError 2] 指定されたファイルが見つかりません。: 'C:\\Users\\wararyo\\Git\\M5StopWatch-wararyoLauncher\\.pio\\build\\m5stopwatch-render
-check\\lwip\\lwip\\src\\api\\if_api.c.o' 
Please manually remove the file `C:\Users\wararyo\Git\M5StopWatch-wararyoLauncher\.pio\build\m5stopwatch-render-check\l
wip\lwip\src\api\if_api.c.o`
[WinError 2] 指定されたファイルが見つかりません。: 'C:\\Users\\wararyo\\Git\\M5StopWatch-wararyoLauncher\\.pio\\build\\m5stopwatch-render
-check\\lwip\\lwip\\src\\api\\netbuf.c.o' 
Please manually remove the file `C:\Users\wararyo\Git\M5StopWatch-wararyoLauncher\.pio\build\m5stopwatch-render-check\l
wip\lwip\src\api\netbuf.c.o`
[WinError 2] 指定されたファイルが見つかりません。: 'C:\\Users\\wararyo\\Git\\M5StopWatch-wararyoLauncher\\.pio\\build\\m5stopwatch-render
-check\\lwip\\lwip\\src\\api\\netdb.c.o' 
Please manually remove the file `C:\Users\wararyo\Git\M5StopWatch-wararyoLauncher\.pio\build\m5stopwatch-render-check\l
wip\lwip\src\api\netdb.c.o`
[WinError 2] 指定されたファイルが見つかりません。: 'C:\\Users\\wararyo\\Git\\M5StopWatch-wararyoLauncher\\.pio\\build\\m5stopwatch-render
-check\\lwip\\lwip\\src\\api\\netifapi.c.o' 
Please manually remove the file `C:\Users\wararyo\Git\M5StopWatch-wararyoLauncher\.pio\build\m5stopwatch-render-check\l
wip\lwip\src\api\netifapi.c.o`
[WinError 2] 指定されたファイルが見つかりません。: 'C:\\Users\\wararyo\\Git\\M5StopWatch-wararyoLauncher\\.pio\\build\\m5stopwatch-render
-check\\lwip\\lwip\\src\\api\\sockets.c.o' 
Please manually remove the file `C:\Users\wararyo\Git\M5StopWatch-wararyoLauncher\.pio\build\m5stopwatch-render-check\l
wip\lwip\src\api\sockets.c.o`
[WinError 2] 指定されたファイルが見つかりません。: 'C:\\Users\\wararyo\\Git\\M5StopWatch-wararyoLauncher\\.pio\\build\\m5stopwatch-render
-check\\lwip\\lwip\\src\\api' 
Please manually remove the file `C:\Users\wararyo\Git\M5StopWatch-wararyoLauncher\.pio\build\m5stopwatch-render-check\l
wip\lwip\src\api`
[WinError 2] 指定されたファイルが見つかりません。: 'C:\\Users\\wararyo\\Git\\M5StopWatch-wararyoLauncher\\.pio\\build\\m5stopwatch-render
-check\\lwip\\lwip\\src\\apps\\netbiosns' 
Please manually remove the file `C:\Users\wararyo\Git\M5StopWatch-wararyoLauncher\.pio\build\m5stopwatch-render-check\l
wip\lwip\src\apps\netbiosns`
[WinError 2] 指定されたファイルが見つかりません。: 'C:\\Users\\wararyo\\Git\\M5StopWatch-wararyoLauncher\\.pio\\build\\m5stopwatch-render
-check\\lwip\\lwip\\src\\apps\\sntp\\sntp.c.o' 
Please manually remove the file `C:\Users\wararyo\Git\M5StopWatch-wararyoLauncher\.pio\build\m5stopwatch-render-check\l
wip\lwip\src\apps\sntp\sntp.c.o`
[WinError 2] 指定されたファイルが見つかりません。: 'C:\\Users\\wararyo\\Git\\M5StopWatch-wararyoLauncher\\.pio\\build\\m5stopwatch-render
-check\\lwip\\lwip\\src\\apps\\sntp' 
Please manually remove the file `C:\Users\wararyo\Git\M5StopWatch-wararyoLauncher\.pio\build\m5stopwatch-render-check\l
wip\lwip\src\apps\sntp`
[WinError 2] 指定されたファイルが見つかりません。: 'C:\\Users\\wararyo\\Git\\M5StopWatch-wararyoLauncher\\.pio\\build\\m5stopwatch-render
-check\\lwip\\lwip\\src\\core\\def.c.o' 
Please manually remove the file `C:\Users\wararyo\Git\M5StopWatch-wararyoLauncher\.pio\build\m5stopwatch-render-check\l
wip\lwip\src\core\def.c.o`
[WinError 2] 指定されたファイルが見つかりません。: 'C:\\Users\\wararyo\\Git\\M5StopWatch-wararyoLauncher\\.pio\\build\\m5stopwatch-render
-check\\lwip\\lwip\\src\\core\\dns.c.o' 
Please manually remove the file `C:\Users\wararyo\Git\M5StopWatch-wararyoLauncher\.pio\build\m5stopwatch-render-check\l
wip\lwip\src\core\dns.c.o`
[WinError 2] 指定されたファイルが見つかりません。: 'C:\\Users\\wararyo\\Git\\M5StopWatch-wararyoLauncher\\.pio\\build\\m5stopwatch-render
-check\\lwip\\lwip\\src\\core\\inet_chksum.c.o' 
Please manually remove the file `C:\Users\wararyo\Git\M5StopWatch-wararyoLauncher\.pio\build\m5stopwatch-render-check\l
wip\lwip\src\core\inet_chksum.c.o`
[WinError 2] 指定されたファイルが見つかりません。: 'C:\\Users\\wararyo\\Git\\M5StopWatch-wararyoLauncher\\.pio\\build\\m5stopwatch-render
-check\\lwip\\lwip\\src\\core\\ip.c.o' 
Please manually remove the file `C:\Users\wararyo\Git\M5StopWatch-wararyoLauncher\.pio\build\m5stopwatch-render-check\l
wip\lwip\src\core\ip.c.o`
[WinError 2] 指定されたファイルが見つかりません。: 'C:\\Users\\wararyo\\Git\\M5StopWatch-wararyoLauncher\\.pio\\build\\m5stopwatch-render
-check\\lwip\\lwip\\src\\core\\ipv4\\dhcp.c.o' 
Please manually remove the file `C:\Users\wararyo\Git\M5StopWatch-wararyoLauncher\.pio\build\m5stopwatch-render-check\l
wip\lwip\src\core\ipv4\dhcp.c.o`
[WinError 2] 指定されたファイルが見つかりません。: 'C:\\Users\\wararyo\\Git\\M5StopWatch-wararyoLauncher\\.pio\\build\\m5stopwatch-render
-check\\lwip\\lwip\\src\\core\\ipv4\\etharp.c.o' 
Please manually remove the file `C:\Users\wararyo\Git\M5StopWatch-wararyoLauncher\.pio\build\m5stopwatch-render-check\l
wip\lwip\src\core\ipv4\etharp.c.o`
[WinError 2] 指定されたファイルが見つかりません。: 'C:\\Users\\wararyo\\Git\\M5StopWatch-wararyoLauncher\\.pio\\build\\m5stopwatch-render
-check\\lwip\\lwip\\src\\core\\ipv4\\icmp.c.o' 
Please manually remove the file `C:\Users\wararyo\Git\M5StopWatch-wararyoLauncher\.pio\build\m5stopwatch-render-check\l
wip\lwip\src\core\ipv4\icmp.c.o`
[WinError 2] 指定されたファイルが見つかりません。: 'C:\\Users\\wararyo\\Git\\M5StopWatch-wararyoLauncher\\.pio\\build\\m5stopwatch-render
-check\\lwip\\lwip\\src\\core\\ipv4\\igmp.c.o' 
Please manually remove the file `C:\Users\wararyo\Git\M5StopWatch-wararyoLauncher\.pio\build\m5stopwatch-render-check\l
wip\lwip\src\core\ipv4\igmp.c.o`
[WinError 2] 指定されたファイルが見つかりません。: 'C:\\Users\\wararyo\\Git\\M5StopWatch-wararyoLauncher\\.pio\\build\\m5stopwatch-render
-check\\lwip\\lwip\\src\\core\\ipv4\\ip4.c.o' 
Please manually remove the file `C:\Users\wararyo\Git\M5StopWatch-wararyoLauncher\.pio\build\m5stopwatch-render-check\l
wip\lwip\src\core\ipv4\ip4.c.o`
[WinError 2] 指定されたファイルが見つかりません。: 'C:\\Users\\wararyo\\Git\\M5StopWatch-wararyoLauncher\\.pio\\build\\m5stopwatch-render
-check\\lwip\\lwip\\src\\core\\ipv4\\ip4_addr.c.o' 
Please manually remove the file `C:\Users\wararyo\Git\M5StopWatch-wararyoLauncher\.pio\build\m5stopwatch-render-check\l
wip\lwip\src\core\ipv4\ip4_addr.c.o`
[WinError 2] 指定されたファイルが見つかりません。: 'C:\\Users\\wararyo\\Git\\M5StopWatch-wararyoLauncher\\.pio\\build\\m5stopwatch-render
-check\\lwip\\lwip\\src\\core\\ipv4\\ip4_frag.c.o' 
Please manually remove the file `C:\Users\wararyo\Git\M5StopWatch-wararyoLauncher\.pio\build\m5stopwatch-render-check\l
wip\lwip\src\core\ipv4\ip4_frag.c.o`
[WinError 2] 指定されたファイルが見つかりません。: 'C:\\Users\\wararyo\\Git\\M5StopWatch-wararyoLauncher\\.pio\\build\\m5stopwatch-render
-check\\lwip\\lwip\\src\\core\\ipv4\\ip4_napt.c.o' 
Please manually remove the file `C:\Users\wararyo\Git\M5StopWatch-wararyoLauncher\.pio\build\m5stopwatch-render-check\l
wip\lwip\src\core\ipv4\ip4_napt.c.o`
[WinError 2] 指定されたファイルが見つかりません。: 'C:\\Users\\wararyo\\Git\\M5StopWatch-wararyoLauncher\\.pio\\build\\m5stopwatch-render
-check\\lwip\\lwip\\src\\core\\ipv4' 
Please manually remove the file `C:\Users\wararyo\Git\M5StopWatch-wararyoLauncher\.pio\build\m5stopwatch-render-check\l
wip\lwip\src\core\ipv4`
[WinError 2] 指定されたファイルが見つかりません。: 'C:\\Users\\wararyo\\Git\\M5StopWatch-wararyoLauncher\\.pio\\build\\m5stopwatch-render
-check\\lwip\\lwip\\src\\core\\ipv6\\dhcp6.c.o' 
Please manually remove the file `C:\Users\wararyo\Git\M5StopWatch-wararyoLauncher\.pio\build\m5stopwatch-render-check\l
wip\lwip\src\core\ipv6\dhcp6.c.o`
[WinError 2] 指定されたファイルが見つかりません。: 'C:\\Users\\wararyo\\Git\\M5StopWatch-wararyoLauncher\\.pio\\build\\m5stopwatch-render
-check\\lwip\\lwip\\src\\core\\ipv6\\ethip6.c.o' 
Please manually remove the file `C:\Users\wararyo\Git\M5StopWatch-wararyoLauncher\.pio\build\m5stopwatch-render-check\l
wip\lwip\src\core\ipv6\ethip6.c.o`
[WinError 2] 指定されたファイルが見つかりません。: 'C:\\Users\\wararyo\\Git\\M5StopWatch-wararyoLauncher\\.pio\\build\\m5stopwatch-render
-check\\lwip\\lwip\\src\\core\\ipv6\\icmp6.c.o' 
Please manually remove the file `C:\Users\wararyo\Git\M5StopWatch-wararyoLauncher\.pio\build\m5stopwatch-render-check\l
wip\lwip\src\core\ipv6\icmp6.c.o`
[WinError 2] 指定されたファイルが見つかりません。: 'C:\\Users\\wararyo\\Git\\M5StopWatch-wararyoLauncher\\.pio\\build\\m5stopwatch-render
-check\\lwip\\lwip\\src\\core\\ipv6\\inet6.c.o' 
Please manually remove the file `C:\Users\wararyo\Git\M5StopWatch-wararyoLauncher\.pio\build\m5stopwatch-render-check\l
wip\lwip\src\core\ipv6\inet6.c.o`
[WinError 2] 指定されたファイルが見つかりません。: 'C:\\Users\\wararyo\\Git\\M5StopWatch-wararyoLauncher\\.pio\\build\\m5stopwatch-render
-check\\lwip\\lwip\\src\\core\\ipv6\\ip6.c.o' 
Please manually remove the file `C:\Users\wararyo\Git\M5StopWatch-wararyoLauncher\.pio\build\m5stopwatch-render-check\l
wip\lwip\src\core\ipv6\ip6.c.o`
[WinError 2] 指定されたファイルが見つかりません。: 'C:\\Users\\wararyo\\Git\\M5StopWatch-wararyoLauncher\\.pio\\build\\m5stopwatch-render
-check\\lwip\\lwip\\src\\core\\ipv6\\ip6_addr.c.o' 
Please manually remove the file `C:\Users\wararyo\Git\M5StopWatch-wararyoLauncher\.pio\build\m5stopwatch-render-check\l
wip\lwip\src\core\ipv6\ip6_addr.c.o`
[WinError 2] 指定されたファイルが見つかりません。: 'C:\\Users\\wararyo\\Git\\M5StopWatch-wararyoLauncher\\.pio\\build\\m5stopwatch-render
-check\\lwip\\lwip\\src\\core\\ipv6\\ip6_frag.c.o' 
Please manually remove the file `C:\Users\wararyo\Git\M5StopWatch-wararyoLauncher\.pio\build\m5stopwatch-render-check\l
wip\lwip\src\core\ipv6\ip6_frag.c.o`
[WinError 2] 指定されたファイルが見つかりません。: 'C:\\Users\\wararyo\\Git\\M5StopWatch-wararyoLauncher\\.pio\\build\\m5stopwatch-render
-check\\lwip\\lwip\\src\\core\\ipv6\\mld6.c.o' 
Please manually remove the file `C:\Users\wararyo\Git\M5StopWatch-wararyoLauncher\.pio\build\m5stopwatch-render-check\l
wip\lwip\src\core\ipv6\mld6.c.o`
[WinError 2] 指定されたファイルが見つかりません。: 'C:\\Users\\wararyo\\Git\\M5StopWatch-wararyoLauncher\\.pio\\build\\m5stopwatch-render
-check\\lwip\\lwip\\src\\core\\ipv6\\nd6.c.o' 
Please manually remove the file `C:\Users\wararyo\Git\M5StopWatch-wararyoLauncher\.pio\build\m5stopwatch-render-check\l
wip\lwip\src\core\ipv6\nd6.c.o`
[WinError 2] 指定されたファイルが見つかりません。: 'C:\\Users\\wararyo\\Git\\M5StopWatch-wararyoLauncher\\.pio\\build\\m5stopwatch-render
-check\\lwip\\lwip\\src\\core\\mem.c.o' 
Please manually remove the file `C:\Users\wararyo\Git\M5StopWatch-wararyoLauncher\.pio\build\m5stopwatch-render-check\l
wip\lwip\src\core\mem.c.o`
[WinError 2] 指定されたファイルが見つかりません。: 'C:\\Users\\wararyo\\Git\\M5StopWatch-wararyoLauncher\\.pio\\build\\m5stopwatch-render
-check\\lwip\\lwip\\src\\core\\memp.c.o' 
Please manually remove the file `C:\Users\wararyo\Git\M5StopWatch-wararyoLauncher\.pio\build\m5stopwatch-render-check\l
wip\lwip\src\core\memp.c.o`
[WinError 2] 指定されたファイルが見つかりません。: 'C:\\Users\\wararyo\\Git\\M5StopWatch-wararyoLauncher\\.pio\\build\\m5stopwatch-render
-check\\lwip\\lwip\\src\\core\\netif.c.o' 
Please manually remove the file `C:\Users\wararyo\Git\M5StopWatch-wararyoLauncher\.pio\build\m5stopwatch-render-check\l
wip\lwip\src\core\netif.c.o`
[WinError 2] 指定されたファイルが見つかりません。: 'C:\\Users\\wararyo\\Git\\M5StopWatch-wararyoLauncher\\.pio\\build\\m5stopwatch-render
-check\\lwip\\lwip\\src\\core\\pbuf.c.o' 
Please manually remove the file `C:\Users\wararyo\Git\M5StopWatch-wararyoLauncher\.pio\build\m5stopwatch-render-check\l
wip\lwip\src\core\pbuf.c.o`
[WinError 2] 指定されたファイルが見つかりません。: 'C:\\Users\\wararyo\\Git\\M5StopWatch-wararyoLauncher\\.pio\\build\\m5stopwatch-render
-check\\lwip\\lwip\\src\\core\\raw.c.o' 
Please manually remove the file `C:\Users\wararyo\Git\M5StopWatch-wararyoLauncher\.pio\build\m5stopwatch-render-check\l
wip\lwip\src\core\raw.c.o`
[WinError 2] 指定されたファイルが見つかりません。: 'C:\\Users\\wararyo\\Git\\M5StopWatch-wararyoLauncher\\.pio\\build\\m5stopwatch-render
-check\\lwip\\lwip\\src\\core\\stats.c.o' 
Please manually remove the file `C:\Users\wararyo\Git\M5StopWatch-wararyoLauncher\.pio\build\m5stopwatch-render-check\l
wip\lwip\src\core\stats.c.o`
[WinError 2] 指定されたファイルが見つかりません。: 'C:\\Users\\wararyo\\Git\\M5StopWatch-wararyoLauncher\\.pio\\build\\m5stopwatch-render
-check\\lwip\\lwip\\src\\core\\sys.c.o' 
Please manually remove the file `C:\Users\wararyo\Git\M5StopWatch-wararyoLauncher\.pio\build\m5stopwatch-render-check\l
wip\lwip\src\core\sys.c.o`
[WinError 2] 指定されたファイルが見つかりません。: 'C:\\Users\\wararyo\\Git\\M5StopWatch-wararyoLauncher\\.pio\\build\\m5stopwatch-render
-check\\lwip\\lwip\\src\\core\\tcp.c.o' 
Please manually remove the file `C:\Users\wararyo\Git\M5StopWatch-wararyoLauncher\.pio\build\m5stopwatch-render-check\l
wip\lwip\src\core\tcp.c.o`
[WinError 2] 指定されたファイルが見つかりません。: 'C:\\Users\\wararyo\\Git\\M5StopWatch-wararyoLauncher\\.pio\\build\\m5stopwatch-render
-check\\lwip\\lwip\\src\\core\\tcp_in.c.o' 
Please manually remove the file `C:\Users\wararyo\Git\M5StopWatch-wararyoLauncher\.pio\build\m5stopwatch-render-check\l
wip\lwip\src\core\tcp_in.c.o`
[WinError 2] 指定されたファイルが見つかりません。: 'C:\\Users\\wararyo\\Git\\M5StopWatch-wararyoLauncher\\.pio\\build\\m5stopwatch-render
-check\\lwip\\lwip\\src\\core\\tcp_out.c.o' 
Please manually remove the file `C:\Users\wararyo\Git\M5StopWatch-wararyoLauncher\.pio\build\m5stopwatch-render-check\l
wip\lwip\src\core\tcp_out.c.o`
[WinError 2] 指定されたファイルが見つかりません。: 'C:\\Users\\wararyo\\Git\\M5StopWatch-wararyoLauncher\\.pio\\build\\m5stopwatch-render
-check\\lwip\\lwip\\src\\core\\timeouts.c.o' 
Please manually remove the file `C:\Users\wararyo\Git\M5StopWatch-wararyoLauncher\.pio\build\m5stopwatch-render-check\l
wip\lwip\src\core\timeouts.c.o`
[WinError 3] 指定されたパスが見つかりません。: 'C:\\Users\\wararyo\\Git\\M5StopWatch-wararyoLauncher\\.pio\\build\\m5stopwatch-render-c
heck\\lwip\\lwip\\src\\core\\udp.c.o' 
Please manually remove the file `C:\Users\wararyo\Git\M5StopWatch-wararyoLauncher\.pio\build\m5stopwatch-render-check\l
wip\lwip\src\core\udp.c.o`
[WinError 2] 指定されたファイルが見つかりません。: 'C:\\Users\\wararyo\\Git\\M5StopWatch-wararyoLauncher\\.pio\\build\\m5stopwatch-render
-check\\lwip\\lwip\\src\\core' 
Please manually remove the file `C:\Users\wararyo\Git\M5StopWatch-wararyoLauncher\.pio\build\m5stopwatch-render-check\l
wip\lwip\src\core`
[WinError 2] 指定されたファイルが見つかりません。: 'C:\\Users\\wararyo\\Git\\M5StopWatch-wararyoLauncher\\.pio\\build\\m5stopwatch-render
-check\\lwip\\lwip\\src\\netif\\bridgeif.c.o' 
Please manually remove the file `C:\Users\wararyo\Git\M5StopWatch-wararyoLauncher\.pio\build\m5stopwatch-render-check\l
wip\lwip\src\netif\bridgeif.c.o`
[WinError 2] 指定されたファイルが見つかりません。: 'C:\\Users\\wararyo\\Git\\M5StopWatch-wararyoLauncher\\.pio\\build\\m5stopwatch-render
-check\\lwip\\lwip\\src\\netif\\bridgeif_fdb.c.o' 
Please manually remove the file `C:\Users\wararyo\Git\M5StopWatch-wararyoLauncher\.pio\build\m5stopwatch-render-check\l
wip\lwip\src\netif\bridgeif_fdb.c.o`
[WinError 2] 指定されたファイルが見つかりません。: 'C:\\Users\\wararyo\\Git\\M5StopWatch-wararyoLauncher\\.pio\\build\\m5stopwatch-render
-check\\lwip\\lwip\\src\\netif\\ethernet.c.o' 
Please manually remove the file `C:\Users\wararyo\Git\M5StopWatch-wararyoLauncher\.pio\build\m5stopwatch-render-check\l
wip\lwip\src\netif\ethernet.c.o`
[WinError 2] 指定されたファイルが見つかりません。: 'C:\\Users\\wararyo\\Git\\M5StopWatch-wararyoLauncher\\.pio\\build\\m5stopwatch-render
-check\\lwip\\lwip\\src\\netif\\ppp\\auth.c.o' 
Please manually remove the file `C:\Users\wararyo\Git\M5StopWatch-wararyoLauncher\.pio\build\m5stopwatch-render-check\l
wip\lwip\src\netif\ppp\auth.c.o`
[WinError 2] 指定されたファイルが見つかりません。: 'C:\\Users\\wararyo\\Git\\M5StopWatch-wararyoLauncher\\.pio\\build\\m5stopwatch-render
-check\\lwip\\lwip\\src\\netif\\ppp\\ccp.c.o' 
Please manually remove the file `C:\Users\wararyo\Git\M5StopWatch-wararyoLauncher\.pio\build\m5stopwatch-render-check\l
wip\lwip\src\netif\ppp\ccp.c.o`
[WinError 2] 指定されたファイルが見つかりません。: 'C:\\Users\\wararyo\\Git\\M5StopWatch-wararyoLauncher\\.pio\\build\\m5stopwatch-render
-check\\lwip\\lwip\\src\\netif\\ppp\\chap-md5.c.o' 
Please manually remove the file `C:\Users\wararyo\Git\M5StopWatch-wararyoLauncher\.pio\build\m5stopwatch-render-check\l
wip\lwip\src\netif\ppp\chap-md5.c.o`
[WinError 2] 指定されたファイルが見つかりません。: 'C:\\Users\\wararyo\\Git\\M5StopWatch-wararyoLauncher\\.pio\\build\\m5stopwatch-render
-check\\lwip\\lwip\\src\\netif\\ppp\\chap-new.c.o' 
Please manually remove the file `C:\Users\wararyo\Git\M5StopWatch-wararyoLauncher\.pio\build\m5stopwatch-render-check\l
wip\lwip\src\netif\ppp\chap-new.c.o`
[WinError 2] 指定されたファイルが見つかりません。: 'C:\\Users\\wararyo\\Git\\M5StopWatch-wararyoLauncher\\.pio\\build\\m5stopwatch-render
-check\\lwip\\lwip\\src\\netif\\ppp\\chap_ms.c.o' 
Please manually remove the file `C:\Users\wararyo\Git\M5StopWatch-wararyoLauncher\.pio\build\m5stopwatch-render-check\l
wip\lwip\src\netif\ppp\chap_ms.c.o`
[WinError 2] 指定されたファイルが見つかりません。: 'C:\\Users\\wararyo\\Git\\M5StopWatch-wararyoLauncher\\.pio\\build\\m5stopwatch-render
-check\\lwip\\lwip\\src\\netif\\ppp\\demand.c.o' 
Please manually remove the file `C:\Users\wararyo\Git\M5StopWatch-wararyoLauncher\.pio\build\m5stopwatch-render-check\l
wip\lwip\src\netif\ppp\demand.c.o`
[WinError 2] 指定されたファイルが見つかりません。: 'C:\\Users\\wararyo\\Git\\M5StopWatch-wararyoLauncher\\.pio\\build\\m5stopwatch-render
-check\\lwip\\lwip\\src\\netif\\ppp\\eap.c.o' 
Please manually remove the file `C:\Users\wararyo\Git\M5StopWatch-wararyoLauncher\.pio\build\m5stopwatch-render-check\l
wip\lwip\src\netif\ppp\eap.c.o`
[WinError 2] 指定されたファイルが見つかりません。: 'C:\\Users\\wararyo\\Git\\M5StopWatch-wararyoLauncher\\.pio\\build\\m5stopwatch-render
-check\\lwip\\lwip\\src\\netif\\ppp\\ecp.c.o' 
Please manually remove the file `C:\Users\wararyo\Git\M5StopWatch-wararyoLauncher\.pio\build\m5stopwatch-render-check\l
wip\lwip\src\netif\ppp\ecp.c.o`
[WinError 2] 指定されたファイルが見つかりません。: 'C:\\Users\\wararyo\\Git\\M5StopWatch-wararyoLauncher\\.pio\\build\\m5stopwatch-render
-check\\lwip\\lwip\\src\\netif\\ppp\\eui64.c.o' 
Please manually remove the file `C:\Users\wararyo\Git\M5StopWatch-wararyoLauncher\.pio\build\m5stopwatch-render-check\l
wip\lwip\src\netif\ppp\eui64.c.o`
[WinError 2] 指定されたファイルが見つかりません。: 'C:\\Users\\wararyo\\Git\\M5StopWatch-wararyoLauncher\\.pio\\build\\m5stopwatch-render
-check\\lwip\\lwip\\src\\netif\\ppp\\fsm.c.o' 
Please manually remove the file `C:\Users\wararyo\Git\M5StopWatch-wararyoLauncher\.pio\build\m5stopwatch-render-check\l
wip\lwip\src\netif\ppp\fsm.c.o`
[WinError 2] 指定されたファイルが見つかりません。: 'C:\\Users\\wararyo\\Git\\M5StopWatch-wararyoLauncher\\.pio\\build\\m5stopwatch-render
-check\\lwip\\lwip\\src\\netif\\ppp\\ipcp.c.o' 
Please manually remove the file `C:\Users\wararyo\Git\M5StopWatch-wararyoLauncher\.pio\build\m5stopwatch-render-check\l
wip\lwip\src\netif\ppp\ipcp.c.o`
[WinError 2] 指定されたファイルが見つかりません。: 'C:\\Users\\wararyo\\Git\\M5StopWatch-wararyoLauncher\\.pio\\build\\m5stopwatch-render
-check\\lwip\\lwip\\src\\netif\\ppp\\polarssl\\des.c.o' 
Please manually remove the file `C:\Users\wararyo\Git\M5StopWatch-wararyoLauncher\.pio\build\m5stopwatch-render-check\l
wip\lwip\src\netif\ppp\polarssl\des.c.o`
[WinError 2] 指定されたファイルが見つかりません。: 'C:\\Users\\wararyo\\Git\\M5StopWatch-wararyoLauncher\\.pio\\build\\m5stopwatch-render
-check\\lwip\\lwip\\src\\netif\\ppp\\polarssl\\md4.c.o' 
Please manually remove the file `C:\Users\wararyo\Git\M5StopWatch-wararyoLauncher\.pio\build\m5stopwatch-render-check\l
wip\lwip\src\netif\ppp\polarssl\md4.c.o`
[WinError 2] 指定されたファイルが見つかりません。: 'C:\\Users\\wararyo\\Git\\M5StopWatch-wararyoLauncher\\.pio\\build\\m5stopwatch-render
-check\\lwip\\lwip\\src\\netif\\ppp\\polarssl\\md5.c.o' 
Please manually remove the file `C:\Users\wararyo\Git\M5StopWatch-wararyoLauncher\.pio\build\m5stopwatch-render-check\l
wip\lwip\src\netif\ppp\polarssl\md5.c.o`
[WinError 3] 指定されたパスが見つかりません。: 'C:\\Users\\wararyo\\Git\\M5StopWatch-wararyoLauncher\\.pio\\build\\m5stopwatch-render-c
heck\\lwip\\lwip\\src\\netif\\ppp\\polarssl\\sha1.c.o' 
Please manually remove the file `C:\Users\wararyo\Git\M5StopWatch-wararyoLauncher\.pio\build\m5stopwatch-render-check\l
wip\lwip\src\netif\ppp\polarssl\sha1.c.o`
[WinError 2] 指定されたファイルが見つかりません。: 'C:\\Users\\wararyo\\Git\\M5StopWatch-wararyoLauncher\\.pio\\build\\m5stopwatch-render
-check\\lwip\\lwip\\src\\netif\\ppp\\polarssl' 
Please manually remove the file `C:\Users\wararyo\Git\M5StopWatch-wararyoLauncher\.pio\build\m5stopwatch-render-check\l
wip\lwip\src\netif\ppp\polarssl`
[WinError 2] 指定されたファイルが見つかりません。: 'C:\\Users\\wararyo\\Git\\M5StopWatch-wararyoLauncher\\.pio\\build\\m5stopwatch-render
-check\\lwip\\lwip\\src\\netif\\ppp\\ppp.c.o' 
Please manually remove the file `C:\Users\wararyo\Git\M5StopWatch-wararyoLauncher\.pio\build\m5stopwatch-render-check\l
wip\lwip\src\netif\ppp\ppp.c.o`
[WinError 2] 指定されたファイルが見つかりません。: 'C:\\Users\\wararyo\\Git\\M5StopWatch-wararyoLauncher\\.pio\\build\\m5stopwatch-render
-check\\lwip\\lwip\\src\\netif\\ppp\\pppapi.c.o' 
Please manually remove the file `C:\Users\wararyo\Git\M5StopWatch-wararyoLauncher\.pio\build\m5stopwatch-render-check\l
wip\lwip\src\netif\ppp\pppapi.c.o`
[WinError 2] 指定されたファイルが見つかりません。: 'C:\\Users\\wararyo\\Git\\M5StopWatch-wararyoLauncher\\.pio\\build\\m5stopwatch-render
-check\\lwip\\lwip\\src\\netif\\ppp\\pppcrypt.c.o' 
Please manually remove the file `C:\Users\wararyo\Git\M5StopWatch-wararyoLauncher\.pio\build\m5stopwatch-render-check\l
wip\lwip\src\netif\ppp\pppcrypt.c.o`
[WinError 2] 指定されたファイルが見つかりません。: 'C:\\Users\\wararyo\\Git\\M5StopWatch-wararyoLauncher\\.pio\\build\\m5stopwatch-render
-check\\lwip\\lwip\\src\\netif\\ppp\\pppoe.c.o' 
Please manually remove the file `C:\Users\wararyo\Git\M5StopWatch-wararyoLauncher\.pio\build\m5stopwatch-render-check\l
wip\lwip\src\netif\ppp\pppoe.c.o`
[WinError 2] 指定されたファイルが見つかりません。: 'C:\\Users\\wararyo\\Git\\M5StopWatch-wararyoLauncher\\.pio\\build\\m5stopwatch-render
-check\\lwip\\lwip\\src\\netif\\ppp\\pppol2tp.c.o' 
Please manually remove the file `C:\Users\wararyo\Git\M5StopWatch-wararyoLauncher\.pio\build\m5stopwatch-render-check\l
wip\lwip\src\netif\ppp\pppol2tp.c.o`
[WinError 2] 指定されたファイルが見つかりません。: 'C:\\Users\\wararyo\\Git\\M5StopWatch-wararyoLauncher\\.pio\\build\\m5stopwatch-render
-check\\lwip\\lwip\\src\\netif\\ppp\\pppos.c.o' 
Please manually remove the file `C:\Users\wararyo\Git\M5StopWatch-wararyoLauncher\.pio\build\m5stopwatch-render-check\l
wip\lwip\src\netif\ppp\pppos.c.o`
[WinError 2] 指定されたファイルが見つかりません。: 'C:\\Users\\wararyo\\Git\\M5StopWatch-wararyoLauncher\\.pio\\build\\m5stopwatch-render
-check\\lwip\\lwip\\src\\netif\\ppp\\upap.c.o' 
Please manually remove the file `C:\Users\wararyo\Git\M5StopWatch-wararyoLauncher\.pio\build\m5stopwatch-render-check\l
wip\lwip\src\netif\ppp\upap.c.o`
[WinError 2] 指定されたファイルが見つかりません。: 'C:\\Users\\wararyo\\Git\\M5StopWatch-wararyoLauncher\\.pio\\build\\m5stopwatch-render
-check\\lwip\\lwip\\src\\netif\\ppp\\utils.c.o' 
Please manually remove the file `C:\Users\wararyo\Git\M5StopWatch-wararyoLauncher\.pio\build\m5stopwatch-render-check\l
wip\lwip\src\netif\ppp\utils.c.o`
[WinError 3] 指定されたパスが見つかりません。: 'C:\\Users\\wararyo\\Git\\M5StopWatch-wararyoLauncher\\.pio\\build\\m5stopwatch-render-c
heck\\lwip\\lwip\\src\\netif\\ppp\\vj.c.o' 
Please manually remove the file `C:\Users\wararyo\Git\M5StopWatch-wararyoLauncher\.pio\build\m5stopwatch-render-check\l
wip\lwip\src\netif\ppp\vj.c.o`
[WinError 2] 指定されたファイルが見つかりません。: 'C:\\Users\\wararyo\\Git\\M5StopWatch-wararyoLauncher\\.pio\\build\\m5stopwatch-render
-check\\lwip\\lwip\\src\\netif\\ppp' 
Please manually remove the file `C:\Users\wararyo\Git\M5StopWatch-wararyoLauncher\.pio\build\m5stopwatch-render-check\l
wip\lwip\src\netif\ppp`
[WinError 2] 指定されたファイルが見つかりません。: 'C:\\Users\\wararyo\\Git\\M5StopWatch-wararyoLauncher\\.pio\\build\\m5stopwatch-render
-check\\lwip\\lwip\\src\\netif\\slipif.c.o' 
Please manually remove the file `C:\Users\wararyo\Git\M5StopWatch-wararyoLauncher\.pio\build\m5stopwatch-render-check\l
wip\lwip\src\netif\slipif.c.o`
[WinError 2] 指定されたファイルが見つかりません。: 'C:\\Users\\wararyo\\Git\\M5StopWatch-wararyoLauncher\\.pio\\build\\m5stopwatch-render
-check\\lwip\\lwip\\src\\netif' 
Please manually remove the file `C:\Users\wararyo\Git\M5StopWatch-wararyoLauncher\.pio\build\m5stopwatch-render-check\l
wip\lwip\src\netif`
[WinError 2] 指定されたファイルが見つかりません。: 'C:\\Users\\wararyo\\Git\\M5StopWatch-wararyoLauncher\\.pio\\build\\m5stopwatch-render
-check\\lwip\\lwip\\src' 
Please manually remove the file `C:\Users\wararyo\Git\M5StopWatch-wararyoLauncher\.pio\build\m5stopwatch-render-check\l
wip\lwip\src`
[WinError 2] 指定されたファイルが見つかりません。: 'C:\\Users\\wararyo\\Git\\M5StopWatch-wararyoLauncher\\.pio\\build\\m5stopwatch-render
-check\\lwip\\lwip' 
Please manually remove the file `C:\Users\wararyo\Git\M5StopWatch-wararyoLauncher\.pio\build\m5stopwatch-render-check\l
wip\lwip`
[WinError 2] 指定されたファイルが見つかりません。: 'C:\\Users\\wararyo\\Git\\M5StopWatch-wararyoLauncher\\.pio\\build\\m5stopwatch-render
-check\\lwip\\port\\acd_dhcp_check.c.o' 
Please manually remove the file `C:\Users\wararyo\Git\M5StopWatch-wararyoLauncher\.pio\build\m5stopwatch-render-check\l
wip\port\acd_dhcp_check.c.o`
[WinError 2] 指定されたファイルが見つかりません。: 'C:\\Users\\wararyo\\Git\\M5StopWatch-wararyoLauncher\\.pio\\build\\m5stopwatch-render
-check\\lwip\\port\\debug\\lwip_debug.c.o' 
Please manually remove the file `C:\Users\wararyo\Git\M5StopWatch-wararyoLauncher\.pio\build\m5stopwatch-render-check\l
wip\port\debug\lwip_debug.c.o`
[WinError 2] 指定されたファイルが見つかりません。: 'C:\\Users\\wararyo\\Git\\M5StopWatch-wararyoLauncher\\.pio\\build\\m5stopwatch-render
-check\\lwip\\port\\debug' 
Please manually remove the file `C:\Users\wararyo\Git\M5StopWatch-wararyoLauncher\.pio\build\m5stopwatch-render-check\l
wip\port\debug`
[WinError 2] 指定されたファイルが見つかりません。: 'C:\\Users\\wararyo\\Git\\M5StopWatch-wararyoLauncher\\.pio\\build\\m5stopwatch-render
-check\\lwip\\port\\esp32xx\\vfs_lwip.c.o' 
Please manually remove the file `C:\Users\wararyo\Git\M5StopWatch-wararyoLauncher\.pio\build\m5stopwatch-render-check\l
wip\port\esp32xx\vfs_lwip.c.o`
[WinError 2] 指定されたファイルが見つかりません。: 'C:\\Users\\wararyo\\Git\\M5StopWatch-wararyoLauncher\\.pio\\build\\m5stopwatch-render
-check\\lwip\\port\\esp32xx' 
Please manually remove the file `C:\Users\wararyo\Git\M5StopWatch-wararyoLauncher\.pio\build\m5stopwatch-render-check\l
wip\port\esp32xx`
[WinError 3] 指定されたパスが見つかりません。: 'C:\\Users\\wararyo\\Git\\M5StopWatch-wararyoLauncher\\.pio\\build\\m5stopwatch-render-c
heck\\lwip\\port\\freertos\\sys_arch.c.o' 
Please manually remove the file `C:\Users\wararyo\Git\M5StopWatch-wararyoLauncher\.pio\build\m5stopwatch-render-check\l
wip\port\freertos\sys_arch.c.o`
[WinError 2] 指定されたファイルが見つかりません。: 'C:\\Users\\wararyo\\Git\\M5StopWatch-wararyoLauncher\\.pio\\build\\m5stopwatch-render
-check\\lwip\\port\\freertos' 
Please manually remove the file `C:\Users\wararyo\Git\M5StopWatch-wararyoLauncher\.pio\build\m5stopwatch-render-check\l
wip\port\freertos`
[WinError 2] 指定されたファイルが見つかりません。: 'C:\\Users\\wararyo\\Git\\M5StopWatch-wararyoLauncher\\.pio\\build\\m5stopwatch-render
-check\\lwip\\port\\hooks\\lwip_default_hooks.c.o' 
Please manually remove the file `C:\Users\wararyo\Git\M5StopWatch-wararyoLauncher\.pio\build\m5stopwatch-render-check\l
wip\port\hooks\lwip_default_hooks.c.o`
[WinError 2] 指定されたファイルが見つかりません。: 'C:\\Users\\wararyo\\Git\\M5StopWatch-wararyoLauncher\\.pio\\build\\m5stopwatch-render
-check\\lwip\\port\\hooks\\tcp_isn_default.c.o' 
Please manually remove the file `C:\Users\wararyo\Git\M5StopWatch-wararyoLauncher\.pio\build\m5stopwatch-render-check\l
wip\port\hooks\tcp_isn_default.c.o`
[WinError 2] 指定されたファイルが見つかりません。: 'C:\\Users\\wararyo\\Git\\M5StopWatch-wararyoLauncher\\.pio\\build\\m5stopwatch-render
-check\\lwip\\port\\hooks' 
Please manually remove the file `C:\Users\wararyo\Git\M5StopWatch-wararyoLauncher\.pio\build\m5stopwatch-render-check\l
wip\port\hooks`
[WinError 2] 指定されたファイルが見つかりません。: 'C:\\Users\\wararyo\\Git\\M5StopWatch-wararyoLauncher\\.pio\\build\\m5stopwatch-render
-check\\lwip\\port\\if_index.c.o' 
Please manually remove the file `C:\Users\wararyo\Git\M5StopWatch-wararyoLauncher\.pio\build\m5stopwatch-render-check\l
wip\port\if_index.c.o`
[WinError 3] 指定されたパスが見つかりません。: 'C:\\Users\\wararyo\\Git\\M5StopWatch-wararyoLauncher\\.pio\\build\\m5stopwatch-render-c
heck\\lwip\\port\\sockets_ext.c.o' 
Please manually remove the file `C:\Users\wararyo\Git\M5StopWatch-wararyoLauncher\.pio\build\m5stopwatch-render-check\l
wip\port\sockets_ext.c.o`
[WinError 3] 指定されたパスが見つかりません。: 'C:\\Users\\wararyo\\Git\\M5StopWatch-wararyoLauncher\\.pio\\build\\m5stopwatch-render-c
heck\\lwip\\port' 
Please manually remove the file `C:\Users\wararyo\Git\M5StopWatch-wararyoLauncher\.pio\build\m5stopwatch-render-check\l
wip\port`
[WinError 2] 指定されたファイルが見つかりません。: 'C:\\Users\\wararyo\\Git\\M5StopWatch-wararyoLauncher\\.pio\\build\\m5stopwatch-render
-check\\lwip' 
Please manually remove the file `C:\Users\wararyo\Git\M5StopWatch-wararyoLauncher\.pio\build\m5stopwatch-render-check\l
wip`
[WinError 2] 指定されたファイルが見つかりません。: 'C:\\Users\\wararyo\\Git\\M5StopWatch-wararyoLauncher\\.pio\\build\\m5stopwatch-render
-check\\mbedtls\\esp_crt_bundle\\esp_crt_bundle.c.o' 
Please manually remove the file `C:\Users\wararyo\Git\M5StopWatch-wararyoLauncher\.pio\build\m5stopwatch-render-check\m
bedtls\esp_crt_bundle\esp_crt_bundle.c.o`
[WinError 2] 指定されたファイルが見つかりません。: 'C:\\Users\\wararyo\\Git\\M5StopWatch-wararyoLauncher\\.pio\\build\\m5stopwatch-render
-check\\mbedtls\\esp_crt_bundle' 
Please manually remove the file `C:\Users\wararyo\Git\M5StopWatch-wararyoLauncher\.pio\build\m5stopwatch-render-check\m
bedtls\esp_crt_bundle`
[WinError 2] 指定されたファイルが見つかりません。: 'C:\\Users\\wararyo\\Git\\M5StopWatch-wararyoLauncher\\.pio\\build\\m5stopwatch-render
-check\\mbedtls\\mbedtls\\3rdparty\\everest\\library\\everest.c.o' 
Please manually remove the file `C:\Users\wararyo\Git\M5StopWatch-wararyoLauncher\.pio\build\m5stopwatch-render-check\m
bedtls\mbedtls\3rdparty\everest\library\everest.c.o`
[WinError 2] 指定されたファイルが見つかりません。: 'C:\\Users\\wararyo\\Git\\M5StopWatch-wararyoLauncher\\.pio\\build\\m5stopwatch-render
-check\\mbedtls\\mbedtls\\3rdparty\\everest\\library\\Hacl_Curve25519_joined.c.o' 
Please manually remove the file `C:\Users\wararyo\Git\M5StopWatch-wararyoLauncher\.pio\build\m5stopwatch-render-check\m
bedtls\mbedtls\3rdparty\everest\library\Hacl_Curve25519_joined.c.o`
[WinError 2] 指定されたファイルが見つかりません。: 'C:\\Users\\wararyo\\Git\\M5StopWatch-wararyoLauncher\\.pio\\build\\m5stopwatch-render
-check\\mbedtls\\mbedtls\\3rdparty\\everest\\library\\x25519.c.o' 
Please manually remove the file `C:\Users\wararyo\Git\M5StopWatch-wararyoLauncher\.pio\build\m5stopwatch-render-check\m
bedtls\mbedtls\3rdparty\everest\library\x25519.c.o`
[WinError 2] 指定されたファイルが見つかりません。: 'C:\\Users\\wararyo\\Git\\M5StopWatch-wararyoLauncher\\.pio\\build\\m5stopwatch-render
-check\\mbedtls\\mbedtls\\3rdparty\\everest\\library' 
Please manually remove the file `C:\Users\wararyo\Git\M5StopWatch-wararyoLauncher\.pio\build\m5stopwatch-render-check\m
bedtls\mbedtls\3rdparty\everest\library`
[WinError 2] 指定されたファイルが見つかりません。: 'C:\\Users\\wararyo\\Git\\M5StopWatch-wararyoLauncher\\.pio\\build\\m5stopwatch-render
-check\\mbedtls\\mbedtls\\3rdparty\\everest' 
Please manually remove the file `C:\Users\wararyo\Git\M5StopWatch-wararyoLauncher\.pio\build\m5stopwatch-render-check\m
bedtls\mbedtls\3rdparty\everest`
[WinError 3] 指定されたパスが見つかりません。: 'C:\\Users\\wararyo\\Git\\M5StopWatch-wararyoLauncher\\.pio\\build\\m5stopwatch-render-c
heck\\mbedtls\\mbedtls\\3rdparty\\p256-m\\p256-m\\p256-m.c.o' 
Please manually remove the file `C:\Users\wararyo\Git\M5StopWatch-wararyoLauncher\.pio\build\m5stopwatch-render-check\m
bedtls\mbedtls\3rdparty\p256-m\p256-m\p256-m.c.o`
[WinError 2] 指定されたファイルが見つかりません。: 'C:\\Users\\wararyo\\Git\\M5StopWatch-wararyoLauncher\\.pio\\build\\m5stopwatch-render
-check\\mbedtls\\mbedtls\\3rdparty\\p256-m\\p256-m' 
Please manually remove the file `C:\Users\wararyo\Git\M5StopWatch-wararyoLauncher\.pio\build\m5stopwatch-render-check\m
bedtls\mbedtls\3rdparty\p256-m\p256-m`
[WinError 3] 指定されたパスが見つかりません。: 'C:\\Users\\wararyo\\Git\\M5StopWatch-wararyoLauncher\\.pio\\build\\m5stopwatch-render-c
heck\\mbedtls\\mbedtls\\3rdparty\\p256-m\\p256-m_driver_entrypoints.c.o' 
Please manually remove the file `C:\Users\wararyo\Git\M5StopWatch-wararyoLauncher\.pio\build\m5stopwatch-render-check\m
bedtls\mbedtls\3rdparty\p256-m\p256-m_driver_entrypoints.c.o`
[WinError 3] 指定されたパスが見つかりません。: 'C:\\Users\\wararyo\\Git\\M5StopWatch-wararyoLauncher\\.pio\\build\\m5stopwatch-render-c
heck\\mbedtls\\mbedtls\\3rdparty\\p256-m' 
Please manually remove the file `C:\Users\wararyo\Git\M5StopWatch-wararyoLauncher\.pio\build\m5stopwatch-render-check\m
bedtls\mbedtls\3rdparty\p256-m`
[WinError 2] 指定されたファイルが見つかりません。: 'C:\\Users\\wararyo\\Git\\M5StopWatch-wararyoLauncher\\.pio\\build\\m5stopwatch-render
-check\\mbedtls\\mbedtls\\3rdparty' 
Please manually remove the file `C:\Users\wararyo\Git\M5StopWatch-wararyoLauncher\.pio\build\m5stopwatch-render-check\m
bedtls\mbedtls\3rdparty`
[WinError 2] 指定されたファイルが見つかりません。: 'C:\\Users\\wararyo\\Git\\M5StopWatch-wararyoLauncher\\.pio\\build\\m5stopwatch-render
-check\\mbedtls\\mbedtls\\library\\aes.c.o' 
Please manually remove the file `C:\Users\wararyo\Git\M5StopWatch-wararyoLauncher\.pio\build\m5stopwatch-render-check\m
bedtls\mbedtls\library\aes.c.o`
[WinError 2] 指定されたファイルが見つかりません。: 'C:\\Users\\wararyo\\Git\\M5StopWatch-wararyoLauncher\\.pio\\build\\m5stopwatch-render
-check\\mbedtls\\mbedtls\\library\\aesce.c.o' 
Please manually remove the file `C:\Users\wararyo\Git\M5StopWatch-wararyoLauncher\.pio\build\m5stopwatch-render-check\m
bedtls\mbedtls\library\aesce.c.o`
[WinError 2] 指定されたファイルが見つかりません。: 'C:\\Users\\wararyo\\Git\\M5StopWatch-wararyoLauncher\\.pio\\build\\m5stopwatch-render
-check\\mbedtls\\mbedtls\\library\\aesni.c.o' 
Please manually remove the file `C:\Users\wararyo\Git\M5StopWatch-wararyoLauncher\.pio\build\m5stopwatch-render-check\m
bedtls\mbedtls\library\aesni.c.o`
[WinError 2] 指定されたファイルが見つかりません。: 'C:\\Users\\wararyo\\Git\\M5StopWatch-wararyoLauncher\\.pio\\build\\m5stopwatch-render
-check\\mbedtls\\mbedtls\\library\\aria.c.o' 
Please manually remove the file `C:\Users\wararyo\Git\M5StopWatch-wararyoLauncher\.pio\build\m5stopwatch-render-check\m
bedtls\mbedtls\library\aria.c.o`
[WinError 2] 指定されたファイルが見つかりません。: 'C:\\Users\\wararyo\\Git\\M5StopWatch-wararyoLauncher\\.pio\\build\\m5stopwatch-render
-check\\mbedtls\\mbedtls\\library\\asn1parse.c.o' 
Please manually remove the file `C:\Users\wararyo\Git\M5StopWatch-wararyoLauncher\.pio\build\m5stopwatch-render-check\m
bedtls\mbedtls\library\asn1parse.c.o`
[WinError 2] 指定されたファイルが見つかりません。: 'C:\\Users\\wararyo\\Git\\M5StopWatch-wararyoLauncher\\.pio\\build\\m5stopwatch-render
-check\\mbedtls\\mbedtls\\library\\asn1write.c.o' 
Please manually remove the file `C:\Users\wararyo\Git\M5StopWatch-wararyoLauncher\.pio\build\m5stopwatch-render-check\m
bedtls\mbedtls\library\asn1write.c.o`
[WinError 2] 指定されたファイルが見つかりません。: 'C:\\Users\\wararyo\\Git\\M5StopWatch-wararyoLauncher\\.pio\\build\\m5stopwatch-render
-check\\mbedtls\\mbedtls\\library\\base64.c.o' 
Please manually remove the file `C:\Users\wararyo\Git\M5StopWatch-wararyoLauncher\.pio\build\m5stopwatch-render-check\m
bedtls\mbedtls\library\base64.c.o`
[WinError 2] 指定されたファイルが見つかりません。: 'C:\\Users\\wararyo\\Git\\M5StopWatch-wararyoLauncher\\.pio\\build\\m5stopwatch-render
-check\\mbedtls\\mbedtls\\library\\bignum.c.o' 
Please manually remove the file `C:\Users\wararyo\Git\M5StopWatch-wararyoLauncher\.pio\build\m5stopwatch-render-check\m
bedtls\mbedtls\library\bignum.c.o`
[WinError 2] 指定されたファイルが見つかりません。: 'C:\\Users\\wararyo\\Git\\M5StopWatch-wararyoLauncher\\.pio\\build\\m5stopwatch-render
-check\\mbedtls\\mbedtls\\library\\bignum_core.c.o' 
Please manually remove the file `C:\Users\wararyo\Git\M5StopWatch-wararyoLauncher\.pio\build\m5stopwatch-render-check\m
bedtls\mbedtls\library\bignum_core.c.o`
[WinError 2] 指定されたファイルが見つかりません。: 'C:\\Users\\wararyo\\Git\\M5StopWatch-wararyoLauncher\\.pio\\build\\m5stopwatch-render
-check\\mbedtls\\mbedtls\\library\\bignum_mod.c.o' 
Please manually remove the file `C:\Users\wararyo\Git\M5StopWatch-wararyoLauncher\.pio\build\m5stopwatch-render-check\m
bedtls\mbedtls\library\bignum_mod.c.o`
[WinError 2] 指定されたファイルが見つかりません。: 'C:\\Users\\wararyo\\Git\\M5StopWatch-wararyoLauncher\\.pio\\build\\m5stopwatch-render
-check\\mbedtls\\mbedtls\\library\\bignum_mod_raw.c.o' 
Please manually remove the file `C:\Users\wararyo\Git\M5StopWatch-wararyoLauncher\.pio\build\m5stopwatch-render-check\m
bedtls\mbedtls\library\bignum_mod_raw.c.o`
[WinError 2] 指定されたファイルが見つかりません。: 'C:\\Users\\wararyo\\Git\\M5StopWatch-wararyoLauncher\\.pio\\build\\m5stopwatch-render
-check\\mbedtls\\mbedtls\\library\\block_cipher.c.o' 
Please manually remove the file `C:\Users\wararyo\Git\M5StopWatch-wararyoLauncher\.pio\build\m5stopwatch-render-check\m
bedtls\mbedtls\library\block_cipher.c.o`
[WinError 2] 指定されたファイルが見つかりません。: 'C:\\Users\\wararyo\\Git\\M5StopWatch-wararyoLauncher\\.pio\\build\\m5stopwatch-render
-check\\mbedtls\\mbedtls\\library\\camellia.c.o' 
Please manually remove the file `C:\Users\wararyo\Git\M5StopWatch-wararyoLauncher\.pio\build\m5stopwatch-render-check\m
bedtls\mbedtls\library\camellia.c.o`
[WinError 2] 指定されたファイルが見つかりません。: 'C:\\Users\\wararyo\\Git\\M5StopWatch-wararyoLauncher\\.pio\\build\\m5stopwatch-render
-check\\mbedtls\\mbedtls\\library\\ccm.c.o' 
Please manually remove the file `C:\Users\wararyo\Git\M5StopWatch-wararyoLauncher\.pio\build\m5stopwatch-render-check\m
bedtls\mbedtls\library\ccm.c.o`
[WinError 2] 指定されたファイルが見つかりません。: 'C:\\Users\\wararyo\\Git\\M5StopWatch-wararyoLauncher\\.pio\\build\\m5stopwatch-render
-check\\mbedtls\\mbedtls\\library\\chacha20.c.o' 
Please manually remove the file `C:\Users\wararyo\Git\M5StopWatch-wararyoLauncher\.pio\build\m5stopwatch-render-check\m
bedtls\mbedtls\library\chacha20.c.o`
[WinError 2] 指定されたファイルが見つかりません。: 'C:\\Users\\wararyo\\Git\\M5StopWatch-wararyoLauncher\\.pio\\build\\m5stopwatch-render
-check\\mbedtls\\mbedtls\\library\\chachapoly.c.o' 
Please manually remove the file `C:\Users\wararyo\Git\M5StopWatch-wararyoLauncher\.pio\build\m5stopwatch-render-check\m
bedtls\mbedtls\library\chachapoly.c.o`
[WinError 2] 指定されたファイルが見つかりません。: 'C:\\Users\\wararyo\\Git\\M5StopWatch-wararyoLauncher\\.pio\\build\\m5stopwatch-render
-check\\mbedtls\\mbedtls\\library\\cipher.c.o' 
Please manually remove the file `C:\Users\wararyo\Git\M5StopWatch-wararyoLauncher\.pio\build\m5stopwatch-render-check\m
bedtls\mbedtls\library\cipher.c.o`
[WinError 2] 指定されたファイルが見つかりません。: 'C:\\Users\\wararyo\\Git\\M5StopWatch-wararyoLauncher\\.pio\\build\\m5stopwatch-render
-check\\mbedtls\\mbedtls\\library\\cipher_wrap.c.o' 
Please manually remove the file `C:\Users\wararyo\Git\M5StopWatch-wararyoLauncher\.pio\build\m5stopwatch-render-check\m
bedtls\mbedtls\library\cipher_wrap.c.o`
[WinError 2] 指定されたファイルが見つかりません。: 'C:\\Users\\wararyo\\Git\\M5StopWatch-wararyoLauncher\\.pio\\build\\m5stopwatch-render
-check\\mbedtls\\mbedtls\\library\\cmac.c.o' 
Please manually remove the file `C:\Users\wararyo\Git\M5StopWatch-wararyoLauncher\.pio\build\m5stopwatch-render-check\m
bedtls\mbedtls\library\cmac.c.o`
[WinError 2] 指定されたファイルが見つかりません。: 'C:\\Users\\wararyo\\Git\\M5StopWatch-wararyoLauncher\\.pio\\build\\m5stopwatch-render
-check\\mbedtls\\mbedtls\\library\\constant_time.c.o' 
Please manually remove the file `C:\Users\wararyo\Git\M5StopWatch-wararyoLauncher\.pio\build\m5stopwatch-render-check\m
bedtls\mbedtls\library\constant_time.c.o`
[WinError 2] 指定されたファイルが見つかりません。: 'C:\\Users\\wararyo\\Git\\M5StopWatch-wararyoLauncher\\.pio\\build\\m5stopwatch-render
-check\\mbedtls\\mbedtls\\library\\ctr_drbg.c.o' 
Please manually remove the file `C:\Users\wararyo\Git\M5StopWatch-wararyoLauncher\.pio\build\m5stopwatch-render-check\m
bedtls\mbedtls\library\ctr_drbg.c.o`
[WinError 2] 指定されたファイルが見つかりません。: 'C:\\Users\\wararyo\\Git\\M5StopWatch-wararyoLauncher\\.pio\\build\\m5stopwatch-render
-check\\mbedtls\\mbedtls\\library\\debug.c.o' 
Please manually remove the file `C:\Users\wararyo\Git\M5StopWatch-wararyoLauncher\.pio\build\m5stopwatch-render-check\m
bedtls\mbedtls\library\debug.c.o`
[WinError 2] 指定されたファイルが見つかりません。: 'C:\\Users\\wararyo\\Git\\M5StopWatch-wararyoLauncher\\.pio\\build\\m5stopwatch-render
-check\\mbedtls\\mbedtls\\library\\des.c.o' 
Please manually remove the file `C:\Users\wararyo\Git\M5StopWatch-wararyoLauncher\.pio\build\m5stopwatch-render-check\m
bedtls\mbedtls\library\des.c.o`
[WinError 2] 指定されたファイルが見つかりません。: 'C:\\Users\\wararyo\\Git\\M5StopWatch-wararyoLauncher\\.pio\\build\\m5stopwatch-render
-check\\mbedtls\\mbedtls\\library\\dhm.c.o' 
Please manually remove the file `C:\Users\wararyo\Git\M5StopWatch-wararyoLauncher\.pio\build\m5stopwatch-render-check\m
bedtls\mbedtls\library\dhm.c.o`
[WinError 2] 指定されたファイルが見つかりません。: 'C:\\Users\\wararyo\\Git\\M5StopWatch-wararyoLauncher\\.pio\\build\\m5stopwatch-render
-check\\mbedtls\\mbedtls\\library\\ecdh.c.o' 
Please manually remove the file `C:\Users\wararyo\Git\M5StopWatch-wararyoLauncher\.pio\build\m5stopwatch-render-check\m
bedtls\mbedtls\library\ecdh.c.o`
[WinError 2] 指定されたファイルが見つかりません。: 'C:\\Users\\wararyo\\Git\\M5StopWatch-wararyoLauncher\\.pio\\build\\m5stopwatch-render
-check\\mbedtls\\mbedtls\\library\\ecdsa.c.o' 
Please manually remove the file `C:\Users\wararyo\Git\M5StopWatch-wararyoLauncher\.pio\build\m5stopwatch-render-check\m
bedtls\mbedtls\library\ecdsa.c.o`
[WinError 2] 指定されたファイルが見つかりません。: 'C:\\Users\\wararyo\\Git\\M5StopWatch-wararyoLauncher\\.pio\\build\\m5stopwatch-render
-check\\mbedtls\\mbedtls\\library\\ecjpake.c.o' 
Please manually remove the file `C:\Users\wararyo\Git\M5StopWatch-wararyoLauncher\.pio\build\m5stopwatch-render-check\m
bedtls\mbedtls\library\ecjpake.c.o`
[WinError 2] 指定されたファイルが見つかりません。: 'C:\\Users\\wararyo\\Git\\M5StopWatch-wararyoLauncher\\.pio\\build\\m5stopwatch-render
-check\\mbedtls\\mbedtls\\library\\ecp.c.o' 
Please manually remove the file `C:\Users\wararyo\Git\M5StopWatch-wararyoLauncher\.pio\build\m5stopwatch-render-check\m
bedtls\mbedtls\library\ecp.c.o`
[WinError 2] 指定されたファイルが見つかりません。: 'C:\\Users\\wararyo\\Git\\M5StopWatch-wararyoLauncher\\.pio\\build\\m5stopwatch-render
-check\\mbedtls\\mbedtls\\library\\ecp_curves.c.o' 
Please manually remove the file `C:\Users\wararyo\Git\M5StopWatch-wararyoLauncher\.pio\build\m5stopwatch-render-check\m
bedtls\mbedtls\library\ecp_curves.c.o`
[WinError 2] 指定されたファイルが見つかりません。: 'C:\\Users\\wararyo\\Git\\M5StopWatch-wararyoLauncher\\.pio\\build\\m5stopwatch-render
-check\\mbedtls\\mbedtls\\library\\ecp_curves_new.c.o' 
Please manually remove the file `C:\Users\wararyo\Git\M5StopWatch-wararyoLauncher\.pio\build\m5stopwatch-render-check\m
bedtls\mbedtls\library\ecp_curves_new.c.o`
[WinError 2] 指定されたファイルが見つかりません。: 'C:\\Users\\wararyo\\Git\\M5StopWatch-wararyoLauncher\\.pio\\build\\m5stopwatch-render
-check\\mbedtls\\mbedtls\\library\\entropy.c.o' 
Please manually remove the file `C:\Users\wararyo\Git\M5StopWatch-wararyoLauncher\.pio\build\m5stopwatch-render-check\m
bedtls\mbedtls\library\entropy.c.o`
[WinError 2] 指定されたファイルが見つかりません。: 'C:\\Users\\wararyo\\Git\\M5StopWatch-wararyoLauncher\\.pio\\build\\m5stopwatch-render
-check\\mbedtls\\mbedtls\\library\\entropy_poll.c.o' 
Please manually remove the file `C:\Users\wararyo\Git\M5StopWatch-wararyoLauncher\.pio\build\m5stopwatch-render-check\m
bedtls\mbedtls\library\entropy_poll.c.o`
[WinError 2] 指定されたファイルが見つかりません。: 'C:\\Users\\wararyo\\Git\\M5StopWatch-wararyoLauncher\\.pio\\build\\m5stopwatch-render
-check\\mbedtls\\mbedtls\\library\\error.c.o' 
Please manually remove the file `C:\Users\wararyo\Git\M5StopWatch-wararyoLauncher\.pio\build\m5stopwatch-render-check\m
bedtls\mbedtls\library\error.c.o`
[WinError 2] 指定されたファイルが見つかりません。: 'C:\\Users\\wararyo\\Git\\M5StopWatch-wararyoLauncher\\.pio\\build\\m5stopwatch-render
-check\\mbedtls\\mbedtls\\library\\gcm.c.o' 
Please manually remove the file `C:\Users\wararyo\Git\M5StopWatch-wararyoLauncher\.pio\build\m5stopwatch-render-check\m
bedtls\mbedtls\library\gcm.c.o`
[WinError 2] 指定されたファイルが見つかりません。: 'C:\\Users\\wararyo\\Git\\M5StopWatch-wararyoLauncher\\.pio\\build\\m5stopwatch-render
-check\\mbedtls\\mbedtls\\library\\hkdf.c.o' 
Please manually remove the file `C:\Users\wararyo\Git\M5StopWatch-wararyoLauncher\.pio\build\m5stopwatch-render-check\m
bedtls\mbedtls\library\hkdf.c.o`
[WinError 2] 指定されたファイルが見つかりません。: 'C:\\Users\\wararyo\\Git\\M5StopWatch-wararyoLauncher\\.pio\\build\\m5stopwatch-render
-check\\mbedtls\\mbedtls\\library\\lms.c.o' 
Please manually remove the file `C:\Users\wararyo\Git\M5StopWatch-wararyoLauncher\.pio\build\m5stopwatch-render-check\m
bedtls\mbedtls\library\lms.c.o`
[WinError 2] 指定されたファイルが見つかりません。: 'C:\\Users\\wararyo\\Git\\M5StopWatch-wararyoLauncher\\.pio\\build\\m5stopwatch-render
-check\\mbedtls\\mbedtls\\library\\md.c.o' 
Please manually remove the file `C:\Users\wararyo\Git\M5StopWatch-wararyoLauncher\.pio\build\m5stopwatch-render-check\m
bedtls\mbedtls\library\md.c.o`
[WinError 2] 指定されたファイルが見つかりません。: 'C:\\Users\\wararyo\\Git\\M5StopWatch-wararyoLauncher\\.pio\\build\\m5stopwatch-render
-check\\mbedtls\\mbedtls\\library\\md5.c.o' 
Please manually remove the file `C:\Users\wararyo\Git\M5StopWatch-wararyoLauncher\.pio\build\m5stopwatch-render-check\m
bedtls\mbedtls\library\md5.c.o`
[WinError 2] 指定されたファイルが見つかりません。: 'C:\\Users\\wararyo\\Git\\M5StopWatch-wararyoLauncher\\.pio\\build\\m5stopwatch-render
-check\\mbedtls\\mbedtls\\library\\memory_buffer_alloc.c.o' 
Please manually remove the file `C:\Users\wararyo\Git\M5StopWatch-wararyoLauncher\.pio\build\m5stopwatch-render-check\m
bedtls\mbedtls\library\memory_buffer_alloc.c.o`
[WinError 2] 指定されたファイルが見つかりません。: 'C:\\Users\\wararyo\\Git\\M5StopWatch-wararyoLauncher\\.pio\\build\\m5stopwatch-render
-check\\mbedtls\\mbedtls\\library\\mps_reader.c.o' 
Please manually remove the file `C:\Users\wararyo\Git\M5StopWatch-wararyoLauncher\.pio\build\m5stopwatch-render-check\m
bedtls\mbedtls\library\mps_reader.c.o`
[WinError 2] 指定されたファイルが見つかりません。: 'C:\\Users\\wararyo\\Git\\M5StopWatch-wararyoLauncher\\.pio\\build\\m5stopwatch-render
-check\\mbedtls\\mbedtls\\library\\mps_trace.c.o' 
Please manually remove the file `C:\Users\wararyo\Git\M5StopWatch-wararyoLauncher\.pio\build\m5stopwatch-render-check\m
bedtls\mbedtls\library\mps_trace.c.o`
[WinError 2] 指定されたファイルが見つかりません。: 'C:\\Users\\wararyo\\Git\\M5StopWatch-wararyoLauncher\\.pio\\build\\m5stopwatch-render
-check\\mbedtls\\mbedtls\\library\\nist_kw.c.o' 
Please manually remove the file `C:\Users\wararyo\Git\M5StopWatch-wararyoLauncher\.pio\build\m5stopwatch-render-check\m
bedtls\mbedtls\library\nist_kw.c.o`
[WinError 2] 指定されたファイルが見つかりません。: 'C:\\Users\\wararyo\\Git\\M5StopWatch-wararyoLauncher\\.pio\\build\\m5stopwatch-render
-check\\mbedtls\\mbedtls\\library\\oid.c.o' 
Please manually remove the file `C:\Users\wararyo\Git\M5StopWatch-wararyoLauncher\.pio\build\m5stopwatch-render-check\m
bedtls\mbedtls\library\oid.c.o`
[WinError 2] 指定されたファイルが見つかりません。: 'C:\\Users\\wararyo\\Git\\M5StopWatch-wararyoLauncher\\.pio\\build\\m5stopwatch-render
-check\\mbedtls\\mbedtls\\library\\padlock.c.o' 
Please manually remove the file `C:\Users\wararyo\Git\M5StopWatch-wararyoLauncher\.pio\build\m5stopwatch-render-check\m
bedtls\mbedtls\library\padlock.c.o`
[WinError 2] 指定されたファイルが見つかりません。: 'C:\\Users\\wararyo\\Git\\M5StopWatch-wararyoLauncher\\.pio\\build\\m5stopwatch-render
-check\\mbedtls\\mbedtls\\library\\pem.c.o' 
Please manually remove the file `C:\Users\wararyo\Git\M5StopWatch-wararyoLauncher\.pio\build\m5stopwatch-render-check\m
bedtls\mbedtls\library\pem.c.o`
[WinError 2] 指定されたファイルが見つかりません。: 'C:\\Users\\wararyo\\Git\\M5StopWatch-wararyoLauncher\\.pio\\build\\m5stopwatch-render
-check\\mbedtls\\mbedtls\\library\\pk.c.o' 
Please manually remove the file `C:\Users\wararyo\Git\M5StopWatch-wararyoLauncher\.pio\build\m5stopwatch-render-check\m
bedtls\mbedtls\library\pk.c.o`
[WinError 2] 指定されたファイルが見つかりません。: 'C:\\Users\\wararyo\\Git\\M5StopWatch-wararyoLauncher\\.pio\\build\\m5stopwatch-render
-check\\mbedtls\\mbedtls\\library\\pkcs12.c.o' 
Please manually remove the file `C:\Users\wararyo\Git\M5StopWatch-wararyoLauncher\.pio\build\m5stopwatch-render-check\m
bedtls\mbedtls\library\pkcs12.c.o`
[WinError 2] 指定されたファイルが見つかりません。: 'C:\\Users\\wararyo\\Git\\M5StopWatch-wararyoLauncher\\.pio\\build\\m5stopwatch-render
-check\\mbedtls\\mbedtls\\library\\pkcs5.c.o' 
Please manually remove the file `C:\Users\wararyo\Git\M5StopWatch-wararyoLauncher\.pio\build\m5stopwatch-render-check\m
bedtls\mbedtls\library\pkcs5.c.o`
[WinError 2] 指定されたファイルが見つかりません。: 'C:\\Users\\wararyo\\Git\\M5StopWatch-wararyoLauncher\\.pio\\build\\m5stopwatch-render
-check\\mbedtls\\mbedtls\\library\\pkcs7.c.o' 
Please manually remove the file `C:\Users\wararyo\Git\M5StopWatch-wararyoLauncher\.pio\build\m5stopwatch-render-check\m
bedtls\mbedtls\library\pkcs7.c.o`
[WinError 2] 指定されたファイルが見つかりません。: 'C:\\Users\\wararyo\\Git\\M5StopWatch-wararyoLauncher\\.pio\\build\\m5stopwatch-render
-check\\mbedtls\\mbedtls\\library\\pkparse.c.o' 
Please manually remove the file `C:\Users\wararyo\Git\M5StopWatch-wararyoLauncher\.pio\build\m5stopwatch-render-check\m
bedtls\mbedtls\library\pkparse.c.o`
[WinError 2] 指定されたファイルが見つかりません。: 'C:\\Users\\wararyo\\Git\\M5StopWatch-wararyoLauncher\\.pio\\build\\m5stopwatch-render
-check\\mbedtls\\mbedtls\\library\\pkwrite.c.o' 
Please manually remove the file `C:\Users\wararyo\Git\M5StopWatch-wararyoLauncher\.pio\build\m5stopwatch-render-check\m
bedtls\mbedtls\library\pkwrite.c.o`
[WinError 2] 指定されたファイルが見つかりません。: 'C:\\Users\\wararyo\\Git\\M5StopWatch-wararyoLauncher\\.pio\\build\\m5stopwatch-render
-check\\mbedtls\\mbedtls\\library\\pk_ecc.c.o' 
Please manually remove the file `C:\Users\wararyo\Git\M5StopWatch-wararyoLauncher\.pio\build\m5stopwatch-render-check\m
bedtls\mbedtls\library\pk_ecc.c.o`
[WinError 2] 指定されたファイルが見つかりません。: 'C:\\Users\\wararyo\\Git\\M5StopWatch-wararyoLauncher\\.pio\\build\\m5stopwatch-render
-check\\mbedtls\\mbedtls\\library\\pk_wrap.c.o' 
Please manually remove the file `C:\Users\wararyo\Git\M5StopWatch-wararyoLauncher\.pio\build\m5stopwatch-render-check\m
bedtls\mbedtls\library\pk_wrap.c.o`
[WinError 2] 指定されたファイルが見つかりません。: 'C:\\Users\\wararyo\\Git\\M5StopWatch-wararyoLauncher\\.pio\\build\\m5stopwatch-render
-check\\mbedtls\\mbedtls\\library\\platform.c.o' 
Please manually remove the file `C:\Users\wararyo\Git\M5StopWatch-wararyoLauncher\.pio\build\m5stopwatch-render-check\m
bedtls\mbedtls\library\platform.c.o`
[WinError 2] 指定されたファイルが見つかりません。: 'C:\\Users\\wararyo\\Git\\M5StopWatch-wararyoLauncher\\.pio\\build\\m5stopwatch-render
-check\\mbedtls\\mbedtls\\library\\platform_util.c.o' 
Please manually remove the file `C:\Users\wararyo\Git\M5StopWatch-wararyoLauncher\.pio\build\m5stopwatch-render-check\m
bedtls\mbedtls\library\platform_util.c.o`
[WinError 2] 指定されたファイルが見つかりません。: 'C:\\Users\\wararyo\\Git\\M5StopWatch-wararyoLauncher\\.pio\\build\\m5stopwatch-render
-check\\mbedtls\\mbedtls\\library\\poly1305.c.o' 
Please manually remove the file `C:\Users\wararyo\Git\M5StopWatch-wararyoLauncher\.pio\build\m5stopwatch-render-check\m
bedtls\mbedtls\library\poly1305.c.o`
[WinError 2] 指定されたファイルが見つかりません。: 'C:\\Users\\wararyo\\Git\\M5StopWatch-wararyoLauncher\\.pio\\build\\m5stopwatch-render
-check\\mbedtls\\mbedtls\\library\\psa_crypto.c.o' 
Please manually remove the file `C:\Users\wararyo\Git\M5StopWatch-wararyoLauncher\.pio\build\m5stopwatch-render-check\m
bedtls\mbedtls\library\psa_crypto.c.o`
[WinError 2] 指定されたファイルが見つかりません。: 'C:\\Users\\wararyo\\Git\\M5StopWatch-wararyoLauncher\\.pio\\build\\m5stopwatch-render
-check\\mbedtls\\mbedtls\\library\\psa_crypto_aead.c.o' 
Please manually remove the file `C:\Users\wararyo\Git\M5StopWatch-wararyoLauncher\.pio\build\m5stopwatch-render-check\m
bedtls\mbedtls\library\psa_crypto_aead.c.o`
[WinError 2] 指定されたファイルが見つかりません。: 'C:\\Users\\wararyo\\Git\\M5StopWatch-wararyoLauncher\\.pio\\build\\m5stopwatch-render
-check\\mbedtls\\mbedtls\\library\\psa_crypto_cipher.c.o' 
Please manually remove the file `C:\Users\wararyo\Git\M5StopWatch-wararyoLauncher\.pio\build\m5stopwatch-render-check\m
bedtls\mbedtls\library\psa_crypto_cipher.c.o`
[WinError 2] 指定されたファイルが見つかりません。: 'C:\\Users\\wararyo\\Git\\M5StopWatch-wararyoLauncher\\.pio\\build\\m5stopwatch-render
-check\\mbedtls\\mbedtls\\library\\psa_crypto_client.c.o' 
Please manually remove the file `C:\Users\wararyo\Git\M5StopWatch-wararyoLauncher\.pio\build\m5stopwatch-render-check\m
bedtls\mbedtls\library\psa_crypto_client.c.o`
[WinError 2] 指定されたファイルが見つかりません。: 'C:\\Users\\wararyo\\Git\\M5StopWatch-wararyoLauncher\\.pio\\build\\m5stopwatch-render
-check\\mbedtls\\mbedtls\\library\\psa_crypto_driver_wrappers_no_static.c.o' 
Please manually remove the file `C:\Users\wararyo\Git\M5StopWatch-wararyoLauncher\.pio\build\m5stopwatch-render-check\m
bedtls\mbedtls\library\psa_crypto_driver_wrappers_no_static.c.o`
[WinError 2] 指定されたファイルが見つかりません。: 'C:\\Users\\wararyo\\Git\\M5StopWatch-wararyoLauncher\\.pio\\build\\m5stopwatch-render
-check\\mbedtls\\mbedtls\\library\\psa_crypto_ecp.c.o' 
Please manually remove the file `C:\Users\wararyo\Git\M5StopWatch-wararyoLauncher\.pio\build\m5stopwatch-render-check\m
bedtls\mbedtls\library\psa_crypto_ecp.c.o`
[WinError 2] 指定されたファイルが見つかりません。: 'C:\\Users\\wararyo\\Git\\M5StopWatch-wararyoLauncher\\.pio\\build\\m5stopwatch-render
-check\\mbedtls\\mbedtls\\library\\psa_crypto_ffdh.c.o' 
Please manually remove the file `C:\Users\wararyo\Git\M5StopWatch-wararyoLauncher\.pio\build\m5stopwatch-render-check\m
bedtls\mbedtls\library\psa_crypto_ffdh.c.o`
[WinError 2] 指定されたファイルが見つかりません。: 'C:\\Users\\wararyo\\Git\\M5StopWatch-wararyoLauncher\\.pio\\build\\m5stopwatch-render
-check\\mbedtls\\mbedtls\\library\\psa_crypto_hash.c.o' 
Please manually remove the file `C:\Users\wararyo\Git\M5StopWatch-wararyoLauncher\.pio\build\m5stopwatch-render-check\m
bedtls\mbedtls\library\psa_crypto_hash.c.o`
[WinError 2] 指定されたファイルが見つかりません。: 'C:\\Users\\wararyo\\Git\\M5StopWatch-wararyoLauncher\\.pio\\build\\m5stopwatch-render
-check\\mbedtls\\mbedtls\\library\\psa_crypto_mac.c.o' 
Please manually remove the file `C:\Users\wararyo\Git\M5StopWatch-wararyoLauncher\.pio\build\m5stopwatch-render-check\m
bedtls\mbedtls\library\psa_crypto_mac.c.o`
[WinError 2] 指定されたファイルが見つかりません。: 'C:\\Users\\wararyo\\Git\\M5StopWatch-wararyoLauncher\\.pio\\build\\m5stopwatch-render
-check\\mbedtls\\mbedtls\\library\\psa_crypto_pake.c.o' 
Please manually remove the file `C:\Users\wararyo\Git\M5StopWatch-wararyoLauncher\.pio\build\m5stopwatch-render-check\m
bedtls\mbedtls\library\psa_crypto_pake.c.o`
[WinError 2] 指定されたファイルが見つかりません。: 'C:\\Users\\wararyo\\Git\\M5StopWatch-wararyoLauncher\\.pio\\build\\m5stopwatch-render
-check\\mbedtls\\mbedtls\\library\\psa_crypto_rsa.c.o' 
Please manually remove the file `C:\Users\wararyo\Git\M5StopWatch-wararyoLauncher\.pio\build\m5stopwatch-render-check\m
bedtls\mbedtls\library\psa_crypto_rsa.c.o`
[WinError 2] 指定されたファイルが見つかりません。: 'C:\\Users\\wararyo\\Git\\M5StopWatch-wararyoLauncher\\.pio\\build\\m5stopwatch-render
-check\\mbedtls\\mbedtls\\library\\psa_crypto_se.c.o' 
Please manually remove the file `C:\Users\wararyo\Git\M5StopWatch-wararyoLauncher\.pio\build\m5stopwatch-render-check\m
bedtls\mbedtls\library\psa_crypto_se.c.o`
[WinError 2] 指定されたファイルが見つかりません。: 'C:\\Users\\wararyo\\Git\\M5StopWatch-wararyoLauncher\\.pio\\build\\m5stopwatch-render
-check\\mbedtls\\mbedtls\\library\\psa_crypto_slot_management.c.o' 
Please manually remove the file `C:\Users\wararyo\Git\M5StopWatch-wararyoLauncher\.pio\build\m5stopwatch-render-check\m
bedtls\mbedtls\library\psa_crypto_slot_management.c.o`
[WinError 2] 指定されたファイルが見つかりません。: 'C:\\Users\\wararyo\\Git\\M5StopWatch-wararyoLauncher\\.pio\\build\\m5stopwatch-render
-check\\mbedtls\\mbedtls\\library\\psa_crypto_storage.c.o' 
Please manually remove the file `C:\Users\wararyo\Git\M5StopWatch-wararyoLauncher\.pio\build\m5stopwatch-render-check\m
bedtls\mbedtls\library\psa_crypto_storage.c.o`
[WinError 2] 指定されたファイルが見つかりません。: 'C:\\Users\\wararyo\\Git\\M5StopWatch-wararyoLauncher\\.pio\\build\\m5stopwatch-render
-check\\mbedtls\\mbedtls\\library\\psa_its_file.c.o' 
Please manually remove the file `C:\Users\wararyo\Git\M5StopWatch-wararyoLauncher\.pio\build\m5stopwatch-render-check\m
bedtls\mbedtls\library\psa_its_file.c.o`
[WinError 2] 指定されたファイルが見つかりません。: 'C:\\Users\\wararyo\\Git\\M5StopWatch-wararyoLauncher\\.pio\\build\\m5stopwatch-render
-check\\mbedtls\\mbedtls\\library\\psa_util.c.o' 
Please manually remove the file `C:\Users\wararyo\Git\M5StopWatch-wararyoLauncher\.pio\build\m5stopwatch-render-check\m
bedtls\mbedtls\library\psa_util.c.o`
[WinError 2] 指定されたファイルが見つかりません。: 'C:\\Users\\wararyo\\Git\\M5StopWatch-wararyoLauncher\\.pio\\build\\m5stopwatch-render
-check\\mbedtls\\mbedtls\\library\\ripemd160.c.o' 
Please manually remove the file `C:\Users\wararyo\Git\M5StopWatch-wararyoLauncher\.pio\build\m5stopwatch-render-check\m
bedtls\mbedtls\library\ripemd160.c.o`
[WinError 2] 指定されたファイルが見つかりません。: 'C:\\Users\\wararyo\\Git\\M5StopWatch-wararyoLauncher\\.pio\\build\\m5stopwatch-render
-check\\mbedtls\\mbedtls\\library\\rsa.c.o' 
Please manually remove the file `C:\Users\wararyo\Git\M5StopWatch-wararyoLauncher\.pio\build\m5stopwatch-render-check\m
bedtls\mbedtls\library\rsa.c.o`
[WinError 2] 指定されたファイルが見つかりません。: 'C:\\Users\\wararyo\\Git\\M5StopWatch-wararyoLauncher\\.pio\\build\\m5stopwatch-render
-check\\mbedtls\\mbedtls\\library\\rsa_alt_helpers.c.o' 
Please manually remove the file `C:\Users\wararyo\Git\M5StopWatch-wararyoLauncher\.pio\build\m5stopwatch-render-check\m
bedtls\mbedtls\library\rsa_alt_helpers.c.o`
[WinError 2] 指定されたファイルが見つかりません。: 'C:\\Users\\wararyo\\Git\\M5StopWatch-wararyoLauncher\\.pio\\build\\m5stopwatch-render
-check\\mbedtls\\mbedtls\\library\\sha1.c.o' 
Please manually remove the file `C:\Users\wararyo\Git\M5StopWatch-wararyoLauncher\.pio\build\m5stopwatch-render-check\m
bedtls\mbedtls\library\sha1.c.o`
[WinError 2] 指定されたファイルが見つかりません。: 'C:\\Users\\wararyo\\Git\\M5StopWatch-wararyoLauncher\\.pio\\build\\m5stopwatch-render
-check\\mbedtls\\mbedtls\\library\\sha256.c.o' 
Please manually remove the file `C:\Users\wararyo\Git\M5StopWatch-wararyoLauncher\.pio\build\m5stopwatch-render-check\m
bedtls\mbedtls\library\sha256.c.o`
[WinError 2] 指定されたファイルが見つかりません。: 'C:\\Users\\wararyo\\Git\\M5StopWatch-wararyoLauncher\\.pio\\build\\m5stopwatch-render
-check\\mbedtls\\mbedtls\\library\\sha3.c.o' 
Please manually remove the file `C:\Users\wararyo\Git\M5StopWatch-wararyoLauncher\.pio\build\m5stopwatch-render-check\m
bedtls\mbedtls\library\sha3.c.o`
[WinError 2] 指定されたファイルが見つかりません。: 'C:\\Users\\wararyo\\Git\\M5StopWatch-wararyoLauncher\\.pio\\build\\m5stopwatch-render
-check\\mbedtls\\mbedtls\\library\\sha512.c.o' 
Please manually remove the file `C:\Users\wararyo\Git\M5StopWatch-wararyoLauncher\.pio\build\m5stopwatch-render-check\m
bedtls\mbedtls\library\sha512.c.o`
[WinError 2] 指定されたファイルが見つかりません。: 'C:\\Users\\wararyo\\Git\\M5StopWatch-wararyoLauncher\\.pio\\build\\m5stopwatch-render
-check\\mbedtls\\mbedtls\\library\\ssl_cache.c.o' 
Please manually remove the file `C:\Users\wararyo\Git\M5StopWatch-wararyoLauncher\.pio\build\m5stopwatch-render-check\m
bedtls\mbedtls\library\ssl_cache.c.o`
[WinError 2] 指定されたファイルが見つかりません。: 'C:\\Users\\wararyo\\Git\\M5StopWatch-wararyoLauncher\\.pio\\build\\m5stopwatch-render
-check\\mbedtls\\mbedtls\\library\\ssl_ciphersuites.c.o' 
Please manually remove the file `C:\Users\wararyo\Git\M5StopWatch-wararyoLauncher\.pio\build\m5stopwatch-render-check\m
bedtls\mbedtls\library\ssl_ciphersuites.c.o`
[WinError 2] 指定されたファイルが見つかりません。: 'C:\\Users\\wararyo\\Git\\M5StopWatch-wararyoLauncher\\.pio\\build\\m5stopwatch-render
-check\\mbedtls\\mbedtls\\library\\ssl_client.c.o' 
Please manually remove the file `C:\Users\wararyo\Git\M5StopWatch-wararyoLauncher\.pio\build\m5stopwatch-render-check\m
bedtls\mbedtls\library\ssl_client.c.o`
[WinError 2] 指定されたファイルが見つかりません。: 'C:\\Users\\wararyo\\Git\\M5StopWatch-wararyoLauncher\\.pio\\build\\m5stopwatch-render
-check\\mbedtls\\mbedtls\\library\\ssl_cookie.c.o' 
Please manually remove the file `C:\Users\wararyo\Git\M5StopWatch-wararyoLauncher\.pio\build\m5stopwatch-render-check\m
bedtls\mbedtls\library\ssl_cookie.c.o`
[WinError 2] 指定されたファイルが見つかりません。: 'C:\\Users\\wararyo\\Git\\M5StopWatch-wararyoLauncher\\.pio\\build\\m5stopwatch-render
-check\\mbedtls\\mbedtls\\library\\ssl_debug_helpers_generated.c.o' 
Please manually remove the file `C:\Users\wararyo\Git\M5StopWatch-wararyoLauncher\.pio\build\m5stopwatch-render-check\m
bedtls\mbedtls\library\ssl_debug_helpers_generated.c.o`
[WinError 2] 指定されたファイルが見つかりません。: 'C:\\Users\\wararyo\\Git\\M5StopWatch-wararyoLauncher\\.pio\\build\\m5stopwatch-render
-check\\mbedtls\\mbedtls\\library\\ssl_msg.c.o' 
Please manually remove the file `C:\Users\wararyo\Git\M5StopWatch-wararyoLauncher\.pio\build\m5stopwatch-render-check\m
bedtls\mbedtls\library\ssl_msg.c.o`
[WinError 2] 指定されたファイルが見つかりません。: 'C:\\Users\\wararyo\\Git\\M5StopWatch-wararyoLauncher\\.pio\\build\\m5stopwatch-render
-check\\mbedtls\\mbedtls\\library\\ssl_ticket.c.o' 
Please manually remove the file `C:\Users\wararyo\Git\M5StopWatch-wararyoLauncher\.pio\build\m5stopwatch-render-check\m
bedtls\mbedtls\library\ssl_ticket.c.o`
[WinError 2] 指定されたファイルが見つかりません。: 'C:\\Users\\wararyo\\Git\\M5StopWatch-wararyoLauncher\\.pio\\build\\m5stopwatch-render
-check\\mbedtls\\mbedtls\\library\\ssl_tls.c.o' 
Please manually remove the file `C:\Users\wararyo\Git\M5StopWatch-wararyoLauncher\.pio\build\m5stopwatch-render-check\m
bedtls\mbedtls\library\ssl_tls.c.o`
[WinError 2] 指定されたファイルが見つかりません。: 'C:\\Users\\wararyo\\Git\\M5StopWatch-wararyoLauncher\\.pio\\build\\m5stopwatch-render
-check\\mbedtls\\mbedtls\\library\\ssl_tls12_client.c.o' 
Please manually remove the file `C:\Users\wararyo\Git\M5StopWatch-wararyoLauncher\.pio\build\m5stopwatch-render-check\m
bedtls\mbedtls\library\ssl_tls12_client.c.o`
[WinError 2] 指定されたファイルが見つかりません。: 'C:\\Users\\wararyo\\Git\\M5StopWatch-wararyoLauncher\\.pio\\build\\m5stopwatch-render
-check\\mbedtls\\mbedtls\\library\\ssl_tls12_server.c.o' 
Please manually remove the file `C:\Users\wararyo\Git\M5StopWatch-wararyoLauncher\.pio\build\m5stopwatch-render-check\m
bedtls\mbedtls\library\ssl_tls12_server.c.o`
[WinError 2] 指定されたファイルが見つかりません。: 'C:\\Users\\wararyo\\Git\\M5StopWatch-wararyoLauncher\\.pio\\build\\m5stopwatch-render
-check\\mbedtls\\mbedtls\\library\\ssl_tls13_client.c.o' 
Please manually remove the file `C:\Users\wararyo\Git\M5StopWatch-wararyoLauncher\.pio\build\m5stopwatch-render-check\m
bedtls\mbedtls\library\ssl_tls13_client.c.o`
[WinError 2] 指定されたファイルが見つかりません。: 'C:\\Users\\wararyo\\Git\\M5StopWatch-wararyoLauncher\\.pio\\build\\m5stopwatch-render
-check\\mbedtls\\mbedtls\\library\\ssl_tls13_generic.c.o' 
Please manually remove the file `C:\Users\wararyo\Git\M5StopWatch-wararyoLauncher\.pio\build\m5stopwatch-render-check\m
bedtls\mbedtls\library\ssl_tls13_generic.c.o`
[WinError 2] 指定されたファイルが見つかりません。: 'C:\\Users\\wararyo\\Git\\M5StopWatch-wararyoLauncher\\.pio\\build\\m5stopwatch-render
-check\\mbedtls\\mbedtls\\library\\ssl_tls13_keys.c.o' 
Please manually remove the file `C:\Users\wararyo\Git\M5StopWatch-wararyoLauncher\.pio\build\m5stopwatch-render-check\m
bedtls\mbedtls\library\ssl_tls13_keys.c.o`
[WinError 2] 指定されたファイルが見つかりません。: 'C:\\Users\\wararyo\\Git\\M5StopWatch-wararyoLauncher\\.pio\\build\\m5stopwatch-render
-check\\mbedtls\\mbedtls\\library\\ssl_tls13_server.c.o' 
Please manually remove the file `C:\Users\wararyo\Git\M5StopWatch-wararyoLauncher\.pio\build\m5stopwatch-render-check\m
bedtls\mbedtls\library\ssl_tls13_server.c.o`
[WinError 2] 指定されたファイルが見つかりません。: 'C:\\Users\\wararyo\\Git\\M5StopWatch-wararyoLauncher\\.pio\\build\\m5stopwatch-render
-check\\mbedtls\\mbedtls\\library\\threading.c.o' 
Please manually remove the file `C:\Users\wararyo\Git\M5StopWatch-wararyoLauncher\.pio\build\m5stopwatch-render-check\m
bedtls\mbedtls\library\threading.c.o`
[WinError 2] 指定されたファイルが見つかりません。: 'C:\\Users\\wararyo\\Git\\M5StopWatch-wararyoLauncher\\.pio\\build\\m5stopwatch-render
-check\\mbedtls\\mbedtls\\library\\timing.c.o' 
Please manually remove the file `C:\Users\wararyo\Git\M5StopWatch-wararyoLauncher\.pio\build\m5stopwatch-render-check\m
bedtls\mbedtls\library\timing.c.o`
[WinError 2] 指定されたファイルが見つかりません。: 'C:\\Users\\wararyo\\Git\\M5StopWatch-wararyoLauncher\\.pio\\build\\m5stopwatch-render
-check\\mbedtls\\mbedtls\\library\\version.c.o' 
Please manually remove the file `C:\Users\wararyo\Git\M5StopWatch-wararyoLauncher\.pio\build\m5stopwatch-render-check\m
bedtls\mbedtls\library\version.c.o`
[WinError 2] 指定されたファイルが見つかりません。: 'C:\\Users\\wararyo\\Git\\M5StopWatch-wararyoLauncher\\.pio\\build\\m5stopwatch-render
-check\\mbedtls\\mbedtls\\library\\version_features.c.o' 
Please manually remove the file `C:\Users\wararyo\Git\M5StopWatch-wararyoLauncher\.pio\build\m5stopwatch-render-check\m
bedtls\mbedtls\library\version_features.c.o`
[WinError 2] 指定されたファイルが見つかりません。: 'C:\\Users\\wararyo\\Git\\M5StopWatch-wararyoLauncher\\.pio\\build\\m5stopwatch-render
-check\\mbedtls\\mbedtls\\library\\x509.c.o' 
Please manually remove the file `C:\Users\wararyo\Git\M5StopWatch-wararyoLauncher\.pio\build\m5stopwatch-render-check\m
bedtls\mbedtls\library\x509.c.o`
[WinError 2] 指定されたファイルが見つかりません。: 'C:\\Users\\wararyo\\Git\\M5StopWatch-wararyoLauncher\\.pio\\build\\m5stopwatch-render
-check\\mbedtls\\mbedtls\\library\\x509write.c.o' 
Please manually remove the file `C:\Users\wararyo\Git\M5StopWatch-wararyoLauncher\.pio\build\m5stopwatch-render-check\m
bedtls\mbedtls\library\x509write.c.o`
[WinError 2] 指定されたファイルが見つかりません。: 'C:\\Users\\wararyo\\Git\\M5StopWatch-wararyoLauncher\\.pio\\build\\m5stopwatch-render
-check\\mbedtls\\mbedtls\\library\\x509write_crt.c.o' 
Please manually remove the file `C:\Users\wararyo\Git\M5StopWatch-wararyoLauncher\.pio\build\m5stopwatch-render-check\m
bedtls\mbedtls\library\x509write_crt.c.o`
[WinError 2] 指定されたファイルが見つかりません。: 'C:\\Users\\wararyo\\Git\\M5StopWatch-wararyoLauncher\\.pio\\build\\m5stopwatch-render
-check\\mbedtls\\mbedtls\\library\\x509write_csr.c.o' 
Please manually remove the file `C:\Users\wararyo\Git\M5StopWatch-wararyoLauncher\.pio\build\m5stopwatch-render-check\m
bedtls\mbedtls\library\x509write_csr.c.o`
[WinError 2] 指定されたファイルが見つかりません。: 'C:\\Users\\wararyo\\Git\\M5StopWatch-wararyoLauncher\\.pio\\build\\m5stopwatch-render
-check\\mbedtls\\mbedtls\\library\\x509_create.c.o' 
Please manually remove the file `C:\Users\wararyo\Git\M5StopWatch-wararyoLauncher\.pio\build\m5stopwatch-render-check\m
bedtls\mbedtls\library\x509_create.c.o`
[WinError 2] 指定されたファイルが見つかりません。: 'C:\\Users\\wararyo\\Git\\M5StopWatch-wararyoLauncher\\.pio\\build\\m5stopwatch-render
-check\\mbedtls\\mbedtls\\library\\x509_crl.c.o' 
Please manually remove the file `C:\Users\wararyo\Git\M5StopWatch-wararyoLauncher\.pio\build\m5stopwatch-render-check\m
bedtls\mbedtls\library\x509_crl.c.o`
[WinError 3] 指定されたパスが見つかりません。: 'C:\\Users\\wararyo\\Git\\M5StopWatch-wararyoLauncher\\.pio\\build\\m5stopwatch-render-c
heck\\mbedtls\\mbedtls\\library\\x509_crt.c.o' 
Please manually remove the file `C:\Users\wararyo\Git\M5StopWatch-wararyoLauncher\.pio\build\m5stopwatch-render-check\m
bedtls\mbedtls\library\x509_crt.c.o`
[WinError 3] 指定されたパスが見つかりません。: 'C:\\Users\\wararyo\\Git\\M5StopWatch-wararyoLauncher\\.pio\\build\\m5stopwatch-render-c
heck\\mbedtls\\mbedtls\\library\\x509_csr.c.o' 
Please manually remove the file `C:\Users\wararyo\Git\M5StopWatch-wararyoLauncher\.pio\build\m5stopwatch-render-check\m
bedtls\mbedtls\library\x509_csr.c.o`
[WinError 3] 指定されたパスが見つかりません。: 'C:\\Users\\wararyo\\Git\\M5StopWatch-wararyoLauncher\\.pio\\build\\m5stopwatch-render-c
heck\\mbedtls\\mbedtls\\library' 
Please manually remove the file `C:\Users\wararyo\Git\M5StopWatch-wararyoLauncher\.pio\build\m5stopwatch-render-check\m
bedtls\mbedtls\library`
[WinError 2] 指定されたファイルが見つかりません。: 'C:\\Users\\wararyo\\Git\\M5StopWatch-wararyoLauncher\\.pio\\build\\m5stopwatch-render
-check\\mbedtls\\mbedtls' 
Please manually remove the file `C:\Users\wararyo\Git\M5StopWatch-wararyoLauncher\.pio\build\m5stopwatch-render-check\m
bedtls\mbedtls`
[WinError 2] 指定されたファイルが見つかりません。: 'C:\\Users\\wararyo\\Git\\M5StopWatch-wararyoLauncher\\.pio\\build\\m5stopwatch-render
-check\\mbedtls\\port\\aes\\dma\\esp_aes_dma_core.c.o' 
Please manually remove the file `C:\Users\wararyo\Git\M5StopWatch-wararyoLauncher\.pio\build\m5stopwatch-render-check\m
bedtls\port\aes\dma\esp_aes_dma_core.c.o`
[WinError 3] 指定されたパスが見つかりません。: 'C:\\Users\\wararyo\\Git\\M5StopWatch-wararyoLauncher\\.pio\\build\\m5stopwatch-render-c
heck\\mbedtls\\port\\aes\\dma\\esp_aes_gdma_impl.c.o' 
Please manually remove the file `C:\Users\wararyo\Git\M5StopWatch-wararyoLauncher\.pio\build\m5stopwatch-render-check\m
bedtls\port\aes\dma\esp_aes_gdma_impl.c.o`
[WinError 2] 指定されたファイルが見つかりません。: 'C:\\Users\\wararyo\\Git\\M5StopWatch-wararyoLauncher\\.pio\\build\\m5stopwatch-render
-check\\mbedtls\\port\\aes\\dma' 
Please manually remove the file `C:\Users\wararyo\Git\M5StopWatch-wararyoLauncher\.pio\build\m5stopwatch-render-check\m
bedtls\port\aes\dma`
[WinError 2] 指定されたファイルが見つかりません。: 'C:\\Users\\wararyo\\Git\\M5StopWatch-wararyoLauncher\\.pio\\build\\m5stopwatch-render
-check\\mbedtls\\port\\aes\\esp_aes_common.c.o' 
Please manually remove the file `C:\Users\wararyo\Git\M5StopWatch-wararyoLauncher\.pio\build\m5stopwatch-render-check\m
bedtls\port\aes\esp_aes_common.c.o`
[WinError 2] 指定されたファイルが見つかりません。: 'C:\\Users\\wararyo\\Git\\M5StopWatch-wararyoLauncher\\.pio\\build\\m5stopwatch-render
-check\\mbedtls\\port\\aes\\esp_aes_gcm.c.o' 
Please manually remove the file `C:\Users\wararyo\Git\M5StopWatch-wararyoLauncher\.pio\build\m5stopwatch-render-check\m
bedtls\port\aes\esp_aes_gcm.c.o`
[WinError 2] 指定されたファイルが見つかりません。: 'C:\\Users\\wararyo\\Git\\M5StopWatch-wararyoLauncher\\.pio\\build\\m5stopwatch-render
-check\\mbedtls\\port\\aes\\esp_aes_xts.c.o' 
Please manually remove the file `C:\Users\wararyo\Git\M5StopWatch-wararyoLauncher\.pio\build\m5stopwatch-render-check\m
bedtls\port\aes\esp_aes_xts.c.o`
[WinError 2] 指定されたファイルが見つかりません。: 'C:\\Users\\wararyo\\Git\\M5StopWatch-wararyoLauncher\\.pio\\build\\m5stopwatch-render
-check\\mbedtls\\port\\aes' 
Please manually remove the file `C:\Users\wararyo\Git\M5StopWatch-wararyoLauncher\.pio\build\m5stopwatch-render-check\m
bedtls\port\aes`
[WinError 2] 指定されたファイルが見つかりません。: 'C:\\Users\\wararyo\\Git\\M5StopWatch-wararyoLauncher\\.pio\\build\\m5stopwatch-render
-check\\mbedtls\\port\\bignum\\bignum_alt.c.o' 
Please manually remove the file `C:\Users\wararyo\Git\M5StopWatch-wararyoLauncher\.pio\build\m5stopwatch-render-check\m
bedtls\port\bignum\bignum_alt.c.o`
[WinError 3] 指定されたパスが見つかりません。: 'C:\\Users\\wararyo\\Git\\M5StopWatch-wararyoLauncher\\.pio\\build\\m5stopwatch-render-c
heck\\mbedtls\\port\\bignum\\esp_bignum.c.o' 
Please manually remove the file `C:\Users\wararyo\Git\M5StopWatch-wararyoLauncher\.pio\build\m5stopwatch-render-check\m
bedtls\port\bignum\esp_bignum.c.o`
[WinError 2] 指定されたファイルが見つかりません。: 'C:\\Users\\wararyo\\Git\\M5StopWatch-wararyoLauncher\\.pio\\build\\m5stopwatch-render
-check\\mbedtls\\port\\bignum' 
Please manually remove the file `C:\Users\wararyo\Git\M5StopWatch-wararyoLauncher\.pio\build\m5stopwatch-render-check\m
bedtls\port\bignum`
[WinError 2] 指定されたファイルが見つかりません。: 'C:\\Users\\wararyo\\Git\\M5StopWatch-wararyoLauncher\\.pio\\build\\m5stopwatch-render
-check\\mbedtls\\port\\crypto_shared_gdma' 
Please manually remove the file `C:\Users\wararyo\Git\M5StopWatch-wararyoLauncher\.pio\build\m5stopwatch-render-check\m
bedtls\port\crypto_shared_gdma`
[WinError 3] 指定されたパスが見つかりません。: 'C:\\Users\\wararyo\\Git\\M5StopWatch-wararyoLauncher\\.pio\\build\\m5stopwatch-render-c
heck\\mbedtls\\port\\esp_ds\\esp_rsa_sign_alt.c.o' 
Please manually remove the file `C:\Users\wararyo\Git\M5StopWatch-wararyoLauncher\.pio\build\m5stopwatch-render-check\m
bedtls\port\esp_ds\esp_rsa_sign_alt.c.o`
[WinError 2] 指定されたファイルが見つかりません。: 'C:\\Users\\wararyo\\Git\\M5StopWatch-wararyoLauncher\\.pio\\build\\m5stopwatch-render
-check\\mbedtls\\port\\esp_ds' 
Please manually remove the file `C:\Users\wararyo\Git\M5StopWatch-wararyoLauncher\.pio\build\m5stopwatch-render-check\m
bedtls\port\esp_ds`
[WinError 2] 指定されたファイルが見つかりません。: 'C:\\Users\\wararyo\\Git\\M5StopWatch-wararyoLauncher\\.pio\\build\\m5stopwatch-render
-check\\mbedtls\\port\\esp_hardware.c.o' 
Please manually remove the file `C:\Users\wararyo\Git\M5StopWatch-wararyoLauncher\.pio\build\m5stopwatch-render-check\m
bedtls\port\esp_hardware.c.o`
[WinError 2] 指定されたファイルが見つかりません。: 'C:\\Users\\wararyo\\Git\\M5StopWatch-wararyoLauncher\\.pio\\build\\m5stopwatch-render
-check\\mbedtls\\port\\esp_mem.c.o' 
Please manually remove the file `C:\Users\wararyo\Git\M5StopWatch-wararyoLauncher\.pio\build\m5stopwatch-render-check\m
bedtls\port\esp_mem.c.o`
[WinError 2] 指定されたファイルが見つかりません。: 'C:\\Users\\wararyo\\Git\\M5StopWatch-wararyoLauncher\\.pio\\build\\m5stopwatch-render
-check\\mbedtls\\port\\esp_platform_time.c.o' 
Please manually remove the file `C:\Users\wararyo\Git\M5StopWatch-wararyoLauncher\.pio\build\m5stopwatch-render-check\m
bedtls\port\esp_platform_time.c.o`
[WinError 2] 指定されたファイルが見つかりません。: 'C:\\Users\\wararyo\\Git\\M5StopWatch-wararyoLauncher\\.pio\\build\\m5stopwatch-render
-check\\mbedtls\\port\\esp_timing.c.o' 
Please manually remove the file `C:\Users\wararyo\Git\M5StopWatch-wararyoLauncher\.pio\build\m5stopwatch-render-check\m
bedtls\port\esp_timing.c.o`
[WinError 2] 指定されたファイルが見つかりません。: 'C:\\Users\\wararyo\\Git\\M5StopWatch-wararyoLauncher\\.pio\\build\\m5stopwatch-render
-check\\mbedtls\\port\\mbedtls_debug.c.o' 
Please manually remove the file `C:\Users\wararyo\Git\M5StopWatch-wararyoLauncher\.pio\build\m5stopwatch-render-check\m
bedtls\port\mbedtls_debug.c.o`
[WinError 2] 指定されたファイルが見つかりません。: 'C:\\Users\\wararyo\\Git\\M5StopWatch-wararyoLauncher\\.pio\\build\\m5stopwatch-render
-check\\mbedtls\\port\\md' 
Please manually remove the file `C:\Users\wararyo\Git\M5StopWatch-wararyoLauncher\.pio\build\m5stopwatch-render-check\m
bedtls\port\md`
[WinError 2] 指定されたファイルが見つかりません。: 'C:\\Users\\wararyo\\Git\\M5StopWatch-wararyoLauncher\\.pio\\build\\m5stopwatch-render
-check\\mbedtls\\port\\md' 
Please manually remove the file `C:\Users\wararyo\Git\M5StopWatch-wararyoLauncher\.pio\build\m5stopwatch-render-check\m
bedtls\port\md`
[WinError 2] 指定されたファイルが見つかりません。: 'C:\\Users\\wararyo\\Git\\M5StopWatch-wararyoLauncher\\.pio\\build\\m5stopwatch-render
-check\\mbedtls\\port\\net_sockets.c.o' 
Please manually remove the file `C:\Users\wararyo\Git\M5StopWatch-wararyoLauncher\.pio\build\m5stopwatch-render-check\m
bedtls\port\net_sockets.c.o`
[WinError 2] 指定されたファイルが見つかりません。: 'C:\\Users\\wararyo\\Git\\M5StopWatch-wararyoLauncher\\.pio\\build\\m5stopwatch-render
-check\\mbedtls\\port\\sha\\core\\esp_sha512.c.o' 
Please manually remove the file `C:\Users\wararyo\Git\M5StopWatch-wararyoLauncher\.pio\build\m5stopwatch-render-check\m
bedtls\port\sha\core\esp_sha512.c.o`
[WinError 3] 指定されたパスが見つかりません。: 'C:\\Users\\wararyo\\Git\\M5StopWatch-wararyoLauncher\\.pio\\build\\m5stopwatch-render-c
heck\\mbedtls\\port\\sha\\core\\esp_sha_gdma_impl.c.o' 
Please manually remove the file `C:\Users\wararyo\Git\M5StopWatch-wararyoLauncher\.pio\build\m5stopwatch-render-check\m
bedtls\port\sha\core\esp_sha_gdma_impl.c.o`
[WinError 3] 指定されたパスが見つかりません。: 'C:\\Users\\wararyo\\Git\\M5StopWatch-wararyoLauncher\\.pio\\build\\m5stopwatch-render-c
heck\\mbedtls\\port\\sha\\core\\sha.c.o' 
Please manually remove the file `C:\Users\wararyo\Git\M5StopWatch-wararyoLauncher\.pio\build\m5stopwatch-render-check\m
bedtls\port\sha\core\sha.c.o`
[WinError 3] 指定されたパスが見つかりません。: 'C:\\Users\\wararyo\\Git\\M5StopWatch-wararyoLauncher\\.pio\\build\\m5stopwatch-render-c
heck\\mbedtls\\port\\sha\\core' 
Please manually remove the file `C:\Users\wararyo\Git\M5StopWatch-wararyoLauncher\.pio\build\m5stopwatch-render-check\m
bedtls\port\sha\core`
[WinError 3] 指定されたパスが見つかりません。: 'C:\\Users\\wararyo\\Git\\M5StopWatch-wararyoLauncher\\.pio\\build\\m5stopwatch-render-c
heck\\mbedtls\\port\\sha\\esp_sha.c.o' 
Please manually remove the file `C:\Users\wararyo\Git\M5StopWatch-wararyoLauncher\.pio\build\m5stopwatch-render-check\m
bedtls\port\sha\esp_sha.c.o`
[WinError 3] 指定されたパスが見つかりません。: 'C:\\Users\\wararyo\\Git\\M5StopWatch-wararyoLauncher\\.pio\\build\\m5stopwatch-render-c
heck\\mbedtls\\port\\sha' 
Please manually remove the file `C:\Users\wararyo\Git\M5StopWatch-wararyoLauncher\.pio\build\m5stopwatch-render-check\m
bedtls\port\sha`
[WinError 3] 指定されたパスが見つかりません。: 'C:\\Users\\wararyo\\Git\\M5StopWatch-wararyoLauncher\\.pio\\build\\m5stopwatch-render-c
heck\\mbedtls\\port' 
Please manually remove the file `C:\Users\wararyo\Git\M5StopWatch-wararyoLauncher\.pio\build\m5stopwatch-render-check\m
bedtls\port`
[WinError 2] 指定されたファイルが見つかりません。: 'C:\\Users\\wararyo\\Git\\M5StopWatch-wararyoLauncher\\.pio\\build\\m5stopwatch-render
-check\\mbedtls' 
Please manually remove the file `C:\Users\wararyo\Git\M5StopWatch-wararyoLauncher\.pio\build\m5stopwatch-render-check\m
bedtls`
[WinError 2] 指定されたファイルが見つかりません。: 'C:\\Users\\wararyo\\Git\\M5StopWatch-wararyoLauncher\\.pio\\build\\m5stopwatch-render
-check\\memory.ld' 
Please manually remove the file `C:\Users\wararyo\Git\M5StopWatch-wararyoLauncher\.pio\build\m5stopwatch-render-check\m
emory.ld`
[WinError 2] 指定されたファイルが見つかりません。: 'C:\\Users\\wararyo\\Git\\M5StopWatch-wararyoLauncher\\.pio\\build\\m5stopwatch-render
-check\\mqtt\\esp-mqtt\\lib\\mqtt_outbox.c.o' 
Please manually remove the file `C:\Users\wararyo\Git\M5StopWatch-wararyoLauncher\.pio\build\m5stopwatch-render-check\m
qtt\esp-mqtt\lib\mqtt_outbox.c.o`
[WinError 2] 指定されたファイルが見つかりません。: 'C:\\Users\\wararyo\\Git\\M5StopWatch-wararyoLauncher\\.pio\\build\\m5stopwatch-render
-check\\mqtt\\esp-mqtt\\lib\\platform_esp32_idf.c.o' 
Please manually remove the file `C:\Users\wararyo\Git\M5StopWatch-wararyoLauncher\.pio\build\m5stopwatch-render-check\m
qtt\esp-mqtt\lib\platform_esp32_idf.c.o`
[WinError 2] 指定されたファイルが見つかりません。: 'C:\\Users\\wararyo\\Git\\M5StopWatch-wararyoLauncher\\.pio\\build\\m5stopwatch-render
-check\\mqtt\\esp-mqtt\\lib' 
Please manually remove the file `C:\Users\wararyo\Git\M5StopWatch-wararyoLauncher\.pio\build\m5stopwatch-render-check\m
qtt\esp-mqtt\lib`
[WinError 2] 指定されたファイルが見つかりません。: 'C:\\Users\\wararyo\\Git\\M5StopWatch-wararyoLauncher\\.pio\\build\\m5stopwatch-render
-check\\mqtt\\esp-mqtt\\mqtt_client.c.o' 
Please manually remove the file `C:\Users\wararyo\Git\M5StopWatch-wararyoLauncher\.pio\build\m5stopwatch-render-check\m
qtt\esp-mqtt\mqtt_client.c.o`
[WinError 2] 指定されたファイルが見つかりません。: 'C:\\Users\\wararyo\\Git\\M5StopWatch-wararyoLauncher\\.pio\\build\\m5stopwatch-render
-check\\mqtt\\esp-mqtt' 
Please manually remove the file `C:\Users\wararyo\Git\M5StopWatch-wararyoLauncher\.pio\build\m5stopwatch-render-check\m
qtt\esp-mqtt`
[WinError 2] 指定されたファイルが見つかりません。: 'C:\\Users\\wararyo\\Git\\M5StopWatch-wararyoLauncher\\.pio\\build\\m5stopwatch-render
-check\\mqtt' 
Please manually remove the file `C:\Users\wararyo\Git\M5StopWatch-wararyoLauncher\.pio\build\m5stopwatch-render-check\m
qtt`
[WinError 2] 指定されたファイルが見つかりません。: 'C:\\Users\\wararyo\\Git\\M5StopWatch-wararyoLauncher\\.pio\\build\\m5stopwatch-render
-check\\newlib\\src\\abort.c.o' 
Please manually remove the file `C:\Users\wararyo\Git\M5StopWatch-wararyoLauncher\.pio\build\m5stopwatch-render-check\n
ewlib\src\abort.c.o`
[WinError 2] 指定されたファイルが見つかりません。: 'C:\\Users\\wararyo\\Git\\M5StopWatch-wararyoLauncher\\.pio\\build\\m5stopwatch-render
-check\\newlib\\src\\assert.c.o' 
Please manually remove the file `C:\Users\wararyo\Git\M5StopWatch-wararyoLauncher\.pio\build\m5stopwatch-render-check\n
ewlib\src\assert.c.o`
[WinError 2] 指定されたファイルが見つかりません。: 'C:\\Users\\wararyo\\Git\\M5StopWatch-wararyoLauncher\\.pio\\build\\m5stopwatch-render
-check\\newlib\\src\\flockfile.c.o' 
Please manually remove the file `C:\Users\wararyo\Git\M5StopWatch-wararyoLauncher\.pio\build\m5stopwatch-render-check\n
ewlib\src\flockfile.c.o`
[WinError 2] 指定されたファイルが見つかりません。: 'C:\\Users\\wararyo\\Git\\M5StopWatch-wararyoLauncher\\.pio\\build\\m5stopwatch-render
-check\\newlib\\src\\getentropy.c.o' 
Please manually remove the file `C:\Users\wararyo\Git\M5StopWatch-wararyoLauncher\.pio\build\m5stopwatch-render-check\n
ewlib\src\getentropy.c.o`
[WinError 2] 指定されたファイルが見つかりません。: 'C:\\Users\\wararyo\\Git\\M5StopWatch-wararyoLauncher\\.pio\\build\\m5stopwatch-render
-check\\newlib\\src\\heap.c.o' 
Please manually remove the file `C:\Users\wararyo\Git\M5StopWatch-wararyoLauncher\.pio\build\m5stopwatch-render-check\n
ewlib\src\heap.c.o`
[WinError 2] 指定されたファイルが見つかりません。: 'C:\\Users\\wararyo\\Git\\M5StopWatch-wararyoLauncher\\.pio\\build\\m5stopwatch-render
-check\\newlib\\src\\init.c.o' 
Please manually remove the file `C:\Users\wararyo\Git\M5StopWatch-wararyoLauncher\.pio\build\m5stopwatch-render-check\n
ewlib\src\init.c.o`
[WinError 2] 指定されたファイルが見つかりません。: 'C:\\Users\\wararyo\\Git\\M5StopWatch-wararyoLauncher\\.pio\\build\\m5stopwatch-render
-check\\newlib\\src\\locks.c.o' 
Please manually remove the file `C:\Users\wararyo\Git\M5StopWatch-wararyoLauncher\.pio\build\m5stopwatch-render-check\n
ewlib\src\locks.c.o`
[WinError 2] 指定されたファイルが見つかりません。: 'C:\\Users\\wararyo\\Git\\M5StopWatch-wararyoLauncher\\.pio\\build\\m5stopwatch-render
-check\\newlib\\src\\newlib_init.c.o' 
Please manually remove the file `C:\Users\wararyo\Git\M5StopWatch-wararyoLauncher\.pio\build\m5stopwatch-render-check\n
ewlib\src\newlib_init.c.o`
[WinError 2] 指定されたファイルが見つかりません。: 'C:\\Users\\wararyo\\Git\\M5StopWatch-wararyoLauncher\\.pio\\build\\m5stopwatch-render
-check\\newlib\\src\\poll.c.o' 
Please manually remove the file `C:\Users\wararyo\Git\M5StopWatch-wararyoLauncher\.pio\build\m5stopwatch-render-check\n
ewlib\src\poll.c.o`
[WinError 2] 指定されたファイルが見つかりません。: 'C:\\Users\\wararyo\\Git\\M5StopWatch-wararyoLauncher\\.pio\\build\\m5stopwatch-render
-check\\newlib\\src\\port\\xtensa\\stdatomic_s32c1i.c.o' 
Please manually remove the file `C:\Users\wararyo\Git\M5StopWatch-wararyoLauncher\.pio\build\m5stopwatch-render-check\n
ewlib\src\port\xtensa\stdatomic_s32c1i.c.o`
[WinError 3] 指定されたパスが見つかりません。: 'C:\\Users\\wararyo\\Git\\M5StopWatch-wararyoLauncher\\.pio\\build\\m5stopwatch-render-c
heck\\newlib\\src\\port\\xtensa' 
Please manually remove the file `C:\Users\wararyo\Git\M5StopWatch-wararyoLauncher\.pio\build\m5stopwatch-render-check\n
ewlib\src\port\xtensa`
[WinError 2] 指定されたファイルが見つかりません。: 'C:\\Users\\wararyo\\Git\\M5StopWatch-wararyoLauncher\\.pio\\build\\m5stopwatch-render
-check\\newlib\\src\\port' 
Please manually remove the file `C:\Users\wararyo\Git\M5StopWatch-wararyoLauncher\.pio\build\m5stopwatch-render-check\n
ewlib\src\port`
[WinError 2] 指定されたファイルが見つかりません。: 'C:\\Users\\wararyo\\Git\\M5StopWatch-wararyoLauncher\\.pio\\build\\m5stopwatch-render
-check\\newlib\\src\\pthread.c.o' 
Please manually remove the file `C:\Users\wararyo\Git\M5StopWatch-wararyoLauncher\.pio\build\m5stopwatch-render-check\n
ewlib\src\pthread.c.o`
[WinError 2] 指定されたファイルが見つかりません。: 'C:\\Users\\wararyo\\Git\\M5StopWatch-wararyoLauncher\\.pio\\build\\m5stopwatch-render
-check\\newlib\\src\\random.c.o' 
Please manually remove the file `C:\Users\wararyo\Git\M5StopWatch-wararyoLauncher\.pio\build\m5stopwatch-render-check\n
ewlib\src\random.c.o`
[WinError 2] 指定されたファイルが見つかりません。: 'C:\\Users\\wararyo\\Git\\M5StopWatch-wararyoLauncher\\.pio\\build\\m5stopwatch-render
-check\\newlib\\src\\realpath.c.o' 
Please manually remove the file `C:\Users\wararyo\Git\M5StopWatch-wararyoLauncher\.pio\build\m5stopwatch-render-check\n
ewlib\src\realpath.c.o`
[WinError 2] 指定されたファイルが見つかりません。: 'C:\\Users\\wararyo\\Git\\M5StopWatch-wararyoLauncher\\.pio\\build\\m5stopwatch-render
-check\\newlib\\src\\reent_init.c.o' 
Please manually remove the file `C:\Users\wararyo\Git\M5StopWatch-wararyoLauncher\.pio\build\m5stopwatch-render-check\n
ewlib\src\reent_init.c.o`
[WinError 2] 指定されたファイルが見つかりません。: 'C:\\Users\\wararyo\\Git\\M5StopWatch-wararyoLauncher\\.pio\\build\\m5stopwatch-render
-check\\newlib\\src\\reent_syscalls.c.o' 
Please manually remove the file `C:\Users\wararyo\Git\M5StopWatch-wararyoLauncher\.pio\build\m5stopwatch-render-check\n
ewlib\src\reent_syscalls.c.o`
[WinError 2] 指定されたファイルが見つかりません。: 'C:\\Users\\wararyo\\Git\\M5StopWatch-wararyoLauncher\\.pio\\build\\m5stopwatch-render
-check\\newlib\\src\\scandir.c.o' 
Please manually remove the file `C:\Users\wararyo\Git\M5StopWatch-wararyoLauncher\.pio\build\m5stopwatch-render-check\n
ewlib\src\scandir.c.o`
[WinError 2] 指定されたファイルが見つかりません。: 'C:\\Users\\wararyo\\Git\\M5StopWatch-wararyoLauncher\\.pio\\build\\m5stopwatch-render
-check\\newlib\\src\\stdatomic.c.o' 
Please manually remove the file `C:\Users\wararyo\Git\M5StopWatch-wararyoLauncher\.pio\build\m5stopwatch-render-check\n
ewlib\src\stdatomic.c.o`
[WinError 2] 指定されたファイルが見つかりません。: 'C:\\Users\\wararyo\\Git\\M5StopWatch-wararyoLauncher\\.pio\\build\\m5stopwatch-render
-check\\newlib\\src\\syscalls.c.o' 
Please manually remove the file `C:\Users\wararyo\Git\M5StopWatch-wararyoLauncher\.pio\build\m5stopwatch-render-check\n
ewlib\src\syscalls.c.o`
[WinError 2] 指定されたファイルが見つかりません。: 'C:\\Users\\wararyo\\Git\\M5StopWatch-wararyoLauncher\\.pio\\build\\m5stopwatch-render
-check\\newlib\\src\\sysconf.c.o' 
Please manually remove the file `C:\Users\wararyo\Git\M5StopWatch-wararyoLauncher\.pio\build\m5stopwatch-render-check\n
ewlib\src\sysconf.c.o`
[WinError 2] 指定されたファイルが見つかりません。: 'C:\\Users\\wararyo\\Git\\M5StopWatch-wararyoLauncher\\.pio\\build\\m5stopwatch-render
-check\\newlib\\src\\termios.c.o' 
Please manually remove the file `C:\Users\wararyo\Git\M5StopWatch-wararyoLauncher\.pio\build\m5stopwatch-render-check\n
ewlib\src\termios.c.o`
[WinError 3] 指定されたパスが見つかりません。: 'C:\\Users\\wararyo\\Git\\M5StopWatch-wararyoLauncher\\.pio\\build\\m5stopwatch-render-c
heck\\newlib\\src\\time.c.o' 
Please manually remove the file `C:\Users\wararyo\Git\M5StopWatch-wararyoLauncher\.pio\build\m5stopwatch-render-check\n
ewlib\src\time.c.o`
[WinError 3] 指定されたパスが見つかりません。: 'C:\\Users\\wararyo\\Git\\M5StopWatch-wararyoLauncher\\.pio\\build\\m5stopwatch-render-c
heck\\newlib\\src' 
Please manually remove the file `C:\Users\wararyo\Git\M5StopWatch-wararyoLauncher\.pio\build\m5stopwatch-render-check\n
ewlib\src`
[WinError 2] 指定されたファイルが見つかりません。: 'C:\\Users\\wararyo\\Git\\M5StopWatch-wararyoLauncher\\.pio\\build\\m5stopwatch-render
-check\\newlib' 
Please manually remove the file `C:\Users\wararyo\Git\M5StopWatch-wararyoLauncher\.pio\build\m5stopwatch-render-check\n
ewlib`
[WinError 2] 指定されたファイルが見つかりません。: 'C:\\Users\\wararyo\\Git\\M5StopWatch-wararyoLauncher\\.pio\\build\\m5stopwatch-render
-check\\nvs_flash\\src\\nvs_bootloader.c.o' 
Please manually remove the file `C:\Users\wararyo\Git\M5StopWatch-wararyoLauncher\.pio\build\m5stopwatch-render-check\n
vs_flash\src\nvs_bootloader.c.o`
[WinError 2] 指定されたファイルが見つかりません。: 'C:\\Users\\wararyo\\Git\\M5StopWatch-wararyoLauncher\\.pio\\build\\m5stopwatch-render
-check\\nvs_flash\\src\\nvs_bootloader_aes.c.o' 
Please manually remove the file `C:\Users\wararyo\Git\M5StopWatch-wararyoLauncher\.pio\build\m5stopwatch-render-check\n
vs_flash\src\nvs_bootloader_aes.c.o`
[WinError 2] 指定されたファイルが見つかりません。: 'C:\\Users\\wararyo\\Git\\M5StopWatch-wararyoLauncher\\.pio\\build\\m5stopwatch-render
-check\\nvs_flash\\src\\nvs_bootloader_xts_aes.c.o' 
Please manually remove the file `C:\Users\wararyo\Git\M5StopWatch-wararyoLauncher\.pio\build\m5stopwatch-render-check\n
vs_flash\src\nvs_bootloader_xts_aes.c.o`
[WinError 2] 指定されたファイルが見つかりません。: 'C:\\Users\\wararyo\\Git\\M5StopWatch-wararyoLauncher\\.pio\\build\\m5stopwatch-render
-check\\nvs_flash\\src\\nvs_cxx_api.cpp.o' 
Please manually remove the file `C:\Users\wararyo\Git\M5StopWatch-wararyoLauncher\.pio\build\m5stopwatch-render-check\n
vs_flash\src\nvs_cxx_api.cpp.o`
[WinError 2] 指定されたファイルが見つかりません。: 'C:\\Users\\wararyo\\Git\\M5StopWatch-wararyoLauncher\\.pio\\build\\m5stopwatch-render
-check\\nvs_flash\\src\\nvs_encrypted_partition.cpp.o' 
Please manually remove the file `C:\Users\wararyo\Git\M5StopWatch-wararyoLauncher\.pio\build\m5stopwatch-render-check\n
vs_flash\src\nvs_encrypted_partition.cpp.o`
[WinError 2] 指定されたファイルが見つかりません。: 'C:\\Users\\wararyo\\Git\\M5StopWatch-wararyoLauncher\\.pio\\build\\m5stopwatch-render
-check\\nvs_flash\\src\\nvs_handle_locked.cpp.o' 
Please manually remove the file `C:\Users\wararyo\Git\M5StopWatch-wararyoLauncher\.pio\build\m5stopwatch-render-check\n
vs_flash\src\nvs_handle_locked.cpp.o`
[WinError 2] 指定されたファイルが見つかりません。: 'C:\\Users\\wararyo\\Git\\M5StopWatch-wararyoLauncher\\.pio\\build\\m5stopwatch-render
-check\\nvs_flash\\src\\nvs_item_hash_list.cpp.o' 
Please manually remove the file `C:\Users\wararyo\Git\M5StopWatch-wararyoLauncher\.pio\build\m5stopwatch-render-check\n
vs_flash\src\nvs_item_hash_list.cpp.o`
[WinError 2] 指定されたファイルが見つかりません。: 'C:\\Users\\wararyo\\Git\\M5StopWatch-wararyoLauncher\\.pio\\build\\m5stopwatch-render
-check\\nvs_flash\\src\\nvs_page.cpp.o' 
Please manually remove the file `C:\Users\wararyo\Git\M5StopWatch-wararyoLauncher\.pio\build\m5stopwatch-render-check\n
vs_flash\src\nvs_page.cpp.o`
[WinError 2] 指定されたファイルが見つかりません。: 'C:\\Users\\wararyo\\Git\\M5StopWatch-wararyoLauncher\\.pio\\build\\m5stopwatch-render
-check\\nvs_flash\\src\\nvs_pagemanager.cpp.o' 
Please manually remove the file `C:\Users\wararyo\Git\M5StopWatch-wararyoLauncher\.pio\build\m5stopwatch-render-check\n
vs_flash\src\nvs_pagemanager.cpp.o`
[WinError 2] 指定されたファイルが見つかりません。: 'C:\\Users\\wararyo\\Git\\M5StopWatch-wararyoLauncher\\.pio\\build\\m5stopwatch-render
-check\\nvs_flash\\src\\nvs_partition.cpp.o' 
Please manually remove the file `C:\Users\wararyo\Git\M5StopWatch-wararyoLauncher\.pio\build\m5stopwatch-render-check\n
vs_flash\src\nvs_partition.cpp.o`
[WinError 2] 指定されたファイルが見つかりません。: 'C:\\Users\\wararyo\\Git\\M5StopWatch-wararyoLauncher\\.pio\\build\\m5stopwatch-render
-check\\nvs_flash\\src\\nvs_partition_lookup.cpp.o' 
Please manually remove the file `C:\Users\wararyo\Git\M5StopWatch-wararyoLauncher\.pio\build\m5stopwatch-render-check\n
vs_flash\src\nvs_partition_lookup.cpp.o`
[WinError 2] 指定されたファイルが見つかりません。: 'C:\\Users\\wararyo\\Git\\M5StopWatch-wararyoLauncher\\.pio\\build\\m5stopwatch-render
-check\\nvs_flash\\src\\nvs_partition_manager.cpp.o' 
Please manually remove the file `C:\Users\wararyo\Git\M5StopWatch-wararyoLauncher\.pio\build\m5stopwatch-render-check\n
vs_flash\src\nvs_partition_manager.cpp.o`
[WinError 2] 指定されたファイルが見つかりません。: 'C:\\Users\\wararyo\\Git\\M5StopWatch-wararyoLauncher\\.pio\\build\\m5stopwatch-render
-check\\nvs_flash\\src\\nvs_platform.cpp.o' 
Please manually remove the file `C:\Users\wararyo\Git\M5StopWatch-wararyoLauncher\.pio\build\m5stopwatch-render-check\n
vs_flash\src\nvs_platform.cpp.o`
[WinError 2] 指定されたファイルが見つかりません。: 'C:\\Users\\wararyo\\Git\\M5StopWatch-wararyoLauncher\\.pio\\build\\m5stopwatch-render
-check\\nvs_flash\\src\\nvs_storage.cpp.o' 
Please manually remove the file `C:\Users\wararyo\Git\M5StopWatch-wararyoLauncher\.pio\build\m5stopwatch-render-check\n
vs_flash\src\nvs_storage.cpp.o`
[WinError 2] 指定されたファイルが見つかりません。: 'C:\\Users\\wararyo\\Git\\M5StopWatch-wararyoLauncher\\.pio\\build\\m5stopwatch-render
-check\\nvs_flash\\src\\nvs_types.cpp.o' 
Please manually remove the file `C:\Users\wararyo\Git\M5StopWatch-wararyoLauncher\.pio\build\m5stopwatch-render-check\n
vs_flash\src\nvs_types.cpp.o`
[WinError 2] 指定されたファイルが見つかりません。: 'C:\\Users\\wararyo\\Git\\M5StopWatch-wararyoLauncher\\.pio\\build\\m5stopwatch-render
-check\\nvs_flash\\src' 
Please manually remove the file `C:\Users\wararyo\Git\M5StopWatch-wararyoLauncher\.pio\build\m5stopwatch-render-check\n
vs_flash\src`
[WinError 2] 指定されたファイルが見つかりません。: 'C:\\Users\\wararyo\\Git\\M5StopWatch-wararyoLauncher\\.pio\\build\\m5stopwatch-render
-check\\nvs_flash' 
Please manually remove the file `C:\Users\wararyo\Git\M5StopWatch-wararyoLauncher\.pio\build\m5stopwatch-render-check\n
vs_flash`
[WinError 2] 指定されたファイルが見つかりません。: 'C:\\Users\\wararyo\\Git\\M5StopWatch-wararyoLauncher\\.pio\\build\\m5stopwatch-render
-check\\nvs_sec_provider\\nvs_sec_provider.c.o' 
Please manually remove the file `C:\Users\wararyo\Git\M5StopWatch-wararyoLauncher\.pio\build\m5stopwatch-render-check\n
vs_sec_provider\nvs_sec_provider.c.o`
[WinError 2] 指定されたファイルが見つかりません。: 'C:\\Users\\wararyo\\Git\\M5StopWatch-wararyoLauncher\\.pio\\build\\m5stopwatch-render
-check\\nvs_sec_provider' 
Please manually remove the file `C:\Users\wararyo\Git\M5StopWatch-wararyoLauncher\.pio\build\m5stopwatch-render-check\n
vs_sec_provider`
[WinError 2] 指定されたファイルが見つかりません。: 'C:\\Users\\wararyo\\Git\\M5StopWatch-wararyoLauncher\\.pio\\build\\m5stopwatch-render
-check\\otadata-flash_args' 
Please manually remove the file `C:\Users\wararyo\Git\M5StopWatch-wararyoLauncher\.pio\build\m5stopwatch-render-check\o
tadata-flash_args`
[WinError 2] 指定されたファイルが見つかりません。: 'C:\\Users\\wararyo\\Git\\M5StopWatch-wararyoLauncher\\.pio\\build\\m5stopwatch-render
-check\\ota_data_initial.bin' 
Please manually remove the file `C:\Users\wararyo\Git\M5StopWatch-wararyoLauncher\.pio\build\m5stopwatch-render-check\o
ta_data_initial.bin`
[WinError 2] 指定されたファイルが見つかりません。: 'C:\\Users\\wararyo\\Git\\M5StopWatch-wararyoLauncher\\.pio\\build\\m5stopwatch-render
-check\\partition-table-flash_args' 
Please manually remove the file `C:\Users\wararyo\Git\M5StopWatch-wararyoLauncher\.pio\build\m5stopwatch-render-check\p
artition-table-flash_args`
[WinError 2] 指定されたファイルが見つかりません。: 'C:\\Users\\wararyo\\Git\\M5StopWatch-wararyoLauncher\\.pio\\build\\m5stopwatch-render
-check\\partitions.bin' 
Please manually remove the file `C:\Users\wararyo\Git\M5StopWatch-wararyoLauncher\.pio\build\m5stopwatch-render-check\p
artitions.bin`
[WinError 2] 指定されたファイルが見つかりません。: 'C:\\Users\\wararyo\\Git\\M5StopWatch-wararyoLauncher\\.pio\\build\\m5stopwatch-render
-check\\perfmon\\xtensa_perfmon_access.c.o' 
Please manually remove the file `C:\Users\wararyo\Git\M5StopWatch-wararyoLauncher\.pio\build\m5stopwatch-render-check\p
erfmon\xtensa_perfmon_access.c.o`
[WinError 2] 指定されたファイルが見つかりません。: 'C:\\Users\\wararyo\\Git\\M5StopWatch-wararyoLauncher\\.pio\\build\\m5stopwatch-render
-check\\perfmon\\xtensa_perfmon_apis.c.o' 
Please manually remove the file `C:\Users\wararyo\Git\M5StopWatch-wararyoLauncher\.pio\build\m5stopwatch-render-check\p
erfmon\xtensa_perfmon_apis.c.o`
[WinError 2] 指定されたファイルが見つかりません。: 'C:\\Users\\wararyo\\Git\\M5StopWatch-wararyoLauncher\\.pio\\build\\m5stopwatch-render
-check\\perfmon\\xtensa_perfmon_masks.c.o' 
Please manually remove the file `C:\Users\wararyo\Git\M5StopWatch-wararyoLauncher\.pio\build\m5stopwatch-render-check\p
erfmon\xtensa_perfmon_masks.c.o`
[WinError 3] 指定されたパスが見つかりません。: 'C:\\Users\\wararyo\\Git\\M5StopWatch-wararyoLauncher\\.pio\\build\\m5stopwatch-render-c
heck\\protobuf-c\\protobuf-c\\protobuf-c' 
Please manually remove the file `C:\Users\wararyo\Git\M5StopWatch-wararyoLauncher\.pio\build\m5stopwatch-render-check\p
rotobuf-c\protobuf-c\protobuf-c`
[WinError 3] 指定されたパスが見つかりません。: 'C:\\Users\\wararyo\\Git\\M5StopWatch-wararyoLauncher\\.pio\\build\\m5stopwatch-render-c
heck\\protobuf-c\\protobuf-c' 
Please manually remove the file `C:\Users\wararyo\Git\M5StopWatch-wararyoLauncher\.pio\build\m5stopwatch-render-check\p
rotobuf-c\protobuf-c`
[WinError 2] 指定されたファイルが見つかりません。: 'C:\\Users\\wararyo\\Git\\M5StopWatch-wararyoLauncher\\.pio\\build\\m5stopwatch-render
-check\\protobuf-c' 
Please manually remove the file `C:\Users\wararyo\Git\M5StopWatch-wararyoLauncher\.pio\build\m5stopwatch-render-check\p
rotobuf-c`
[WinError 2] 指定されたファイルが見つかりません。: 'C:\\Users\\wararyo\\Git\\M5StopWatch-wararyoLauncher\\.pio\\build\\m5stopwatch-render
-check\\protocomm\\proto-c\\constants.pb-c.c.o' 
Please manually remove the file `C:\Users\wararyo\Git\M5StopWatch-wararyoLauncher\.pio\build\m5stopwatch-render-check\p
rotocomm\proto-c\constants.pb-c.c.o`
[WinError 2] 指定されたファイルが見つかりません。: 'C:\\Users\\wararyo\\Git\\M5StopWatch-wararyoLauncher\\.pio\\build\\m5stopwatch-render
-check\\protocomm\\proto-c\\sec0.pb-c.c.o' 
Please manually remove the file `C:\Users\wararyo\Git\M5StopWatch-wararyoLauncher\.pio\build\m5stopwatch-render-check\p
rotocomm\proto-c\sec0.pb-c.c.o`
[WinError 2] 指定されたファイルが見つかりません。: 'C:\\Users\\wararyo\\Git\\M5StopWatch-wararyoLauncher\\.pio\\build\\m5stopwatch-render
-check\\protocomm\\proto-c\\sec1.pb-c.c.o' 
Please manually remove the file `C:\Users\wararyo\Git\M5StopWatch-wararyoLauncher\.pio\build\m5stopwatch-render-check\p
rotocomm\proto-c\sec1.pb-c.c.o`
[WinError 2] 指定されたファイルが見つかりません。: 'C:\\Users\\wararyo\\Git\\M5StopWatch-wararyoLauncher\\.pio\\build\\m5stopwatch-render
-check\\protocomm\\proto-c\\sec2.pb-c.c.o' 
Please manually remove the file `C:\Users\wararyo\Git\M5StopWatch-wararyoLauncher\.pio\build\m5stopwatch-render-check\p
rotocomm\proto-c\sec2.pb-c.c.o`
[WinError 2] 指定されたファイルが見つかりません。: 'C:\\Users\\wararyo\\Git\\M5StopWatch-wararyoLauncher\\.pio\\build\\m5stopwatch-render
-check\\protocomm\\proto-c\\session.pb-c.c.o' 
Please manually remove the file `C:\Users\wararyo\Git\M5StopWatch-wararyoLauncher\.pio\build\m5stopwatch-render-check\p
rotocomm\proto-c\session.pb-c.c.o`
[WinError 2] 指定されたファイルが見つかりません。: 'C:\\Users\\wararyo\\Git\\M5StopWatch-wararyoLauncher\\.pio\\build\\m5stopwatch-render
-check\\protocomm\\proto-c' 
Please manually remove the file `C:\Users\wararyo\Git\M5StopWatch-wararyoLauncher\.pio\build\m5stopwatch-render-check\p
rotocomm\proto-c`
[WinError 2] 指定されたファイルが見つかりません。: 'C:\\Users\\wararyo\\Git\\M5StopWatch-wararyoLauncher\\.pio\\build\\m5stopwatch-render
-check\\protocomm\\src\\common\\protocomm.c.o' 
Please manually remove the file `C:\Users\wararyo\Git\M5StopWatch-wararyoLauncher\.pio\build\m5stopwatch-render-check\p
rotocomm\src\common\protocomm.c.o`
[WinError 2] 指定されたファイルが見つかりません。: 'C:\\Users\\wararyo\\Git\\M5StopWatch-wararyoLauncher\\.pio\\build\\m5stopwatch-render
-check\\protocomm\\src\\common' 
Please manually remove the file `C:\Users\wararyo\Git\M5StopWatch-wararyoLauncher\.pio\build\m5stopwatch-render-check\p
rotocomm\src\common`
[WinError 2] 指定されたファイルが見つかりません。: 'C:\\Users\\wararyo\\Git\\M5StopWatch-wararyoLauncher\\.pio\\build\\m5stopwatch-render
-check\\protocomm\\src\\security\\security0.c.o' 
Please manually remove the file `C:\Users\wararyo\Git\M5StopWatch-wararyoLauncher\.pio\build\m5stopwatch-render-check\p
rotocomm\src\security\security0.c.o`
[WinError 2] 指定されたファイルが見つかりません。: 'C:\\Users\\wararyo\\Git\\M5StopWatch-wararyoLauncher\\.pio\\build\\m5stopwatch-render
-check\\protocomm\\src\\security\\security1.c.o' 
Please manually remove the file `C:\Users\wararyo\Git\M5StopWatch-wararyoLauncher\.pio\build\m5stopwatch-render-check\p
rotocomm\src\security\security1.c.o`
[WinError 3] 指定されたパスが見つかりません。: 'C:\\Users\\wararyo\\Git\\M5StopWatch-wararyoLauncher\\.pio\\build\\m5stopwatch-render-c
heck\\protocomm\\src\\security\\security2.c.o' 
Please manually remove the file `C:\Users\wararyo\Git\M5StopWatch-wararyoLauncher\.pio\build\m5stopwatch-render-check\p
rotocomm\src\security\security2.c.o`
[WinError 2] 指定されたファイルが見つかりません。: 'C:\\Users\\wararyo\\Git\\M5StopWatch-wararyoLauncher\\.pio\\build\\m5stopwatch-render
-check\\protocomm\\src\\security' 
Please manually remove the file `C:\Users\wararyo\Git\M5StopWatch-wararyoLauncher\.pio\build\m5stopwatch-render-check\p
rotocomm\src\security`
[WinError 3] 指定されたパスが見つかりません。: 'C:\\Users\\wararyo\\Git\\M5StopWatch-wararyoLauncher\\.pio\\build\\m5stopwatch-render-c
heck\\protocomm\\src\\transports\\protocomm_httpd.c.o' 
Please manually remove the file `C:\Users\wararyo\Git\M5StopWatch-wararyoLauncher\.pio\build\m5stopwatch-render-check\p
rotocomm\src\transports\protocomm_httpd.c.o`
[WinError 3] 指定されたパスが見つかりません。: 'C:\\Users\\wararyo\\Git\\M5StopWatch-wararyoLauncher\\.pio\\build\\m5stopwatch-render-c
heck\\protocomm\\src\\transports' 
Please manually remove the file `C:\Users\wararyo\Git\M5StopWatch-wararyoLauncher\.pio\build\m5stopwatch-render-check\p
rotocomm\src\transports`
[WinError 3] 指定されたパスが見つかりません。: 'C:\\Users\\wararyo\\Git\\M5StopWatch-wararyoLauncher\\.pio\\build\\m5stopwatch-render-c
heck\\protocomm\\src' 
Please manually remove the file `C:\Users\wararyo\Git\M5StopWatch-wararyoLauncher\.pio\build\m5stopwatch-render-check\p
rotocomm\src`
[WinError 2] 指定されたファイルが見つかりません。: 'C:\\Users\\wararyo\\Git\\M5StopWatch-wararyoLauncher\\.pio\\build\\m5stopwatch-render
-check\\protocomm' 
Please manually remove the file `C:\Users\wararyo\Git\M5StopWatch-wararyoLauncher\.pio\build\m5stopwatch-render-check\p
rotocomm`
[WinError 2] 指定されたファイルが見つかりません。: 'C:\\Users\\wararyo\\Git\\M5StopWatch-wararyoLauncher\\.pio\\build\\m5stopwatch-render
-check\\pthread\\pthread_cond_var.c.o' 
Please manually remove the file `C:\Users\wararyo\Git\M5StopWatch-wararyoLauncher\.pio\build\m5stopwatch-render-check\p
thread\pthread_cond_var.c.o`
[WinError 2] 指定されたファイルが見つかりません。: 'C:\\Users\\wararyo\\Git\\M5StopWatch-wararyoLauncher\\.pio\\build\\m5stopwatch-render
-check\\pthread\\pthread_local_storage.c.o' 
Please manually remove the file `C:\Users\wararyo\Git\M5StopWatch-wararyoLauncher\.pio\build\m5stopwatch-render-check\p
thread\pthread_local_storage.c.o`
[WinError 2] 指定されたファイルが見つかりません。: 'C:\\Users\\wararyo\\Git\\M5StopWatch-wararyoLauncher\\.pio\\build\\m5stopwatch-render
-check\\pthread\\pthread_rwlock.c.o' 
Please manually remove the file `C:\Users\wararyo\Git\M5StopWatch-wararyoLauncher\.pio\build\m5stopwatch-render-check\p
thread\pthread_rwlock.c.o`
[WinError 2] 指定されたファイルが見つかりません。: 'C:\\Users\\wararyo\\Git\\M5StopWatch-wararyoLauncher\\.pio\\build\\m5stopwatch-render
-check\\pthread\\pthread_semaphore.c.o' 
Please manually remove the file `C:\Users\wararyo\Git\M5StopWatch-wararyoLauncher\.pio\build\m5stopwatch-render-check\p
thread\pthread_semaphore.c.o`
[WinError 2] 指定されたファイルが見つかりません。: 'C:\\Users\\wararyo\\Git\\M5StopWatch-wararyoLauncher\\.pio\\build\\m5stopwatch-render
-check\\pthread' 
Please manually remove the file `C:\Users\wararyo\Git\M5StopWatch-wararyoLauncher\.pio\build\m5stopwatch-render-check\p
thread`
[WinError 3] 指定されたパスが見つかりません。: 'C:\\Users\\wararyo\\Git\\M5StopWatch-wararyoLauncher\\.pio\\build\\m5stopwatch-render-c
heck\\rt\\FreeRTOS_POSIX_utils.c.o' 
Please manually remove the file `C:\Users\wararyo\Git\M5StopWatch-wararyoLauncher\.pio\build\m5stopwatch-render-check\r
t\FreeRTOS_POSIX_utils.c.o`
[WinError 2] 指定されたファイルが見つかりません。: 'C:\\Users\\wararyo\\Git\\M5StopWatch-wararyoLauncher\\.pio\\build\\m5stopwatch-render
-check\\rt' 
Please manually remove the file `C:\Users\wararyo\Git\M5StopWatch-wararyoLauncher\.pio\build\m5stopwatch-render-check\r
t`
[WinError 2] 指定されたファイルが見つかりません。: 'C:\\Users\\wararyo\\Git\\M5StopWatch-wararyoLauncher\\.pio\\build\\m5stopwatch-render
-check\\sdmmc\\sdmmc_cmd.c.o' 
Please manually remove the file `C:\Users\wararyo\Git\M5StopWatch-wararyoLauncher\.pio\build\m5stopwatch-render-check\s
dmmc\sdmmc_cmd.c.o`
[WinError 2] 指定されたファイルが見つかりません。: 'C:\\Users\\wararyo\\Git\\M5StopWatch-wararyoLauncher\\.pio\\build\\m5stopwatch-render
-check\\sdmmc\\sdmmc_common.c.o' 
Please manually remove the file `C:\Users\wararyo\Git\M5StopWatch-wararyoLauncher\.pio\build\m5stopwatch-render-check\s
dmmc\sdmmc_common.c.o`
[WinError 2] 指定されたファイルが見つかりません。: 'C:\\Users\\wararyo\\Git\\M5StopWatch-wararyoLauncher\\.pio\\build\\m5stopwatch-render
-check\\sdmmc\\sdmmc_init.c.o' 
Please manually remove the file `C:\Users\wararyo\Git\M5StopWatch-wararyoLauncher\.pio\build\m5stopwatch-render-check\s
dmmc\sdmmc_init.c.o`
[WinError 2] 指定されたファイルが見つかりません。: 'C:\\Users\\wararyo\\Git\\M5StopWatch-wararyoLauncher\\.pio\\build\\m5stopwatch-render
-check\\sdmmc\\sdmmc_io.c.o' 
Please manually remove the file `C:\Users\wararyo\Git\M5StopWatch-wararyoLauncher\.pio\build\m5stopwatch-render-check\s
dmmc\sdmmc_io.c.o`
[WinError 2] 指定されたファイルが見つかりません。: 'C:\\Users\\wararyo\\Git\\M5StopWatch-wararyoLauncher\\.pio\\build\\m5stopwatch-render
-check\\sdmmc\\sdmmc_mmc.c.o' 
Please manually remove the file `C:\Users\wararyo\Git\M5StopWatch-wararyoLauncher\.pio\build\m5stopwatch-render-check\s
dmmc\sdmmc_mmc.c.o`
[WinError 2] 指定されたファイルが見つかりません。: 'C:\\Users\\wararyo\\Git\\M5StopWatch-wararyoLauncher\\.pio\\build\\m5stopwatch-render
-check\\sdmmc\\sdmmc_sd.c.o' 
Please manually remove the file `C:\Users\wararyo\Git\M5StopWatch-wararyoLauncher\.pio\build\m5stopwatch-render-check\s
dmmc\sdmmc_sd.c.o`
[WinError 3] 指定されたパスが見つかりません。: 'C:\\Users\\wararyo\\Git\\M5StopWatch-wararyoLauncher\\.pio\\build\\m5stopwatch-render-c
heck\\sdmmc\\sd_pwr_ctrl' 
Please manually remove the file `C:\Users\wararyo\Git\M5StopWatch-wararyoLauncher\.pio\build\m5stopwatch-render-check\s
dmmc\sd_pwr_ctrl`
[WinError 2] 指定されたファイルが見つかりません。: 'C:\\Users\\wararyo\\Git\\M5StopWatch-wararyoLauncher\\.pio\\build\\m5stopwatch-render
-check\\sdmmc' 
Please manually remove the file `C:\Users\wararyo\Git\M5StopWatch-wararyoLauncher\.pio\build\m5stopwatch-render-check\s
dmmc`
[WinError 2] 指定されたファイルが見つかりません。: 'C:\\Users\\wararyo\\Git\\M5StopWatch-wararyoLauncher\\.pio\\build\\m5stopwatch-render
-check\\sections.ld' 
Please manually remove the file `C:\Users\wararyo\Git\M5StopWatch-wararyoLauncher\.pio\build\m5stopwatch-render-check\s
ections.ld`
[WinError 2] 指定されたファイルが見つかりません。: 'C:\\Users\\wararyo\\Git\\M5StopWatch-wararyoLauncher\\.pio\\build\\m5stopwatch-render
-check\\soc\\esp32s3\\adc_periph.c.o' 
Please manually remove the file `C:\Users\wararyo\Git\M5StopWatch-wararyoLauncher\.pio\build\m5stopwatch-render-check\s
oc\esp32s3\adc_periph.c.o`
[WinError 2] 指定されたファイルが見つかりません。: 'C:\\Users\\wararyo\\Git\\M5StopWatch-wararyoLauncher\\.pio\\build\\m5stopwatch-render
-check\\soc\\esp32s3\\dedic_gpio_periph.c.o' 
Please manually remove the file `C:\Users\wararyo\Git\M5StopWatch-wararyoLauncher\.pio\build\m5stopwatch-render-check\s
oc\esp32s3\dedic_gpio_periph.c.o`
[WinError 2] 指定されたファイルが見つかりません。: 'C:\\Users\\wararyo\\Git\\M5StopWatch-wararyoLauncher\\.pio\\build\\m5stopwatch-render
-check\\soc\\esp32s3\\gdma_periph.c.o' 
Please manually remove the file `C:\Users\wararyo\Git\M5StopWatch-wararyoLauncher\.pio\build\m5stopwatch-render-check\s
oc\esp32s3\gdma_periph.c.o`
[WinError 2] 指定されたファイルが見つかりません。: 'C:\\Users\\wararyo\\Git\\M5StopWatch-wararyoLauncher\\.pio\\build\\m5stopwatch-render
-check\\soc\\esp32s3\\gpio_periph.c.o' 
Please manually remove the file `C:\Users\wararyo\Git\M5StopWatch-wararyoLauncher\.pio\build\m5stopwatch-render-check\s
oc\esp32s3\gpio_periph.c.o`
[WinError 2] 指定されたファイルが見つかりません。: 'C:\\Users\\wararyo\\Git\\M5StopWatch-wararyoLauncher\\.pio\\build\\m5stopwatch-render
-check\\soc\\esp32s3\\i2c_periph.c.o' 
Please manually remove the file `C:\Users\wararyo\Git\M5StopWatch-wararyoLauncher\.pio\build\m5stopwatch-render-check\s
oc\esp32s3\i2c_periph.c.o`
[WinError 2] 指定されたファイルが見つかりません。: 'C:\\Users\\wararyo\\Git\\M5StopWatch-wararyoLauncher\\.pio\\build\\m5stopwatch-render
-check\\soc\\esp32s3\\i2s_periph.c.o' 
Please manually remove the file `C:\Users\wararyo\Git\M5StopWatch-wararyoLauncher\.pio\build\m5stopwatch-render-check\s
oc\esp32s3\i2s_periph.c.o`
[WinError 2] 指定されたファイルが見つかりません。: 'C:\\Users\\wararyo\\Git\\M5StopWatch-wararyoLauncher\\.pio\\build\\m5stopwatch-render
-check\\soc\\esp32s3\\interrupts.c.o' 
Please manually remove the file `C:\Users\wararyo\Git\M5StopWatch-wararyoLauncher\.pio\build\m5stopwatch-render-check\s
oc\esp32s3\interrupts.c.o`
[WinError 2] 指定されたファイルが見つかりません。: 'C:\\Users\\wararyo\\Git\\M5StopWatch-wararyoLauncher\\.pio\\build\\m5stopwatch-render
-check\\soc\\esp32s3\\lcd_periph.c.o' 
Please manually remove the file `C:\Users\wararyo\Git\M5StopWatch-wararyoLauncher\.pio\build\m5stopwatch-render-check\s
oc\esp32s3\lcd_periph.c.o`
[WinError 2] 指定されたファイルが見つかりません。: 'C:\\Users\\wararyo\\Git\\M5StopWatch-wararyoLauncher\\.pio\\build\\m5stopwatch-render
-check\\soc\\esp32s3\\ledc_periph.c.o' 
Please manually remove the file `C:\Users\wararyo\Git\M5StopWatch-wararyoLauncher\.pio\build\m5stopwatch-render-check\s
oc\esp32s3\ledc_periph.c.o`
[WinError 2] 指定されたファイルが見つかりません。: 'C:\\Users\\wararyo\\Git\\M5StopWatch-wararyoLauncher\\.pio\\build\\m5stopwatch-render
-check\\soc\\esp32s3\\mcpwm_periph.c.o' 
Please manually remove the file `C:\Users\wararyo\Git\M5StopWatch-wararyoLauncher\.pio\build\m5stopwatch-render-check\s
oc\esp32s3\mcpwm_periph.c.o`
[WinError 2] 指定されたファイルが見つかりません。: 'C:\\Users\\wararyo\\Git\\M5StopWatch-wararyoLauncher\\.pio\\build\\m5stopwatch-render
-check\\soc\\esp32s3\\mpi_periph.c.o' 
Please manually remove the file `C:\Users\wararyo\Git\M5StopWatch-wararyoLauncher\.pio\build\m5stopwatch-render-check\s
oc\esp32s3\mpi_periph.c.o`
[WinError 2] 指定されたファイルが見つかりません。: 'C:\\Users\\wararyo\\Git\\M5StopWatch-wararyoLauncher\\.pio\\build\\m5stopwatch-render
-check\\soc\\esp32s3\\pcnt_periph.c.o' 
Please manually remove the file `C:\Users\wararyo\Git\M5StopWatch-wararyoLauncher\.pio\build\m5stopwatch-render-check\s
oc\esp32s3\pcnt_periph.c.o`
[WinError 2] 指定されたファイルが見つかりません。: 'C:\\Users\\wararyo\\Git\\M5StopWatch-wararyoLauncher\\.pio\\build\\m5stopwatch-render
-check\\soc\\esp32s3\\power_supply_periph.c.o' 
Please manually remove the file `C:\Users\wararyo\Git\M5StopWatch-wararyoLauncher\.pio\build\m5stopwatch-render-check\s
oc\esp32s3\power_supply_periph.c.o`
[WinError 2] 指定されたファイルが見つかりません。: 'C:\\Users\\wararyo\\Git\\M5StopWatch-wararyoLauncher\\.pio\\build\\m5stopwatch-render
-check\\soc\\esp32s3\\rmt_periph.c.o' 
Please manually remove the file `C:\Users\wararyo\Git\M5StopWatch-wararyoLauncher\.pio\build\m5stopwatch-render-check\s
oc\esp32s3\rmt_periph.c.o`
[WinError 2] 指定されたファイルが見つかりません。: 'C:\\Users\\wararyo\\Git\\M5StopWatch-wararyoLauncher\\.pio\\build\\m5stopwatch-render
-check\\soc\\esp32s3\\rtc_io_periph.c.o' 
Please manually remove the file `C:\Users\wararyo\Git\M5StopWatch-wararyoLauncher\.pio\build\m5stopwatch-render-check\s
oc\esp32s3\rtc_io_periph.c.o`
[WinError 2] 指定されたファイルが見つかりません。: 'C:\\Users\\wararyo\\Git\\M5StopWatch-wararyoLauncher\\.pio\\build\\m5stopwatch-render
-check\\soc\\esp32s3\\sdmmc_periph.c.o' 
Please manually remove the file `C:\Users\wararyo\Git\M5StopWatch-wararyoLauncher\.pio\build\m5stopwatch-render-check\s
oc\esp32s3\sdmmc_periph.c.o`
[WinError 2] 指定されたファイルが見つかりません。: 'C:\\Users\\wararyo\\Git\\M5StopWatch-wararyoLauncher\\.pio\\build\\m5stopwatch-render
-check\\soc\\esp32s3\\sdm_periph.c.o' 
Please manually remove the file `C:\Users\wararyo\Git\M5StopWatch-wararyoLauncher\.pio\build\m5stopwatch-render-check\s
oc\esp32s3\sdm_periph.c.o`
[WinError 2] 指定されたファイルが見つかりません。: 'C:\\Users\\wararyo\\Git\\M5StopWatch-wararyoLauncher\\.pio\\build\\m5stopwatch-render
-check\\soc\\esp32s3\\spi_periph.c.o' 
Please manually remove the file `C:\Users\wararyo\Git\M5StopWatch-wararyoLauncher\.pio\build\m5stopwatch-render-check\s
oc\esp32s3\spi_periph.c.o`
[WinError 2] 指定されたファイルが見つかりません。: 'C:\\Users\\wararyo\\Git\\M5StopWatch-wararyoLauncher\\.pio\\build\\m5stopwatch-render
-check\\soc\\esp32s3\\temperature_sensor_periph.c.o' 
Please manually remove the file `C:\Users\wararyo\Git\M5StopWatch-wararyoLauncher\.pio\build\m5stopwatch-render-check\s
oc\esp32s3\temperature_sensor_periph.c.o`
[WinError 2] 指定されたファイルが見つかりません。: 'C:\\Users\\wararyo\\Git\\M5StopWatch-wararyoLauncher\\.pio\\build\\m5stopwatch-render
-check\\soc\\esp32s3\\timer_periph.c.o' 
Please manually remove the file `C:\Users\wararyo\Git\M5StopWatch-wararyoLauncher\.pio\build\m5stopwatch-render-check\s
oc\esp32s3\timer_periph.c.o`
[WinError 2] 指定されたファイルが見つかりません。: 'C:\\Users\\wararyo\\Git\\M5StopWatch-wararyoLauncher\\.pio\\build\\m5stopwatch-render
-check\\soc\\esp32s3\\touch_sensor_periph.c.o' 
Please manually remove the file `C:\Users\wararyo\Git\M5StopWatch-wararyoLauncher\.pio\build\m5stopwatch-render-check\s
oc\esp32s3\touch_sensor_periph.c.o`
[WinError 2] 指定されたファイルが見つかりません。: 'C:\\Users\\wararyo\\Git\\M5StopWatch-wararyoLauncher\\.pio\\build\\m5stopwatch-render
-check\\soc\\esp32s3\\twai_periph.c.o' 
Please manually remove the file `C:\Users\wararyo\Git\M5StopWatch-wararyoLauncher\.pio\build\m5stopwatch-render-check\s
oc\esp32s3\twai_periph.c.o`
[WinError 2] 指定されたファイルが見つかりません。: 'C:\\Users\\wararyo\\Git\\M5StopWatch-wararyoLauncher\\.pio\\build\\m5stopwatch-render
-check\\soc\\esp32s3\\uart_periph.c.o' 
Please manually remove the file `C:\Users\wararyo\Git\M5StopWatch-wararyoLauncher\.pio\build\m5stopwatch-render-check\s
oc\esp32s3\uart_periph.c.o`
[WinError 2] 指定されたファイルが見つかりません。: 'C:\\Users\\wararyo\\Git\\M5StopWatch-wararyoLauncher\\.pio\\build\\m5stopwatch-render
-check\\soc\\esp32s3\\usb_dwc_periph.c.o' 
Please manually remove the file `C:\Users\wararyo\Git\M5StopWatch-wararyoLauncher\.pio\build\m5stopwatch-render-check\s
oc\esp32s3\usb_dwc_periph.c.o`
[WinError 3] 指定されたパスが見つかりません。: 'C:\\Users\\wararyo\\Git\\M5StopWatch-wararyoLauncher\\.pio\\build\\m5stopwatch-render-c
heck\\soc\\esp32s3\\wdt_periph.c.o' 
Please manually remove the file `C:\Users\wararyo\Git\M5StopWatch-wararyoLauncher\.pio\build\m5stopwatch-render-check\s
oc\esp32s3\wdt_periph.c.o`
[WinError 2] 指定されたファイルが見つかりません。: 'C:\\Users\\wararyo\\Git\\M5StopWatch-wararyoLauncher\\.pio\\build\\m5stopwatch-render
-check\\soc\\esp32s3' 
Please manually remove the file `C:\Users\wararyo\Git\M5StopWatch-wararyoLauncher\.pio\build\m5stopwatch-render-check\s
oc\esp32s3`
[WinError 2] 指定されたファイルが見つかりません。: 'C:\\Users\\wararyo\\Git\\M5StopWatch-wararyoLauncher\\.pio\\build\\m5stopwatch-render
-check\\soc\\lldesc.c.o' 
Please manually remove the file `C:\Users\wararyo\Git\M5StopWatch-wararyoLauncher\.pio\build\m5stopwatch-render-check\s
oc\lldesc.c.o`
[WinError 2] 指定されたファイルが見つかりません。: 'C:\\Users\\wararyo\\Git\\M5StopWatch-wararyoLauncher\\.pio\\build\\m5stopwatch-render
-check\\soc' 
Please manually remove the file `C:\Users\wararyo\Git\M5StopWatch-wararyoLauncher\.pio\build\m5stopwatch-render-check\s
oc`
[WinError 2] 指定されたファイルが見つかりません。: 'C:\\Users\\wararyo\\Git\\M5StopWatch-wararyoLauncher\\.pio\\build\\m5stopwatch-render
-check\\spiffs\\esp_spiffs.c.o' 
Please manually remove the file `C:\Users\wararyo\Git\M5StopWatch-wararyoLauncher\.pio\build\m5stopwatch-render-check\s
piffs\esp_spiffs.c.o`
[WinError 2] 指定されたファイルが見つかりません。: 'C:\\Users\\wararyo\\Git\\M5StopWatch-wararyoLauncher\\.pio\\build\\m5stopwatch-render
-check\\spiffs\\spiffs\\src\\spiffs_check.c.o' 
Please manually remove the file `C:\Users\wararyo\Git\M5StopWatch-wararyoLauncher\.pio\build\m5stopwatch-render-check\s
piffs\spiffs\src\spiffs_check.c.o`
[WinError 2] 指定されたファイルが見つかりません。: 'C:\\Users\\wararyo\\Git\\M5StopWatch-wararyoLauncher\\.pio\\build\\m5stopwatch-render
-check\\spiffs\\spiffs\\src\\spiffs_gc.c.o' 
Please manually remove the file `C:\Users\wararyo\Git\M5StopWatch-wararyoLauncher\.pio\build\m5stopwatch-render-check\s
piffs\spiffs\src\spiffs_gc.c.o`
[WinError 2] 指定されたファイルが見つかりません。: 'C:\\Users\\wararyo\\Git\\M5StopWatch-wararyoLauncher\\.pio\\build\\m5stopwatch-render
-check\\spiffs\\spiffs\\src\\spiffs_hydrogen.c.o' 
Please manually remove the file `C:\Users\wararyo\Git\M5StopWatch-wararyoLauncher\.pio\build\m5stopwatch-render-check\s
piffs\spiffs\src\spiffs_hydrogen.c.o`
[WinError 2] 指定されたファイルが見つかりません。: 'C:\\Users\\wararyo\\Git\\M5StopWatch-wararyoLauncher\\.pio\\build\\m5stopwatch-render
-check\\spiffs\\spiffs\\src\\spiffs_nucleus.c.o' 
Please manually remove the file `C:\Users\wararyo\Git\M5StopWatch-wararyoLauncher\.pio\build\m5stopwatch-render-check\s
piffs\spiffs\src\spiffs_nucleus.c.o`
[WinError 3] 指定されたパスが見つかりません。: 'C:\\Users\\wararyo\\Git\\M5StopWatch-wararyoLauncher\\.pio\\build\\m5stopwatch-render-c
heck\\spiffs\\spiffs\\src' 
Please manually remove the file `C:\Users\wararyo\Git\M5StopWatch-wararyoLauncher\.pio\build\m5stopwatch-render-check\s
piffs\spiffs\src`
[WinError 2] 指定されたファイルが見つかりません。: 'C:\\Users\\wararyo\\Git\\M5StopWatch-wararyoLauncher\\.pio\\build\\m5stopwatch-render
-check\\spiffs\\spiffs' 
Please manually remove the file `C:\Users\wararyo\Git\M5StopWatch-wararyoLauncher\.pio\build\m5stopwatch-render-check\s
piffs\spiffs`
[WinError 2] 指定されたファイルが見つかりません。: 'C:\\Users\\wararyo\\Git\\M5StopWatch-wararyoLauncher\\.pio\\build\\m5stopwatch-render
-check\\spiffs\\spiffs_api.c.o' 
Please manually remove the file `C:\Users\wararyo\Git\M5StopWatch-wararyoLauncher\.pio\build\m5stopwatch-render-check\s
piffs\spiffs_api.c.o`
[WinError 2] 指定されたファイルが見つかりません。: 'C:\\Users\\wararyo\\Git\\M5StopWatch-wararyoLauncher\\.pio\\build\\m5stopwatch-render
-check\\spiffs' 
Please manually remove the file `C:\Users\wararyo\Git\M5StopWatch-wararyoLauncher\.pio\build\m5stopwatch-render-check\s
piffs`
[WinError 2] 指定されたファイルが見つかりません。: 'C:\\Users\\wararyo\\Git\\M5StopWatch-wararyoLauncher\\.pio\\build\\m5stopwatch-render
-check\\spi_flash\\cache_utils.c.o' 
Please manually remove the file `C:\Users\wararyo\Git\M5StopWatch-wararyoLauncher\.pio\build\m5stopwatch-render-check\s
pi_flash\cache_utils.c.o`
[WinError 2] 指定されたファイルが見つかりません。: 'C:\\Users\\wararyo\\Git\\M5StopWatch-wararyoLauncher\\.pio\\build\\m5stopwatch-render
-check\\spi_flash\\esp32s3\\spi_flash_oct_flash_init.c.o' 
Please manually remove the file `C:\Users\wararyo\Git\M5StopWatch-wararyoLauncher\.pio\build\m5stopwatch-render-check\s
pi_flash\esp32s3\spi_flash_oct_flash_init.c.o`
[WinError 2] 指定されたファイルが見つかりません。: 'C:\\Users\\wararyo\\Git\\M5StopWatch-wararyoLauncher\\.pio\\build\\m5stopwatch-render
-check\\spi_flash\\esp32s3' 
Please manually remove the file `C:\Users\wararyo\Git\M5StopWatch-wararyoLauncher\.pio\build\m5stopwatch-render-check\s
pi_flash\esp32s3`
[WinError 2] 指定されたファイルが見つかりません。: 'C:\\Users\\wararyo\\Git\\M5StopWatch-wararyoLauncher\\.pio\\build\\m5stopwatch-render
-check\\spi_flash\\esp_flash_api.c.o' 
Please manually remove the file `C:\Users\wararyo\Git\M5StopWatch-wararyoLauncher\.pio\build\m5stopwatch-render-check\s
pi_flash\esp_flash_api.c.o`
[WinError 2] 指定されたファイルが見つかりません。: 'C:\\Users\\wararyo\\Git\\M5StopWatch-wararyoLauncher\\.pio\\build\\m5stopwatch-render
-check\\spi_flash\\esp_flash_spi_init.c.o' 
Please manually remove the file `C:\Users\wararyo\Git\M5StopWatch-wararyoLauncher\.pio\build\m5stopwatch-render-check\s
pi_flash\esp_flash_spi_init.c.o`
[WinError 2] 指定されたファイルが見つかりません。: 'C:\\Users\\wararyo\\Git\\M5StopWatch-wararyoLauncher\\.pio\\build\\m5stopwatch-render
-check\\spi_flash\\flash_brownout_hook.c.o' 
Please manually remove the file `C:\Users\wararyo\Git\M5StopWatch-wararyoLauncher\.pio\build\m5stopwatch-render-check\s
pi_flash\flash_brownout_hook.c.o`
[WinError 2] 指定されたファイルが見つかりません。: 'C:\\Users\\wararyo\\Git\\M5StopWatch-wararyoLauncher\\.pio\\build\\m5stopwatch-render
-check\\spi_flash\\flash_mmap.c.o' 
Please manually remove the file `C:\Users\wararyo\Git\M5StopWatch-wararyoLauncher\.pio\build\m5stopwatch-render-check\s
pi_flash\flash_mmap.c.o`
[WinError 2] 指定されたファイルが見つかりません。: 'C:\\Users\\wararyo\\Git\\M5StopWatch-wararyoLauncher\\.pio\\build\\m5stopwatch-render
-check\\spi_flash\\flash_ops.c.o' 
Please manually remove the file `C:\Users\wararyo\Git\M5StopWatch-wararyoLauncher\.pio\build\m5stopwatch-render-check\s
pi_flash\flash_ops.c.o`
[WinError 2] 指定されたファイルが見つかりません。: 'C:\\Users\\wararyo\\Git\\M5StopWatch-wararyoLauncher\\.pio\\build\\m5stopwatch-render
-check\\spi_flash\\memspi_host_driver.c.o' 
Please manually remove the file `C:\Users\wararyo\Git\M5StopWatch-wararyoLauncher\.pio\build\m5stopwatch-render-check\s
pi_flash\memspi_host_driver.c.o`
[WinError 2] 指定されたファイルが見つかりません。: 'C:\\Users\\wararyo\\Git\\M5StopWatch-wararyoLauncher\\.pio\\build\\m5stopwatch-render
-check\\spi_flash\\spi_flash_chip_boya.c.o' 
Please manually remove the file `C:\Users\wararyo\Git\M5StopWatch-wararyoLauncher\.pio\build\m5stopwatch-render-check\s
pi_flash\spi_flash_chip_boya.c.o`
[WinError 2] 指定されたファイルが見つかりません。: 'C:\\Users\\wararyo\\Git\\M5StopWatch-wararyoLauncher\\.pio\\build\\m5stopwatch-render
-check\\spi_flash\\spi_flash_chip_drivers.c.o' 
Please manually remove the file `C:\Users\wararyo\Git\M5StopWatch-wararyoLauncher\.pio\build\m5stopwatch-render-check\s
pi_flash\spi_flash_chip_drivers.c.o`
[WinError 2] 指定されたファイルが見つかりません。: 'C:\\Users\\wararyo\\Git\\M5StopWatch-wararyoLauncher\\.pio\\build\\m5stopwatch-render
-check\\spi_flash\\spi_flash_chip_gd.c.o' 
Please manually remove the file `C:\Users\wararyo\Git\M5StopWatch-wararyoLauncher\.pio\build\m5stopwatch-render-check\s
pi_flash\spi_flash_chip_gd.c.o`
[WinError 2] 指定されたファイルが見つかりません。: 'C:\\Users\\wararyo\\Git\\M5StopWatch-wararyoLauncher\\.pio\\build\\m5stopwatch-render
-check\\spi_flash\\spi_flash_chip_generic.c.o' 
Please manually remove the file `C:\Users\wararyo\Git\M5StopWatch-wararyoLauncher\.pio\build\m5stopwatch-render-check\s
pi_flash\spi_flash_chip_generic.c.o`
[WinError 2] 指定されたファイルが見つかりません。: 'C:\\Users\\wararyo\\Git\\M5StopWatch-wararyoLauncher\\.pio\\build\\m5stopwatch-render
-check\\spi_flash\\spi_flash_chip_issi.c.o' 
Please manually remove the file `C:\Users\wararyo\Git\M5StopWatch-wararyoLauncher\.pio\build\m5stopwatch-render-check\s
pi_flash\spi_flash_chip_issi.c.o`
[WinError 2] 指定されたファイルが見つかりません。: 'C:\\Users\\wararyo\\Git\\M5StopWatch-wararyoLauncher\\.pio\\build\\m5stopwatch-render
-check\\spi_flash\\spi_flash_chip_mxic.c.o' 
Please manually remove the file `C:\Users\wararyo\Git\M5StopWatch-wararyoLauncher\.pio\build\m5stopwatch-render-check\s
pi_flash\spi_flash_chip_mxic.c.o`
[WinError 2] 指定されたファイルが見つかりません。: 'C:\\Users\\wararyo\\Git\\M5StopWatch-wararyoLauncher\\.pio\\build\\m5stopwatch-render
-check\\spi_flash\\spi_flash_chip_mxic_opi.c.o' 
Please manually remove the file `C:\Users\wararyo\Git\M5StopWatch-wararyoLauncher\.pio\build\m5stopwatch-render-check\s
pi_flash\spi_flash_chip_mxic_opi.c.o`
[WinError 2] 指定されたファイルが見つかりません。: 'C:\\Users\\wararyo\\Git\\M5StopWatch-wararyoLauncher\\.pio\\build\\m5stopwatch-render
-check\\spi_flash\\spi_flash_chip_th.c.o' 
Please manually remove the file `C:\Users\wararyo\Git\M5StopWatch-wararyoLauncher\.pio\build\m5stopwatch-render-check\s
pi_flash\spi_flash_chip_th.c.o`
[WinError 2] 指定されたファイルが見つかりません。: 'C:\\Users\\wararyo\\Git\\M5StopWatch-wararyoLauncher\\.pio\\build\\m5stopwatch-render
-check\\spi_flash\\spi_flash_chip_winbond.c.o' 
Please manually remove the file `C:\Users\wararyo\Git\M5StopWatch-wararyoLauncher\.pio\build\m5stopwatch-render-check\s
pi_flash\spi_flash_chip_winbond.c.o`
[WinError 2] 指定されたファイルが見つかりません。: 'C:\\Users\\wararyo\\Git\\M5StopWatch-wararyoLauncher\\.pio\\build\\m5stopwatch-render
-check\\spi_flash\\spi_flash_hpm_enable.c.o' 
Please manually remove the file `C:\Users\wararyo\Git\M5StopWatch-wararyoLauncher\.pio\build\m5stopwatch-render-check\s
pi_flash\spi_flash_hpm_enable.c.o`
[WinError 2] 指定されたファイルが見つかりません。: 'C:\\Users\\wararyo\\Git\\M5StopWatch-wararyoLauncher\\.pio\\build\\m5stopwatch-render
-check\\spi_flash\\spi_flash_os_func_app.c.o' 
Please manually remove the file `C:\Users\wararyo\Git\M5StopWatch-wararyoLauncher\.pio\build\m5stopwatch-render-check\s
pi_flash\spi_flash_os_func_app.c.o`
[WinError 3] 指定されたパスが見つかりません。: 'C:\\Users\\wararyo\\Git\\M5StopWatch-wararyoLauncher\\.pio\\build\\m5stopwatch-render-c
heck\\spi_flash\\spi_flash_os_func_noos.c.o' 
Please manually remove the file `C:\Users\wararyo\Git\M5StopWatch-wararyoLauncher\.pio\build\m5stopwatch-render-check\s
pi_flash\spi_flash_os_func_noos.c.o`
[WinError 3] 指定されたパスが見つかりません。: 'C:\\Users\\wararyo\\Git\\M5StopWatch-wararyoLauncher\\.pio\\build\\m5stopwatch-render-c
heck\\spi_flash\\spi_flash_wrap.c.o' 
Please manually remove the file `C:\Users\wararyo\Git\M5StopWatch-wararyoLauncher\.pio\build\m5stopwatch-render-check\s
pi_flash\spi_flash_wrap.c.o`
[WinError 2] 指定されたファイルが見つかりません。: 'C:\\Users\\wararyo\\Git\\M5StopWatch-wararyoLauncher\\.pio\\build\\m5stopwatch-render
-check\\spi_flash' 
Please manually remove the file `C:\Users\wararyo\Git\M5StopWatch-wararyoLauncher\.pio\build\m5stopwatch-render-check\s
pi_flash`
[WinError 3] 指定されたパスが見つかりません。: 'C:\\Users\\wararyo\\Git\\M5StopWatch-wararyoLauncher\\.pio\\build\\m5stopwatch-render-c
heck\\src\\features\\external\\ExternalLayer.cpp.o' 
Please manually remove the file `C:\Users\wararyo\Git\M5StopWatch-wararyoLauncher\.pio\build\m5stopwatch-render-check\s
rc\features\external\ExternalLayer.cpp.o`
[WinError 2] 指定されたファイルが見つかりません。: 'C:\\Users\\wararyo\\Git\\M5StopWatch-wararyoLauncher\\.pio\\build\\m5stopwatch-render
-check\\src\\features\\external' 
Please manually remove the file `C:\Users\wararyo\Git\M5StopWatch-wararyoLauncher\.pio\build\m5stopwatch-render-check\s
rc\features\external`
[WinError 2] 指定されたファイルが見つかりません。: 'C:\\Users\\wararyo\\Git\\M5StopWatch-wararyoLauncher\\.pio\\build\\m5stopwatch-render
-check\\src\\features\\home\\faces' 
Please manually remove the file `C:\Users\wararyo\Git\M5StopWatch-wararyoLauncher\.pio\build\m5stopwatch-render-check\s
rc\features\home\faces`
[WinError 2] 指定されたファイルが見つかりません。: 'C:\\Users\\wararyo\\Git\\M5StopWatch-wararyoLauncher\\.pio\\build\\m5stopwatch-render
-check\\src\\features\\home\\HomeDataSource.cpp.o' 
Please manually remove the file `C:\Users\wararyo\Git\M5StopWatch-wararyoLauncher\.pio\build\m5stopwatch-render-check\s
rc\features\home\HomeDataSource.cpp.o`
[WinError 2] 指定されたファイルが見つかりません。: 'C:\\Users\\wararyo\\Git\\M5StopWatch-wararyoLauncher\\.pio\\build\\m5stopwatch-render
-check\\src\\features\\home\\HomeLayer.cpp.o' 
Please manually remove the file `C:\Users\wararyo\Git\M5StopWatch-wararyoLauncher\.pio\build\m5stopwatch-render-check\s
rc\features\home\HomeLayer.cpp.o`
[WinError 2] 指定されたファイルが見つかりません。: 'C:\\Users\\wararyo\\Git\\M5StopWatch-wararyoLauncher\\.pio\\build\\m5stopwatch-render
-check\\src\\features\\home' 
Please manually remove the file `C:\Users\wararyo\Git\M5StopWatch-wararyoLauncher\.pio\build\m5stopwatch-render-check\s
rc\features\home`
[WinError 2] 指定されたファイルが見つかりません。: 'C:\\Users\\wararyo\\Git\\M5StopWatch-wararyoLauncher\\.pio\\build\\m5stopwatch-render
-check\\src\\features\\launcher\\AppIcons.cpp.o' 
Please manually remove the file `C:\Users\wararyo\Git\M5StopWatch-wararyoLauncher\.pio\build\m5stopwatch-render-check\s
rc\features\launcher\AppIcons.cpp.o`
[WinError 2] 指定されたファイルが見つかりません。: 'C:\\Users\\wararyo\\Git\\M5StopWatch-wararyoLauncher\\.pio\\build\\m5stopwatch-render
-check\\src\\features\\launcher\\AppListLayer.cpp.o' 
Please manually remove the file `C:\Users\wararyo\Git\M5StopWatch-wararyoLauncher\.pio\build\m5stopwatch-render-check\s
rc\features\launcher\AppListLayer.cpp.o`
[WinError 2] 指定されたファイルが見つかりません。: 'C:\\Users\\wararyo\\Git\\M5StopWatch-wararyoLauncher\\.pio\\build\\m5stopwatch-render
-check\\src\\features\\launcher\\LauncherController.cpp.o' 
Please manually remove the file `C:\Users\wararyo\Git\M5StopWatch-wararyoLauncher\.pio\build\m5stopwatch-render-check\s
rc\features\launcher\LauncherController.cpp.o`
[WinError 2] 指定されたファイルが見つかりません。: 'C:\\Users\\wararyo\\Git\\M5StopWatch-wararyoLauncher\\.pio\\build\\m5stopwatch-render
-check\\src\\features\\launcher' 
Please manually remove the file `C:\Users\wararyo\Git\M5StopWatch-wararyoLauncher\.pio\build\m5stopwatch-render-check\s
rc\features\launcher`
[WinError 2] 指定されたファイルが見つかりません。: 'C:\\Users\\wararyo\\Git\\M5StopWatch-wararyoLauncher\\.pio\\build\\m5stopwatch-render
-check\\src\\features\\settings\\SettingsScreen.cpp.o' 
Please manually remove the file `C:\Users\wararyo\Git\M5StopWatch-wararyoLauncher\.pio\build\m5stopwatch-render-check\s
rc\features\settings\SettingsScreen.cpp.o`
[WinError 2] 指定されたファイルが見つかりません。: 'C:\\Users\\wararyo\\Git\\M5StopWatch-wararyoLauncher\\.pio\\build\\m5stopwatch-render
-check\\src\\features\\settings' 
Please manually remove the file `C:\Users\wararyo\Git\M5StopWatch-wararyoLauncher\.pio\build\m5stopwatch-render-check\s
rc\features\settings`
[WinError 2] 指定されたファイルが見つかりません。: 'C:\\Users\\wararyo\\Git\\M5StopWatch-wararyoLauncher\\.pio\\build\\m5stopwatch-render
-check\\src\\features\\stopwatch\\StopwatchBackgroundInfo.cpp.o' 
Please manually remove the file `C:\Users\wararyo\Git\M5StopWatch-wararyoLauncher\.pio\build\m5stopwatch-render-check\s
rc\features\stopwatch\StopwatchBackgroundInfo.cpp.o`
[WinError 2] 指定されたファイルが見つかりません。: 'C:\\Users\\wararyo\\Git\\M5StopWatch-wararyoLauncher\\.pio\\build\\m5stopwatch-render
-check\\src\\features\\stopwatch\\StopwatchFormat.cpp.o' 
Please manually remove the file `C:\Users\wararyo\Git\M5StopWatch-wararyoLauncher\.pio\build\m5stopwatch-render-check\s
rc\features\stopwatch\StopwatchFormat.cpp.o`
[WinError 2] 指定されたファイルが見つかりません。: 'C:\\Users\\wararyo\\Git\\M5StopWatch-wararyoLauncher\\.pio\\build\\m5stopwatch-render
-check\\src\\features\\stopwatch\\StopwatchLayer.cpp.o' 
Please manually remove the file `C:\Users\wararyo\Git\M5StopWatch-wararyoLauncher\.pio\build\m5stopwatch-render-check\s
rc\features\stopwatch\StopwatchLayer.cpp.o`
[WinError 3] 指定されたパスが見つかりません。: 'C:\\Users\\wararyo\\Git\\M5StopWatch-wararyoLauncher\\.pio\\build\\m5stopwatch-render-c
heck\\src\\features\\stopwatch\\StopwatchScreen.cpp.o' 
Please manually remove the file `C:\Users\wararyo\Git\M5StopWatch-wararyoLauncher\.pio\build\m5stopwatch-render-check\s
rc\features\stopwatch\StopwatchScreen.cpp.o`
[WinError 3] 指定されたパスが見つかりません。: 'C:\\Users\\wararyo\\Git\\M5StopWatch-wararyoLauncher\\.pio\\build\\m5stopwatch-render-c
heck\\src\\features\\stopwatch' 
Please manually remove the file `C:\Users\wararyo\Git\M5StopWatch-wararyoLauncher\.pio\build\m5stopwatch-render-check\s
rc\features\stopwatch`
[WinError 2] 指定されたファイルが見つかりません。: 'C:\\Users\\wararyo\\Git\\M5StopWatch-wararyoLauncher\\.pio\\build\\m5stopwatch-render
-check\\src\\features' 
Please manually remove the file `C:\Users\wararyo\Git\M5StopWatch-wararyoLauncher\.pio\build\m5stopwatch-render-check\s
rc\features`
[WinError 2] 指定されたファイルが見つかりません。: 'C:\\Users\\wararyo\\Git\\M5StopWatch-wararyoLauncher\\.pio\\build\\m5stopwatch-render
-check\\src\\hal' 
Please manually remove the file `C:\Users\wararyo\Git\M5StopWatch-wararyoLauncher\.pio\build\m5stopwatch-render-check\s
rc\hal`
[WinError 2] 指定されたファイルが見つかりません。: 'C:\\Users\\wararyo\\Git\\M5StopWatch-wararyoLauncher\\.pio\\build\\m5stopwatch-render
-check\\src\\host\\HostRuntime.cpp.o' 
Please manually remove the file `C:\Users\wararyo\Git\M5StopWatch-wararyoLauncher\.pio\build\m5stopwatch-render-check\s
rc\host\HostRuntime.cpp.o`
[WinError 2] 指定されたファイルが見つかりません。: 'C:\\Users\\wararyo\\Git\\M5StopWatch-wararyoLauncher\\.pio\\build\\m5stopwatch-render
-check\\src\\host\\RenderDiagnostics.cpp.o' 
Please manually remove the file `C:\Users\wararyo\Git\M5StopWatch-wararyoLauncher\.pio\build\m5stopwatch-render-check\s
rc\host\RenderDiagnostics.cpp.o`
[WinError 3] 指定されたパスが見つかりません。: 'C:\\Users\\wararyo\\Git\\M5StopWatch-wararyoLauncher\\.pio\\build\\m5stopwatch-render-c
heck\\src\\host\\ScreenManager.cpp.o' 
Please manually remove the file `C:\Users\wararyo\Git\M5StopWatch-wararyoLauncher\.pio\build\m5stopwatch-render-check\s
rc\host\ScreenManager.cpp.o`
[WinError 2] 指定されたファイルが見つかりません。: 'C:\\Users\\wararyo\\Git\\M5StopWatch-wararyoLauncher\\.pio\\build\\m5stopwatch-render
-check\\src\\host' 
Please manually remove the file `C:\Users\wararyo\Git\M5StopWatch-wararyoLauncher\.pio\build\m5stopwatch-render-check\s
rc\host`
[WinError 2] 指定されたファイルが見つかりません。: 'C:\\Users\\wararyo\\Git\\M5StopWatch-wararyoLauncher\\.pio\\build\\m5stopwatch-render
-check\\src\\input' 
Please manually remove the file `C:\Users\wararyo\Git\M5StopWatch-wararyoLauncher\.pio\build\m5stopwatch-render-check\s
rc\input`
[WinError 2] 指定されたファイルが見つかりません。: 'C:\\Users\\wararyo\\Git\\M5StopWatch-wararyoLauncher\\.pio\\build\\m5stopwatch-render
-check\\src\\main.cpp.o' 
Please manually remove the file `C:\Users\wararyo\Git\M5StopWatch-wararyoLauncher\.pio\build\m5stopwatch-render-check\s
rc\main.cpp.o`
[WinError 2] 指定されたファイルが見つかりません。: 'C:\\Users\\wararyo\\Git\\M5StopWatch-wararyoLauncher\\.pio\\build\\m5stopwatch-render
-check\\src\\multifirm' 
Please manually remove the file `C:\Users\wararyo\Git\M5StopWatch-wararyoLauncher\.pio\build\m5stopwatch-render-check\s
rc\multifirm`
[WinError 3] 指定されたパスが見つかりません。: 'C:\\Users\\wararyo\\Git\\M5StopWatch-wararyoLauncher\\.pio\\build\\m5stopwatch-render-c
heck\\src\\power\\UsbDiag.cpp.o' 
Please manually remove the file `C:\Users\wararyo\Git\M5StopWatch-wararyoLauncher\.pio\build\m5stopwatch-render-check\s
rc\power\UsbDiag.cpp.o`
[WinError 2] 指定されたファイルが見つかりません。: 'C:\\Users\\wararyo\\Git\\M5StopWatch-wararyoLauncher\\.pio\\build\\m5stopwatch-render
-check\\src\\power' 
Please manually remove the file `C:\Users\wararyo\Git\M5StopWatch-wararyoLauncher\.pio\build\m5stopwatch-render-check\s
rc\power`
[WinError 3] 指定されたパスが見つかりません。: 'C:\\Users\\wararyo\\Git\\M5StopWatch-wararyoLauncher\\.pio\\build\\m5stopwatch-render-c
heck\\src\\services\\TimeService.cpp.o' 
Please manually remove the file `C:\Users\wararyo\Git\M5StopWatch-wararyoLauncher\.pio\build\m5stopwatch-render-check\s
rc\services\TimeService.cpp.o`
[WinError 2] 指定されたファイルが見つかりません。: 'C:\\Users\\wararyo\\Git\\M5StopWatch-wararyoLauncher\\.pio\\build\\m5stopwatch-render
-check\\src\\services' 
Please manually remove the file `C:\Users\wararyo\Git\M5StopWatch-wararyoLauncher\.pio\build\m5stopwatch-render-check\s
rc\services`
[WinError 3] 指定されたパスが見つかりません。: 'C:\\Users\\wararyo\\Git\\M5StopWatch-wararyoLauncher\\.pio\\build\\m5stopwatch-render-c
heck\\src\\storage\\SettingsStore.cpp.o' 
Please manually remove the file `C:\Users\wararyo\Git\M5StopWatch-wararyoLauncher\.pio\build\m5stopwatch-render-check\s
rc\storage\SettingsStore.cpp.o`
[WinError 2] 指定されたファイルが見つかりません。: 'C:\\Users\\wararyo\\Git\\M5StopWatch-wararyoLauncher\\.pio\\build\\m5stopwatch-render
-check\\src\\storage' 
Please manually remove the file `C:\Users\wararyo\Git\M5StopWatch-wararyoLauncher\.pio\build\m5stopwatch-render-check\s
rc\storage`
[WinError 2] 指定されたファイルが見つかりません。: 'C:\\Users\\wararyo\\Git\\M5StopWatch-wararyoLauncher\\.pio\\build\\m5stopwatch-render
-check\\src\\ui\\graphics\\Text.cpp.o' 
Please manually remove the file `C:\Users\wararyo\Git\M5StopWatch-wararyoLauncher\.pio\build\m5stopwatch-render-check\s
rc\ui\graphics\Text.cpp.o`
[WinError 3] 指定されたパスが見つかりません。: 'C:\\Users\\wararyo\\Git\\M5StopWatch-wararyoLauncher\\.pio\\build\\m5stopwatch-render-c
heck\\src\\ui\\graphics\\VlwFont.cpp.o' 
Please manually remove the file `C:\Users\wararyo\Git\M5StopWatch-wararyoLauncher\.pio\build\m5stopwatch-render-check\s
rc\ui\graphics\VlwFont.cpp.o`
[WinError 2] 指定されたファイルが見つかりません。: 'C:\\Users\\wararyo\\Git\\M5StopWatch-wararyoLauncher\\.pio\\build\\m5stopwatch-render
-check\\src\\ui\\graphics' 
Please manually remove the file `C:\Users\wararyo\Git\M5StopWatch-wararyoLauncher\.pio\build\m5stopwatch-render-check\s
rc\ui\graphics`
[WinError 2] 指定されたファイルが見つかりません。: 'C:\\Users\\wararyo\\Git\\M5StopWatch-wararyoLauncher\\.pio\\build\\m5stopwatch-render
-check\\src\\ui\\list\\ListView.cpp.o' 
Please manually remove the file `C:\Users\wararyo\Git\M5StopWatch-wararyoLauncher\.pio\build\m5stopwatch-render-check\s
rc\ui\list\ListView.cpp.o`
[WinError 2] 指定されたファイルが見つかりません。: 'C:\\Users\\wararyo\\Git\\M5StopWatch-wararyoLauncher\\.pio\\build\\m5stopwatch-render
-check\\src\\ui\\list' 
Please manually remove the file `C:\Users\wararyo\Git\M5StopWatch-wararyoLauncher\.pio\build\m5stopwatch-render-check\s
rc\ui\list`
[WinError 2] 指定されたファイルが見つかりません。: 'C:\\Users\\wararyo\\Git\\M5StopWatch-wararyoLauncher\\.pio\\build\\m5stopwatch-render
-check\\src\\ui\\overlays\\StatsOverlay.cpp.o' 
Please manually remove the file `C:\Users\wararyo\Git\M5StopWatch-wararyoLauncher\.pio\build\m5stopwatch-render-check\s
rc\ui\overlays\StatsOverlay.cpp.o`
[WinError 2] 指定されたファイルが見つかりません。: 'C:\\Users\\wararyo\\Git\\M5StopWatch-wararyoLauncher\\.pio\\build\\m5stopwatch-render
-check\\src\\ui\\overlays\\ToastLayer.cpp.o' 
Please manually remove the file `C:\Users\wararyo\Git\M5StopWatch-wararyoLauncher\.pio\build\m5stopwatch-render-check\s
rc\ui\overlays\ToastLayer.cpp.o`
[WinError 2] 指定されたファイルが見つかりません。: 'C:\\Users\\wararyo\\Git\\M5StopWatch-wararyoLauncher\\.pio\\build\\m5stopwatch-render
-check\\src\\ui\\overlays' 
Please manually remove the file `C:\Users\wararyo\Git\M5StopWatch-wararyoLauncher\.pio\build\m5stopwatch-render-check\s
rc\ui\overlays`
[WinError 2] 指定されたファイルが見つかりません。: 'C:\\Users\\wararyo\\Git\\M5StopWatch-wararyoLauncher\\.pio\\build\\m5stopwatch-render
-check\\src\\ui\\rendering\\Element.cpp.o' 
Please manually remove the file `C:\Users\wararyo\Git\M5StopWatch-wararyoLauncher\.pio\build\m5stopwatch-render-check\s
rc\ui\rendering\Element.cpp.o`
[WinError 3] 指定されたパスが見つかりません。: 'C:\\Users\\wararyo\\Git\\M5StopWatch-wararyoLauncher\\.pio\\build\\m5stopwatch-render-c
heck\\src\\ui\\rendering\\Renderer.cpp.o' 
Please manually remove the file `C:\Users\wararyo\Git\M5StopWatch-wararyoLauncher\.pio\build\m5stopwatch-render-check\s
rc\ui\rendering\Renderer.cpp.o`
[WinError 3] 指定されたパスが見つかりません。: 'C:\\Users\\wararyo\\Git\\M5StopWatch-wararyoLauncher\\.pio\\build\\m5stopwatch-render-c
heck\\src\\ui\\rendering' 
Please manually remove the file `C:\Users\wararyo\Git\M5StopWatch-wararyoLauncher\.pio\build\m5stopwatch-render-check\s
rc\ui\rendering`
[WinError 3] 指定されたパスが見つかりません。: 'C:\\Users\\wararyo\\Git\\M5StopWatch-wararyoLauncher\\.pio\\build\\m5stopwatch-render-c
heck\\src\\ui' 
Please manually remove the file `C:\Users\wararyo\Git\M5StopWatch-wararyoLauncher\.pio\build\m5stopwatch-render-check\s
rc\ui`
[WinError 2] 指定されたファイルが見つかりません。: 'C:\\Users\\wararyo\\Git\\M5StopWatch-wararyoLauncher\\.pio\\build\\m5stopwatch-render
-check\\src' 
Please manually remove the file `C:\Users\wararyo\Git\M5StopWatch-wararyoLauncher\.pio\build\m5stopwatch-render-check\s
rc`
[WinError 2] 指定されたファイルが見つかりません。: 'C:\\Users\\wararyo\\Git\\M5StopWatch-wararyoLauncher\\.pio\\build\\m5stopwatch-render
-check\\tcp_transport\\transport_internal.c.o' 
Please manually remove the file `C:\Users\wararyo\Git\M5StopWatch-wararyoLauncher\.pio\build\m5stopwatch-render-check\t
cp_transport\transport_internal.c.o`
[WinError 2] 指定されたファイルが見つかりません。: 'C:\\Users\\wararyo\\Git\\M5StopWatch-wararyoLauncher\\.pio\\build\\m5stopwatch-render
-check\\tcp_transport\\transport_socks_proxy.c.o' 
Please manually remove the file `C:\Users\wararyo\Git\M5StopWatch-wararyoLauncher\.pio\build\m5stopwatch-render-check\t
cp_transport\transport_socks_proxy.c.o`
[WinError 2] 指定されたファイルが見つかりません。: 'C:\\Users\\wararyo\\Git\\M5StopWatch-wararyoLauncher\\.pio\\build\\m5stopwatch-render
-check\\tcp_transport\\transport_ssl.c.o' 
Please manually remove the file `C:\Users\wararyo\Git\M5StopWatch-wararyoLauncher\.pio\build\m5stopwatch-render-check\t
cp_transport\transport_ssl.c.o`
[WinError 3] 指定されたパスが見つかりません。: 'C:\\Users\\wararyo\\Git\\M5StopWatch-wararyoLauncher\\.pio\\build\\m5stopwatch-render-c
heck\\tcp_transport\\transport_ws.c.o' 
Please manually remove the file `C:\Users\wararyo\Git\M5StopWatch-wararyoLauncher\.pio\build\m5stopwatch-render-check\t
cp_transport\transport_ws.c.o`
[WinError 2] 指定されたファイルが見つかりません。: 'C:\\Users\\wararyo\\Git\\M5StopWatch-wararyoLauncher\\.pio\\build\\m5stopwatch-render
-check\\tcp_transport' 
Please manually remove the file `C:\Users\wararyo\Git\M5StopWatch-wararyoLauncher\.pio\build\m5stopwatch-render-check\t
cp_transport`
[WinError 2] 指定されたファイルが見つかりません。: 'C:\\Users\\wararyo\\Git\\M5StopWatch-wararyoLauncher\\.pio\\build\\m5stopwatch-render
-check\\touch_element\\touch_element.c.o' 
Please manually remove the file `C:\Users\wararyo\Git\M5StopWatch-wararyoLauncher\.pio\build\m5stopwatch-render-check\t
ouch_element\touch_element.c.o`
[WinError 2] 指定されたファイルが見つかりません。: 'C:\\Users\\wararyo\\Git\\M5StopWatch-wararyoLauncher\\.pio\\build\\m5stopwatch-render
-check\\touch_element\\touch_matrix.c.o' 
Please manually remove the file `C:\Users\wararyo\Git\M5StopWatch-wararyoLauncher\.pio\build\m5stopwatch-render-check\t
ouch_element\touch_matrix.c.o`
[WinError 2] 指定されたファイルが見つかりません。: 'C:\\Users\\wararyo\\Git\\M5StopWatch-wararyoLauncher\\.pio\\build\\m5stopwatch-render
-check\\touch_element\\touch_slider.c.o' 
Please manually remove the file `C:\Users\wararyo\Git\M5StopWatch-wararyoLauncher\.pio\build\m5stopwatch-render-check\t
ouch_element\touch_slider.c.o`
[WinError 2] 指定されたファイルが見つかりません。: 'C:\\Users\\wararyo\\Git\\M5StopWatch-wararyoLauncher\\.pio\\build\\m5stopwatch-render
-check\\touch_element' 
Please manually remove the file `C:\Users\wararyo\Git\M5StopWatch-wararyoLauncher\.pio\build\m5stopwatch-render-check\t
ouch_element`
[WinError 3] 指定されたパスが見つかりません。: 'C:\\Users\\wararyo\\Git\\M5StopWatch-wararyoLauncher\\.pio\\build\\m5stopwatch-render-c
heck\\unity\\port\\esp\\unity_utils_memory_esp.c.o' 
Please manually remove the file `C:\Users\wararyo\Git\M5StopWatch-wararyoLauncher\.pio\build\m5stopwatch-render-check\u
nity\port\esp\unity_utils_memory_esp.c.o`
[WinError 3] 指定されたパスが見つかりません。: 'C:\\Users\\wararyo\\Git\\M5StopWatch-wararyoLauncher\\.pio\\build\\m5stopwatch-render-c
heck\\unity\\port\\esp' 
Please manually remove the file `C:\Users\wararyo\Git\M5StopWatch-wararyoLauncher\.pio\build\m5stopwatch-render-check\u
nity\port\esp`
[WinError 2] 指定されたファイルが見つかりません。: 'C:\\Users\\wararyo\\Git\\M5StopWatch-wararyoLauncher\\.pio\\build\\m5stopwatch-render
-check\\unity\\port' 
Please manually remove the file `C:\Users\wararyo\Git\M5StopWatch-wararyoLauncher\.pio\build\m5stopwatch-render-check\u
nity\port`
[WinError 3] 指定されたパスが見つかりません。: 'C:\\Users\\wararyo\\Git\\M5StopWatch-wararyoLauncher\\.pio\\build\\m5stopwatch-render-c
heck\\unity\\unity\\src' 
Please manually remove the file `C:\Users\wararyo\Git\M5StopWatch-wararyoLauncher\.pio\build\m5stopwatch-render-check\u
nity\unity\src`
[WinError 2] 指定されたファイルが見つかりません。: 'C:\\Users\\wararyo\\Git\\M5StopWatch-wararyoLauncher\\.pio\\build\\m5stopwatch-render
-check\\unity\\unity' 
Please manually remove the file `C:\Users\wararyo\Git\M5StopWatch-wararyoLauncher\.pio\build\m5stopwatch-render-check\u
nity\unity`
[WinError 2] 指定されたファイルが見つかりません。: 'C:\\Users\\wararyo\\Git\\M5StopWatch-wararyoLauncher\\.pio\\build\\m5stopwatch-render
-check\\unity\\unity_compat.c.o' 
Please manually remove the file `C:\Users\wararyo\Git\M5StopWatch-wararyoLauncher\.pio\build\m5stopwatch-render-check\u
nity\unity_compat.c.o`
[WinError 2] 指定されたファイルが見つかりません。: 'C:\\Users\\wararyo\\Git\\M5StopWatch-wararyoLauncher\\.pio\\build\\m5stopwatch-render
-check\\unity\\unity_port_esp32.c.o' 
Please manually remove the file `C:\Users\wararyo\Git\M5StopWatch-wararyoLauncher\.pio\build\m5stopwatch-render-check\u
nity\unity_port_esp32.c.o`
[WinError 2] 指定されたファイルが見つかりません。: 'C:\\Users\\wararyo\\Git\\M5StopWatch-wararyoLauncher\\.pio\\build\\m5stopwatch-render
-check\\unity\\unity_runner.c.o' 
Please manually remove the file `C:\Users\wararyo\Git\M5StopWatch-wararyoLauncher\.pio\build\m5stopwatch-render-check\u
nity\unity_runner.c.o`
[WinError 2] 指定されたファイルが見つかりません。: 'C:\\Users\\wararyo\\Git\\M5StopWatch-wararyoLauncher\\.pio\\build\\m5stopwatch-render
-check\\unity\\unity_utils_cache.c.o' 
Please manually remove the file `C:\Users\wararyo\Git\M5StopWatch-wararyoLauncher\.pio\build\m5stopwatch-render-check\u
nity\unity_utils_cache.c.o`
[WinError 2] 指定されたファイルが見つかりません。: 'C:\\Users\\wararyo\\Git\\M5StopWatch-wararyoLauncher\\.pio\\build\\m5stopwatch-render
-check\\unity\\unity_utils_freertos.c.o' 
Please manually remove the file `C:\Users\wararyo\Git\M5StopWatch-wararyoLauncher\.pio\build\m5stopwatch-render-check\u
nity\unity_utils_freertos.c.o`
[WinError 3] 指定されたパスが見つかりません。: 'C:\\Users\\wararyo\\Git\\M5StopWatch-wararyoLauncher\\.pio\\build\\m5stopwatch-render-c
heck\\unity\\unity_utils_memory.c.o' 
Please manually remove the file `C:\Users\wararyo\Git\M5StopWatch-wararyoLauncher\.pio\build\m5stopwatch-render-check\u
nity\unity_utils_memory.c.o`
[WinError 2] 指定されたファイルが見つかりません。: 'C:\\Users\\wararyo\\Git\\M5StopWatch-wararyoLauncher\\.pio\\build\\m5stopwatch-render
-check\\unity' 
Please manually remove the file `C:\Users\wararyo\Git\M5StopWatch-wararyoLauncher\.pio\build\m5stopwatch-render-check\u
nity`
[WinError 2] 指定されたファイルが見つかりません。: 'C:\\Users\\wararyo\\Git\\M5StopWatch-wararyoLauncher\\.pio\\build\\m5stopwatch-render
-check\\usb\\hcd_dwc.c.o' 
Please manually remove the file `C:\Users\wararyo\Git\M5StopWatch-wararyoLauncher\.pio\build\m5stopwatch-render-check\u
sb\hcd_dwc.c.o`
[WinError 2] 指定されたファイルが見つかりません。: 'C:\\Users\\wararyo\\Git\\M5StopWatch-wararyoLauncher\\.pio\\build\\m5stopwatch-render
-check\\usb\\hub.c.o' 
Please manually remove the file `C:\Users\wararyo\Git\M5StopWatch-wararyoLauncher\.pio\build\m5stopwatch-render-check\u
sb\hub.c.o`
[WinError 2] 指定されたファイルが見つかりません。: 'C:\\Users\\wararyo\\Git\\M5StopWatch-wararyoLauncher\\.pio\\build\\m5stopwatch-render
-check\\usb\\usbh.c.o' 
Please manually remove the file `C:\Users\wararyo\Git\M5StopWatch-wararyoLauncher\.pio\build\m5stopwatch-render-check\u
sb\usbh.c.o`
[WinError 2] 指定されたファイルが見つかりません。: 'C:\\Users\\wararyo\\Git\\M5StopWatch-wararyoLauncher\\.pio\\build\\m5stopwatch-render
-check\\usb\\usb_helpers.c.o' 
Please manually remove the file `C:\Users\wararyo\Git\M5StopWatch-wararyoLauncher\.pio\build\m5stopwatch-render-check\u
sb\usb_helpers.c.o`
[WinError 2] 指定されたファイルが見つかりません。: 'C:\\Users\\wararyo\\Git\\M5StopWatch-wararyoLauncher\\.pio\\build\\m5stopwatch-render
-check\\usb\\usb_host.c.o' 
Please manually remove the file `C:\Users\wararyo\Git\M5StopWatch-wararyoLauncher\.pio\build\m5stopwatch-render-check\u
sb\usb_host.c.o`
[WinError 3] 指定されたパスが見つかりません。: 'C:\\Users\\wararyo\\Git\\M5StopWatch-wararyoLauncher\\.pio\\build\\m5stopwatch-render-c
heck\\usb\\usb_phy.c.o' 
Please manually remove the file `C:\Users\wararyo\Git\M5StopWatch-wararyoLauncher\.pio\build\m5stopwatch-render-check\u
sb\usb_phy.c.o`
[WinError 3] 指定されたパスが見つかりません。: 'C:\\Users\\wararyo\\Git\\M5StopWatch-wararyoLauncher\\.pio\\build\\m5stopwatch-render-c
heck\\usb\\usb_private.c.o' 
Please manually remove the file `C:\Users\wararyo\Git\M5StopWatch-wararyoLauncher\.pio\build\m5stopwatch-render-check\u
sb\usb_private.c.o`
[WinError 2] 指定されたファイルが見つかりません。: 'C:\\Users\\wararyo\\Git\\M5StopWatch-wararyoLauncher\\.pio\\build\\m5stopwatch-render
-check\\usb' 
Please manually remove the file `C:\Users\wararyo\Git\M5StopWatch-wararyoLauncher\.pio\build\m5stopwatch-render-check\u
sb`
[WinError 2] 指定されたファイルが見つかりません。: 'C:\\Users\\wararyo\\Git\\M5StopWatch-wararyoLauncher\\.pio\\build\\m5stopwatch-render
-check\\vfs\\vfs_eventfd.c.o' 
Please manually remove the file `C:\Users\wararyo\Git\M5StopWatch-wararyoLauncher\.pio\build\m5stopwatch-render-check\v
fs\vfs_eventfd.c.o`
[WinError 3] 指定されたパスが見つかりません。: 'C:\\Users\\wararyo\\Git\\M5StopWatch-wararyoLauncher\\.pio\\build\\m5stopwatch-render-c
heck\\vfs\\vfs_semihost.c.o' 
Please manually remove the file `C:\Users\wararyo\Git\M5StopWatch-wararyoLauncher\.pio\build\m5stopwatch-render-check\v
fs\vfs_semihost.c.o`
[WinError 2] 指定されたファイルが見つかりません。: 'C:\\Users\\wararyo\\Git\\M5StopWatch-wararyoLauncher\\.pio\\build\\m5stopwatch-render
-check\\vfs' 
Please manually remove the file `C:\Users\wararyo\Git\M5StopWatch-wararyoLauncher\.pio\build\m5stopwatch-render-check\v
fs`
[WinError 2] 指定されたファイルが見つかりません。: 'C:\\Users\\wararyo\\Git\\M5StopWatch-wararyoLauncher\\.pio\\build\\m5stopwatch-render
-check\\wararyoLauncher.map' 
Please manually remove the file `C:\Users\wararyo\Git\M5StopWatch-wararyoLauncher\.pio\build\m5stopwatch-render-check\w
araryoLauncher.map`
[WinError 2] 指定されたファイルが見つかりません。: 'C:\\Users\\wararyo\\Git\\M5StopWatch-wararyoLauncher\\.pio\\build\\m5stopwatch-render
-check\\wear_levelling\\crc32.cpp.o' 
Please manually remove the file `C:\Users\wararyo\Git\M5StopWatch-wararyoLauncher\.pio\build\m5stopwatch-render-check\w
ear_levelling\crc32.cpp.o`
[WinError 2] 指定されたファイルが見つかりません。: 'C:\\Users\\wararyo\\Git\\M5StopWatch-wararyoLauncher\\.pio\\build\\m5stopwatch-render
-check\\wear_levelling\\Partition.cpp.o' 
Please manually remove the file `C:\Users\wararyo\Git\M5StopWatch-wararyoLauncher\.pio\build\m5stopwatch-render-check\w
ear_levelling\Partition.cpp.o`
[WinError 2] 指定されたファイルが見つかりません。: 'C:\\Users\\wararyo\\Git\\M5StopWatch-wararyoLauncher\\.pio\\build\\m5stopwatch-render
-check\\wear_levelling\\SPI_Flash.cpp.o' 
Please manually remove the file `C:\Users\wararyo\Git\M5StopWatch-wararyoLauncher\.pio\build\m5stopwatch-render-check\w
ear_levelling\SPI_Flash.cpp.o`
[WinError 2] 指定されたファイルが見つかりません。: 'C:\\Users\\wararyo\\Git\\M5StopWatch-wararyoLauncher\\.pio\\build\\m5stopwatch-render
-check\\wear_levelling\\wear_levelling.cpp.o' 
Please manually remove the file `C:\Users\wararyo\Git\M5StopWatch-wararyoLauncher\.pio\build\m5stopwatch-render-check\w
ear_levelling\wear_levelling.cpp.o`
[WinError 2] 指定されたファイルが見つかりません。: 'C:\\Users\\wararyo\\Git\\M5StopWatch-wararyoLauncher\\.pio\\build\\m5stopwatch-render
-check\\wear_levelling\\WL_Ext_Perf.cpp.o' 
Please manually remove the file `C:\Users\wararyo\Git\M5StopWatch-wararyoLauncher\.pio\build\m5stopwatch-render-check\w
ear_levelling\WL_Ext_Perf.cpp.o`
[WinError 2] 指定されたファイルが見つかりません。: 'C:\\Users\\wararyo\\Git\\M5StopWatch-wararyoLauncher\\.pio\\build\\m5stopwatch-render
-check\\wear_levelling\\WL_Ext_Safe.cpp.o' 
Please manually remove the file `C:\Users\wararyo\Git\M5StopWatch-wararyoLauncher\.pio\build\m5stopwatch-render-check\w
ear_levelling\WL_Ext_Safe.cpp.o`
[WinError 3] 指定されたパスが見つかりません。: 'C:\\Users\\wararyo\\Git\\M5StopWatch-wararyoLauncher\\.pio\\build\\m5stopwatch-render-c
heck\\wear_levelling\\WL_Flash.cpp.o' 
Please manually remove the file `C:\Users\wararyo\Git\M5StopWatch-wararyoLauncher\.pio\build\m5stopwatch-render-check\w
ear_levelling\WL_Flash.cpp.o`
[WinError 2] 指定されたファイルが見つかりません。: 'C:\\Users\\wararyo\\Git\\M5StopWatch-wararyoLauncher\\.pio\\build\\m5stopwatch-render
-check\\wear_levelling' 
Please manually remove the file `C:\Users\wararyo\Git\M5StopWatch-wararyoLauncher\.pio\build\m5stopwatch-render-check\w
ear_levelling`
[WinError 2] 指定されたファイルが見つかりません。: 'C:\\Users\\wararyo\\Git\\M5StopWatch-wararyoLauncher\\.pio\\build\\m5stopwatch-render
-check\\wifi_provisioning\\proto-c\\wifi_constants.pb-c.c.o' 
Please manually remove the file `C:\Users\wararyo\Git\M5StopWatch-wararyoLauncher\.pio\build\m5stopwatch-render-check\w
ifi_provisioning\proto-c\wifi_constants.pb-c.c.o`
[WinError 2] 指定されたファイルが見つかりません。: 'C:\\Users\\wararyo\\Git\\M5StopWatch-wararyoLauncher\\.pio\\build\\m5stopwatch-render
-check\\wifi_provisioning\\proto-c\\wifi_ctrl.pb-c.c.o' 
Please manually remove the file `C:\Users\wararyo\Git\M5StopWatch-wararyoLauncher\.pio\build\m5stopwatch-render-check\w
ifi_provisioning\proto-c\wifi_ctrl.pb-c.c.o`
[WinError 2] 指定されたファイルが見つかりません。: 'C:\\Users\\wararyo\\Git\\M5StopWatch-wararyoLauncher\\.pio\\build\\m5stopwatch-render
-check\\wifi_provisioning\\proto-c\\wifi_scan.pb-c.c.o' 
Please manually remove the file `C:\Users\wararyo\Git\M5StopWatch-wararyoLauncher\.pio\build\m5stopwatch-render-check\w
ifi_provisioning\proto-c\wifi_scan.pb-c.c.o`
[WinError 2] 指定されたファイルが見つかりません。: 'C:\\Users\\wararyo\\Git\\M5StopWatch-wararyoLauncher\\.pio\\build\\m5stopwatch-render
-check\\wifi_provisioning\\proto-c' 
Please manually remove the file `C:\Users\wararyo\Git\M5StopWatch-wararyoLauncher\.pio\build\m5stopwatch-render-check\w
ifi_provisioning\proto-c`
[WinError 2] 指定されたファイルが見つかりません。: 'C:\\Users\\wararyo\\Git\\M5StopWatch-wararyoLauncher\\.pio\\build\\m5stopwatch-render
-check\\wifi_provisioning\\src\\manager.c.o' 
Please manually remove the file `C:\Users\wararyo\Git\M5StopWatch-wararyoLauncher\.pio\build\m5stopwatch-render-check\w
ifi_provisioning\src\manager.c.o`
[WinError 2] 指定されたファイルが見つかりません。: 'C:\\Users\\wararyo\\Git\\M5StopWatch-wararyoLauncher\\.pio\\build\\m5stopwatch-render
-check\\wifi_provisioning\\src\\scheme_console.c.o' 
Please manually remove the file `C:\Users\wararyo\Git\M5StopWatch-wararyoLauncher\.pio\build\m5stopwatch-render-check\w
ifi_provisioning\src\scheme_console.c.o`
[WinError 2] 指定されたファイルが見つかりません。: 'C:\\Users\\wararyo\\Git\\M5StopWatch-wararyoLauncher\\.pio\\build\\m5stopwatch-render
-check\\wifi_provisioning\\src\\scheme_softap.c.o' 
Please manually remove the file `C:\Users\wararyo\Git\M5StopWatch-wararyoLauncher\.pio\build\m5stopwatch-render-check\w
ifi_provisioning\src\scheme_softap.c.o`
[WinError 2] 指定されたファイルが見つかりません。: 'C:\\Users\\wararyo\\Git\\M5StopWatch-wararyoLauncher\\.pio\\build\\m5stopwatch-render
-check\\wifi_provisioning\\src\\wifi_config.c.o' 
Please manually remove the file `C:\Users\wararyo\Git\M5StopWatch-wararyoLauncher\.pio\build\m5stopwatch-render-check\w
ifi_provisioning\src\wifi_config.c.o`
[WinError 3] 指定されたパスが見つかりません。: 'C:\\Users\\wararyo\\Git\\M5StopWatch-wararyoLauncher\\.pio\\build\\m5stopwatch-render-c
heck\\wifi_provisioning\\src\\wifi_ctrl.c.o' 
Please manually remove the file `C:\Users\wararyo\Git\M5StopWatch-wararyoLauncher\.pio\build\m5stopwatch-render-check\w
ifi_provisioning\src\wifi_ctrl.c.o`
[WinError 3] 指定されたパスが見つかりません。: 'C:\\Users\\wararyo\\Git\\M5StopWatch-wararyoLauncher\\.pio\\build\\m5stopwatch-render-c
heck\\wifi_provisioning\\src\\wifi_scan.c.o' 
Please manually remove the file `C:\Users\wararyo\Git\M5StopWatch-wararyoLauncher\.pio\build\m5stopwatch-render-check\w
ifi_provisioning\src\wifi_scan.c.o`
[WinError 3] 指定されたパスが見つかりません。: 'C:\\Users\\wararyo\\Git\\M5StopWatch-wararyoLauncher\\.pio\\build\\m5stopwatch-render-c
heck\\wifi_provisioning\\src' 
Please manually remove the file `C:\Users\wararyo\Git\M5StopWatch-wararyoLauncher\.pio\build\m5stopwatch-render-check\w
ifi_provisioning\src`
[WinError 2] 指定されたファイルが見つかりません。: 'C:\\Users\\wararyo\\Git\\M5StopWatch-wararyoLauncher\\.pio\\build\\m5stopwatch-render
-check\\wifi_provisioning' 
Please manually remove the file `C:\Users\wararyo\Git\M5StopWatch-wararyoLauncher\.pio\build\m5stopwatch-render-check\w
ifi_provisioning`
[WinError 2] 指定されたファイルが見つかりません。: 'C:\\Users\\wararyo\\Git\\M5StopWatch-wararyoLauncher\\.pio\\build\\m5stopwatch-render
-check\\wpa_supplicant\\esp_supplicant\\src\\crypto\\crypto_mbedtls.c.o' 
Please manually remove the file `C:\Users\wararyo\Git\M5StopWatch-wararyoLauncher\.pio\build\m5stopwatch-render-check\w
pa_supplicant\esp_supplicant\src\crypto\crypto_mbedtls.c.o`
[WinError 2] 指定されたファイルが見つかりません。: 'C:\\Users\\wararyo\\Git\\M5StopWatch-wararyoLauncher\\.pio\\build\\m5stopwatch-render
-check\\wpa_supplicant\\esp_supplicant\\src\\crypto\\fastpbkdf2.c.o' 
Please manually remove the file `C:\Users\wararyo\Git\M5StopWatch-wararyoLauncher\.pio\build\m5stopwatch-render-check\w
pa_supplicant\esp_supplicant\src\crypto\fastpbkdf2.c.o`
[WinError 2] 指定されたファイルが見つかりません。: 'C:\\Users\\wararyo\\Git\\M5StopWatch-wararyoLauncher\\.pio\\build\\m5stopwatch-render
-check\\wpa_supplicant\\esp_supplicant\\src\\crypto\\fastpsk.c.o' 
Please manually remove the file `C:\Users\wararyo\Git\M5StopWatch-wararyoLauncher\.pio\build\m5stopwatch-render-check\w
pa_supplicant\esp_supplicant\src\crypto\fastpsk.c.o`
[WinError 2] 指定されたファイルが見つかりません。: 'C:\\Users\\wararyo\\Git\\M5StopWatch-wararyoLauncher\\.pio\\build\\m5stopwatch-render
-check\\wpa_supplicant\\esp_supplicant\\src\\crypto\\tls_mbedtls.c.o' 
Please manually remove the file `C:\Users\wararyo\Git\M5StopWatch-wararyoLauncher\.pio\build\m5stopwatch-render-check\w
pa_supplicant\esp_supplicant\src\crypto\tls_mbedtls.c.o`
[WinError 2] 指定されたファイルが見つかりません。: 'C:\\Users\\wararyo\\Git\\M5StopWatch-wararyoLauncher\\.pio\\build\\m5stopwatch-render
-check\\wpa_supplicant\\esp_supplicant\\src\\esp_common.c.o' 
Please manually remove the file `C:\Users\wararyo\Git\M5StopWatch-wararyoLauncher\.pio\build\m5stopwatch-render-check\w
pa_supplicant\esp_supplicant\src\esp_common.c.o`
[WinError 2] 指定されたファイルが見つかりません。: 'C:\\Users\\wararyo\\Git\\M5StopWatch-wararyoLauncher\\.pio\\build\\m5stopwatch-render
-check\\wpa_supplicant\\esp_supplicant\\src\\esp_eap_client.c.o' 
Please manually remove the file `C:\Users\wararyo\Git\M5StopWatch-wararyoLauncher\.pio\build\m5stopwatch-render-check\w
pa_supplicant\esp_supplicant\src\esp_eap_client.c.o`
[WinError 2] 指定されたファイルが見つかりません。: 'C:\\Users\\wararyo\\Git\\M5StopWatch-wararyoLauncher\\.pio\\build\\m5stopwatch-render
-check\\wpa_supplicant\\esp_supplicant\\src\\esp_hostap.c.o' 
Please manually remove the file `C:\Users\wararyo\Git\M5StopWatch-wararyoLauncher\.pio\build\m5stopwatch-render-check\w
pa_supplicant\esp_supplicant\src\esp_hostap.c.o`
[WinError 2] 指定されたファイルが見つかりません。: 'C:\\Users\\wararyo\\Git\\M5StopWatch-wararyoLauncher\\.pio\\build\\m5stopwatch-render
-check\\wpa_supplicant\\esp_supplicant\\src\\esp_owe.c.o' 
Please manually remove the file `C:\Users\wararyo\Git\M5StopWatch-wararyoLauncher\.pio\build\m5stopwatch-render-check\w
pa_supplicant\esp_supplicant\src\esp_owe.c.o`
[WinError 2] 指定されたファイルが見つかりません。: 'C:\\Users\\wararyo\\Git\\M5StopWatch-wararyoLauncher\\.pio\\build\\m5stopwatch-render
-check\\wpa_supplicant\\esp_supplicant\\src\\esp_wpa2_api_port.c.o' 
Please manually remove the file `C:\Users\wararyo\Git\M5StopWatch-wararyoLauncher\.pio\build\m5stopwatch-render-check\w
pa_supplicant\esp_supplicant\src\esp_wpa2_api_port.c.o`
[WinError 2] 指定されたファイルが見つかりません。: 'C:\\Users\\wararyo\\Git\\M5StopWatch-wararyoLauncher\\.pio\\build\\m5stopwatch-render
-check\\wpa_supplicant\\esp_supplicant\\src\\esp_wpa3.c.o' 
Please manually remove the file `C:\Users\wararyo\Git\M5StopWatch-wararyoLauncher\.pio\build\m5stopwatch-render-check\w
pa_supplicant\esp_supplicant\src\esp_wpa3.c.o`
[WinError 2] 指定されたファイルが見つかりません。: 'C:\\Users\\wararyo\\Git\\M5StopWatch-wararyoLauncher\\.pio\\build\\m5stopwatch-render
-check\\wpa_supplicant\\esp_supplicant\\src\\esp_wpas_glue.c.o' 
Please manually remove the file `C:\Users\wararyo\Git\M5StopWatch-wararyoLauncher\.pio\build\m5stopwatch-render-check\w
pa_supplicant\esp_supplicant\src\esp_wpas_glue.c.o`
[WinError 2] 指定されたファイルが見つかりません。: 'C:\\Users\\wararyo\\Git\\M5StopWatch-wararyoLauncher\\.pio\\build\\m5stopwatch-render
-check\\wpa_supplicant\\esp_supplicant\\src\\esp_wpa_main.c.o' 
Please manually remove the file `C:\Users\wararyo\Git\M5StopWatch-wararyoLauncher\.pio\build\m5stopwatch-render-check\w
pa_supplicant\esp_supplicant\src\esp_wpa_main.c.o`
[WinError 2] 指定されたファイルが見つかりません。: 'C:\\Users\\wararyo\\Git\\M5StopWatch-wararyoLauncher\\.pio\\build\\m5stopwatch-render
-check\\wpa_supplicant\\esp_supplicant\\src\\esp_wps.c.o' 
Please manually remove the file `C:\Users\wararyo\Git\M5StopWatch-wararyoLauncher\.pio\build\m5stopwatch-render-check\w
pa_supplicant\esp_supplicant\src\esp_wps.c.o`
[WinError 2] 指定されたファイルが見つかりません。: 'C:\\Users\\wararyo\\Git\\M5StopWatch-wararyoLauncher\\.pio\\build\\m5stopwatch-render
-check\\wpa_supplicant\\esp_supplicant\\src' 
Please manually remove the file `C:\Users\wararyo\Git\M5StopWatch-wararyoLauncher\.pio\build\m5stopwatch-render-check\w
pa_supplicant\esp_supplicant\src`
[WinError 2] 指定されたファイルが見つかりません。: 'C:\\Users\\wararyo\\Git\\M5StopWatch-wararyoLauncher\\.pio\\build\\m5stopwatch-render
-check\\wpa_supplicant\\esp_supplicant' 
Please manually remove the file `C:\Users\wararyo\Git\M5StopWatch-wararyoLauncher\.pio\build\m5stopwatch-render-check\w
pa_supplicant\esp_supplicant`
[WinError 2] 指定されたファイルが見つかりません。: 'C:\\Users\\wararyo\\Git\\M5StopWatch-wararyoLauncher\\.pio\\build\\m5stopwatch-render
-check\\wpa_supplicant\\port\\eloop.c.o' 
Please manually remove the file `C:\Users\wararyo\Git\M5StopWatch-wararyoLauncher\.pio\build\m5stopwatch-render-check\w
pa_supplicant\port\eloop.c.o`
[WinError 2] 指定されたファイルが見つかりません。: 'C:\\Users\\wararyo\\Git\\M5StopWatch-wararyoLauncher\\.pio\\build\\m5stopwatch-render
-check\\wpa_supplicant\\port\\os_xtensa.c.o' 
Please manually remove the file `C:\Users\wararyo\Git\M5StopWatch-wararyoLauncher\.pio\build\m5stopwatch-render-check\w
pa_supplicant\port\os_xtensa.c.o`
[WinError 2] 指定されたファイルが見つかりません。: 'C:\\Users\\wararyo\\Git\\M5StopWatch-wararyoLauncher\\.pio\\build\\m5stopwatch-render
-check\\wpa_supplicant\\port' 
Please manually remove the file `C:\Users\wararyo\Git\M5StopWatch-wararyoLauncher\.pio\build\m5stopwatch-render-check\w
pa_supplicant\port`
[WinError 2] 指定されたファイルが見つかりません。: 'C:\\Users\\wararyo\\Git\\M5StopWatch-wararyoLauncher\\.pio\\build\\m5stopwatch-render
-check\\wpa_supplicant\\src\\ap\\ap_config.c.o' 
Please manually remove the file `C:\Users\wararyo\Git\M5StopWatch-wararyoLauncher\.pio\build\m5stopwatch-render-check\w
pa_supplicant\src\ap\ap_config.c.o`
[WinError 2] 指定されたファイルが見つかりません。: 'C:\\Users\\wararyo\\Git\\M5StopWatch-wararyoLauncher\\.pio\\build\\m5stopwatch-render
-check\\wpa_supplicant\\src\\ap\\comeback_token.c.o' 
Please manually remove the file `C:\Users\wararyo\Git\M5StopWatch-wararyoLauncher\.pio\build\m5stopwatch-render-check\w
pa_supplicant\src\ap\comeback_token.c.o`
[WinError 2] 指定されたファイルが見つかりません。: 'C:\\Users\\wararyo\\Git\\M5StopWatch-wararyoLauncher\\.pio\\build\\m5stopwatch-render
-check\\wpa_supplicant\\src\\ap\\ieee802_11.c.o' 
Please manually remove the file `C:\Users\wararyo\Git\M5StopWatch-wararyoLauncher\.pio\build\m5stopwatch-render-check\w
pa_supplicant\src\ap\ieee802_11.c.o`
[WinError 2] 指定されたファイルが見つかりません。: 'C:\\Users\\wararyo\\Git\\M5StopWatch-wararyoLauncher\\.pio\\build\\m5stopwatch-render
-check\\wpa_supplicant\\src\\ap\\ieee802_1x.c.o' 
Please manually remove the file `C:\Users\wararyo\Git\M5StopWatch-wararyoLauncher\.pio\build\m5stopwatch-render-check\w
pa_supplicant\src\ap\ieee802_1x.c.o`
[WinError 2] 指定されたファイルが見つかりません。: 'C:\\Users\\wararyo\\Git\\M5StopWatch-wararyoLauncher\\.pio\\build\\m5stopwatch-render
-check\\wpa_supplicant\\src\\ap\\pmksa_cache_auth.c.o' 
Please manually remove the file `C:\Users\wararyo\Git\M5StopWatch-wararyoLauncher\.pio\build\m5stopwatch-render-check\w
pa_supplicant\src\ap\pmksa_cache_auth.c.o`
[WinError 2] 指定されたファイルが見つかりません。: 'C:\\Users\\wararyo\\Git\\M5StopWatch-wararyoLauncher\\.pio\\build\\m5stopwatch-render
-check\\wpa_supplicant\\src\\ap\\sta_info.c.o' 
Please manually remove the file `C:\Users\wararyo\Git\M5StopWatch-wararyoLauncher\.pio\build\m5stopwatch-render-check\w
pa_supplicant\src\ap\sta_info.c.o`
[WinError 2] 指定されたファイルが見つかりません。: 'C:\\Users\\wararyo\\Git\\M5StopWatch-wararyoLauncher\\.pio\\build\\m5stopwatch-render
-check\\wpa_supplicant\\src\\ap\\wpa_auth.c.o' 
Please manually remove the file `C:\Users\wararyo\Git\M5StopWatch-wararyoLauncher\.pio\build\m5stopwatch-render-check\w
pa_supplicant\src\ap\wpa_auth.c.o`
[WinError 3] 指定されたパスが見つかりません。: 'C:\\Users\\wararyo\\Git\\M5StopWatch-wararyoLauncher\\.pio\\build\\m5stopwatch-render-c
heck\\wpa_supplicant\\src\\ap\\wpa_auth_ie.c.o' 
Please manually remove the file `C:\Users\wararyo\Git\M5StopWatch-wararyoLauncher\.pio\build\m5stopwatch-render-check\w
pa_supplicant\src\ap\wpa_auth_ie.c.o`
[WinError 2] 指定されたファイルが見つかりません。: 'C:\\Users\\wararyo\\Git\\M5StopWatch-wararyoLauncher\\.pio\\build\\m5stopwatch-render
-check\\wpa_supplicant\\src\\ap' 
Please manually remove the file `C:\Users\wararyo\Git\M5StopWatch-wararyoLauncher\.pio\build\m5stopwatch-render-check\w
pa_supplicant\src\ap`
[WinError 2] 指定されたファイルが見つかりません。: 'C:\\Users\\wararyo\\Git\\M5StopWatch-wararyoLauncher\\.pio\\build\\m5stopwatch-render
-check\\wpa_supplicant\\src\\common\\ieee802_11_common.c.o' 
Please manually remove the file `C:\Users\wararyo\Git\M5StopWatch-wararyoLauncher\.pio\build\m5stopwatch-render-check\w
pa_supplicant\src\common\ieee802_11_common.c.o`
[WinError 2] 指定されたファイルが見つかりません。: 'C:\\Users\\wararyo\\Git\\M5StopWatch-wararyoLauncher\\.pio\\build\\m5stopwatch-render
-check\\wpa_supplicant\\src\\common\\sae.c.o' 
Please manually remove the file `C:\Users\wararyo\Git\M5StopWatch-wararyoLauncher\.pio\build\m5stopwatch-render-check\w
pa_supplicant\src\common\sae.c.o`
[WinError 2] 指定されたファイルが見つかりません。: 'C:\\Users\\wararyo\\Git\\M5StopWatch-wararyoLauncher\\.pio\\build\\m5stopwatch-render
-check\\wpa_supplicant\\src\\common\\sae_pk.c.o' 
Please manually remove the file `C:\Users\wararyo\Git\M5StopWatch-wararyoLauncher\.pio\build\m5stopwatch-render-check\w
pa_supplicant\src\common\sae_pk.c.o`
[WinError 2] 指定されたファイルが見つかりません。: 'C:\\Users\\wararyo\\Git\\M5StopWatch-wararyoLauncher\\.pio\\build\\m5stopwatch-render
-check\\wpa_supplicant\\src\\common\\wpa_common.c.o' 
Please manually remove the file `C:\Users\wararyo\Git\M5StopWatch-wararyoLauncher\.pio\build\m5stopwatch-render-check\w
pa_supplicant\src\common\wpa_common.c.o`
[WinError 2] 指定されたファイルが見つかりません。: 'C:\\Users\\wararyo\\Git\\M5StopWatch-wararyoLauncher\\.pio\\build\\m5stopwatch-render
-check\\wpa_supplicant\\src\\common' 
Please manually remove the file `C:\Users\wararyo\Git\M5StopWatch-wararyoLauncher\.pio\build\m5stopwatch-render-check\w
pa_supplicant\src\common`
[WinError 2] 指定されたファイルが見つかりません。: 'C:\\Users\\wararyo\\Git\\M5StopWatch-wararyoLauncher\\.pio\\build\\m5stopwatch-render
-check\\wpa_supplicant\\src\\crypto\\aes-ccm.c.o' 
Please manually remove the file `C:\Users\wararyo\Git\M5StopWatch-wararyoLauncher\.pio\build\m5stopwatch-render-check\w
pa_supplicant\src\crypto\aes-ccm.c.o`
[WinError 2] 指定されたファイルが見つかりません。: 'C:\\Users\\wararyo\\Git\\M5StopWatch-wararyoLauncher\\.pio\\build\\m5stopwatch-render
-check\\wpa_supplicant\\src\\crypto\\aes-gcm.c.o' 
Please manually remove the file `C:\Users\wararyo\Git\M5StopWatch-wararyoLauncher\.pio\build\m5stopwatch-render-check\w
pa_supplicant\src\crypto\aes-gcm.c.o`
[WinError 2] 指定されたファイルが見つかりません。: 'C:\\Users\\wararyo\\Git\\M5StopWatch-wararyoLauncher\\.pio\\build\\m5stopwatch-render
-check\\wpa_supplicant\\src\\crypto\\aes-siv.c.o' 
Please manually remove the file `C:\Users\wararyo\Git\M5StopWatch-wararyoLauncher\.pio\build\m5stopwatch-render-check\w
pa_supplicant\src\crypto\aes-siv.c.o`
[WinError 2] 指定されたファイルが見つかりません。: 'C:\\Users\\wararyo\\Git\\M5StopWatch-wararyoLauncher\\.pio\\build\\m5stopwatch-render
-check\\wpa_supplicant\\src\\crypto\\aes-unwrap.c.o' 
Please manually remove the file `C:\Users\wararyo\Git\M5StopWatch-wararyoLauncher\.pio\build\m5stopwatch-render-check\w
pa_supplicant\src\crypto\aes-unwrap.c.o`
[WinError 2] 指定されたファイルが見つかりません。: 'C:\\Users\\wararyo\\Git\\M5StopWatch-wararyoLauncher\\.pio\\build\\m5stopwatch-render
-check\\wpa_supplicant\\src\\crypto\\aes-wrap.c.o' 
Please manually remove the file `C:\Users\wararyo\Git\M5StopWatch-wararyoLauncher\.pio\build\m5stopwatch-render-check\w
pa_supplicant\src\crypto\aes-wrap.c.o`
[WinError 2] 指定されたファイルが見つかりません。: 'C:\\Users\\wararyo\\Git\\M5StopWatch-wararyoLauncher\\.pio\\build\\m5stopwatch-render
-check\\wpa_supplicant\\src\\crypto\\ccmp.c.o' 
Please manually remove the file `C:\Users\wararyo\Git\M5StopWatch-wararyoLauncher\.pio\build\m5stopwatch-render-check\w
pa_supplicant\src\crypto\ccmp.c.o`
[WinError 2] 指定されたファイルが見つかりません。: 'C:\\Users\\wararyo\\Git\\M5StopWatch-wararyoLauncher\\.pio\\build\\m5stopwatch-render
-check\\wpa_supplicant\\src\\crypto\\crypto_ops.c.o' 
Please manually remove the file `C:\Users\wararyo\Git\M5StopWatch-wararyoLauncher\.pio\build\m5stopwatch-render-check\w
pa_supplicant\src\crypto\crypto_ops.c.o`
[WinError 2] 指定されたファイルが見つかりません。: 'C:\\Users\\wararyo\\Git\\M5StopWatch-wararyoLauncher\\.pio\\build\\m5stopwatch-render
-check\\wpa_supplicant\\src\\crypto\\des-internal.c.o' 
Please manually remove the file `C:\Users\wararyo\Git\M5StopWatch-wararyoLauncher\.pio\build\m5stopwatch-render-check\w
pa_supplicant\src\crypto\des-internal.c.o`
[WinError 2] 指定されたファイルが見つかりません。: 'C:\\Users\\wararyo\\Git\\M5StopWatch-wararyoLauncher\\.pio\\build\\m5stopwatch-render
-check\\wpa_supplicant\\src\\crypto\\dh_group5.c.o' 
Please manually remove the file `C:\Users\wararyo\Git\M5StopWatch-wararyoLauncher\.pio\build\m5stopwatch-render-check\w
pa_supplicant\src\crypto\dh_group5.c.o`
[WinError 2] 指定されたファイルが見つかりません。: 'C:\\Users\\wararyo\\Git\\M5StopWatch-wararyoLauncher\\.pio\\build\\m5stopwatch-render
-check\\wpa_supplicant\\src\\crypto\\dh_groups.c.o' 
Please manually remove the file `C:\Users\wararyo\Git\M5StopWatch-wararyoLauncher\.pio\build\m5stopwatch-render-check\w
pa_supplicant\src\crypto\dh_groups.c.o`
[WinError 2] 指定されたファイルが見つかりません。: 'C:\\Users\\wararyo\\Git\\M5StopWatch-wararyoLauncher\\.pio\\build\\m5stopwatch-render
-check\\wpa_supplicant\\src\\crypto\\md4-internal.c.o' 
Please manually remove the file `C:\Users\wararyo\Git\M5StopWatch-wararyoLauncher\.pio\build\m5stopwatch-render-check\w
pa_supplicant\src\crypto\md4-internal.c.o`
[WinError 2] 指定されたファイルが見つかりません。: 'C:\\Users\\wararyo\\Git\\M5StopWatch-wararyoLauncher\\.pio\\build\\m5stopwatch-render
-check\\wpa_supplicant\\src\\crypto\\ms_funcs.c.o' 
Please manually remove the file `C:\Users\wararyo\Git\M5StopWatch-wararyoLauncher\.pio\build\m5stopwatch-render-check\w
pa_supplicant\src\crypto\ms_funcs.c.o`
[WinError 2] 指定されたファイルが見つかりません。: 'C:\\Users\\wararyo\\Git\\M5StopWatch-wararyoLauncher\\.pio\\build\\m5stopwatch-render
-check\\wpa_supplicant\\src\\crypto\\rc4.c.o' 
Please manually remove the file `C:\Users\wararyo\Git\M5StopWatch-wararyoLauncher\.pio\build\m5stopwatch-render-check\w
pa_supplicant\src\crypto\rc4.c.o`
[WinError 2] 指定されたファイルが見つかりません。: 'C:\\Users\\wararyo\\Git\\M5StopWatch-wararyoLauncher\\.pio\\build\\m5stopwatch-render
-check\\wpa_supplicant\\src\\crypto\\sha1-prf.c.o' 
Please manually remove the file `C:\Users\wararyo\Git\M5StopWatch-wararyoLauncher\.pio\build\m5stopwatch-render-check\w
pa_supplicant\src\crypto\sha1-prf.c.o`
[WinError 2] 指定されたファイルが見つかりません。: 'C:\\Users\\wararyo\\Git\\M5StopWatch-wararyoLauncher\\.pio\\build\\m5stopwatch-render
-check\\wpa_supplicant\\src\\crypto\\sha1-tlsprf.c.o' 
Please manually remove the file `C:\Users\wararyo\Git\M5StopWatch-wararyoLauncher\.pio\build\m5stopwatch-render-check\w
pa_supplicant\src\crypto\sha1-tlsprf.c.o`
[WinError 2] 指定されたファイルが見つかりません。: 'C:\\Users\\wararyo\\Git\\M5StopWatch-wararyoLauncher\\.pio\\build\\m5stopwatch-render
-check\\wpa_supplicant\\src\\crypto\\sha1-tprf.c.o' 
Please manually remove the file `C:\Users\wararyo\Git\M5StopWatch-wararyoLauncher\.pio\build\m5stopwatch-render-check\w
pa_supplicant\src\crypto\sha1-tprf.c.o`
[WinError 2] 指定されたファイルが見つかりません。: 'C:\\Users\\wararyo\\Git\\M5StopWatch-wararyoLauncher\\.pio\\build\\m5stopwatch-render
-check\\wpa_supplicant\\src\\crypto\\sha256-kdf.c.o' 
Please manually remove the file `C:\Users\wararyo\Git\M5StopWatch-wararyoLauncher\.pio\build\m5stopwatch-render-check\w
pa_supplicant\src\crypto\sha256-kdf.c.o`
[WinError 2] 指定されたファイルが見つかりません。: 'C:\\Users\\wararyo\\Git\\M5StopWatch-wararyoLauncher\\.pio\\build\\m5stopwatch-render
-check\\wpa_supplicant\\src\\crypto\\sha256-prf.c.o' 
Please manually remove the file `C:\Users\wararyo\Git\M5StopWatch-wararyoLauncher\.pio\build\m5stopwatch-render-check\w
pa_supplicant\src\crypto\sha256-prf.c.o`
[WinError 2] 指定されたファイルが見つかりません。: 'C:\\Users\\wararyo\\Git\\M5StopWatch-wararyoLauncher\\.pio\\build\\m5stopwatch-render
-check\\wpa_supplicant\\src\\crypto\\sha256-tlsprf.c.o' 
Please manually remove the file `C:\Users\wararyo\Git\M5StopWatch-wararyoLauncher\.pio\build\m5stopwatch-render-check\w
pa_supplicant\src\crypto\sha256-tlsprf.c.o`
[WinError 2] 指定されたファイルが見つかりません。: 'C:\\Users\\wararyo\\Git\\M5StopWatch-wararyoLauncher\\.pio\\build\\m5stopwatch-render
-check\\wpa_supplicant\\src\\crypto\\sha384-prf.c.o' 
Please manually remove the file `C:\Users\wararyo\Git\M5StopWatch-wararyoLauncher\.pio\build\m5stopwatch-render-check\w
pa_supplicant\src\crypto\sha384-prf.c.o`
[WinError 3] 指定されたパスが見つかりません。: 'C:\\Users\\wararyo\\Git\\M5StopWatch-wararyoLauncher\\.pio\\build\\m5stopwatch-render-c
heck\\wpa_supplicant\\src\\crypto\\sha384-tlsprf.c.o' 
Please manually remove the file `C:\Users\wararyo\Git\M5StopWatch-wararyoLauncher\.pio\build\m5stopwatch-render-check\w
pa_supplicant\src\crypto\sha384-tlsprf.c.o`
[WinError 2] 指定されたファイルが見つかりません。: 'C:\\Users\\wararyo\\Git\\M5StopWatch-wararyoLauncher\\.pio\\build\\m5stopwatch-render
-check\\wpa_supplicant\\src\\crypto' 
Please manually remove the file `C:\Users\wararyo\Git\M5StopWatch-wararyoLauncher\.pio\build\m5stopwatch-render-check\w
pa_supplicant\src\crypto`
[WinError 2] 指定されたファイルが見つかりません。: 'C:\\Users\\wararyo\\Git\\M5StopWatch-wararyoLauncher\\.pio\\build\\m5stopwatch-render
-check\\wpa_supplicant\\src\\eap_common' 
Please manually remove the file `C:\Users\wararyo\Git\M5StopWatch-wararyoLauncher\.pio\build\m5stopwatch-render-check\w
pa_supplicant\src\eap_common`
[WinError 2] 指定されたファイルが見つかりません。: 'C:\\Users\\wararyo\\Git\\M5StopWatch-wararyoLauncher\\.pio\\build\\m5stopwatch-render
-check\\wpa_supplicant\\src\\eap_peer\\chap.c.o' 
Please manually remove the file `C:\Users\wararyo\Git\M5StopWatch-wararyoLauncher\.pio\build\m5stopwatch-render-check\w
pa_supplicant\src\eap_peer\chap.c.o`
[WinError 2] 指定されたファイルが見つかりません。: 'C:\\Users\\wararyo\\Git\\M5StopWatch-wararyoLauncher\\.pio\\build\\m5stopwatch-render
-check\\wpa_supplicant\\src\\eap_peer\\eap.c.o' 
Please manually remove the file `C:\Users\wararyo\Git\M5StopWatch-wararyoLauncher\.pio\build\m5stopwatch-render-check\w
pa_supplicant\src\eap_peer\eap.c.o`
[WinError 2] 指定されたファイルが見つかりません。: 'C:\\Users\\wararyo\\Git\\M5StopWatch-wararyoLauncher\\.pio\\build\\m5stopwatch-render
-check\\wpa_supplicant\\src\\eap_peer\\eap_common.c.o' 
Please manually remove the file `C:\Users\wararyo\Git\M5StopWatch-wararyoLauncher\.pio\build\m5stopwatch-render-check\w
pa_supplicant\src\eap_peer\eap_common.c.o`
[WinError 2] 指定されたファイルが見つかりません。: 'C:\\Users\\wararyo\\Git\\M5StopWatch-wararyoLauncher\\.pio\\build\\m5stopwatch-render
-check\\wpa_supplicant\\src\\eap_peer\\eap_fast.c.o' 
Please manually remove the file `C:\Users\wararyo\Git\M5StopWatch-wararyoLauncher\.pio\build\m5stopwatch-render-check\w
pa_supplicant\src\eap_peer\eap_fast.c.o`
[WinError 2] 指定されたファイルが見つかりません。: 'C:\\Users\\wararyo\\Git\\M5StopWatch-wararyoLauncher\\.pio\\build\\m5stopwatch-render
-check\\wpa_supplicant\\src\\eap_peer\\eap_fast_pac.c.o' 
Please manually remove the file `C:\Users\wararyo\Git\M5StopWatch-wararyoLauncher\.pio\build\m5stopwatch-render-check\w
pa_supplicant\src\eap_peer\eap_fast_pac.c.o`
[WinError 2] 指定されたファイルが見つかりません。: 'C:\\Users\\wararyo\\Git\\M5StopWatch-wararyoLauncher\\.pio\\build\\m5stopwatch-render
-check\\wpa_supplicant\\src\\eap_peer\\eap_mschapv2.c.o' 
Please manually remove the file `C:\Users\wararyo\Git\M5StopWatch-wararyoLauncher\.pio\build\m5stopwatch-render-check\w
pa_supplicant\src\eap_peer\eap_mschapv2.c.o`
[WinError 2] 指定されたファイルが見つかりません。: 'C:\\Users\\wararyo\\Git\\M5StopWatch-wararyoLauncher\\.pio\\build\\m5stopwatch-render
-check\\wpa_supplicant\\src\\eap_peer\\eap_peap.c.o' 
Please manually remove the file `C:\Users\wararyo\Git\M5StopWatch-wararyoLauncher\.pio\build\m5stopwatch-render-check\w
pa_supplicant\src\eap_peer\eap_peap.c.o`
[WinError 2] 指定されたファイルが見つかりません。: 'C:\\Users\\wararyo\\Git\\M5StopWatch-wararyoLauncher\\.pio\\build\\m5stopwatch-render
-check\\wpa_supplicant\\src\\eap_peer\\eap_tls_common.c.o' 
Please manually remove the file `C:\Users\wararyo\Git\M5StopWatch-wararyoLauncher\.pio\build\m5stopwatch-render-check\w
pa_supplicant\src\eap_peer\eap_tls_common.c.o`
[WinError 3] 指定されたパスが見つかりません。: 'C:\\Users\\wararyo\\Git\\M5StopWatch-wararyoLauncher\\.pio\\build\\m5stopwatch-render-c
heck\\wpa_supplicant\\src\\eap_peer\\eap_ttls.c.o' 
Please manually remove the file `C:\Users\wararyo\Git\M5StopWatch-wararyoLauncher\.pio\build\m5stopwatch-render-check\w
pa_supplicant\src\eap_peer\eap_ttls.c.o`
[WinError 3] 指定されたパスが見つかりません。: 'C:\\Users\\wararyo\\Git\\M5StopWatch-wararyoLauncher\\.pio\\build\\m5stopwatch-render-c
heck\\wpa_supplicant\\src\\eap_peer\\mschapv2.c.o' 
Please manually remove the file `C:\Users\wararyo\Git\M5StopWatch-wararyoLauncher\.pio\build\m5stopwatch-render-check\w
pa_supplicant\src\eap_peer\mschapv2.c.o`
[WinError 2] 指定されたファイルが見つかりません。: 'C:\\Users\\wararyo\\Git\\M5StopWatch-wararyoLauncher\\.pio\\build\\m5stopwatch-render
-check\\wpa_supplicant\\src\\eap_peer' 
Please manually remove the file `C:\Users\wararyo\Git\M5StopWatch-wararyoLauncher\.pio\build\m5stopwatch-render-check\w
pa_supplicant\src\eap_peer`
[WinError 2] 指定されたファイルが見つかりません。: 'C:\\Users\\wararyo\\Git\\M5StopWatch-wararyoLauncher\\.pio\\build\\m5stopwatch-render
-check\\wpa_supplicant\\src\\utils\\base64.c.o' 
Please manually remove the file `C:\Users\wararyo\Git\M5StopWatch-wararyoLauncher\.pio\build\m5stopwatch-render-check\w
pa_supplicant\src\utils\base64.c.o`
[WinError 2] 指定されたファイルが見つかりません。: 'C:\\Users\\wararyo\\Git\\M5StopWatch-wararyoLauncher\\.pio\\build\\m5stopwatch-render
-check\\wpa_supplicant\\src\\utils\\bitfield.c.o' 
Please manually remove the file `C:\Users\wararyo\Git\M5StopWatch-wararyoLauncher\.pio\build\m5stopwatch-render-check\w
pa_supplicant\src\utils\bitfield.c.o`
[WinError 2] 指定されたファイルが見つかりません。: 'C:\\Users\\wararyo\\Git\\M5StopWatch-wararyoLauncher\\.pio\\build\\m5stopwatch-render
-check\\wpa_supplicant\\src\\utils\\common.c.o' 
Please manually remove the file `C:\Users\wararyo\Git\M5StopWatch-wararyoLauncher\.pio\build\m5stopwatch-render-check\w
pa_supplicant\src\utils\common.c.o`
[WinError 2] 指定されたファイルが見つかりません。: 'C:\\Users\\wararyo\\Git\\M5StopWatch-wararyoLauncher\\.pio\\build\\m5stopwatch-render
-check\\wpa_supplicant\\src\\utils\\ext_password.c.o' 
Please manually remove the file `C:\Users\wararyo\Git\M5StopWatch-wararyoLauncher\.pio\build\m5stopwatch-render-check\w
pa_supplicant\src\utils\ext_password.c.o`
[WinError 2] 指定されたファイルが見つかりません。: 'C:\\Users\\wararyo\\Git\\M5StopWatch-wararyoLauncher\\.pio\\build\\m5stopwatch-render
-check\\wpa_supplicant\\src\\utils\\json.c.o' 
Please manually remove the file `C:\Users\wararyo\Git\M5StopWatch-wararyoLauncher\.pio\build\m5stopwatch-render-check\w
pa_supplicant\src\utils\json.c.o`
[WinError 2] 指定されたファイルが見つかりません。: 'C:\\Users\\wararyo\\Git\\M5StopWatch-wararyoLauncher\\.pio\\build\\m5stopwatch-render
-check\\wpa_supplicant\\src\\utils\\uuid.c.o' 
Please manually remove the file `C:\Users\wararyo\Git\M5StopWatch-wararyoLauncher\.pio\build\m5stopwatch-render-check\w
pa_supplicant\src\utils\uuid.c.o`
[WinError 2] 指定されたファイルが見つかりません。: 'C:\\Users\\wararyo\\Git\\M5StopWatch-wararyoLauncher\\.pio\\build\\m5stopwatch-render
-check\\wpa_supplicant\\src\\utils\\wpabuf.c.o' 
Please manually remove the file `C:\Users\wararyo\Git\M5StopWatch-wararyoLauncher\.pio\build\m5stopwatch-render-check\w
pa_supplicant\src\utils\wpabuf.c.o`
[WinError 3] 指定されたパスが見つかりません。: 'C:\\Users\\wararyo\\Git\\M5StopWatch-wararyoLauncher\\.pio\\build\\m5stopwatch-render-c
heck\\wpa_supplicant\\src\\utils\\wpa_debug.c.o' 
Please manually remove the file `C:\Users\wararyo\Git\M5StopWatch-wararyoLauncher\.pio\build\m5stopwatch-render-check\w
pa_supplicant\src\utils\wpa_debug.c.o`
[WinError 2] 指定されたファイルが見つかりません。: 'C:\\Users\\wararyo\\Git\\M5StopWatch-wararyoLauncher\\.pio\\build\\m5stopwatch-render
-check\\wpa_supplicant\\src\\utils' 
Please manually remove the file `C:\Users\wararyo\Git\M5StopWatch-wararyoLauncher\.pio\build\m5stopwatch-render-check\w
pa_supplicant\src\utils`
[WinError 2] 指定されたファイルが見つかりません。: 'C:\\Users\\wararyo\\Git\\M5StopWatch-wararyoLauncher\\.pio\\build\\m5stopwatch-render
-check\\wpa_supplicant\\src\\wps\\wps.c.o' 
Please manually remove the file `C:\Users\wararyo\Git\M5StopWatch-wararyoLauncher\.pio\build\m5stopwatch-render-check\w
pa_supplicant\src\wps\wps.c.o`
[WinError 2] 指定されたファイルが見つかりません。: 'C:\\Users\\wararyo\\Git\\M5StopWatch-wararyoLauncher\\.pio\\build\\m5stopwatch-render
-check\\wpa_supplicant\\src\\wps\\wps_attr_build.c.o' 
Please manually remove the file `C:\Users\wararyo\Git\M5StopWatch-wararyoLauncher\.pio\build\m5stopwatch-render-check\w
pa_supplicant\src\wps\wps_attr_build.c.o`
[WinError 2] 指定されたファイルが見つかりません。: 'C:\\Users\\wararyo\\Git\\M5StopWatch-wararyoLauncher\\.pio\\build\\m5stopwatch-render
-check\\wpa_supplicant\\src\\wps\\wps_attr_parse.c.o' 
Please manually remove the file `C:\Users\wararyo\Git\M5StopWatch-wararyoLauncher\.pio\build\m5stopwatch-render-check\w
pa_supplicant\src\wps\wps_attr_parse.c.o`
[WinError 2] 指定されたファイルが見つかりません。: 'C:\\Users\\wararyo\\Git\\M5StopWatch-wararyoLauncher\\.pio\\build\\m5stopwatch-render
-check\\wpa_supplicant\\src\\wps\\wps_attr_process.c.o' 
Please manually remove the file `C:\Users\wararyo\Git\M5StopWatch-wararyoLauncher\.pio\build\m5stopwatch-render-check\w
pa_supplicant\src\wps\wps_attr_process.c.o`
[WinError 2] 指定されたファイルが見つかりません。: 'C:\\Users\\wararyo\\Git\\M5StopWatch-wararyoLauncher\\.pio\\build\\m5stopwatch-render
-check\\wpa_supplicant\\src\\wps\\wps_common.c.o' 
Please manually remove the file `C:\Users\wararyo\Git\M5StopWatch-wararyoLauncher\.pio\build\m5stopwatch-render-check\w
pa_supplicant\src\wps\wps_common.c.o`
[WinError 2] 指定されたファイルが見つかりません。: 'C:\\Users\\wararyo\\Git\\M5StopWatch-wararyoLauncher\\.pio\\build\\m5stopwatch-render
-check\\wpa_supplicant\\src\\wps\\wps_dev_attr.c.o' 
Please manually remove the file `C:\Users\wararyo\Git\M5StopWatch-wararyoLauncher\.pio\build\m5stopwatch-render-check\w
pa_supplicant\src\wps\wps_dev_attr.c.o`
[WinError 3] 指定されたパスが見つかりません。: 'C:\\Users\\wararyo\\Git\\M5StopWatch-wararyoLauncher\\.pio\\build\\m5stopwatch-render-c
heck\\wpa_supplicant\\src\\wps\\wps_enrollee.c.o' 
Please manually remove the file `C:\Users\wararyo\Git\M5StopWatch-wararyoLauncher\.pio\build\m5stopwatch-render-check\w
pa_supplicant\src\wps\wps_enrollee.c.o`
[WinError 3] 指定されたパスが見つかりません。: 'C:\\Users\\wararyo\\Git\\M5StopWatch-wararyoLauncher\\.pio\\build\\m5stopwatch-render-c
heck\\wpa_supplicant\\src\\wps' 
Please manually remove the file `C:\Users\wararyo\Git\M5StopWatch-wararyoLauncher\.pio\build\m5stopwatch-render-check\w
pa_supplicant\src\wps`
[WinError 3] 指定されたパスが見つかりません。: 'C:\\Users\\wararyo\\Git\\M5StopWatch-wararyoLauncher\\.pio\\build\\m5stopwatch-render-c
heck\\wpa_supplicant\\src' 
Please manually remove the file `C:\Users\wararyo\Git\M5StopWatch-wararyoLauncher\.pio\build\m5stopwatch-render-check\w
pa_supplicant\src`
[WinError 2] 指定されたファイルが見つかりません。: 'C:\\Users\\wararyo\\Git\\M5StopWatch-wararyoLauncher\\.pio\\build\\m5stopwatch-render
-check\\wpa_supplicant' 
Please manually remove the file `C:\Users\wararyo\Git\M5StopWatch-wararyoLauncher\.pio\build\m5stopwatch-render-check\w
pa_supplicant`
[WinError 2] 指定されたファイルが見つかりません。: 'C:\\Users\\wararyo\\Git\\M5StopWatch-wararyoLauncher\\.pio\\build\\m5stopwatch-render
-check\\x509_crt_bundle' 
Please manually remove the file `C:\Users\wararyo\Git\M5StopWatch-wararyoLauncher\.pio\build\m5stopwatch-render-check\x
509_crt_bundle`
[WinError 2] 指定されたファイルが見つかりません。: 'C:\\Users\\wararyo\\Git\\M5StopWatch-wararyoLauncher\\.pio\\build\\m5stopwatch-render
-check\\x509_crt_bundle.S' 
Please manually remove the file `C:\Users\wararyo\Git\M5StopWatch-wararyoLauncher\.pio\build\m5stopwatch-render-check\x
509_crt_bundle.S`
[WinError 2] 指定されたファイルが見つかりません。: 'C:\\Users\\wararyo\\Git\\M5StopWatch-wararyoLauncher\\.pio\\build\\m5stopwatch-render
-check\\xtensa\\xtensa_context.S.o' 
Please manually remove the file `C:\Users\wararyo\Git\M5StopWatch-wararyoLauncher\.pio\build\m5stopwatch-render-check\x
tensa\xtensa_context.S.o`
[WinError 2] 指定されたファイルが見つかりません。: 'C:\\Users\\wararyo\\Git\\M5StopWatch-wararyoLauncher\\.pio\\build\\m5stopwatch-render
-check\\xtensa\\xtensa_intr.c.o' 
Please manually remove the file `C:\Users\wararyo\Git\M5StopWatch-wararyoLauncher\.pio\build\m5stopwatch-render-check\x
tensa\xtensa_intr.c.o`
[WinError 2] 指定されたファイルが見つかりません。: 'C:\\Users\\wararyo\\Git\\M5StopWatch-wararyoLauncher\\.pio\\build\\m5stopwatch-render
-check\\xtensa\\xtensa_intr_asm.S.o' 
Please manually remove the file `C:\Users\wararyo\Git\M5StopWatch-wararyoLauncher\.pio\build\m5stopwatch-render-check\x
tensa\xtensa_intr_asm.S.o`
[WinError 2] 指定されたファイルが見つかりません。: 'C:\\Users\\wararyo\\Git\\M5StopWatch-wararyoLauncher\\.pio\\build\\m5stopwatch-render
-check\\xtensa\\xtensa_vectors.S.o' 
Please manually remove the file `C:\Users\wararyo\Git\M5StopWatch-wararyoLauncher\.pio\build\m5stopwatch-render-check\x
tensa\xtensa_vectors.S.o`
[WinError 2] 指定されたファイルが見つかりません。: 'C:\\Users\\wararyo\\Git\\M5StopWatch-wararyoLauncher\\.pio\\build\\m5stopwatch-render
-check\\xtensa\\xt_trax.c.o' 
Please manually remove the file `C:\Users\wararyo\Git\M5StopWatch-wararyoLauncher\.pio\build\m5stopwatch-render-check\x
tensa\xt_trax.c.o`
[WinError 2] 指定されたファイルが見つかりません。: 'C:\\Users\\wararyo\\Git\\M5StopWatch-wararyoLauncher\\.pio\\build\\project.checksum' 
Please manually remove the file `C:\Users\wararyo\Git\M5StopWatch-wararyoLauncher\.pio\build\project.checksum`
[WinError 2] 指定されたファイルが見つかりません。: 'C:\\Users\\wararyo\\Git\\M5StopWatch-wararyoLauncher\\.pio\\build' 
Please manually remove the file `C:\Users\wararyo\Git\M5StopWatch-wararyoLauncher\.pio\build`
Can not remove temporary directory `C:\Users\wararyo\Git\M5StopWatch-wararyoLauncher\.pio\build`. Please remove it manually to avoid build issues
Processing m5stopwatch (platform: espressif32 @ 6.12.0; framework: espidf; board: m5stack-cores3)
--------------------------------------------------------------------------------
Verbose mode can be enabled via `-v, --verbose` option
CONFIGURATION: https://docs.platformio.org/page/boards/espressif32/m5stack-cores3.html
PLATFORM: Espressif 32 (6.12.0) > M5Stack CoreS3
HARDWARE: ESP32S3 240MHz, 320KB RAM, 4MB Flash
DEBUG: Current (cmsis-dap) External (cmsis-dap, esp-bridge, esp-builtin, esp-prog, iot-bus-jtag, jlink, minimodule, olimex-arm-usb-ocd, olimex-arm-usb-ocd-h, olimex-arm-usb-tiny-h, olimex-jtag-tiny, tumpa)
PACKAGES: 
 - framework-espidf @ 3.50500.0 (5.5.0) 
 - tool-cmake @ 3.30.2 
 - tool-esp-rom-elfs @ 0.0.1+20241011 
 - tool-esptoolpy @ 2.40900.250804 (4.9.0) 
 - tool-idf @ 1.0.1 
 - tool-mconf @ 1.4060000.20190628 (406.0.0) 
 - tool-ninja @ 1.9.0 
 - tool-riscv32-esp-elf-gdb @ 11.2.0+20220823 
 - tool-xtensa-esp-elf-gdb @ 11.2.0+20230208 
 - toolchain-esp32ulp @ 1.23800.240113 (2.38.0) 
 - toolchain-riscv32-esp @ 14.2.0+20241119 
 - toolchain-xtensa-esp-elf @ 14.2.0+20241119
Reading CMake configuration...
-- Found Git: C:/Program Files/Git/cmd/git.exe (found version "2.48.1.windows.1")
-- git rev-parse returned 'fatal: not a git repository (or any of the parent directories): .git'
-- Minimal build - OFF
-- The C compiler identification is GNU 14.2.0
-- Detecting C compiler ABI info
-- Detecting C compiler ABI info - done
-- Check for working C compiler: C:/Users/wararyo/.platformio/packages/toolchain-xtensa-esp-elf/bin/xtensa-esp32s3-elf-
gcc.exe - skipped
-- Detecting C compile features
-- Detecting C compile features - done
-- Building ESP-IDF components for target esp32s3
-- Project sdkconfig file C:/Users/wararyo/Git/M5StopWatch-wararyoLauncher/sdkconfig.m5stopwatch
Loading defaults file C:/Users/wararyo/Git/M5StopWatch-wararyoLauncher/sdkconfig.defaults...

-- Compiler supported targets: xtensa-esp-elf
-- Found Python3: C:/Users/wararyo/.platformio/penv/.espidf-5.5.0/Scripts/python.exe (found version "3.11.7") found com
ponents: Interpreter
-- Performing Test CMAKE_HAVE_LIBC_PTHREAD
-- Performing Test CMAKE_HAVE_LIBC_PTHREAD - Success
-- Found Threads: TRUE
-- Performing Test C_COMPILER_SUPPORTS_WFORMAT_SIGNEDNESS
-- Performing Test C_COMPILER_SUPPORTS_WFORMAT_SIGNEDNESS - Success
-- USING O3
-- App "wararyoLauncher" version: 0.1.0-dev
-- Adding linker script C:/Users/wararyo/Git/M5StopWatch-wararyoLauncher/.pio/build/m5stopwatch/esp-idf/esp_system/ld/m
emory.ld
-- Adding linker script C:/Users/wararyo/Git/M5StopWatch-wararyoLauncher/.pio/build/m5stopwatch/esp-idf/esp_system/ld/s
ections.ld.in
-- Adding linker script C:/Users/wararyo/.platformio/packages/framework-espidf/components/esp_rom/esp32s3/ld/esp32s3.ro
m.ld
-- Adding linker script C:/Users/wararyo/.platformio/packages/framework-espidf/components/esp_rom/esp32s3/ld/esp32s3.ro
m.api.ld
-- Adding linker script C:/Users/wararyo/.platformio/packages/framework-espidf/components/esp_rom/esp32s3/ld/esp32s3.ro
m.bt_funcs.ld
-- Adding linker script C:/Users/wararyo/.platformio/packages/framework-espidf/components/esp_rom/esp32s3/ld/esp32s3.ro
m.libgcc.ld
-- Adding linker script C:/Users/wararyo/.platformio/packages/framework-espidf/components/esp_rom/esp32s3/ld/esp32s3.ro
m.wdt.ld
-- Adding linker script C:/Users/wararyo/.platformio/packages/framework-espidf/components/esp_rom/esp32s3/ld/esp32s3.ro
m.version.ld
-- Adding linker script C:/Users/wararyo/.platformio/packages/framework-espidf/components/esp_rom/esp32s3/ld/esp32s3.ro
m.ble_master.ld
-- Adding linker script C:/Users/wararyo/.platformio/packages/framework-espidf/components/esp_rom/esp32s3/ld/esp32s3.ro
m.ble_50.ld
-- Adding linker script C:/Users/wararyo/.platformio/packages/framework-espidf/components/esp_rom/esp32s3/ld/esp32s3.ro
m.ble_smp.ld
-- Adding linker script C:/Users/wararyo/.platformio/packages/framework-espidf/components/esp_rom/esp32s3/ld/esp32s3.ro
m.ble_dtm.ld
-- Adding linker script C:/Users/wararyo/.platformio/packages/framework-espidf/components/esp_rom/esp32s3/ld/esp32s3.ro
m.ble_test.ld
-- Adding linker script C:/Users/wararyo/.platformio/packages/framework-espidf/components/esp_rom/esp32s3/ld/esp32s3.ro
m.ble_scan.ld
-- Adding linker script C:/Users/wararyo/.platformio/packages/framework-espidf/components/esp_rom/esp32s3/ld/esp32s3.ro
m.libc.ld
-- Adding linker script C:/Users/wararyo/.platformio/packages/framework-espidf/components/esp_rom/esp32s3/ld/esp32s3.ro
m.newlib.ld
-- Adding linker script C:/Users/wararyo/.platformio/packages/framework-espidf/components/soc/esp32s3/ld/esp32s3.periph
erals.ld
-- Components: __pio_env app_trace app_update bootloader bootloader_support bt cmock console cxx driver efuse esp-tls e
sp_adc esp_app_format esp_bootloader_format esp_coex esp_common esp_driver_ana_cmpr esp_driver_bitscrambler esp_driver_
cam esp_driver_dac esp_driver_gpio esp_driver_gptimer esp_driver_i2c esp_driver_i2s esp_driver_isp esp_driver_jpeg esp_
driver_ledc esp_driver_mcpwm esp_driver_parlio esp_driver_pcnt esp_driver_ppa esp_driver_rmt esp_driver_sdio esp_driver
_sdm esp_driver_sdmmc esp_driver_sdspi esp_driver_spi esp_driver_touch_sens esp_driver_tsens esp_driver_twai esp_driver
_uart esp_driver_usb_serial_jtag esp_eth esp_event esp_gdbstub esp_hid esp_http_client esp_http_server esp_https_ota es
p_https_server esp_hw_support esp_lcd esp_local_ctrl esp_mm esp_netif esp_netif_stack esp_partition esp_phy esp_pm esp_
psram esp_ringbuf esp_rom esp_security esp_system esp_timer esp_vfs_console esp_wifi espcoredump esptool_py fatfs freer
tos hal heap http_parser idf_test ieee802154 json log lwip mbedtls mqtt newlib nvs_flash nvs_sec_provider openthread pa
rtition_table perfmon protobuf-c protocomm pthread rt sdmmc soc spi_flash spiffs src tcp_transport touch_element ulp un
ity usb vfs wear_levelling wifi_provisioning wpa_supplicant xtensa
-- Component paths: C:/Users/wararyo/.platformio/packages/framework-espidf/components/__pio_env C:/Users/wararyo/.platf
ormio/packages/framework-espidf/components/app_trace C:/Users/wararyo/.platformio/packages/framework-espidf/components/
app_update C:/Users/wararyo/.platformio/packages/framework-espidf/components/bootloader C:/Users/wararyo/.platformio/pa
ckages/framework-espidf/components/bootloader_support C:/Users/wararyo/.platformio/packages/framework-espidf/components
/bt C:/Users/wararyo/.platformio/packages/framework-espidf/components/cmock C:/Users/wararyo/.platformio/packages/frame
work-espidf/components/console C:/Users/wararyo/.platformio/packages/framework-espidf/components/cxx C:/Users/wararyo/.
platformio/packages/framework-espidf/components/driver C:/Users/wararyo/.platformio/packages/framework-espidf/component
s/efuse C:/Users/wararyo/.platformio/packages/framework-espidf/components/esp-tls C:/Users/wararyo/.platformio/packages
/framework-espidf/components/esp_adc C:/Users/wararyo/.platformio/packages/framework-espidf/components/esp_app_format C
:/Users/wararyo/.platformio/packages/framework-espidf/components/esp_bootloader_format C:/Users/wararyo/.platformio/pac
kages/framework-espidf/components/esp_coex C:/Users/wararyo/.platformio/packages/framework-espidf/components/esp_common
 C:/Users/wararyo/.platformio/packages/framework-espidf/components/esp_driver_ana_cmpr C:/Users/wararyo/.platformio/pac
kages/framework-espidf/components/esp_driver_bitscrambler C:/Users/wararyo/.platformio/packages/framework-espidf/compon
ents/esp_driver_cam C:/Users/wararyo/.platformio/packages/framework-espidf/components/esp_driver_dac C:/Users/wararyo/.
platformio/packages/framework-espidf/components/esp_driver_gpio C:/Users/wararyo/.platformio/packages/framework-espidf/
components/esp_driver_gptimer C:/Users/wararyo/.platformio/packages/framework-espidf/components/esp_driver_i2c C:/Users
/wararyo/.platformio/packages/framework-espidf/components/esp_driver_i2s C:/Users/wararyo/.platformio/packages/framewor
k-espidf/components/esp_driver_isp C:/Users/wararyo/.platformio/packages/framework-espidf/components/esp_driver_jpeg C:
/Users/wararyo/.platformio/packages/framework-espidf/components/esp_driver_ledc C:/Users/wararyo/.platformio/packages/f
ramework-espidf/components/esp_driver_mcpwm C:/Users/wararyo/.platformio/packages/framework-espidf/components/esp_drive
r_parlio C:/Users/wararyo/.platformio/packages/framework-espidf/components/esp_driver_pcnt C:/Users/wararyo/.platformio
/packages/framework-espidf/components/esp_driver_ppa C:/Users/wararyo/.platformio/packages/framework-espidf/components/
esp_driver_rmt C:/Users/wararyo/.platformio/packages/framework-espidf/components/esp_driver_sdio C:/Users/wararyo/.plat
formio/packages/framework-espidf/components/esp_driver_sdm C:/Users/wararyo/.platformio/packages/framework-espidf/compo
nents/esp_driver_sdmmc C:/Users/wararyo/.platformio/packages/framework-espidf/components/esp_driver_sdspi C:/Users/wara
ryo/.platformio/packages/framework-espidf/components/esp_driver_spi C:/Users/wararyo/.platformio/packages/framework-esp
idf/components/esp_driver_touch_sens C:/Users/wararyo/.platformio/packages/framework-espidf/components/esp_driver_tsens
 C:/Users/wararyo/.platformio/packages/framework-espidf/components/esp_driver_twai C:/Users/wararyo/.platformio/package
s/framework-espidf/components/esp_driver_uart C:/Users/wararyo/.platformio/packages/framework-espidf/components/esp_dri
ver_usb_serial_jtag C:/Users/wararyo/.platformio/packages/framework-espidf/components/esp_eth C:/Users/wararyo/.platfor
mio/packages/framework-espidf/components/esp_event C:/Users/wararyo/.platformio/packages/framework-espidf/components/es
p_gdbstub C:/Users/wararyo/.platformio/packages/framework-espidf/components/esp_hid C:/Users/wararyo/.platformio/packag
es/framework-espidf/components/esp_http_client C:/Users/wararyo/.platformio/packages/framework-espidf/components/esp_ht
tp_server C:/Users/wararyo/.platformio/packages/framework-espidf/components/esp_https_ota C:/Users/wararyo/.platformio/
packages/framework-espidf/components/esp_https_server C:/Users/wararyo/.platformio/packages/framework-espidf/components
/esp_hw_support C:/Users/wararyo/.platformio/packages/framework-espidf/components/esp_lcd C:/Users/wararyo/.platformio/
packages/framework-espidf/components/esp_local_ctrl C:/Users/wararyo/.platformio/packages/framework-espidf/components/e
sp_mm C:/Users/wararyo/.platformio/packages/framework-espidf/components/esp_netif C:/Users/wararyo/.platformio/packages
/framework-espidf/components/esp_netif_stack C:/Users/wararyo/.platformio/packages/framework-espidf/components/esp_part
ition C:/Users/wararyo/.platformio/packages/framework-espidf/components/esp_phy C:/Users/wararyo/.platformio/packages/f
ramework-espidf/components/esp_pm C:/Users/wararyo/.platformio/packages/framework-espidf/components/esp_psram C:/Users/
wararyo/.platformio/packages/framework-espidf/components/esp_ringbuf C:/Users/wararyo/.platformio/packages/framework-es
pidf/components/esp_rom C:/Users/wararyo/.platformio/packages/framework-espidf/components/esp_security C:/Users/wararyo
/.platformio/packages/framework-espidf/components/esp_system C:/Users/wararyo/.platformio/packages/framework-espidf/com
ponents/esp_timer C:/Users/wararyo/.platformio/packages/framework-espidf/components/esp_vfs_console C:/Users/wararyo/.p
latformio/packages/framework-espidf/components/esp_wifi C:/Users/wararyo/.platformio/packages/framework-espidf/componen
ts/espcoredump C:/Users/wararyo/.platformio/packages/framework-espidf/components/esptool_py C:/Users/wararyo/.platformi
o/packages/framework-espidf/components/fatfs C:/Users/wararyo/.platformio/packages/framework-espidf/components/freertos
 C:/Users/wararyo/.platformio/packages/framework-espidf/components/hal C:/Users/wararyo/.platformio/packages/framework-
espidf/components/heap C:/Users/wararyo/.platformio/packages/framework-espidf/components/http_parser C:/Users/wararyo/.
platformio/packages/framework-espidf/components/idf_test C:/Users/wararyo/.platformio/packages/framework-espidf/compone
nts/ieee802154 C:/Users/wararyo/.platformio/packages/framework-espidf/components/json C:/Users/wararyo/.platformio/pack
ages/framework-espidf/components/log C:/Users/wararyo/.platformio/packages/framework-espidf/components/lwip C:/Users/wa
raryo/.platformio/packages/framework-espidf/components/mbedtls C:/Users/wararyo/.platformio/packages/framework-espidf/c
omponents/mqtt C:/Users/wararyo/.platformio/packages/framework-espidf/components/newlib C:/Users/wararyo/.platformio/pa
ckages/framework-espidf/components/nvs_flash C:/Users/wararyo/.platformio/packages/framework-espidf/components/nvs_sec_
provider C:/Users/wararyo/.platformio/packages/framework-espidf/components/openthread C:/Users/wararyo/.platformio/pack
ages/framework-espidf/components/partition_table C:/Users/wararyo/.platformio/packages/framework-espidf/components/perf
mon C:/Users/wararyo/.platformio/packages/framework-espidf/components/protobuf-c C:/Users/wararyo/.platformio/packages/
framework-espidf/components/protocomm C:/Users/wararyo/.platformio/packages/framework-espidf/components/pthread C:/User
s/wararyo/.platformio/packages/framework-espidf/components/rt C:/Users/wararyo/.platformio/packages/framework-espidf/co
mponents/sdmmc C:/Users/wararyo/.platformio/packages/framework-espidf/components/soc C:/Users/wararyo/.platformio/packa
ges/framework-espidf/components/spi_flash C:/Users/wararyo/.platformio/packages/framework-espidf/components/spiffs C:/U
sers/wararyo/Git/M5StopWatch-wararyoLauncher/src C:/Users/wararyo/.platformio/packages/framework-espidf/components/tcp_
transport C:/Users/wararyo/.platformio/packages/framework-espidf/components/touch_element C:/Users/wararyo/.platformio/
packages/framework-espidf/components/ulp C:/Users/wararyo/.platformio/packages/framework-espidf/components/unity C:/Use
rs/wararyo/.platformio/packages/framework-espidf/components/usb C:/Users/wararyo/.platformio/packages/framework-espidf/
components/vfs C:/Users/wararyo/.platformio/packages/framework-espidf/components/wear_levelling C:/Users/wararyo/.platf
ormio/packages/framework-espidf/components/wifi_provisioning C:/Users/wararyo/.platformio/packages/framework-espidf/com
ponents/wpa_supplicant C:/Users/wararyo/.platformio/packages/framework-espidf/components/xtensa
-- Configuring incomplete, errors occurred!

fatal: not a git repository (or any of the parent directories): .git
fatal: not a git repository (or any of the parent directories): .git
fatal: not a git repository: C:/Users/wararyo/.platformio/packages/framework-espidf/components/openthread/openthread/..
/../../.git/modules/components/openthread/openthread
CMake Error at src/CMakeLists.txt:23 (target_compile_features):
  target_compile_features no known features for CXX compiler

  "GNU"

  version 14.2.0.



========================= [FAILED] Took 14.90 seconds =========================

Environment    Status    Duration
-------------  --------  ------------
m5stopwatch    FAILED    00:00:14.896
==================== 1 failed, 0 succeeded in 00:00:14.896 ====================
